test_name,machine,compiler,core_mean,core_std,core_min,core_max,mem_mean,mem_std,mem_min,mem_max,n_hashes
atm_ds2s_docn_pcice_intel,acorn,intel,234.70731707317074,8.394176262263693,219,250,1906.4878048780488,1.7338101282942806,1902,1909,41
atm_ds2s_docn_pcice_intel,derecho,intel,256.3181818181818,12.632134598883631,231,290,1856.409090909091,3.479629636922324,1847,1864,44
atm_ds2s_docn_pcice_intel,gaeac6,intel,150.25581395348837,3.817834235568248,144,161,6338.767441860465,0.4799409339813619,6338,6340,43
atm_ds2s_docn_pcice_intel,hercules,intel,222.2826086956522,39.39072820600088,183,324,46366.0,300631.14738910354,2030,2041020,46
atm_ds2s_docn_pcice_intel,orion,intel,263.77777777777777,36.85406656289401,226,383,45895.35555555556,294551.23461872665,1976,1977896,45
atm_ds2s_docn_pcice_intel,ursa,intel,418.3,452.061999089072,151,1567,2838.46,13.7991570283795,2821,2877,50
atm_ds2s_docn_pcice_intel,wcoss2,intel,244.33333333333334,13.571455233803071,227,295,1816.2083333333333,4.757785705839955,1805,1824,48
