test_name,machine,compiler,core_mean,core_std,core_min,core_max,mem_mean,mem_std,mem_min,mem_max,n_hashes
atm_ds2s_docn_dice_intel,derecho,intel,315.0833333333333,11.774072697193095,304,336,1851.75,5.276448530110881,1849,1863,12
atm_ds2s_docn_dice_intel,gaeac6,intel,190.08333333333334,2.151461800448218,188,196,6338.833333333333,0.3892494720806399,6338,6339,12
atm_ds2s_docn_dice_intel,hercules,intel,254.84615384615384,20.602775516283213,242,306,2053.153846153846,4.705425128617532,2046,2059,13
atm_ds2s_docn_dice_intel,orion,intel,316.8333333333333,30.989245446337247,286,366,1989.9166666666667,3.6793856535947276,1984,1996,12
atm_ds2s_docn_dice_intel,ursa,intel,302.61538461538464,318.5858174447241,199,1361,2863.3846153846152,14.482969662897549,2851,2904,13
