test_name,machine,compiler,core_mean,core_std,core_min,core_max,mem_mean,mem_std,mem_min,mem_max,n_hashes
atm_ds2s_docn_dice_intel,derecho,intel,314.7692307692308,11.329561966774108,304,336,1851.6153846153845,5.075077364573911,1849,1863,13
atm_ds2s_docn_dice_intel,gaeac6,intel,190.07692307692307,2.059997510578533,188,196,6338.846153846154,0.37553380809933645,6338,6339,13
atm_ds2s_docn_dice_intel,hera,intel,265.0,,265,265,2103.0,,2103,2103,1
atm_ds2s_docn_dice_intel,hercules,intel,258.42857142857144,23.905951256842,242,306,2053.5,4.702699715629768,2046,2059,14
atm_ds2s_docn_dice_intel,orion,intel,314.46153846153845,30.877757325231666,286,366,1989.6153846153845,3.6864269407847265,1984,1996,13
atm_ds2s_docn_dice_intel,ursa,intel,295.7857142857143,307.15222449298494,199,1361,2862.0714285714284,14.75681999157462,2845,2904,14
