test_name,machine,compiler,core_mean,core_std,core_min,core_max,mem_mean,mem_std,mem_min,mem_max,n_hashes
atm_ds2s_docn_dice_intel,derecho,intel,315.54545454545456,12.23408056507424,304,336,1852.0,5.458937625582479,1849,1863,11
atm_ds2s_docn_dice_intel,gaeac6,intel,190.0909090909091,2.256304299271067,188,196,6338.909090909091,0.3015113445778881,6338,6339,11
atm_ds2s_docn_dice_intel,hercules,intel,250.58333333333334,14.33024984450936,242,288,2053.75,4.371914496377529,2046,2059,12
atm_ds2s_docn_dice_intel,orion,intel,319.6363636363636,30.865102388531714,288,366,1989.909090909091,3.858874070361586,1984,1996,11
atm_ds2s_docn_dice_intel,ursa,intel,311.0833333333333,331.2204589457638,199,1361,2864.25,14.771748219305193,2851,2904,12
