test_name,machine,compiler,core_mean,core_std,core_min,core_max,mem_mean,mem_std,mem_min,mem_max,n_hashes
atm_ds2s_docn_dice_intel,derecho,intel,316.6,12.35763371811574,304,336,1852.3,5.657836257007713,1849,1863,10
atm_ds2s_docn_dice_intel,gaeac6,intel,190.2,2.3475755815545365,188,196,6338.9,0.3162277660169349,6338,6339,10
atm_ds2s_docn_dice_intel,hercules,intel,251.1818181818182,14.871571415409884,242,288,2053.7272727272725,4.584559064750001,2046,2059,11
atm_ds2s_docn_dice_intel,orion,intel,322.8,30.59702236783472,289,366,1990.3,3.831158803518559,1984,1996,10
atm_ds2s_docn_dice_intel,ursa,intel,321.27272727272725,345.4087696944277,201,1361,2865.2727272727275,15.040551247151226,2851,2904,11
