test_name,machine,compiler,core_mean,core_std,core_min,core_max,mem_mean,mem_std,mem_min,mem_max,n_hashes
atm_ds2s_docn_dice_intel,derecho,intel,314.11764705882354,10.135842052718026,304,336,1851.4705882352941,4.417545232632389,1849,1863,17
atm_ds2s_docn_dice_intel,gaeac6,intel,192.47058823529412,9.836905300060222,188,230,6338.882352941177,0.3321055820776441,6338,6339,17
atm_ds2s_docn_dice_intel,hera,intel,269.6,6.107372593840992,265,280,2100.2,6.760177512462267,2089,2107,5
atm_ds2s_docn_dice_intel,hercules,intel,271.3333333333333,36.89253072817602,242,379,2053.8888888888887,4.701550293615769,2046,2061,18
atm_ds2s_docn_dice_intel,orion,intel,312.2352941176471,31.52088476662082,286,366,1989.5294117647059,3.519901402362402,1984,1996,17
atm_ds2s_docn_dice_intel,ursa,intel,274.77777777777777,271.62594425932747,199,1361,2862.6111111111113,13.137906041808902,2845,2904,18
