test_name,machine,compiler,core_mean,core_std,core_min,core_max,mem_mean,mem_std,mem_min,mem_max,n_hashes
atm_ds2s_docn_pcice_intel,acorn,intel,234.4418604651163,8.284530407651635,219,250,1906.4651162790697,1.709202504223297,1902,1909,43
atm_ds2s_docn_pcice_intel,derecho,intel,255.9090909090909,12.800469071743427,231,290,1856.6818181818182,3.2405334564623294,1847,1864,44
atm_ds2s_docn_pcice_intel,gaeac6,intel,150.11627906976744,3.861959176657691,144,161,6338.767441860465,0.479940933981401,6338,6340,43
atm_ds2s_docn_pcice_intel,hercules,intel,218.8913043478261,38.2129868912358,183,324,46365.760869565216,300631.18343077117,2030,2041020,46
atm_ds2s_docn_pcice_intel,orion,intel,263.55555555555554,37.05742199954719,226,383,45894.666666666664,294551.3396384715,1976,1977896,45
atm_ds2s_docn_pcice_intel,ursa,intel,416.64,452.95347150335294,151,1567,2838.08,13.77492546000051,2821,2877,50
atm_ds2s_docn_pcice_intel,wcoss2,intel,245.64583333333334,15.303301803836021,227,295,1820.0208333333333,18.709980933309925,1805,1908,48
