test_name,machine,compiler,core_mean,core_std,core_min,core_max,mem_mean,mem_std,mem_min,mem_max,n_hashes
atm_ds2s_docn_pcice_intel,acorn,intel,233.6590909090909,8.126737901629165,219,250,1906.6363636363637,1.7399667076594143,1902,1910,44
atm_ds2s_docn_pcice_intel,derecho,intel,254.5909090909091,13.189703845288829,231,290,1856.9545454545455,2.917107084436933,1847,1864,44
atm_ds2s_docn_pcice_intel,gaeac6,intel,149.6046511627907,3.7425451925491044,144,161,6338.767441860465,0.5272213460490389,6338,6340,43
atm_ds2s_docn_pcice_intel,hera,intel,202.0,0.816496580927726,201,203,2093.25,4.991659710623953,2086,2097,4
atm_ds2s_docn_pcice_intel,hercules,intel,215.1086956521739,36.48575262931457,183,324,46365.47826086957,300631.2260211274,2030,2041020,46
atm_ds2s_docn_pcice_intel,orion,intel,260.9111111111111,38.002883994760076,225,383,45893.35555555556,294551.53952284786,1976,1977896,45
atm_ds2s_docn_pcice_intel,ursa,intel,400.16,447.47515539287497,151,1567,2837.86,13.921074905717973,2821,2877,50
atm_ds2s_docn_pcice_intel,wcoss2,intel,244.875,15.2380053980381,227,295,1827.4791666666667,30.265484577941095,1805,1908,48
