test_name,machine,compiler,core_mean,core_std,core_min,core_max,mem_mean,mem_std,mem_min,mem_max,n_hashes
atm_ds2s_docn_pcice_intel,acorn,intel,234.54761904761904,8.3555221434905,219,250,1906.452380952381,1.72785473859273,1902,1909,42
atm_ds2s_docn_pcice_intel,derecho,intel,255.9090909090909,12.800469071743413,231,290,1856.4545454545455,3.487216158021996,1847,1864,44
atm_ds2s_docn_pcice_intel,gaeac6,intel,150.1860465116279,3.8312985114056928,144,161,6338.767441860465,0.4799409339813577,6338,6340,43
atm_ds2s_docn_pcice_intel,hercules,intel,220.45652173913044,39.21831007846497,183,324,46366.065217391304,300631.13755966444,2030,2041020,46
atm_ds2s_docn_pcice_intel,orion,intel,263.64444444444445,36.97490276313698,226,383,45894.955555555556,294551.2955955176,1976,1977896,45
atm_ds2s_docn_pcice_intel,ursa,intel,417.9,452.2922682495991,151,1567,2837.94,13.883494825562789,2821,2877,50
atm_ds2s_docn_pcice_intel,wcoss2,intel,245.27083333333334,15.214410279134842,227,295,1818.0625,14.079419490571743,1805,1908,48
