test_name,machine,compiler,core_mean,core_std,core_min,core_max,mem_mean,mem_std,mem_min,mem_max,n_hashes
atm_ds2s_docn_pcice_intel,acorn,intel,234.36363636363637,8.204057161624675,219,250,1906.5454545454545,1.7712765788595126,1902,1910,44
atm_ds2s_docn_pcice_intel,derecho,intel,255.61363636363637,12.900722729152058,231,290,1856.6818181818182,3.2405334564625257,1847,1864,44
atm_ds2s_docn_pcice_intel,gaeac6,intel,149.90697674418604,3.8347654891256533,144,161,6338.7441860465115,0.4924681887629765,6338,6340,43
atm_ds2s_docn_pcice_intel,hera,intel,201.0,,201,201,2096.0,,2096,2096,1
atm_ds2s_docn_pcice_intel,hercules,intel,217.43478260869566,37.49171889240671,183,324,46365.65217391304,300631.19981341605,2030,2041020,46
atm_ds2s_docn_pcice_intel,orion,intel,262.6222222222222,37.41857152470543,226,383,45894.35555555556,294551.3870684733,1976,1977896,45
atm_ds2s_docn_pcice_intel,ursa,intel,416.8,452.8627309254147,151,1567,2837.86,13.847581384634664,2821,2877,50
atm_ds2s_docn_pcice_intel,wcoss2,intel,245.22916666666666,15.315462334674157,227,295,1821.8125,22.45151395170061,1805,1908,48
