test_name,machine,compiler,core_mean,core_std,core_min,core_max,mem_mean,mem_std,mem_min,mem_max,n_hashes
atm_ds2s_docn_dice_intel,derecho,intel,314.375,10.410731642556799,304,336,1851.4375,4.56024487646591,1849,1863,16
atm_ds2s_docn_dice_intel,gaeac6,intel,192.5625,10.151970252123473,188,230,6338.875,0.34156502553205725,6338,6339,16
atm_ds2s_docn_dice_intel,hera,intel,270.5,6.658328118479396,265,280,2099.75,7.719024117939644,2089,2107,4
atm_ds2s_docn_dice_intel,hercules,intel,265.0,26.057628441590765,242,306,2053.470588235294,4.487728365482104,2046,2059,17
atm_ds2s_docn_dice_intel,orion,intel,313.875,31.797012438277914,286,366,1989.5625,3.6326069610313207,1984,1996,16
atm_ds2s_docn_dice_intel,ursa,intel,278.94117647058823,279.3929738263463,199,1361,2862.529411764706,13.537529533942045,2845,2904,17
