test_name,machine,compiler,core_mean,core_std,core_min,core_max,mem_mean,mem_std,mem_min,mem_max,n_hashes
atm_ds2s_docn_pcice_intel,acorn,intel,233.70454545454547,8.151414616721423,219,250,1906.5227272727273,1.7452745018136069,1902,1910,44
atm_ds2s_docn_pcice_intel,derecho,intel,255.11363636363637,13.093964363339868,231,290,1856.9318181818182,2.9285898445841236,1847,1864,44
atm_ds2s_docn_pcice_intel,gaeac6,intel,149.62790697674419,3.741805369031398,144,161,6338.767441860465,0.5272213460491024,6338,6340,43
atm_ds2s_docn_pcice_intel,hera,intel,202.0,1.0,201,203,2095.6666666666665,1.5275252316519963,2094,2097,3
atm_ds2s_docn_pcice_intel,hercules,intel,215.2391304347826,36.44855417501872,183,324,46365.69565217391,300631.19326073263,2030,2041020,46
atm_ds2s_docn_pcice_intel,orion,intel,261.77777777777777,37.655066596728275,225,383,45893.75555555556,294551.47853999643,1976,1977896,45
atm_ds2s_docn_pcice_intel,ursa,intel,400.38,447.35334571048793,151,1567,2837.92,13.875304740172501,2821,2877,50
atm_ds2s_docn_pcice_intel,wcoss2,intel,244.8125,15.23525621428447,227,295,1825.4791666666667,28.130387584847885,1805,1908,48
