test_name,machine,compiler,core_mean,core_std,core_min,core_max,mem_mean,mem_std,mem_min,mem_max,n_hashes
atm_ds2s_docn_dice_intel,derecho,intel,314.14285714285717,11.13454183960984,304,336,1851.5,4.8950524472715005,1849,1863,14
atm_ds2s_docn_dice_intel,gaeac6,intel,192.92857142857142,10.851900122270578,188,230,6338.857142857143,0.36313651960126225,6338,6339,14
atm_ds2s_docn_dice_intel,hera,intel,272.5,10.606601717798213,265,280,2096.0,9.899494936611665,2089,2103,2
atm_ds2s_docn_dice_intel,hercules,intel,261.06666666666666,25.200529094974705,242,306,2053.4,4.548155041960861,2046,2059,15
atm_ds2s_docn_dice_intel,orion,intel,312.42857142857144,30.626068045964445,286,366,1989.357142857143,3.671242565947088,1984,1996,14
atm_ds2s_docn_dice_intel,ursa,intel,289.3333333333333,297.03238560001853,199,1361,2862.6666666666665,14.405686707818193,2845,2904,15
