test_name,machine,compiler,core_mean,core_std,core_min,core_max,mem_mean,mem_std,mem_min,mem_max,n_hashes
atm_ds2s_docn_dice_intel,derecho,intel,314.4,10.775633889209756,304,336,1851.4666666666667,4.71875689844973,1849,1863,15
atm_ds2s_docn_dice_intel,gaeac6,intel,192.73333333333332,10.48445561408934,188,230,6338.866666666667,0.3518657752745257,6338,6339,15
atm_ds2s_docn_dice_intel,hera,intel,271.6666666666667,7.637626158259735,265,280,2099.6666666666665,9.45163125250526,2089,2107,3
atm_ds2s_docn_dice_intel,hercules,intel,263.1875,25.781695703218073,242,306,2053.6875,4.5419342428822524,2046,2059,16
atm_ds2s_docn_dice_intel,orion,intel,315.6666666666667,32.06615186201948,286,366,1989.6666666666667,3.7352886036263464,1984,1996,15
atm_ds2s_docn_dice_intel,ursa,intel,283.75,287.82830530254205,199,1361,2862.375,13.966030216206757,2845,2904,16
