test_name,machine,compiler,core_mean,core_std,core_min,core_max,mem_mean,mem_std,mem_min,mem_max,n_hashes
atm_ds2s_docn_pcice_intel,acorn,intel,233.66666666666666,8.034018580103897,219,250,1906.6666666666667,1.7320508075688554,1902,1910,45
atm_ds2s_docn_pcice_intel,derecho,intel,254.4,13.101700097870708,231,290,1856.9333333333334,2.8872761621230305,1847,1864,45
atm_ds2s_docn_pcice_intel,gaeac6,intel,149.52272727272728,3.738477717577074,144,161,6338.75,0.5337449961640831,6338,6340,44
atm_ds2s_docn_pcice_intel,hera,intel,201.6,1.1401754250991367,200,203,2093.8,4.49444101084881,2086,2097,5
atm_ds2s_docn_pcice_intel,hercules,intel,216.7872340425532,37.87733988766597,183,324,45422.255319148935,297415.84480725246,2030,2041020,47
atm_ds2s_docn_pcice_intel,orion,intel,260.19565217391306,37.89026234636451,225,383,44938.69565217391,291332.31740866875,1976,1977896,46
atm_ds2s_docn_pcice_intel,ursa,intel,399.98,447.5743007522634,151,1567,2837.96,13.8592929112562,2821,2877,50
atm_ds2s_docn_pcice_intel,wcoss2,intel,245.10204081632654,15.161965706386246,227,295,1829.0816326530612,31.980356428265676,1805,1908,49
