test_name,machine,compiler,core_mean,core_std,core_min,core_max,mem_mean,mem_std,mem_min,mem_max,n_hashes
atm_ds2s_docn_pcice_intel,acorn,intel,234.0,8.21229934093469,219,250,1906.5227272727273,1.7452745018136515,1902,1910,44
atm_ds2s_docn_pcice_intel,derecho,intel,254.97727272727272,12.965945801542613,231,290,1856.7727272727273,3.161274664638444,1847,1864,44
atm_ds2s_docn_pcice_intel,gaeac6,intel,149.8139534883721,3.755984519679357,144,161,6338.7441860465115,0.49246818876309273,6338,6340,43
atm_ds2s_docn_pcice_intel,hera,intel,201.5,0.7071067811865476,201,202,2095.0,1.4142135623730951,2094,2096,2
atm_ds2s_docn_pcice_intel,hercules,intel,217.06521739130434,37.65008612881577,183,324,46365.69565217391,300631.1932607327,2030,2041020,46
atm_ds2s_docn_pcice_intel,orion,intel,261.93333333333334,37.82639770895934,225,383,45893.97777777778,294551.44465961744,1976,1977896,45
atm_ds2s_docn_pcice_intel,ursa,intel,400.6,447.2318943757687,151,1567,2837.96,13.866653584504707,2821,2877,50
atm_ds2s_docn_pcice_intel,wcoss2,intel,244.79166666666666,15.242658970214794,227,295,1823.6458333333333,25.517194522753684,1805,1908,48
