test_name,machine,compiler,core_mean,core_std,core_min,core_max,mem_mean,mem_std,mem_min,mem_max,n_hashes
atmaero_control_p8_rad_intel,acorn,intel,334.9111111111111,25.007110100040666,306,447,3109.8444444444444,2.2858811266673023,3105,3114,45
atmaero_control_p8_rad_intel,derecho,intel,300.4222222222222,20.943092687402515,275,342,1664.5777777777778,3.0710443063092585,1660,1673,45
atmaero_control_p8_rad_intel,gaeac6,intel,206.77272727272728,11.81418862445164,192,230,6338.795454545455,0.4080324573583311,6338,6339,44
atmaero_control_p8_rad_intel,hera,intel,271.0,3.1622776601683795,267,275,1876.6,7.956129712366428,1869,1890,5
atmaero_control_p8_rad_intel,hercules,intel,273.8936170212766,41.679018828971856,240,477,39754.255319148935,260272.50435160287,1775,1786128,47
atmaero_control_p8_rad_intel,orion,intel,324.5869565217391,11.116706320681901,310,353,39952.391304347824,259043.34821488243,1721,1758676,46
atmaero_control_p8_rad_intel,ursa,intel,451.18,372.7352121377143,196,1308,2398.86,16.29199127153704,2382,2462,50
atmaero_control_p8_rad_intel,wcoss2,intel,336.85714285714283,22.248595461286925,307,424,1914.0,530.4221196368039,1690,3201,49
