test_name,machine,compiler,core_mean,core_std,core_min,core_max,mem_mean,mem_std,mem_min,mem_max,n_hashes
atmaero_control_p8_rad_micro_intel,acorn,intel,346.4761904761905,22.477346965266573,312,377,3116.714285714286,2.2227835140927907,3113,3120,42
atmaero_control_p8_rad_micro_intel,derecho,intel,315.90909090909093,24.633894386448628,283,394,1680.3636363636363,4.5243059809080055,1664,1688,44
atmaero_control_p8_rad_micro_intel,gaeac6,intel,215.06976744186048,12.540212174169975,196,237,6338.7441860465115,0.44148144844881604,6338,6339,43
atmaero_control_p8_rad_micro_intel,hercules,intel,275.89130434782606,30.126568754631453,242,359,41079.15217391304,266365.43695807306,1787,1808384,46
atmaero_control_p8_rad_micro_intel,orion,intel,333.15555555555557,13.040070335064694,316,379,41104.64444444444,263826.8542787067,1766,1771580,45
atmaero_control_p8_rad_micro_intel,ursa,intel,392.86,311.2554571278015,199,1224,2414.6,17.092784012738274,2396,2487,50
atmaero_control_p8_rad_micro_intel,wcoss2,intel,349.9583333333333,21.681405243510678,316,409,1737.9791666666667,216.4907240490705,1685,3206,48
