test_name,machine,compiler,core_mean,core_std,core_min,core_max,mem_mean,mem_std,mem_min,mem_max,n_hashes
atmaero_control_p8_intel,acorn,intel,296.0681818181818,22.624742298183115,269,391,3228.818181818182,1.6743305121292607,3225,3232,44
atmaero_control_p8_intel,derecho,intel,300.97727272727275,19.417671927568435,270,334,1896.9772727272727,1.9940450458353551,1894,1904,44
atmaero_control_p8_intel,gaeac6,intel,178.3953488372093,8.437838627797335,166,192,6338.813953488372,0.6638923447398916,6338,6342,43
atmaero_control_p8_intel,hera,intel,238.0,4.242640687119285,235,241,2099.5,2.1213203435596424,2098,2101,2
atmaero_control_p8_intel,hercules,intel,241.97826086956522,40.3239598642102,207,363,45482.065217391304,294856.81251055485,1996,2001824,46
atmaero_control_p8_intel,orion,intel,293.0888888888889,33.034982987888775,261,387,46083.26666666667,295857.5185294896,1964,1986652,45
atmaero_control_p8_intel,ursa,intel,207.84,14.696049726066523,187,254,1997.14,15.121291921914398,1963,2031,50
atmaero_control_p8_intel,wcoss2,intel,305.0833333333333,18.501102133166167,276,352,1974.5833333333333,383.47147988673777,1844,3234,48
