test_name,machine,compiler,core_mean,core_std,core_min,core_max,mem_mean,mem_std,mem_min,mem_max,n_hashes
atmaero_control_p8_rad_micro_intel,acorn,intel,342.8888888888889,22.82265842038869,312,377,3116.488888888889,2.4273275823257943,3109,3120,45
atmaero_control_p8_rad_micro_intel,derecho,intel,311.9111111111111,26.412653839178706,283,394,1680.0666666666666,4.376590619939873,1664,1688,45
atmaero_control_p8_rad_micro_intel,gaeac6,intel,211.77272727272728,12.998861553664298,196,237,6338.681818181818,0.471155298188025,6338,6339,44
atmaero_control_p8_rad_micro_intel,hera,intel,277.2,1.4832396974191335,275,279,1894.2,5.019960159204429,1890,1901,5
atmaero_control_p8_rad_micro_intel,hercules,intel,273.51063829787233,30.83608300029547,242,359,40243.744680851065,263516.49739837414,1787,1808384,47
atmaero_control_p8_rad_micro_intel,orion,intel,331.0217391304348,13.557268047368966,316,379,40249.82608695652,260943.39005226613,1766,1771580,46
atmaero_control_p8_rad_micro_intel,ursa,intel,400.64,316.7788619004412,199,1224,2414.02,17.40219315289347,2396,2487,50
atmaero_control_p8_rad_micro_intel,wcoss2,intel,346.46938775510205,21.812746694704646,316,409,1920.8775510204082,529.7688030583508,1685,3208,49
