test_name,machine,compiler,core_mean,core_std,core_min,core_max,mem_mean,mem_std,mem_min,mem_max,n_hashes
atmaero_control_p8_rad_micro_intel,acorn,intel,345.29545454545456,22.64136936594883,312,377,3116.7045454545455,2.194915323413561,3113,3120,44
atmaero_control_p8_rad_micro_intel,derecho,intel,315.6136363636364,25.8098736371765,283,394,1680.0681818181818,4.489769907984051,1664,1688,44
atmaero_control_p8_rad_micro_intel,gaeac6,intel,213.8372093023256,12.813553524738573,196,237,6338.7441860465115,0.44148144844881965,6338,6339,43
atmaero_control_p8_rad_micro_intel,hera,intel,275.0,,275,275,1901.0,,1901,1901,1
atmaero_control_p8_rad_micro_intel,hercules,intel,275.5,30.27044763461551,242,359,41079.36956521739,266365.4041924246,1787,1808384,46
atmaero_control_p8_rad_micro_intel,orion,intel,332.4,13.282592846551896,316,379,41104.177777777775,263826.92542557727,1766,1771580,45
atmaero_control_p8_rad_micro_intel,ursa,intel,391.82,311.85859498385827,199,1224,2414.38,17.19858798190801,2396,2487,50
atmaero_control_p8_rad_micro_intel,wcoss2,intel,348.6875,21.94786496668284,316,409,1800.3958333333333,366.73346687608193,1685,3208,48
