test_name,machine,compiler,core_mean,core_std,core_min,core_max,mem_mean,mem_std,mem_min,mem_max,n_hashes
atmaero_control_p8_rad_micro_intel,acorn,intel,345.7674418604651,22.689243527970202,312,377,3116.7441860465115,2.2048973980644093,3113,3120,43
atmaero_control_p8_rad_micro_intel,derecho,intel,316.59090909090907,25.435114147816915,283,394,1680.2045454545455,4.516530596131561,1664,1688,44
atmaero_control_p8_rad_micro_intel,gaeac6,intel,214.48837209302326,12.647928671042315,196,237,6338.7441860465115,0.44148144844871895,6338,6339,43
atmaero_control_p8_rad_micro_intel,hercules,intel,275.95652173913044,30.12784354250631,242,359,41079.17391304348,266365.4336810661,1787,1808384,46
atmaero_control_p8_rad_micro_intel,orion,intel,332.7111111111111,13.245277412624237,316,379,41104.48888888889,263826.8779934212,1766,1771580,45
atmaero_control_p8_rad_micro_intel,ursa,intel,392.42,311.50871118294134,199,1224,2414.44,17.17397176317832,2396,2487,50
atmaero_control_p8_rad_micro_intel,wcoss2,intel,349.6458333333333,21.67112951855369,316,409,1769.2708333333333,303.02536510523856,1685,3208,48
