test_name,machine,compiler,core_mean,core_std,core_min,core_max,mem_mean,mem_std,mem_min,mem_max,n_hashes
atmaero_control_p8_intel,acorn,intel,296.9767441860465,22.66157685020533,269,391,3228.8372093023254,1.6893254861059055,3225,3232,43
atmaero_control_p8_intel,derecho,intel,302.9318181818182,19.178958585681634,270,334,1897.0454545454545,2.19888497594131,1893,1904,44
atmaero_control_p8_intel,gaeac6,intel,179.11627906976744,8.124651794225324,166,192,6338.837209302325,0.6521113167513694,6338,6342,43
atmaero_control_p8_intel,hercules,intel,244.84782608695653,43.30664172377378,207,363,45482.15217391304,294856.7994061575,1996,2001824,46
atmaero_control_p8_intel,orion,intel,293.93333333333334,32.508320613204695,261,387,46082.86666666667,295857.5795106337,1964,1986652,45
atmaero_control_p8_intel,ursa,intel,208.28,14.388260520866522,187,254,1997.52,15.243921505214582,1963,2031,50
atmaero_control_p8_intel,wcoss2,intel,305.9166666666667,18.258001257779487,276,352,1917.2916666666667,277.3953287993803,1844,3234,48
