test_name,machine,compiler,core_mean,core_std,core_min,core_max,mem_mean,mem_std,mem_min,mem_max,n_hashes
atmaero_control_p8_intel,acorn,intel,297.8048780487805,22.892378111715594,269,391,3228.7804878048782,1.6957622935122172,3225,3232,41
atmaero_control_p8_intel,derecho,intel,304.29545454545456,18.96334229378816,270,334,1897.1363636363637,2.3584672702188154,1893,1904,44
atmaero_control_p8_intel,gaeac6,intel,179.8372093023256,7.972960950129645,166,192,6338.813953488372,0.6638923447398739,6338,6342,43
atmaero_control_p8_intel,hercules,intel,244.91304347826087,43.125566578928826,207,363,45482.260869565216,294856.78302242,1996,2001824,46
atmaero_control_p8_intel,orion,intel,294.4,32.182293268193305,261,387,46082.91111111111,295857.57272790314,1966,1986652,45
atmaero_control_p8_intel,ursa,intel,209.18,14.183477021103213,187,254,1997.58,15.36241105651682,1963,2031,50
atmaero_control_p8_intel,wcoss2,intel,305.5208333333333,17.480675754177664,276,352,1860.1458333333333,4.916275979188502,1844,1869,48
