test_name,machine,compiler,core_mean,core_std,core_min,core_max,mem_mean,mem_std,mem_min,mem_max,n_hashes
atmaero_control_p8_rad_micro_intel,acorn,intel,344.5,22.905772604403754,312,377,3116.7272727272725,2.1605730975682738,3113,3120,44
atmaero_control_p8_rad_micro_intel,derecho,intel,314.54545454545456,26.1706870864959,283,394,1680.0454545454545,4.49265315228342,1664,1688,44
atmaero_control_p8_rad_micro_intel,gaeac6,intel,213.2325581395349,12.887493400861713,196,237,6338.7441860465115,0.44148144844895504,6338,6339,43
atmaero_control_p8_rad_micro_intel,hera,intel,276.0,1.4142135623730951,275,277,1896.5,6.363961030678928,1892,1901,2
atmaero_control_p8_rad_micro_intel,hercules,intel,274.89130434782606,30.601545538942656,242,359,41079.36956521739,266365.4041924246,1787,1808384,46
atmaero_control_p8_rad_micro_intel,orion,intel,331.93333333333334,13.413697205739796,316,379,41104.666666666664,263826.8508929501,1766,1771580,45
atmaero_control_p8_rad_micro_intel,ursa,intel,391.26,312.1855681795554,199,1224,2413.96,17.240152468666196,2396,2487,50
atmaero_control_p8_rad_micro_intel,wcoss2,intel,347.9583333333333,21.94185578890245,316,409,1831.6875,418.5744376337683,1685,3208,48
