test_name,machine,compiler,core_mean,core_std,core_min,core_max,mem_mean,mem_std,mem_min,mem_max,n_hashes
atmaero_control_p8_rad_intel,acorn,intel,335.3181818181818,25.144949770141082,306,447,3109.909090909091,2.27031584544008,3105,3114,44
atmaero_control_p8_rad_intel,derecho,intel,300.8863636363636,20.94979148377215,275,342,1664.659090909091,3.0571546416844173,1660,1673,44
atmaero_control_p8_rad_intel,gaeac6,intel,207.06976744186048,11.786585088135878,192,230,6338.790697674419,0.4116250914932133,6338,6339,43
atmaero_control_p8_rad_intel,hera,intel,272.0,2.581988897471611,269,275,1877.5,8.888194417315589,1869,1890,4
atmaero_control_p8_rad_intel,hercules,intel,274.5217391304348,41.91405976277055,240,477,40579.47826086957,263086.35731888824,1775,1786128,46
atmaero_control_p8_rad_intel,orion,intel,324.8,11.146952294441048,310,353,40800.8,261905.84494003674,1721,1758676,45
atmaero_control_p8_rad_intel,ursa,intel,451.7,372.3956229603136,196,1308,2398.66,16.363984844774436,2382,2462,50
atmaero_control_p8_rad_intel,wcoss2,intel,337.1458333333333,22.391097759271325,307,424,1887.2291666666667,501.4672191650846,1690,3201,48
