test_name,machine,compiler,core_mean,core_std,core_min,core_max,mem_mean,mem_std,mem_min,mem_max,n_hashes
atmaero_control_p8_rad_intel,acorn,intel,335.95454545454544,25.024596779461397,306,447,3109.9545454545455,2.251144881378457,3105,3114,44
atmaero_control_p8_rad_intel,derecho,intel,301.8181818181818,20.81957121207221,275,342,1664.8863636363637,3.2935165986562542,1660,1673,44
atmaero_control_p8_rad_intel,gaeac6,intel,207.58139534883722,11.772106980848799,192,230,6338.767441860465,0.4274625743754467,6338,6339,43
atmaero_control_p8_rad_intel,hera,intel,271.6666666666667,3.055050463303895,269,275,1878.0,10.816653826391969,1869,1890,3
atmaero_control_p8_rad_intel,hercules,intel,274.7826086956522,41.82711137978345,240,477,40579.282608695656,263086.3868140538,1775,1786128,46
atmaero_control_p8_rad_intel,orion,intel,325.1333333333333,11.071256806376038,310,353,40801.2,261905.7839573231,1721,1758676,45
atmaero_control_p8_rad_intel,ursa,intel,452.2,372.1016977512837,196,1308,2398.78,16.283571287575402,2382,2462,50
atmaero_control_p8_rad_intel,wcoss2,intel,337.7083333333333,22.264329197393977,307,424,1855.7916666666667,463.2622509125554,1690,3201,48
