test_name,machine,compiler,core_mean,core_std,core_min,core_max,mem_mean,mem_std,mem_min,mem_max,n_hashes
atmaero_control_p8_intel,acorn,intel,294.55555555555554,22.59782326158017,269,391,3228.7555555555555,1.694316107078743,3225,3232,45
atmaero_control_p8_intel,derecho,intel,298.8666666666667,19.634848426389045,270,334,1896.888888888889,1.944949429375593,1894,1904,45
atmaero_control_p8_intel,gaeac6,intel,177.75,8.496579339070276,166,192,6338.818181818182,0.6567264579655467,6338,6342,44
atmaero_control_p8_intel,hera,intel,238.2,2.2803508501982765,235,241,2102.2,5.630275304103723,2098,2112,5
atmaero_control_p8_intel,hercules,intel,241.06382978723406,40.21107583485532,207,363,44557.234042553195,291703.1502105323,1996,2001824,47
atmaero_control_p8_intel,orion,intel,291.67391304347825,31.97224792974619,261,387,45124.52173913043,292624.0008032864,1964,1986652,46
atmaero_control_p8_intel,ursa,intel,206.16,14.812239836688823,187,254,1997.54,15.217082237956557,1963,2031,50
atmaero_control_p8_intel,wcoss2,intel,303.9795918367347,18.694350523529803,276,352,2056.4489795918366,485.2063590724609,1844,3234,49
