test_name,machine,compiler,core_mean,core_std,core_min,core_max,mem_mean,mem_std,mem_min,mem_max,n_hashes
atmaero_control_p8_intel,acorn,intel,295.40909090909093,22.780365047831694,269,391,3228.7954545454545,1.692384384489183,3225,3232,44
atmaero_control_p8_intel,derecho,intel,300.34090909090907,19.60652855415846,270,334,1896.8863636363637,1.9435750934202327,1894,1904,44
atmaero_control_p8_intel,gaeac6,intel,178.30232558139534,8.407861637779494,166,192,6338.813953488372,0.6638923447398611,6338,6342,43
atmaero_control_p8_intel,hera,intel,238.33333333333334,3.0550504633038926,235,241,2103.6666666666665,7.3711147958320575,2098,2112,3
atmaero_control_p8_intel,hercules,intel,241.82608695652175,40.38333228660124,207,363,45482.217391304344,294856.7895744127,1996,2001824,46
atmaero_control_p8_intel,orion,intel,292.5111111111111,31.921510432353116,261,387,46083.4,295857.4982022902,1964,1986652,45
atmaero_control_p8_intel,ursa,intel,207.32,14.931735823201464,187,254,1997.56,15.322599022891826,1963,2031,50
atmaero_control_p8_intel,wcoss2,intel,304.5833333333333,18.71605674659713,276,352,2003.25,423.8051790472057,1844,3234,48
