test_name,machine,compiler,core_mean,core_std,core_min,core_max,mem_mean,mem_std,mem_min,mem_max,n_hashes
atmaero_control_p8_intel,acorn,intel,297.35714285714283,22.796899049471097,269,391,3228.785714285714,1.6752970509911036,3225,3232,42
atmaero_control_p8_intel,derecho,intel,303.29545454545456,19.273526300800626,270,334,1897.0,2.2412621029129043,1893,1904,44
atmaero_control_p8_intel,gaeac6,intel,179.37209302325581,8.068230630996489,166,192,6338.813953488372,0.663892344739894,6338,6342,43
atmaero_control_p8_intel,hercules,intel,244.54347826086956,43.35471601759357,207,363,45482.02173913043,294856.8190641002,1996,2001824,46
atmaero_control_p8_intel,orion,intel,294.22222222222223,32.30246886771187,261,387,46082.6,295857.6201681539,1964,1986652,45
atmaero_control_p8_intel,ursa,intel,208.6,14.241359714950383,187,254,1997.44,15.315938077168916,1963,2031,50
atmaero_control_p8_intel,wcoss2,intel,306.1041666666667,18.22114691877162,276,352,1888.6666666666667,198.3733138080969,1844,3234,48
