test_name,machine,compiler,core_mean,core_std,core_min,core_max,mem_mean,mem_std,mem_min,mem_max,n_hashes
atmaero_control_p8_rad_intel,acorn,intel,338.0,24.655724728848746,306,447,3109.906976744186,2.276316505405482,3105,3114,43
atmaero_control_p8_rad_intel,derecho,intel,304.6363636363636,20.122983399286202,276,342,1664.8636363636363,3.427596005412758,1658,1673,44
atmaero_control_p8_rad_intel,gaeac6,intel,209.04651162790697,11.407920156778516,192,230,6338.720930232558,0.45385026875085893,6338,6339,43
atmaero_control_p8_rad_intel,hercules,intel,275.6521739130435,41.45424111330701,240,477,40578.782608695656,263086.46217452403,1775,1786128,46
atmaero_control_p8_rad_intel,orion,intel,326.2,10.796885072683088,310,353,40800.97777777778,261905.8178299188,1721,1758676,45
atmaero_control_p8_rad_intel,ursa,intel,467.62,375.15987829952485,196,1308,2399.46,16.352257536212463,2382,2462,50
atmaero_control_p8_rad_intel,wcoss2,intel,340.0,21.86418425625545,307,424,1761.9375,303.303752405743,1690,3201,48
