test_name,machine,compiler,core_mean,core_std,core_min,core_max,mem_mean,mem_std,mem_min,mem_max,n_hashes
atmaero_control_p8_intel,acorn,intel,296.52272727272725,22.598094832605337,269,391,3228.818181818182,1.6743305121295662,3225,3232,44
atmaero_control_p8_intel,derecho,intel,302.1136363636364,19.50458015273492,270,334,1896.9318181818182,2.061809177022012,1893,1904,44
atmaero_control_p8_intel,gaeac6,intel,178.7674418604651,8.274565761307711,166,192,6338.813953488372,0.6638923447399655,6338,6342,43
atmaero_control_p8_intel,hera,intel,235.0,,235,235,2098.0,,2098,2098,1
atmaero_control_p8_intel,hercules,intel,241.95652173913044,40.33138095645961,207,363,45482.02173913043,294856.8190641002,1996,2001824,46
atmaero_control_p8_intel,orion,intel,293.4222222222222,32.79931324730671,261,387,46083.11111111111,295857.5422431317,1964,1986652,45
atmaero_control_p8_intel,ursa,intel,208.3,14.3871399492174,187,254,1996.82,15.228450816997638,1963,2031,50
atmaero_control_p8_intel,wcoss2,intel,305.3958333333333,18.43648046826556,276,352,1945.8541666666667,335.97859541645533,1844,3234,48
