test_name,machine,compiler,core_mean,core_std,core_min,core_max,mem_mean,mem_std,mem_min,mem_max,n_hashes
atmaero_control_p8_rad_intel,acorn,intel,338.6666666666667,24.55920339800778,306,447,3109.8333333333335,2.2514674528090852,3105,3114,42
atmaero_control_p8_rad_intel,derecho,intel,304.09090909090907,19.39889493594234,276,330,1665.1818181818182,3.699608573089926,1658,1675,44
atmaero_control_p8_rad_intel,gaeac6,intel,209.53488372093022,11.32916345671713,192,230,6338.720930232558,0.4538502687509571,6338,6339,43
atmaero_control_p8_rad_intel,hercules,intel,275.60869565217394,41.45706119233867,240,477,40578.565217391304,263086.4949382957,1775,1786128,46
atmaero_control_p8_rad_intel,orion,intel,326.5777777777778,10.620496668939289,310,353,40800.84444444445,261905.83815588066,1721,1758676,45
atmaero_control_p8_rad_intel,ursa,intel,468.58,374.5167275084967,196,1308,2399.52,16.326065299491606,2382,2462,50
atmaero_control_p8_rad_intel,wcoss2,intel,340.4791666666667,21.802780989251087,307,424,1730.7916666666667,216.8117094990179,1690,3201,48
