test_name,machine,compiler,core_mean,core_std,core_min,core_max,mem_mean,mem_std,mem_min,mem_max,n_hashes
atmaero_control_p8_rad_micro_intel,acorn,intel,343.27272727272725,22.939114190196367,312,377,3116.568181818182,2.395710578403856,3109,3120,44
atmaero_control_p8_rad_micro_intel,derecho,intel,312.5,26.417488921739544,283,394,1680.1136363636363,4.415700892986477,1664,1688,44
atmaero_control_p8_rad_micro_intel,gaeac6,intel,212.11627906976744,12.949001252763674,196,237,6338.697674418605,0.4647008111181979,6338,6339,43
atmaero_control_p8_rad_micro_intel,hera,intel,277.0,1.632993161855452,275,279,1893.25,5.25198375219622,1890,1901,4
atmaero_control_p8_rad_micro_intel,hercules,intel,274.04347826086956,30.957287077332968,242,359,41079.565217391304,266365.3747086386,1787,1808384,46
atmaero_control_p8_rad_micro_intel,orion,intel,331.2888888888889,13.587464513999326,316,379,41104.71111111111,263826.84411548683,1766,1771580,45
atmaero_control_p8_rad_micro_intel,ursa,intel,401.14,316.4769076271197,199,1224,2414.06,17.39271487181466,2396,2487,50
atmaero_control_p8_rad_micro_intel,wcoss2,intel,346.75,21.954013833562573,316,409,1894.125,500.8103061698686,1685,3208,48
