test_name,machine,compiler,core_mean,core_std,core_min,core_max,mem_mean,mem_std,mem_min,mem_max,n_hashes
atmaero_control_p8_intel,acorn,intel,294.8863636363636,22.74859148115151,269,391,3228.7954545454545,1.6923843844889164,3225,3232,44
atmaero_control_p8_intel,derecho,intel,299.3181818181818,19.624110380989062,270,334,1896.8636363636363,1.9599585791887226,1894,1904,44
atmaero_control_p8_intel,gaeac6,intel,178.0,8.431799220524509,166,192,6338.813953488372,0.6638923447398803,6338,6342,43
atmaero_control_p8_intel,hera,intel,238.0,2.581988897471611,235,241,2102.5,6.454972243679063,2098,2112,4
atmaero_control_p8_intel,hercules,intel,241.58695652173913,40.49338825973475,207,363,45482.217391304344,294856.7895744126,1996,2001824,46
atmaero_control_p8_intel,orion,intel,292.22222222222223,32.11406438483194,261,387,46083.48888888889,295857.4846498673,1964,1986652,45
atmaero_control_p8_intel,ursa,intel,206.56,14.719361121894325,187,254,1997.6,15.2970585407784,1963,2031,50
atmaero_control_p8_intel,wcoss2,intel,304.1458333333333,18.855542199343034,276,352,2031.9583333333333,458.71466857200096,1844,3234,48
