test_name,machine,compiler,core_mean,core_std,core_min,core_max,mem_mean,mem_std,mem_min,mem_max,n_hashes
atmaero_control_p8_rad_intel,acorn,intel,339.390243902439,24.406841304007894,306,447,3109.7804878048782,2.25291139552785,3105,3114,41
atmaero_control_p8_rad_intel,derecho,intel,305.15909090909093,19.107946942663357,276,330,1665.25,3.6671070912376407,1658,1675,44
atmaero_control_p8_rad_intel,gaeac6,intel,210.1627906976744,11.195088703275083,192,230,6338.720930232558,0.4538502687509277,6338,6339,43
atmaero_control_p8_rad_intel,hercules,intel,274.69565217391306,41.257386983137074,240,477,40578.30434782609,263086.5342505195,1775,1786128,46
atmaero_control_p8_rad_intel,orion,intel,326.8666666666667,10.53047525475034,310,353,40801.02222222222,261905.81105180553,1721,1758676,45
atmaero_control_p8_rad_intel,ursa,intel,471.72,377.98564058677664,196,1308,2399.74,16.433924593687983,2382,2462,50
atmaero_control_p8_rad_intel,wcoss2,intel,340.9166666666667,21.77821802034876,307,424,1699.6458333333333,6.329564481449181,1690,1716,48
