test_name,machine,compiler,core_mean,core_std,core_min,core_max,mem_mean,mem_std,mem_min,mem_max,n_hashes
atmaero_control_p8_rad_intel,acorn,intel,337.3863636363636,24.704971638895856,306,447,3109.931818181818,2.2557185960974437,3105,3114,44
atmaero_control_p8_rad_intel,derecho,intel,303.72727272727275,20.45228552232443,276,342,1664.840909090909,3.4367587611354002,1658,1673,44
atmaero_control_p8_rad_intel,gaeac6,intel,208.6046511627907,11.539042493254358,192,230,6338.7441860465115,0.44148144844880133,6338,6339,43
atmaero_control_p8_rad_intel,hera,intel,269.0,,269,269,1890.0,,1890,1890,1
atmaero_control_p8_rad_intel,hercules,intel,275.3478260869565,41.570404745739935,240,477,40578.891304347824,263086.44579024496,1775,1786128,46
atmaero_control_p8_rad_intel,orion,intel,325.8,10.947394874830078,310,353,40800.88888888889,261905.83138195632,1721,1758676,45
atmaero_control_p8_rad_intel,ursa,intel,453.42,371.2977841164635,196,1308,2399.02,16.303862069072796,2382,2462,50
atmaero_control_p8_rad_intel,wcoss2,intel,339.2708333333333,22.072163641143586,307,424,1793.1458333333333,367.23127326982365,1690,3201,48
