test_name,machine,compiler,core_mean,core_std,core_min,core_max,mem_mean,mem_std,mem_min,mem_max,n_hashes
atmaero_control_p8_rad_intel,acorn,intel,336.65909090909093,24.885732516348916,306,447,3109.9545454545455,2.2511448813782655,3105,3114,44
atmaero_control_p8_rad_intel,derecho,intel,302.70454545454544,20.742697841459115,275,342,1664.7727272727273,3.4429816469979033,1658,1673,44
atmaero_control_p8_rad_intel,gaeac6,intel,208.09302325581396,11.734795539615908,192,230,6338.767441860465,0.42746257437550156,6338,6339,43
atmaero_control_p8_rad_intel,hera,intel,272.0,4.242640687119285,269,275,1879.5,14.849242404917497,1869,1890,2
atmaero_control_p8_rad_intel,hercules,intel,275.04347826086956,41.706357906859616,240,477,40579.217391304344,263086.3966447281,1775,1786128,46
atmaero_control_p8_rad_intel,orion,intel,325.44444444444446,11.034152674878364,310,353,40800.77777777778,261905.84832217588,1721,1758676,45
atmaero_control_p8_rad_intel,ursa,intel,452.82,371.69680918617485,196,1308,2399.08,16.25666582277769,2382,2462,50
atmaero_control_p8_rad_intel,wcoss2,intel,338.2916666666667,22.130135738431807,307,424,1824.5416666666667,419.2257279711108,1690,3201,48
