test_name,machine,compiler,core_mean,core_std,core_min,core_max,mem_mean,mem_std,mem_min,mem_max,n_hashes
atmaero_control_p8_rad_micro_intel,acorn,intel,343.84090909090907,23.013588687351962,312,377,3116.6363636363635,2.392730357220955,3109,3120,44
atmaero_control_p8_rad_micro_intel,derecho,intel,313.6818181818182,26.275616716390104,283,394,1680.0227272727273,4.500587229713658,1664,1688,44
atmaero_control_p8_rad_micro_intel,gaeac6,intel,212.69767441860466,12.907242123118573,196,237,6338.720930232558,0.45385026875096673,6338,6339,43
atmaero_control_p8_rad_micro_intel,hera,intel,277.0,2.0,275,279,1894.3333333333333,5.859465277082294,1890,1901,3
atmaero_control_p8_rad_micro_intel,hercules,intel,274.60869565217394,30.70756566991237,242,359,41079.5,266365.3845380022,1787,1808384,46
atmaero_control_p8_rad_micro_intel,orion,intel,331.7111111111111,13.427621163147574,316,379,41104.6,263826.861057192,1766,1771580,45
atmaero_control_p8_rad_micro_intel,ursa,intel,390.84,312.41549779949474,199,1224,2413.7,17.199015159275366,2396,2487,50
atmaero_control_p8_rad_micro_intel,wcoss2,intel,347.1458333333333,22.019323799049218,316,409,1862.9375,462.5939079475785,1685,3208,48
