test_name,machine,compiler,core_mean,core_std,core_min,core_max,mem_mean,mem_std,mem_min,mem_max,n_hashes
atmaero_control_p8_rad_micro_intel,acorn,intel,347.0243902439024,22.47052269627702,312,377,3116.756097560976,2.233612408240064,3113,3120,41
atmaero_control_p8_rad_micro_intel,derecho,intel,317.0681818181818,24.246215458483356,283,394,1680.409090909091,4.499706356404685,1664,1688,44
atmaero_control_p8_rad_micro_intel,gaeac6,intel,215.7674418604651,12.459146973212494,196,237,6338.7441860465115,0.4414814484489771,6338,6339,43
atmaero_control_p8_rad_micro_intel,hercules,intel,275.04347826086956,29.661764779848696,242,359,41079.34782608696,266365.4074717008,1787,1808384,46
atmaero_control_p8_rad_micro_intel,orion,intel,333.64444444444445,12.831345772888884,316,379,41104.62222222222,263826.857666529,1766,1771580,45
atmaero_control_p8_rad_micro_intel,ursa,intel,412.14,328.44699569274775,199,1224,2414.88,17.080410070114226,2396,2487,50
atmaero_control_p8_rad_micro_intel,wcoss2,intel,349.6666666666667,21.37440638303085,316,409,1706.8958333333333,6.392281194162897,1685,1715,48
