test_name,machine,compiler,core_mean,core_std,core_min,core_max,mem_mean,mem_std,mem_min,mem_max,n_hashes
atmwav_control_noaero_p8_intel,acorn,intel,128.54761904761904,12.103622479226134,114,196,1875.5,2.7696085837745246,1870,1879,42
atmwav_control_noaero_p8_intel,derecho,intel,160.45454545454547,10.581806557537405,140,194,1822.340909090909,2.6931712250351425,1814,1828,44
atmwav_control_noaero_p8_intel,gaeac6,intel,81.4186046511628,2.620728344232489,78,88,6338.674418604651,0.47413732351554894,6338,6339,43
atmwav_control_noaero_p8_intel,hercules,intel,119.8695652173913,35.75509828178489,93,232,44154.260869565216,286318.28172883525,1928,1943844,46
atmwav_control_noaero_p8_intel,orion,intel,138.62222222222223,23.386368299122935,118,194,44314.02222222222,284465.9582029815,1887,1910164,45
atmwav_control_noaero_p8_intel,ursa,intel,238.48,268.99239348929933,89,954,2694.12,8.830928950141582,2680,2712,50
