test_name,machine,compiler,core_mean,core_std,core_min,core_max,mem_mean,mem_std,mem_min,mem_max,n_hashes
atmwav_control_noaero_p8_intel,acorn,intel,127.86363636363636,11.7663116053811,114,196,1874.9772727272727,2.953032626188077,1870,1879,44
atmwav_control_noaero_p8_intel,derecho,intel,159.97727272727272,10.872385836804876,140,194,1822.7045454545455,1.947921318483443,1814,1828,44
atmwav_control_noaero_p8_intel,gaeac6,intel,81.13953488372093,2.5221060299152995,78,88,6338.604651162791,0.49471179121576925,6338,6339,43
atmwav_control_noaero_p8_intel,hera,intel,109.33333333333333,1.1547005383792526,108,110,2025.3333333333333,6.658328118479417,2018,2031,3
atmwav_control_noaero_p8_intel,hercules,intel,118.15217391304348,35.44822038554849,93,232,44154.913043478264,286318.18343986355,1928,1943844,46
atmwav_control_noaero_p8_intel,orion,intel,139.53333333333333,24.17605878098865,118,196,44313.84444444445,284465.9853057972,1887,1910164,45
atmwav_control_noaero_p8_intel,ursa,intel,238.28,269.08810786788473,89,954,2694.12,9.029746758941378,2680,2712,50
