test_name,machine,compiler,core_mean,core_std,core_min,core_max,mem_mean,mem_std,mem_min,mem_max,n_hashes
atmwav_control_noaero_p8_intel,acorn,intel,128.0681818181818,11.829009919985003,114,196,1875.159090909091,2.884950378987019,1870,1879,44
atmwav_control_noaero_p8_intel,derecho,intel,159.9318181818182,10.872191382354595,140,194,1822.659090909091,1.9876734304110466,1814,1828,44
atmwav_control_noaero_p8_intel,gaeac6,intel,81.09302325581395,2.5053652284682424,78,88,6338.627906976744,0.48908348756352893,6338,6339,43
atmwav_control_noaero_p8_intel,hera,intel,109.0,1.4142135623730951,108,110,2022.5,6.363961030678928,2018,2027,2
atmwav_control_noaero_p8_intel,hercules,intel,118.26086956521739,35.380116690096315,93,232,44154.69565217391,286318.21620279376,1928,1943844,46
atmwav_control_noaero_p8_intel,orion,intel,138.9777777777778,23.112854440852622,118,194,44313.86666666667,284465.981918321,1887,1910164,45
atmwav_control_noaero_p8_intel,ursa,intel,238.28,269.08810786788473,89,954,2693.98,9.054235675829878,2680,2712,50
