test_name,machine,compiler,core_mean,core_std,core_min,core_max,mem_mean,mem_std,mem_min,mem_max,n_hashes
atmwav_control_noaero_p8_intel,acorn,intel,128.0,11.849835638149703,114,196,1874.840909090909,2.995680470263142,1870,1879,44
atmwav_control_noaero_p8_intel,derecho,intel,159.5,10.656366150563882,140,194,1822.8863636363637,1.4177595999668,1819,1828,44
atmwav_control_noaero_p8_intel,gaeac6,intel,81.13953488372093,2.5221060299152986,78,88,6338.604651162791,0.4947117912154775,6338,6339,43
atmwav_control_noaero_p8_intel,hera,intel,109.5,1.000000000000001,108,110,2026.5,5.916079783099642,2018,2031,4
atmwav_control_noaero_p8_intel,hercules,intel,118.1086956521739,35.47595634032817,93,232,44155.086956521736,286318.1572287744,1928,1943844,46
atmwav_control_noaero_p8_intel,orion,intel,138.82222222222222,24.151311736339675,118,196,44313.64444444444,284466.0157980335,1887,1910164,45
atmwav_control_noaero_p8_intel,ursa,intel,238.3,269.0781124733948,89,954,2694.24,8.90439011192266,2680,2712,50
