test_name,machine,compiler,core_mean,core_std,core_min,core_max,mem_mean,mem_std,mem_min,mem_max,n_hashes
atmwav_control_noaero_p8_intel,acorn,intel,128.3953488372093,12.000276851734391,114,196,1875.4186046511627,2.7880062695456664,1870,1879,43
atmwav_control_noaero_p8_intel,derecho,intel,160.1818181818182,10.747141809916366,140,194,1822.5681818181818,2.4721493075320864,1814,1828,44
atmwav_control_noaero_p8_intel,gaeac6,intel,81.46511627906976,2.6126873339925063,78,88,6338.674418604651,0.4741373235154378,6338,6339,43
atmwav_control_noaero_p8_intel,hercules,intel,119.78260869565217,35.81676394804735,93,232,44154.5,286318.2456921164,1928,1943844,46
atmwav_control_noaero_p8_intel,orion,intel,138.77777777777777,23.269067341633935,118,194,44314.044444444444,284465.9548150914,1887,1910164,45
atmwav_control_noaero_p8_intel,ursa,intel,238.44,269.01203675368754,89,954,2693.92,8.968971456058444,2680,2712,50
