test_name,machine,compiler,core_mean,core_std,core_min,core_max,mem_mean,mem_std,mem_min,mem_max,n_hashes
atmwav_control_noaero_p8_intel,acorn,intel,128.36363636363637,11.861783287027894,114,196,1875.340909090909,2.8031807665843593,1870,1879,44
atmwav_control_noaero_p8_intel,derecho,intel,160.1590909090909,10.742099707742353,140,194,1822.4545454545455,2.3767727333072477,1814,1828,44
atmwav_control_noaero_p8_intel,gaeac6,intel,81.27906976744185,2.566501986634248,78,88,6338.6511627906975,0.4822428221703082,6338,6339,43
atmwav_control_noaero_p8_intel,hera,intel,110.0,,110,110,2018.0,,2018,2018,1
atmwav_control_noaero_p8_intel,hercules,intel,118.28260869565217,35.36581088721344,93,232,44154.67391304348,286318.2194794265,1928,1943844,46
atmwav_control_noaero_p8_intel,orion,intel,138.84444444444443,23.21828781131134,118,194,44314.11111111111,284465.9446506912,1887,1910164,45
atmwav_control_noaero_p8_intel,ursa,intel,238.48,268.9922417514099,89,954,2693.92,8.968971456058522,2680,2712,50
