test_name,machine,compiler,core_mean,core_std,core_min,core_max,mem_mean,mem_std,mem_min,mem_max,n_hashes
atmwav_control_noaero_p8_intel,acorn,intel,128.90243902439025,12.030803959105931,119,196,1875.560975609756,2.7753268319948705,1870,1879,41
atmwav_control_noaero_p8_intel,derecho,intel,161.0,10.753041754626654,140,194,1822.2727272727273,2.6620820350056804,1814,1828,44
atmwav_control_noaero_p8_intel,gaeac6,intel,81.4186046511628,2.620728344232489,78,88,6338.674418604651,0.4741373235156448,6338,6339,43
atmwav_control_noaero_p8_intel,hercules,intel,119.95652173913044,35.69310952596943,93,232,44154.108695652176,286318.30466227065,1928,1943844,46
atmwav_control_noaero_p8_intel,orion,intel,138.46666666666667,23.488488476466323,118,194,44314.35555555556,284465.9073832411,1887,1910164,45
atmwav_control_noaero_p8_intel,ursa,intel,251.2,277.8766427237607,89,954,2694.18,8.826421374810598,2680,2712,50
