test_name,machine,compiler,core_mean,core_std,core_min,core_max,mem_mean,mem_std,mem_min,mem_max,n_hashes
atmwav_control_noaero_p8_intel,acorn,intel,128.0,11.714404497338851,114,196,1874.7111111111112,3.0867916723166586,1869,1879,45
atmwav_control_noaero_p8_intel,derecho,intel,159.3111111111111,10.610505562075176,140,194,1822.8666666666666,1.407770642476295,1819,1828,45
atmwav_control_noaero_p8_intel,gaeac6,intel,81.11363636363636,2.4985196462771677,78,88,6338.613636363636,0.492544843474111,6338,6339,44
atmwav_control_noaero_p8_intel,hera,intel,109.2,1.0954451150103335,108,110,2027.6,5.68330889535316,2018,2032,5
atmwav_control_noaero_p8_intel,hercules,intel,118.53191489361703,35.207985176185716,93,232,43256.8085106383,283255.85488239815,1928,1943844,47
atmwav_control_noaero_p8_intel,orion,intel,138.52173913043478,23.968255979231994,118,196,43391.84782608696,281356.9942648163,1887,1910164,46
atmwav_control_noaero_p8_intel,ursa,intel,238.2,269.12693310489936,89,954,2694.44,8.757876920993125,2680,2712,50
