test_name,machine,compiler,core_mean,core_std,core_min,core_max,mem_mean,mem_std,mem_min,mem_max,n_hashes
control_decomp_p8_intel,acorn,intel,181.52272727272728,7.403608913708636,170,205,1846.5227272727273,2.051529620638,1843,1850,44
control_decomp_p8_intel,derecho,intel,215.0681818181818,19.375599288283357,195,313,1804.7727272727273,2.924345574683265,1798,1810,44
control_decomp_p8_intel,gaeac6,intel,121.02325581395348,6.049354046952621,115,156,6338.488372093023,0.5924964546108845,6337,6339,43
control_decomp_p8_intel,hera,intel,168.5,2.1213203435596424,167,170,2000.0,1.4142135623730951,1999,2001,2
control_decomp_p8_intel,hercules,intel,184.69565217391303,35.78694334543902,143,305,43015.065217391304,278875.08088528353,1889,1893320,46
control_decomp_p8_intel,orion,intel,241.22222222222223,37.206969587143014,184,325,43356.22222222222,278256.2652836972,1864,1868476,45
control_decomp_p8_intel,ursa,intel,245.74,209.1875254797153,121,709,2505.74,7.623299408887941,2491,2527,50
control_decomp_p8_intel,wcoss2,intel,195.75,13.042483773373977,184,250,1765.7916666666667,25.26452254230797,1748,1849,48
