test_name,machine,compiler,core_mean,core_std,core_min,core_max,mem_mean,mem_std,mem_min,mem_max,n_hashes
control_p8_ugwpv1_tempo_aerosol_intel,acorn,intel,190.6590909090909,8.962306549611991,178,213,1883.840909090909,1.3799761005375404,1882,1887,44
control_p8_ugwpv1_tempo_aerosol_intel,derecho,intel,234.9090909090909,107.51718482043914,195,927,1835.1363636363637,1.5339705144207678,1832,1838,44
control_p8_ugwpv1_tempo_aerosol_intel,gaeac6,intel,122.04651162790698,2.2248968769264,117,128,6338.7441860465115,0.4414814484488705,6338,6339,43
control_p8_ugwpv1_tempo_aerosol_intel,hera,intel,168.0,,168,168,2042.0,,2042,2042,1
control_p8_ugwpv1_tempo_aerosol_intel,hercules,intel,198.45652173913044,48.34170342318393,148,377,44116.54347826087,286056.89335877897,1928,1942072,46
control_p8_ugwpv1_tempo_aerosol_intel,orion,intel,247.44444444444446,33.35317591226274,184,347,44418.11111111111,285103.8338413044,1908,1914452,45
control_p8_ugwpv1_tempo_aerosol_intel,ursa,intel,171.76,113.70559191461544,124,573,2546.5,9.227841634124957,2529,2566,50
control_p8_ugwpv1_tempo_aerosol_intel,wcoss2,intel,204.02083333333334,14.187932515980412,190,254,1795.0208333333333,21.591457711310053,1781,1878,48
