test_name,machine,compiler,core_mean,core_std,core_min,core_max,mem_mean,mem_std,mem_min,mem_max,n_hashes
control_stochy_restart_intel,acorn,intel,73.11363636363636,6.035614876254187,66,94,398.79545454545456,1.6646746375939714,394,402,44
control_stochy_restart_intel,derecho,intel,72.27272727272727,2.9833930765944072,69,83,391.04545454545456,2.917107084436909,385,396,44
control_stochy_restart_intel,gaeac6,intel,46.2093023255814,1.24514561272938,44,49,6338.813953488372,0.6638923447398072,6338,6342,43
control_stochy_restart_intel,hera,intel,56.0,,56,56,620.0,,620,620,1
control_stochy_restart_intel,hercules,intel,56.608695652173914,8.719016919277502,51,106,12721.0,82512.16923716298,535,560180,46
control_stochy_restart_intel,orion,intel,69.53333333333333,3.7331439345896706,66,83,11249.977777777778,72193.38954895854,477,484776,45
control_stochy_restart_intel,ursa,intel,90.32,107.54029904350901,40,460,1218.66,20.905628575157667,1186,1289,50
control_stochy_restart_intel,wcoss2,intel,75.3125,6.2947335299253115,69,99,302.8333333333333,27.26101833327901,292,411,48
