test_name,machine,compiler,core_mean,core_std,core_min,core_max,mem_mean,mem_std,mem_min,mem_max,n_hashes
control_latlon_intel,acorn,intel,159.02272727272728,8.598238425219058,144,176,1575.7954545454545,1.6646746375939052,1573,1578,44
control_latlon_intel,derecho,intel,145.1590909090909,3.1911445917564984,140,154,1516.9318181818182,2.4150470867645177,1513,1525,44
control_latlon_intel,gaeac6,intel,103.72093023255815,12.952891902500914,98,183,6338.767441860465,0.42746257437563506,6338,6339,43
control_latlon_intel,hera,intel,139.0,1.7320508075688772,137,140,1722.6666666666667,6.658328118479425,1715,1727,3
control_latlon_intel,hercules,intel,137.7391304347826,16.075426080558415,118,177,36783.434782608696,238519.25745711947,1605,1619332,46
control_latlon_intel,orion,intel,163.26666666666668,5.726334699518443,157,181,36892.688888888886,236790.3463083116,1582,1590032,45
control_latlon_intel,ursa,intel,197.8,198.94251041187653,96,813,2222.08,10.135490282433581,2205,2247,50
control_latlon_intel,wcoss2,intel,164.47916666666666,14.946699035463906,153,224,1492.7708333333333,30.58454593997778,1477,1583,48
