test_name,machine,compiler,core_mean,core_std,core_min,core_max,mem_mean,mem_std,mem_min,mem_max,n_hashes
control_decomp_p8_intel,acorn,intel,181.52272727272728,7.403608913708632,170,205,1846.6136363636363,2.025602512614925,1843,1850,44
control_decomp_p8_intel,derecho,intel,215.79545454545453,19.739677367659304,195,313,1804.9318181818182,2.960183269567831,1798,1810,44
control_decomp_p8_intel,gaeac6,intel,121.04651162790698,6.039368811123093,115,156,6338.46511627907,0.5915611794348762,6337,6339,43
control_decomp_p8_intel,hera,intel,167.0,,167,167,1999.0,,1999,1999,1
control_decomp_p8_intel,hercules,intel,184.34782608695653,35.980375756980735,143,305,43015.15217391304,278875.0677802172,1889,1893320,46
control_decomp_p8_intel,orion,intel,241.66666666666666,37.3965239026303,184,325,43356.11111111111,278256.282221838,1864,1868476,45
control_decomp_p8_intel,ursa,intel,245.88,209.10739746233125,121,709,2505.54,7.746519955991359,2491,2527,50
control_decomp_p8_intel,wcoss2,intel,195.875,12.975631825718382,184,250,1763.9791666666667,22.256234683106225,1748,1849,48
