test_name,machine,compiler,core_mean,core_std,core_min,core_max,mem_mean,mem_std,mem_min,mem_max,n_hashes
control_noqr_p8_intel,acorn,intel,181.24444444444444,9.580177345947098,165,215,1852.8444444444444,1.223919849491754,1850,1855,45
control_noqr_p8_intel,derecho,intel,209.26666666666668,13.59043781487558,194,268,1803.0,2.7219645311962926,1798,1812,45
control_noqr_p8_intel,gaeac6,intel,116.75,4.319372262746757,113,142,6338.795454545455,0.40803245735830507,6338,6339,44
control_noqr_p8_intel,hera,intel,161.4,1.5165750888103104,160,163,2009.2,7.328028384224507,1999,2018,5
control_noqr_p8_intel,hercules,intel,178.5744680851064,40.12141609667112,138,311,42333.44680851064,277184.63050377346,1892,1902184,47
control_noqr_p8_intel,orion,intel,229.58695652173913,36.434767331923545,178,324,42724.67391304348,277023.4130625107,1869,1880744,46
control_noqr_p8_intel,ursa,intel,228.9,208.82677617819894,117,774,2510.06,10.349820071392642,2492,2536,50
control_noqr_p8_intel,wcoss2,intel,194.53061224489795,13.357429332298452,179,254,1770.938775510204,34.631036274841485,1748,1857,49
