test_name,machine,compiler,core_mean,core_std,core_min,core_max,mem_mean,mem_std,mem_min,mem_max,n_hashes
control_wam_debug_gnu,derecho,gnu,379.8863636363636,8.0729692790802,364,418,1403.4318181818182,1.1080619425369806,1400,1406,44
control_wam_debug_gnu,hercules,gnu,331.45652173913044,20.627604505440054,305,408,31405.217391304348,203640.93220436503,1370,1382540,46
control_wam_debug_gnu,ursa,gnu,307.16,98.43455507418652,269,735,1312.64,9.057097791685747,1303,1326,50
