test_name,machine,compiler,core_mean,core_std,core_min,core_max,mem_mean,mem_std,mem_min,mem_max,n_hashes
control_csawmg_gnu,derecho,gnu,501.5,78.29743528426089,470,1003,853.2954545454545,4.348640768420571,849,878,44
control_csawmg_gnu,hera,gnu,510.75,10.436314802968846,502,525,845.25,0.9574271077563381,844,846,4
control_csawmg_gnu,hercules,gnu,440.0869565217391,44.6133144485697,398,588,18901.456521739132,122542.91880619831,823,831960,46
control_csawmg_gnu,ursa,gnu,446.72,230.51548622111076,337,1206,760.02,10.852423786455091,749,795,50
