test_name,machine,compiler,core_mean,core_std,core_min,core_max,mem_mean,mem_std,mem_min,mem_max,n_hashes
control_ras_intel,acorn,intel,204.04347826086956,2.852084737832771,199,210,664.1304347826087,2.180582654123077,659,667,23
control_ras_intel,derecho,intel,188.75,3.2737427058869204,185,197,621.375,1.0959411282188591,619,624,24
control_ras_intel,gaeac6,intel,136.29166666666666,7.771067671409326,133,171,6338.791666666667,0.41485111699920313,6338,6339,24
control_ras_intel,hera,intel,190.2,3.3466401061363023,188,196,868.8,1.3038404810405144,867,870,5
control_ras_intel,hercules,intel,168.04,1.3988090172238201,166,171,849.36,10.463746938836,832,870,25
control_ras_intel,orion,intel,203.45833333333334,1.473805092023829,202,208,742.625,2.4283202281484186,739,748,24
control_ras_intel,ursa,intel,251.84,206.31785348502117,133,693,1626.0,74.8565294413253,1567,1801,25
control_ras_intel,wcoss2,intel,209.33333333333334,5.313368428593206,204,226,603.2916666666666,43.84407070781502,573,673,24
