test_name,machine,compiler,core_mean,core_std,core_min,core_max,mem_mean,mem_std,mem_min,mem_max,n_hashes
control_ras_debug_gnu,derecho,gnu,103.05263157894737,2.9528457876452054,99,109,602.1578947368421,3.2704596668891135,593,606,19
control_ras_debug_gnu,hercules,gnu,77.0,7.874007874011808,68,95,579.6,2.2337129816094317,576,585,20
control_ras_debug_gnu,ursa,gnu,66.75,1.5852942612451641,65,71,499.85,0.36634754853252555,499,500,20
