test_name,machine,compiler,core_mean,core_std,core_min,core_max,mem_mean,mem_std,mem_min,mem_max,n_hashes
control_p8_lndp_intel,acorn,intel,301.77272727272725,8.41610758056303,289,326,1857.840909090909,1.1801297094295826,1855,1860,44
control_p8_lndp_intel,derecho,intel,318.65909090909093,16.88255351265983,289,382,1813.6818181818182,3.3672342337263172,1809,1818,44
control_p8_lndp_intel,gaeac6,intel,197.02325581395348,4.891627307830742,189,215,6338.790697674419,0.6746476870644267,6338,6342,43
control_p8_lndp_intel,hera,intel,286.0,,286,286,2019.0,,2019,2019,1
control_p8_lndp_intel,hercules,intel,300.3478260869565,47.56292552038795,242,419,43374.30434782609,281231.8291336542,1896,1909316,46
control_p8_lndp_intel,orion,intel,373.0444444444444,38.5857696069628,313,450,43866.02222222222,281603.3846372564,1873,1890940,45
control_p8_lndp_intel,ursa,intel,279.32,232.79880426090276,200,1233,2517.38,10.567354427283883,2499,2544,50
control_p8_lndp_intel,wcoss2,intel,316.875,13.965954043330726,302,368,1773.3958333333333,23.715278837800128,1759,1866,48
