test_name,machine,compiler,core_mean,core_std,core_min,core_max,mem_mean,mem_std,mem_min,mem_max,n_hashes
control_restart_noqr_p8_intel,acorn,intel,109.18181818181819,6.503211111202754,95,129,1014.1590909090909,2.11245676238323,1011,1020,44
control_restart_noqr_p8_intel,derecho,intel,146.38636363636363,8.383860211784315,126,168,970.2045454545455,2.9928561877705353,953,973,44
control_restart_noqr_p8_intel,gaeac6,intel,74.76744186046511,13.114581505408989,69,128,6338.697674418605,0.5133866880559101,6338,6340,43
control_restart_noqr_p8_intel,hera,intel,96.0,0.0,96,96,1278.0,2.8284271247461903,1276,1280,2
control_restart_noqr_p8_intel,hercules,intel,103.69565217391305,24.751987184168005,82,169,27711.391304347828,179679.98951302015,1196,1219868,46
control_restart_noqr_p8_intel,orion,intel,136.8,41.183403541629815,105,290,25874.933333333334,165963.5675634319,1112,1114452,45
control_restart_noqr_p8_intel,ursa,intel,140.06,139.14013051009886,71,629,1869.88,35.99866210665874,1826,1998,50
control_restart_noqr_p8_intel,wcoss2,intel,120.33333333333333,8.890189030212337,111,152,926.2916666666666,27.1966505551408,913,1016,48
