test_name,machine,compiler,core_mean,core_std,core_min,core_max,mem_mean,mem_std,mem_min,mem_max,n_hashes
control_ras_debug_intel,acorn,intel,191.6818181818182,3.6695187648202534,187,201,823.6818181818181,2.9013357126931667,819,831,22
control_ras_debug_intel,derecho,intel,176.6086956521739,4.153192971402541,170,186,755.4782608695652,1.3097385310675205,753,758,23
control_ras_debug_intel,gaeac6,intel,120.95652173913044,3.994066745806894,118,138,6338.521739130435,0.5107539184550315,6338,6339,23
control_ras_debug_intel,hera,intel,163.5,1.2909944487358056,162,165,957.75,0.957427107756353,957,959,4
control_ras_debug_intel,hercules,intel,148.91666666666666,7.4478865789399356,135,166,856.1666666666666,4.1353898577234975,849,864,24
control_ras_debug_intel,orion,intel,166.95652173913044,2.458348685778635,163,172,831.4782608695652,3.514509731972085,824,837,23
control_ras_debug_intel,ursa,intel,153.5,92.82943686043822,117,464,1481.7916666666667,8.752535864420738,1454,1499,24
control_ras_debug_intel,wcoss2,intel,197.1304347826087,3.8174759370092026,192,207,757.9565217391304,43.60199980908876,728,831,23
