test_name,machine,compiler,core_mean,core_std,core_min,core_max,mem_mean,mem_std,mem_min,mem_max,n_hashes
control_p8_atmlnd_debug_intel,acorn,intel,346.86046511627904,19.601483660255873,330,451,1905.4651162790697,2.1859817148333756,1901,1913,43
control_p8_atmlnd_debug_intel,gaeac6,intel,211.74418604651163,2.6465883092858076,206,218,6338.53488372093,0.6305265074787728,6338,6340,43
control_p8_atmlnd_debug_intel,hercules,intel,304.1521739130435,44.4036872299309,245,404,43346.608695652176,281031.62919219834,1900,1907960,46
control_p8_atmlnd_debug_intel,orion,intel,350.64444444444445,40.383477469445985,293,486,43585.8,279741.5869797274,1872,1878448,45
control_p8_atmlnd_debug_intel,ursa,intel,222.7,11.758192975147859,210,262,1943.42,9.722874354545894,1925,1968,50
