test_name,machine,compiler,core_mean,core_std,core_min,core_max,mem_mean,mem_std,mem_min,mem_max,n_hashes
control_ras_gnu,derecho,gnu,239.6,3.2183683345512475,236,248,615.1,1.9166857359844827,613,618,20
control_ras_gnu,hera,gnu,284.0,,284,284,607.0,,607,607,1
control_ras_gnu,hercules,gnu,235.14285714285714,25.211675299919516,221,305,594.0952380952381,5.078432454062597,589,613,21
control_ras_gnu,ursa,gnu,260.8095238095238,187.52829627755358,187,842,514.952380952381,5.572039038594316,511,539,21
