test_name,machine,compiler,core_mean,core_std,core_min,core_max,mem_mean,mem_std,mem_min,mem_max,n_hashes
control_stochy_gnu,derecho,gnu,160.27272727272728,3.8841576642947118,155,180,603.6590909090909,7.991108959972206,577,612,44
control_stochy_gnu,hera,gnu,181.0,10.099504938362074,171,192,600.75,2.217355782608345,598,603,4
control_stochy_gnu,hercules,gnu,145.45652173913044,12.400190897704631,135,202,13351.978260869566,86585.33799116318,574,587836,46
control_stochy_gnu,ursa,gnu,192.1,150.7624499884856,117,643,514.36,8.99151527490085,506,529,50
