test_name,machine,compiler,core_mean,core_std,core_min,core_max,mem_mean,mem_std,mem_min,mem_max,n_hashes
control_debug_p8_gnu,derecho,gnu,151.61363636363637,10.08387132444426,134,177,1550.590909090909,10.925366646645568,1525,1573,44
control_debug_p8_gnu,hera,gnu,99.33333333333333,4.163331998932267,96,104,1530.6666666666667,9.712534856222304,1520,1539,3
control_debug_p8_gnu,hercules,gnu,109.43478260869566,37.16189934980482,76,218,34777.717391304344,225507.69182867382,1507,1530996,46
control_debug_p8_gnu,ursa,gnu,94.1,31.968255938588545,78,208,1452.78,14.04408510835122,1422,1478,50
