test_name,machine,compiler,core_mean,core_std,core_min,core_max,mem_mean,mem_std,mem_min,mem_max,n_hashes
control_stochy_intel,acorn,intel,119.16666666666667,8.927667782378574,105,140,632.6904761904761,2.858347597340865,627,638,42
control_stochy_intel,derecho,intel,107.68181818181819,3.311521306215949,104,124,578.9772727272727,1.8234727456484356,576,582,44
control_stochy_intel,gaeac6,intel,77.3953488372093,4.083296607514456,74,97,6338.7441860465115,0.44148144844887266,6338,6339,43
control_stochy_intel,hercules,intel,94.76086956521739,7.792260498180072,84,116,15334.0,99391.88088750288,671,674788,46
control_stochy_intel,orion,intel,113.35555555555555,4.862451474661147,108,127,15130.844444444445,97096.54957027322,635,652000,45
control_stochy_intel,ursa,intel,219.18,202.82873946021655,68,583,1306.38,15.231398826243106,1291,1365,50
control_stochy_intel,wcoss2,intel,117.91666666666667,6.613440001427568,110,142,544.0208333333334,14.171427026648788,537,637,48
