test_name,machine,compiler,core_mean,core_std,core_min,core_max,mem_mean,mem_std,mem_min,mem_max,n_hashes
control_p8_ugwpv1_tempo_intel,acorn,intel,180.78048780487805,9.185619726294862,168,209,1876.560975609756,1.4840616646185478,1874,1880,41
control_p8_ugwpv1_tempo_intel,derecho,intel,210.1590909090909,17.03203982351152,188,291,1868.8181818181818,148.18895428931782,1827,2415,44
control_p8_ugwpv1_tempo_intel,gaeac6,intel,116.88372093023256,2.583918234789038,114,127,6338.720930232558,0.45385026875076107,6338,6339,43
control_p8_ugwpv1_tempo_intel,hercules,intel,186.2608695652174,49.21672470144842,142,394,43714.913043478264,283154.94287284766,1919,1922416,46
control_p8_ugwpv1_tempo_intel,orion,intel,238.84444444444443,34.21054831717282,178,318,44181.955555555556,283345.737781678,1896,1902684,45
control_p8_ugwpv1_tempo_intel,ursa,intel,183.32,150.11579748001617,119,638,2567.68,137.51830156494128,2507,3115,50
control_p8_ugwpv1_tempo_intel,wcoss2,intel,192.70833333333334,10.309999965605245,178,218,1821.4791666666667,143.77760450340512,1778,2375,48
