test_name,machine,compiler,core_mean,core_std,core_min,core_max,mem_mean,mem_std,mem_min,mem_max,n_hashes
control_decomp_p8_intel,acorn,intel,182.0222222222222,7.533226065205726,170,205,1846.3333333333333,2.0780235364840918,1843,1850,45
control_decomp_p8_intel,derecho,intel,214.11111111111111,19.369871429411173,195,313,1804.4222222222222,2.934813676050338,1798,1810,45
control_decomp_p8_intel,gaeac6,intel,121.0,5.980588755337147,115,156,6338.545454545455,0.588831932216123,6337,6339,44
control_decomp_p8_intel,hera,intel,168.0,1.224744871391589,167,170,1998.2,4.658325879540842,1990,2001,5
control_decomp_p8_intel,hercules,intel,182.40425531914894,36.52971367939547,141,305,42139.65957446808,275892.45694049733,1889,1893320,47
control_decomp_p8_intel,orion,intel,237.84782608695653,37.839994944387946,184,325,42454.04347826087,275215.1881725326,1864,1868476,46
control_decomp_p8_intel,ursa,intel,236.76,204.34969627417348,121,709,2505.68,7.765543990564264,2491,2527,50
control_decomp_p8_intel,wcoss2,intel,195.18367346938774,12.200876794633373,184,250,1771.204081632653,32.137711228293774,1748,1850,49
