test_name,machine,compiler,core_mean,core_std,core_min,core_max,mem_mean,mem_std,mem_min,mem_max,n_hashes
control_wrtGauss_netcdf_parallel_intel,acorn,intel,162.3409090909091,7.847213049402045,151,178,1575.0,2.2619193331698617,1570,1579,44
control_wrtGauss_netcdf_parallel_intel,derecho,intel,147.8181818181818,5.440044148558574,141,177,1516.7954545454545,2.1628958350403034,1513,1524,44
control_wrtGauss_netcdf_parallel_intel,gaeac6,intel,121.23255813953489,74.49027971401061,100,514,6338.6511627906975,0.4822428221705005,6338,6339,43
control_wrtGauss_netcdf_parallel_intel,hera,intel,142.0,,142,142,1717.0,,1717,1717,1
control_wrtGauss_netcdf_parallel_intel,hercules,intel,139.17391304347825,15.838496488445255,121,180,36539.413043478264,236861.3578483391,1607,1608088,46
control_wrtGauss_netcdf_parallel_intel,orion,intel,165.15555555555557,6.452468011105777,159,187,36991.688888888886,237453.39126838252,1583,1594480,45
control_wrtGauss_netcdf_parallel_intel,ursa,intel,211.82,191.70871718546854,98,674,2224.18,9.336542208342582,2208,2250,50
control_wrtGauss_netcdf_parallel_intel,wcoss2,intel,164.89583333333334,9.324503485345849,156,210,1488.0625,24.604450600688132,1465,1581,48
