test_name,machine,compiler,core_mean,core_std,core_min,core_max,mem_mean,mem_std,mem_min,mem_max,n_hashes
control_p8_ugwpv1_intel,acorn,intel,180.0952380952381,6.661903060008647,168,196,1856.642857142857,1.2261665142049147,1853,1859,42
control_p8_ugwpv1_intel,derecho,intel,208.88636363636363,13.5358540406167,192,247,1812.8636363636363,3.968427191762662,1806,1818,44
control_p8_ugwpv1_intel,gaeac6,intel,116.34883720930233,2.2665656937968506,112,123,6338.813953488372,0.5457984083405121,6338,6341,43
control_p8_ugwpv1_intel,hercules,intel,193.91304347826087,51.88312767362881,140,404,43281.63043478261,280606.1477156082,1898,1905072,46
control_p8_ugwpv1_intel,orion,intel,238.17777777777778,31.37550353734935,180,305,43671.88888888889,280295.0002707555,1879,1882164,45
control_p8_ugwpv1_intel,ursa,intel,204.42,176.1869473263081,120,696,2513.28,11.104402509907537,2499,2548,50
control_p8_ugwpv1_intel,wcoss2,intel,193.3125,9.197955947764765,181,224,1767.5416666666667,14.896748657588912,1757,1863,48
