test_name,machine,compiler,core_mean,core_std,core_min,core_max,mem_mean,mem_std,mem_min,mem_max,n_hashes
control_c48.v2.sfc_intel,acorn,intel,348.5,7.392316380094597,331,362,718.9047619047619,1.6351254715714107,715,723,42
control_c48.v2.sfc_intel,derecho,intel,309.95454545454544,3.0875183490993647,306,319,678.4772727272727,3.460666936418513,671,682,44
control_c48.v2.sfc_intel,gaeac6,intel,247.09302325581396,3.510623018160275,243,264,6337.46511627907,0.735133198468539,6336,6339,43
control_c48.v2.sfc_intel,hercules,intel,329.4782608695652,7.3868926873807474,321,359,19105.021739130436,123869.90939269742,829,840968,46
control_c48.v2.sfc_intel,orion,intel,480.8666666666667,21.880460357463818,471,623,19606.48888888889,125887.6051616936,825,845320,45
control_c48.v2.sfc_intel,ursa,intel,282.2,113.28076011505617,235,680,801.6,2.9416086117105262,792,808,50
control_c48.v2.sfc_intel,wcoss2,intel,338.7708333333333,6.358909257911655,331,363,725.125,1.453169683023807,722,728,48
