test_name,machine,compiler,core_mean,core_std,core_min,core_max,mem_mean,mem_std,mem_min,mem_max,n_hashes
control_debug_p8_gnu,derecho,gnu,151.29545454545453,11.899930712040907,108,177,356274.54545454547,2352971.968838365,1536,15609401,44
control_debug_p8_gnu,hercules,gnu,111.41304347826087,37.6501887774264,77,218,34774.565217391304,225508.1668899675,1502,1530996,46
control_debug_p8_gnu,ursa,gnu,94.66,32.9536532922546,77,208,1454.22,12.770006312625252,1431,1478,50
