test_name,machine,compiler,core_mean,core_std,core_min,core_max,mem_mean,mem_std,mem_min,mem_max,n_hashes
control_noqr_p8_intel,acorn,intel,181.22727272727272,9.69023396257652,165,215,1852.840909090909,1.2378372327569076,1850,1855,44
control_noqr_p8_intel,derecho,intel,209.3409090909091,13.738323891231444,194,268,1803.0454545454545,2.7361026896149405,1798,1812,44
control_noqr_p8_intel,gaeac6,intel,116.79069767441861,4.3619465921867615,113,142,6338.790697674419,0.411625091493176,6338,6339,43
control_noqr_p8_intel,hera,intel,161.75,1.4999999999999993,160,163,2011.75,5.3150729063673126,2006,2018,4
control_noqr_p8_intel,hercules,intel,179.41304347826087,40.14616411008184,138,311,43212.45652173913,280181.2986488655,1892,1902184,46
control_noqr_p8_intel,orion,intel,230.22222222222223,36.58793199508234,178,324,43632.46666666667,280084.5185268839,1869,1880744,45
control_noqr_p8_intel,ursa,intel,229.04,208.75461231614813,117,774,2509.88,10.55140961663222,2492,2536,50
control_noqr_p8_intel,wcoss2,intel,194.35416666666666,13.440949788079482,179,254,1769.1458333333333,32.61835378350812,1748,1857,48
