test_name,machine,compiler,core_mean,core_std,core_min,core_max,mem_mean,mem_std,mem_min,mem_max,n_hashes
control_c48_lnd_iau_intel,acorn,intel,395.79545454545456,7.863899102284391,385,421,1593.1136363636363,2.3842107473856102,1588,1599,44
control_c48_lnd_iau_intel,derecho,intel,342.04545454545456,5.6401985180901715,333,355,1556.7727272727273,1.8409254038376477,1553,1561,44
control_c48_lnd_iau_intel,gaeac6,intel,272.95348837209303,7.807058736358829,262,311,6337.697674418605,0.7411343853763562,6336,6339,43
control_c48_lnd_iau_intel,hera,intel,402.5,2.1213203435596424,401,404,1718.5,2.1213203435596424,1717,1720,2
control_c48_lnd_iau_intel,hercules,intel,356.2826086956522,16.628841134845295,341,455,38612.36956521739,250263.09775401998,1694,1699080,46
control_c48_lnd_iau_intel,orion,intel,533.8222222222222,21.112565074864914,522,660,39842.86666666667,255769.3526872849,1703,1717468,45
control_c48_lnd_iau_intel,ursa,intel,347.46,167.40677698227108,261,751,1667.9,2.0627898683133994,1664,1673,50
control_c48_lnd_iau_intel,wcoss2,intel,392.1458333333333,7.949279596245862,382,419,1599.7916666666667,3.208753541607832,1592,1606,48
