test_name,machine,compiler,core_mean,core_std,core_min,core_max,mem_mean,mem_std,mem_min,mem_max,n_hashes
control_lndp_intel,acorn,intel,111.88636363636364,6.1463390846717205,99,127,633.2272727272727,1.853515031069798,628,637,44
control_lndp_intel,derecho,intel,99.97727272727273,2.317663582582601,94,105,580.3181818181819,1.1568346402049263,578,582,44
control_lndp_intel,gaeac6,intel,73.34883720930233,6.384071401804992,70,103,6338.790697674419,0.4116250914933255,6338,6339,43
control_lndp_intel,hera,intel,91.5,0.7071067811865476,91,92,784.5,0.7071067811865476,784,785,2
control_lndp_intel,hercules,intel,88.3913043478261,8.832964170574186,78,125,15499.58695652174,100510.57541386182,672,682376,46
control_lndp_intel,orion,intel,106.5111111111111,9.435479999887805,100,160,15188.288888888888,97468.32968984479,646,654496,45
control_lndp_intel,ursa,intel,458.6,508.90410467503796,65,1302,1305.32,11.978620410497017,1287,1336,50
control_lndp_intel,wcoss2,intel,111.83333333333333,8.669666692980524,104,151,548.5208333333334,26.642622693189065,535,637,48
