test_name,machine,compiler,core_mean,core_std,core_min,core_max,mem_mean,mem_std,mem_min,mem_max,n_hashes
control_p8_atmlnd_intel,acorn,intel,209.73170731707316,19.484640605158592,191,320,1862.3170731707316,1.3681926836203964,1860,1865,41
control_p8_atmlnd_intel,gaeac6,intel,148.27906976744185,4.457874687910355,143,163,6338.883720930233,0.7305999597714116,6338,6342,43
control_p8_atmlnd_intel,hercules,intel,189.02173913043478,35.67164397073507,159,301,42868.065217391304,277973.03100699873,1873,1887188,46
control_p8_atmlnd_intel,orion,intel,236.37777777777777,30.124204168204624,209,328,42999.86666666667,275984.67769001896,1848,1853220,45
control_p8_atmlnd_intel,ursa,intel,147.76,7.495740286921605,140,177,1910.28,10.810123750919983,1892,1941,50
