test_name,machine,compiler,core_mean,core_std,core_min,core_max,mem_mean,mem_std,mem_min,mem_max,n_hashes
control_p8_intel,acorn,intel,180.2093023255814,6.512106452910771,170,197,1852.5116279069769,1.141679903084594,1850,1855,43
control_p8_intel,derecho,intel,211.04545454545453,12.281494010804257,193,270,1803.2045454545455,3.06957724120869,1797,1812,44
control_p8_intel,gaeac6,intel,117.4186046511628,1.942415753392012,114,122,6338.720930232558,0.4538502687508465,6338,6339,43
control_p8_intel,hercules,intel,187.19565217391303,50.49251630587004,141,403,43161.239130434784,279829.70527726994,1895,1899800,46
control_p8_intel,orion,intel,242.44444444444446,34.49015376989071,182,325,43725.311111111114,280714.96093196986,1869,1884972,45
control_p8_intel,ursa,intel,230.5,223.69369089658915,121,881,2509.98,9.925210119607925,2489,2532,50
control_p8_intel,wcoss2,intel,196.27083333333334,11.36575592740837,185,236,1760.6666666666667,20.211996999184297,1749,1855,48
