test_name,machine,compiler,core_mean,core_std,core_min,core_max,mem_mean,mem_std,mem_min,mem_max,n_hashes
control_p8_ugwpv1_intel,acorn,intel,179.47727272727272,6.807959214630782,168,196,1856.659090909091,1.3284574341445652,1853,1860,44
control_p8_ugwpv1_intel,derecho,intel,206.9090909090909,13.928084697487327,192,247,1813.5681818181818,3.9201194053523114,1806,1818,44
control_p8_ugwpv1_intel,gaeac6,intel,116.23255813953489,2.368817359161132,112,123,6338.883720930233,0.498058245091753,6338,6341,43
control_p8_ugwpv1_intel,hera,intel,163.0,2.9439202887759497,160,167,2014.25,5.123475382979799,2009,2021,4
control_p8_ugwpv1_intel,hercules,intel,189.45652173913044,52.00500254643847,140,404,43281.36956521739,280606.18703097117,1898,1905072,46
control_p8_ugwpv1_intel,orion,intel,234.84444444444443,32.641270276331554,180,305,43671.26666666667,280295.09513549856,1879,1882164,45
control_p8_ugwpv1_intel,ursa,intel,213.48,183.12015014125316,120,696,2514.24,11.035305124176467,2500,2548,50
control_p8_ugwpv1_intel,wcoss2,intel,192.60416666666666,9.092291763001572,181,224,1777.8958333333333,32.787672555874,1757,1866,48
