test_name,machine,compiler,core_mean,core_std,core_min,core_max,mem_mean,mem_std,mem_min,mem_max,n_hashes
control_wam_debug_intel,acorn,intel,891.8222222222222,17.315637820516862,863,925,1697.3777777777777,1.9222251415870606,1694,1702,45
control_wam_debug_intel,derecho,intel,769.5777777777778,12.95707754803753,748,794,1626.3777777777777,3.978858269819773,1618,1631,45
control_wam_debug_intel,gaeac6,intel,544.0454545454545,9.060403362483841,530,576,6338.704545454545,0.4615215208036711,6338,6339,44
control_wam_debug_intel,hera,intel,820.8,14.34224529144582,807,840,1809.2,4.438468204234418,1804,1814,5
control_wam_debug_intel,orion,intel,817.4565217391304,15.30970138577952,791,851,38427.52173913043,249120.1768193852,1685,1691312,46
control_wam_debug_intel,ursa,intel,720.88,314.20249807396243,538,1628,2302.44,27.834906876372656,2277,2419,50
control_wam_debug_intel,wcoss2,intel,889.7755102040817,8.942560469748107,869,917,1616.1020408163265,35.227974737154916,1593,1704,49
