test_name,machine,compiler,core_mean,core_std,core_min,core_max,mem_mean,mem_std,mem_min,mem_max,n_hashes
control_stochy_restart_intel,acorn,intel,72.66666666666667,6.071543161638268,66,94,398.84444444444443,1.6781423110575413,394,402,45
control_stochy_restart_intel,derecho,intel,71.88888888888889,2.134374745810949,69,79,390.75555555555553,2.970732657990706,383,396,45
control_stochy_restart_intel,gaeac6,intel,46.38636363636363,1.2240973720751767,44,49,6338.727272727273,0.4505106334669295,6338,6339,44
control_stochy_restart_intel,hera,intel,57.0,1.0,56,58,624.6,3.8470768123342594,620,629,5
control_stochy_restart_intel,hercules,intel,56.361702127659576,8.5780952885188,51,106,12460.936170212766,81629.84230164536,535,560180,47
control_stochy_restart_intel,orion,intel,69.41304347826087,3.7450772842138105,66,83,11014.978260869566,71404.5243712778,477,484776,46
control_stochy_restart_intel,ursa,intel,95.52,111.64214696785366,40,460,1218.4,21.65593664187113,1186,1289,50
control_stochy_restart_intel,wcoss2,intel,75.61224489795919,6.3797084786147416,69,99,311.7755102040816,39.15421715586247,292,411,49
