test_name,machine,compiler,core_mean,core_std,core_min,core_max,mem_mean,mem_std,mem_min,mem_max,n_hashes
control_debug_p8_intel,acorn,intel,191.3409090909091,8.330228456115597,176,208,1895.8863636363637,2.4798341007048434,1891,1902,44
control_debug_p8_intel,derecho,intel,211.1818181818182,13.681208853281337,186,263,1836.5681818181818,4.3955459870545885,1829,1843,44
control_debug_p8_intel,gaeac6,intel,118.72093023255815,2.6576536500432173,115,131,6338.790697674419,0.4116250914935572,6338,6339,43
control_debug_p8_intel,hera,intel,160.0,,160,160,2038.0,,2038,2038,1
control_debug_p8_intel,hercules,intel,186.82608695652175,31.999516904565972,135,249,43825.391304347824,284113.7033867859,1926,1928888,46
control_debug_p8_intel,orion,intel,210.22222222222223,40.23391202415788,161,322,44345.64444444444,284647.7471237002,1904,1911388,45
control_debug_p8_intel,ursa,intel,148.58,70.62522241250873,120,485,2544.94,9.206053908783518,2528,2563,50
control_debug_p8_intel,wcoss2,intel,199.6875,6.147672972655866,192,218,1808.9583333333333,23.028158834148634,1797,1897,48
