test_name,machine,compiler,core_mean,core_std,core_min,core_max,mem_mean,mem_std,mem_min,mem_max,n_hashes
control_csawmg_debug_gnu,derecho,gnu,182.8409090909091,8.781437032948325,164,204,837.25,6.452419773250377,824,852,44
control_csawmg_debug_gnu,hercules,gnu,132.15217391304347,32.24694120984662,106,216,18522.5,120086.05094195297,803,815280,46
control_csawmg_debug_gnu,ursa,gnu,125.84,46.81154575878189,103,259,743.84,10.983029580926582,731,778,50
