test_name,machine,compiler,core_mean,core_std,core_min,core_max,mem_mean,mem_std,mem_min,mem_max,n_hashes
control_ras_intel,acorn,intel,203.7058823529412,2.6401871591411994,199,208,664.0588235294117,2.1929029913363163,659,667,17
control_ras_intel,derecho,intel,189.22222222222223,3.557189167199548,186,197,621.7777777777778,0.8782037520218913,621,624,18
control_ras_intel,gaeac6,intel,136.77777777777777,8.961063195557278,133,171,6338.777777777777,0.42779263194663164,6338,6339,18
control_ras_intel,hercules,intel,168.05263157894737,1.5082618476808314,166,171,849.8947368421053,10.338142627302837,835,870,19
control_ras_intel,orion,intel,203.61111111111111,1.6499158227686104,202,208,742.6666666666666,2.5205041512504156,739,748,18
control_ras_intel,ursa,intel,289.05263157894734,225.08972869705156,133,693,1639.7894736842106,81.33919305897606,1573,1801,19
control_ras_intel,wcoss2,intel,209.11111111111111,5.486763632907718,204,226,581.0,22.255204282303474,573,670,18
