test_name,machine,compiler,core_mean,core_std,core_min,core_max,mem_mean,mem_std,mem_min,mem_max,n_hashes
control_c48_gnu,derecho,gnu,434.75,3.717494780340718,430,443,1509.840909090909,0.8336856196875098,1508,1511,44
control_c48_gnu,hera,gnu,583.0,0.0,583,583,1533.5,4.949747468305833,1530,1537,2
control_c48_gnu,hercules,gnu,475.10869565217394,16.43198542256948,462,568,35889.086956521736,232589.74635676312,1579,1579096,46
control_c48_gnu,ursa,gnu,527.28,414.63207393385994,345,1790,1508.18,0.8964783708422139,1505,1509,50
