test_name,machine,compiler,core_mean,core_std,core_min,core_max,mem_mean,mem_std,mem_min,mem_max,n_hashes
control_wrtGauss_netcdf_parallel_intel,acorn,intel,161.93333333333334,7.6941536246685205,151,178,1574.6,2.2401298663653173,1570,1579,45
control_wrtGauss_netcdf_parallel_intel,derecho,intel,146.75555555555556,2.861623470844625,141,152,1516.4,1.8997607504869967,1513,1524,45
control_wrtGauss_netcdf_parallel_intel,gaeac6,intel,121.25,73.62637450843151,100,514,6338.659090909091,0.47949497745422454,6338,6339,44
control_wrtGauss_netcdf_parallel_intel,hera,intel,143.2,2.9495762407505213,141,148,1717.6,3.3615472627943452,1714,1723,5
control_wrtGauss_netcdf_parallel_intel,hercules,intel,138.9787234042553,15.965301181410133,121,180,35796.1914893617,234328.0341735416,1607,1608088,47
control_wrtGauss_netcdf_parallel_intel,orion,intel,164.82608695652175,6.498903660793146,159,187,36221.608695652176,234858.28025224805,1583,1594480,46
control_wrtGauss_netcdf_parallel_intel,ursa,intel,214.94,191.4326662675044,98,674,2224.0,9.21400885519828,2208,2250,50
control_wrtGauss_netcdf_parallel_intel,wcoss2,intel,165.0204081632653,9.184429296183769,156,210,1496.1020408163265,35.66934076694308,1465,1583,49
