test_name,machine,compiler,core_mean,core_std,core_min,core_max,mem_mean,mem_std,mem_min,mem_max,n_hashes
control_ras_intel,acorn,intel,203.77272727272728,2.599117399312933,199,208,664.0,2.1380899352993943,659,667,22
control_ras_intel,derecho,intel,188.69565217391303,3.3362306249131946,185,197,621.4347826086956,1.079818459343161,619,624,23
control_ras_intel,gaeac6,intel,136.3913043478261,7.93002998065399,133,171,6338.782608695652,0.4217411678367848,6338,6339,23
control_ras_intel,hera,intel,190.25,3.8622100754188224,188,196,869.0,1.4142135623730816,867,870,4
control_ras_intel,hercules,intel,168.0,1.414213562373096,166,171,849.1666666666666,10.6430898858762,832,870,24
control_ras_intel,orion,intel,203.47826086956522,1.5036188231122256,202,208,742.6086956521739,2.481552491243823,739,748,23
control_ras_intel,ursa,intel,256.7916666666667,209.23233999898122,133,693,1628.4583333333333,75.42861823787682,1573,1801,24
control_ras_intel,wcoss2,intel,209.04347826086956,5.235180476784533,204,226,600.3913043478261,42.410053622005044,573,673,23
