test_name,machine,compiler,core_mean,core_std,core_min,core_max,mem_mean,mem_std,mem_min,mem_max,n_hashes
control_p8_lndp_intel,acorn,intel,301.72727272727275,8.519099298289857,289,326,1857.7954545454545,1.1926040582465736,1855,1860,44
control_p8_lndp_intel,derecho,intel,315.6136363636364,14.522181764925367,288,379,1813.9772727272727,3.3444757392455418,1809,1818,44
control_p8_lndp_intel,gaeac6,intel,196.7674418604651,5.037181795703612,189,215,6338.790697674419,0.6746476870642505,6338,6342,43
control_p8_lndp_intel,hera,intel,284.5,1.2909944487358056,283,286,2014.75,3.304037933599835,2011,2019,4
control_p8_lndp_intel,hercules,intel,299.9782608695652,48.06129841980034,242,419,43373.86956521739,281231.8946597952,1896,1909316,46
control_p8_lndp_intel,orion,intel,368.6222222222222,38.73411046004949,313,450,43865.71111111111,281603.4320753552,1873,1890940,45
control_p8_lndp_intel,ursa,intel,279.32,232.7983659385811,200,1233,2516.58,11.1044944017442,2499,2544,50
control_p8_lndp_intel,wcoss2,intel,316.3958333333333,14.171802364890057,302,368,1779.5625,32.9234484440315,1759,1868,48
