test_name,machine,compiler,core_mean,core_std,core_min,core_max,mem_mean,mem_std,mem_min,mem_max,n_hashes
control_ras_intel,acorn,intel,203.66666666666666,2.6140645235596813,199,208,663.8571428571429,2.0805219125429635,659,667,21
control_ras_intel,derecho,intel,188.8181818181818,3.3613540870758154,185,197,621.5,1.0578504710248655,619,624,22
control_ras_intel,gaeac6,intel,136.36363636363637,8.115508108644327,133,171,6338.772727272727,0.42893202722900003,6338,6339,22
control_ras_intel,hera,intel,191.0,4.358898943540674,188,196,869.6666666666666,0.5773502691896093,869,870,3
control_ras_intel,hercules,intel,168.08695652173913,1.3788349323798665,166,171,848.8695652173913,10.780050378639586,832,870,23
control_ras_intel,orion,intel,203.5,1.5352989471574776,202,208,742.6363636363636,2.536316311681262,739,748,22
control_ras_intel,ursa,intel,262.17391304347825,212.2292183152908,133,693,1630.4347826086957,76.48578363862288,1573,1801,23
control_ras_intel,wcoss2,intel,209.1818181818182,5.315174715010059,204,226,597.2727272727273,40.619232857380226,573,673,22
