test_name,machine,compiler,core_mean,core_std,core_min,core_max,mem_mean,mem_std,mem_min,mem_max,n_hashes
control_p8_ugwpv1_intel,acorn,intel,179.37777777777777,6.763165238289252,168,196,1856.6666666666667,1.3142574813455117,1853,1860,45
control_p8_ugwpv1_intel,derecho,intel,206.9111111111111,13.768908027974781,192,247,1813.5777777777778,3.8758511609996202,1806,1818,45
control_p8_ugwpv1_intel,gaeac6,intel,116.1590909090909,2.3912941112349726,112,123,6338.886363636364,0.4925448434741602,6338,6341,44
control_p8_ugwpv1_intel,hera,intel,163.0,2.549509756796393,160,167,2013.6,4.669047011971493,2009,2021,5
control_p8_ugwpv1_intel,hercules,intel,188.40425531914894,51.94004050427347,140,404,42401.14893617021,277604.9563141353,1898,1905072,47
control_p8_ugwpv1_intel,orion,intel,233.7391304347826,33.13570399474038,180,305,42763.0,277231.65679297486,1879,1882164,46
control_p8_ugwpv1_intel,ursa,intel,213.4,183.1604627151854,120,696,2514.44,10.861202248633164,2500,2548,50
control_p8_ugwpv1_intel,wcoss2,intel,192.69387755102042,9.018970935461208,181,224,1779.6530612244899,34.6978331578551,1757,1866,49
