test_name,machine,compiler,core_mean,core_std,core_min,core_max,mem_mean,mem_std,mem_min,mem_max,n_hashes
control_p8_ugwpv1_tempo_intel,acorn,intel,180.61363636363637,8.929220151606517,168,209,1876.409090909091,1.6040382443128214,1872,1880,44
control_p8_ugwpv1_tempo_intel,derecho,intel,205.95454545454547,11.627862579196421,188,253,1829.0227272727273,1.4861943965561966,1826,1833,44
control_p8_ugwpv1_tempo_intel,gaeac6,intel,116.5813953488372,2.382801054177074,113,127,6338.697674418605,0.46470081111801465,6338,6339,43
control_p8_ugwpv1_tempo_intel,hera,intel,161.66666666666666,0.5773502691896278,161,162,2031.0,2.6457513110645907,2029,2034,3
control_p8_ugwpv1_tempo_intel,hercules,intel,184.7826086956522,48.879403998675144,142,394,43676.608695652176,283160.67789126985,1919,1922416,46
control_p8_ugwpv1_tempo_intel,orion,intel,233.06666666666666,34.626841926721845,176,318,44142.24444444444,283351.7526058023,1896,1902684,45
control_p8_ugwpv1_tempo_intel,ursa,intel,172.1,135.579820604329,119,638,2533.22,9.733782954856043,2516,2557,50
control_p8_ugwpv1_tempo_intel,wcoss2,intel,191.64583333333334,9.762040210837805,178,218,1794.6666666666667,29.472189078485687,1778,1882,48
