test_name,machine,compiler,core_mean,core_std,core_min,core_max,mem_mean,mem_std,mem_min,mem_max,n_hashes
control_wrtGauss_netcdf_parallel_debug_intel,acorn,intel,171.86363636363637,10.244887344519835,160,208,1613.7954545454545,3.1591840678614975,1608,1619,44
control_wrtGauss_netcdf_parallel_debug_intel,derecho,intel,150.5,3.5990954936057222,145,167,1547.340909090909,5.057544131562911,1537,1554,44
control_wrtGauss_netcdf_parallel_debug_intel,gaeac6,intel,102.81395348837209,3.983632070607876,99,118,6338.837209302325,0.37354368381883885,6338,6339,43
control_wrtGauss_netcdf_parallel_debug_intel,hera,intel,135.5,0.7071067811865476,135,136,1746.5,0.7071067811865476,1746,1747,2
control_wrtGauss_netcdf_parallel_debug_intel,hercules,intel,127.21739130434783,22.66167890561633,114,272,37363.15217391304,242271.58642931347,1632,1644808,46
control_wrtGauss_netcdf_parallel_debug_intel,orion,intel,145.7111111111111,7.470007369541881,137,167,37568.15555555555,241142.8322780689,1608,1619256,45
control_wrtGauss_netcdf_parallel_debug_intel,ursa,intel,141.38,91.65505207804189,98,424,2254.72,10.30561566747529,2232,2284,50
control_wrtGauss_netcdf_parallel_debug_intel,wcoss2,intel,169.125,5.726478253821395,163,194,1528.5625,27.67817040595845,1515,1621,48
