test_name,machine,compiler,core_mean,core_std,core_min,core_max,mem_mean,mem_std,mem_min,mem_max,n_hashes
control_restart_p8_atmlnd_intel,acorn,intel,130.14634146341464,17.69683725360235,117,234,1029.658536585366,1.0151294522758494,1028,1033,41
control_restart_p8_atmlnd_intel,gaeac6,intel,87.55813953488372,2.728180324837116,84,96,6338.720930232558,0.7661151658839024,6338,6342,43
control_restart_p8_atmlnd_intel,hercules,intel,101.84782608695652,21.128145936750766,89,168,27396.652173913044,177632.4401724237,1182,1205968,46
control_restart_p8_atmlnd_intel,orion,intel,136.04444444444445,27.9739778069447,118,230,25715.6,165035.90431291555,1087,1108208,45
control_restart_p8_atmlnd_intel,ursa,intel,87.14,4.651135476901294,82,108,1320.32,37.101867492467015,1285,1471,50
