test_name,machine,compiler,core_mean,core_std,core_min,core_max,mem_mean,mem_std,mem_min,mem_max,n_hashes
control_c48_intel,acorn,intel,384.8863636363636,9.17837678583924,367,408,1593.2954545454545,2.6813702281131175,1588,1599,44
control_c48_intel,derecho,intel,333.34090909090907,5.116972132569881,325,344,1555.340909090909,2.0453370884762863,1551,1560,44
control_c48_intel,gaeac6,intel,265.7906976744186,7.529491665428445,256,301,6337.697674418605,0.5133866880557504,6337,6339,43
control_c48_intel,hera,intel,393.3333333333333,1.5275252316519452,392,395,1718.3333333333333,8.736894948054081,1711,1728,3
control_c48_intel,hercules,intel,347.8478260869565,24.51209895478316,331,494,38908.45652173913,252298.38651509504,1698,1712880,46
control_c48_intel,orion,intel,517.0,5.2136185305235,509,532,39653.333333333336,254520.64088515675,1697,1709088,45
control_c48_intel,ursa,intel,282.06,92.24488482029886,251,757,1666.72,1.9695643359559063,1663,1671,50
control_c48_intel,wcoss2,intel,382.7916666666667,5.772120571031502,372,397,1598.625,3.368344501509795,1591,1606,48
