test_name,machine,compiler,core_mean,core_std,core_min,core_max,mem_mean,mem_std,mem_min,mem_max,n_hashes
control_restart_noqr_p8_intel,acorn,intel,109.04545454545455,6.5484049023657525,95,129,1014.0227272727273,2.2463265761418145,1009,1020,44
control_restart_noqr_p8_intel,derecho,intel,145.8181818181818,8.829845602360349,126,168,970.1818181818181,2.9904711246839706,953,973,44
control_restart_noqr_p8_intel,gaeac6,intel,74.81395348837209,13.100810251121128,69,128,6338.697674418605,0.5133866880559335,6338,6340,43
control_restart_noqr_p8_intel,hera,intel,96.33333333333333,0.5773502691896278,96,97,1277.3333333333333,2.3094010767584865,1276,1280,3
control_restart_noqr_p8_intel,hercules,intel,103.65217391304348,24.78190862643719,82,169,27710.695652173912,179680.09429994924,1196,1219868,46
control_restart_noqr_p8_intel,orion,intel,136.6,41.154586621663455,105,290,25874.4,165963.64884631158,1112,1114452,45
control_restart_noqr_p8_intel,ursa,intel,146.84,143.88478383904314,73,629,1869.58,36.1448841893458,1826,1998,50
control_restart_noqr_p8_intel,wcoss2,intel,120.29166666666667,8.896469137841562,111,152,928.3541666666666,30.21799490886279,913,1018,48
