test_name,machine,compiler,core_mean,core_std,core_min,core_max,mem_mean,mem_std,mem_min,mem_max,n_hashes
control_csawmg_debug_gnu,derecho,gnu,182.4318181818182,8.861722566741427,164,204,837.25,6.3433722965803785,824,852,44
control_csawmg_debug_gnu,hera,gnu,137.5,0.7071067811865476,137,138,832.0,1.4142135623730951,831,833,2
control_csawmg_debug_gnu,hercules,gnu,131.6304347826087,32.47793007611454,106,216,18522.804347826088,120086.00505371501,803,815280,46
control_csawmg_debug_gnu,ursa,gnu,125.72,46.86412839915243,103,259,743.06,10.951488576482017,731,778,50
