test_name,machine,compiler,core_mean,core_std,core_min,core_max,mem_mean,mem_std,mem_min,mem_max,n_hashes
control_debug_p8_gnu,derecho,gnu,151.13636363636363,11.864723772185972,108,177,356274.7727272727,2352971.9337830385,1525,15609401,44
control_debug_p8_gnu,hera,gnu,96.0,,96,96,1520.0,,1520,1520,1
control_debug_p8_gnu,hercules,gnu,109.52173913043478,37.0793378404468,77,218,34776.260869565216,225507.91131058737,1507,1530996,46
control_debug_p8_gnu,ursa,gnu,96.32,34.89192643882314,78,208,1453.16,13.401736104409991,1431,1478,50
