test_name,machine,compiler,core_mean,core_std,core_min,core_max,mem_mean,mem_std,mem_min,mem_max,n_hashes
control_p8_ugwpv1_gnu,derecho,gnu,275.04545454545456,13.54227583060929,258,328,1564.7272727272727,9.893299673795289,1543,1585,44
control_p8_ugwpv1_gnu,hera,gnu,264.6666666666667,3.7859388972001744,262,269,1548.6666666666667,11.15048578911852,1536,1557,3
control_p8_ugwpv1_gnu,hercules,gnu,228.30434782608697,33.71571975287056,204,338,35338.760869565216,229209.17946298985,1519,1556116,46
control_p8_ugwpv1_gnu,ursa,gnu,248.86,145.52480818031805,179,815,1469.1,12.889245635848122,1447,1503,50
