test_name,machine,compiler,core_mean,core_std,core_min,core_max,mem_mean,mem_std,mem_min,mem_max,n_hashes
control_csawmg_debug_gnu,derecho,gnu,182.6818181818182,8.860082227747794,164,204,837.1136363636364,6.391185460118003,824,852,44
control_csawmg_debug_gnu,hera,gnu,137.0,,137,137,833.0,,833,833,1
control_csawmg_debug_gnu,hercules,gnu,131.7826086956522,32.381004749683626,106,216,18522.608695652172,120086.03455457874,803,815280,46
control_csawmg_debug_gnu,ursa,gnu,125.8,46.82795258023932,103,259,743.38,10.944927070174037,731,778,50
