test_name,machine,compiler,core_mean,core_std,core_min,core_max,mem_mean,mem_std,mem_min,mem_max,n_hashes
control_debug_p8_intel,acorn,intel,191.5952380952381,8.4190826329804,176,208,1895.7857142857142,2.4942442453377236,1891,1902,42
control_debug_p8_intel,derecho,intel,211.79545454545453,13.503797132580374,186,263,1836.2272727272727,4.360838602750532,1829,1843,44
control_debug_p8_intel,gaeac6,intel,118.72093023255815,2.639675136896572,116,131,6338.767441860465,0.4274625743754325,6338,6339,43
control_debug_p8_intel,hercules,intel,188.95652173913044,32.077653365086235,135,249,43825.717391304344,284113.65424090123,1928,1928888,46
control_debug_p8_intel,orion,intel,211.9111111111111,39.736531292903756,161,322,44345.64444444444,284647.74712298164,1904,1911388,45
control_debug_p8_intel,ursa,intel,148.14,70.7095265353767,120,485,2544.84,9.210375693106311,2528,2563,50
control_debug_p8_intel,wcoss2,intel,200.0,6.361453065643336,192,218,1805.0625,13.942749583831935,1797,1897,48
