test_name,machine,compiler,core_mean,core_std,core_min,core_max,mem_mean,mem_std,mem_min,mem_max,n_hashes
control_p8_gnu,derecho,gnu,277.8636363636364,11.637131647488234,258,304,1554.1136363636363,9.435745762643853,1528,1574,44
control_p8_gnu,hera,gnu,265.0,1.0,264,266,1537.3333333333333,5.77350269189629,1534,1544,3
control_p8_gnu,hercules,gnu,236.2608695652174,38.20089282412632,206,352,34886.52173913043,226223.18169244955,1503,1535852,46
control_p8_gnu,ursa,gnu,260.96,175.86090978906236,181,980,1460.56,14.934086472747927,1426,1494,50
