test_name,machine,compiler,core_mean,core_std,core_min,core_max,mem_mean,mem_std,mem_min,mem_max,n_hashes
control_lndp_intel,acorn,intel,112.0,6.1605503773917,99,127,633.3953488372093,1.8534335560909538,628,637,43
control_lndp_intel,derecho,intel,100.93181818181819,5.6625975109329945,96,135,580.2272727272727,1.2173863800407096,578,582,44
control_lndp_intel,gaeac6,intel,73.37209302325581,6.373394310629121,70,103,6338.790697674419,0.4116250914933198,6338,6339,43
control_lndp_intel,hercules,intel,88.43478260869566,9.002844424373254,78,125,15499.826086956522,100510.53937844955,672,682376,46
control_lndp_intel,orion,intel,107.02222222222223,9.701192262455749,100,160,15188.377777777778,97468.31614014346,646,654496,45
control_lndp_intel,ursa,intel,457.96,509.3880265894096,65,1302,1305.6,11.750814127245015,1287,1336,50
control_lndp_intel,wcoss2,intel,111.9375,8.605802718255394,104,151,544.4375,19.17545666465004,535,635,48
