test_name,machine,compiler,core_mean,core_std,core_min,core_max,mem_mean,mem_std,mem_min,mem_max,n_hashes
control_restart_noqr_p8_intel,acorn,intel,109.25,6.495526188471289,95,129,1014.2045454545455,2.1084497275723004,1011,1020,44
control_restart_noqr_p8_intel,derecho,intel,148.0,12.925547084818518,126,212,970.2727272727273,2.998942731244694,953,973,44
control_restart_noqr_p8_intel,gaeac6,intel,73.4186046511628,10.158816387138655,69,121,6338.697674418605,0.5133866880559482,6338,6340,43
control_restart_noqr_p8_intel,hera,intel,96.0,,96,96,1280.0,,1280,1280,1
control_restart_noqr_p8_intel,hercules,intel,103.58695652173913,24.819863091176277,82,169,27711.847826086956,179679.9207359783,1196,1219868,46
control_restart_noqr_p8_intel,orion,intel,136.84444444444443,41.15047528475966,105,290,25875.466666666667,165963.48627218636,1112,1114452,45
control_restart_noqr_p8_intel,ursa,intel,140.24,139.05740409145088,71,629,1869.8,36.039094418847604,1826,1998,50
control_restart_noqr_p8_intel,wcoss2,intel,120.52083333333333,8.977488591941496,111,152,924.3125,23.939779278742133,913,1016,48
