test_name,machine,compiler,core_mean,core_std,core_min,core_max,mem_mean,mem_std,mem_min,mem_max,n_hashes
control_iovr5_intel,acorn,intel,158.0,2.6457513110645907,155,160,633.6666666666666,0.5773502691896093,633,634,3
control_iovr5_intel,derecho,intel,147.33333333333334,4.163331998932262,144,152,577.0,0.0,577,577,3
control_iovr5_intel,gaeac6,intel,107.0,2.6457513110645907,105,110,6339.0,0.0,6339,6339,3
control_iovr5_intel,hera,intel,144.66666666666666,1.1547005383792495,144,146,781.0,2.0,779,783,3
control_iovr5_intel,hercules,intel,125.66666666666667,0.5773502691896247,125,126,674.3333333333334,3.2145502536643242,672,678,3
control_iovr5_intel,orion,intel,161.33333333333334,2.0816659994661317,159,163,649.0,2.0,647,651,3
control_iovr5_intel,ursa,intel,260.6666666666667,275.68520695411524,101,579,1301.3333333333333,17.243356208503393,1286,1320,3
control_iovr5_intel,wcoss2,intel,162.33333333333334,1.5275252316519499,161,164,634.6666666666666,0.577350269189634,634,635,3
