test_name,machine,compiler,core_mean,core_std,core_min,core_max,mem_mean,mem_std,mem_min,mem_max,n_hashes
control_debug_p8_intel,acorn,intel,190.9090909090909,8.304714776946108,176,208,1896.0,2.551789158017663,1891,1902,44
control_debug_p8_intel,derecho,intel,209.75,11.200342602733393,186,244,1836.659090909091,4.3719144963775545,1829,1843,44
control_debug_p8_intel,gaeac6,intel,118.69767441860465,2.6951003490543477,115,131,6338.813953488372,0.3937496154793444,6338,6339,43
control_debug_p8_intel,hera,intel,159.5,1.7320508075688787,157,161,2037.75,9.673847907287621,2024,2045,4
control_debug_p8_intel,hercules,intel,182.1304347826087,33.222889496150536,135,249,43825.36956521739,284113.70666308614,1926,1928888,46
control_debug_p8_intel,orion,intel,207.13333333333333,39.81753839247679,161,322,44344.77777777778,284647.8792666388,1893,1911388,45
control_debug_p8_intel,ursa,intel,148.28,70.71877042056032,120,485,2544.48,9.392224313282805,2528,2563,50
control_debug_p8_intel,wcoss2,intel,199.77083333333334,6.543600360180843,192,218,1814.8541666666667,31.28114759780169,1797,1897,48
