test_name,machine,compiler,core_mean,core_std,core_min,core_max,mem_mean,mem_std,mem_min,mem_max,n_hashes
control_diag_debug_intel,acorn,intel,199.6904761904762,9.979217661398419,186,220,1673.0,3.0523881094532883,1667,1678,42
control_diag_debug_intel,derecho,intel,176.70454545454547,5.169587026169657,171,192,1604.0681818181818,4.374331721838763,1579,1608,44
control_diag_debug_intel,gaeac6,intel,118.67441860465117,2.3976271030666756,115,127,6338.767441860465,0.42746257437539753,6338,6339,43
control_diag_debug_intel,hercules,intel,148.3695652173913,8.081140446612368,134,175,38568.86956521739,250026.69587773652,1693,1697468,46
control_diag_debug_intel,orion,intel,170.9777777777778,4.594902753392203,164,185,39002.64444444444,250341.83976725212,1671,1681028,45
control_diag_debug_intel,ursa,intel,160.56,92.05946614076385,118,460,2320.86,7.472425500273838,2307,2338,50
control_diag_debug_intel,wcoss2,intel,198.35416666666666,5.923230800886234,190,221,1581.2916666666667,13.737599179102332,1574,1672,48
