test_name,machine,compiler,core_mean,core_std,core_min,core_max,mem_mean,mem_std,mem_min,mem_max,n_hashes
control_restart_p8_atmlnd_intel,acorn,intel,130.29545454545453,17.129573971344012,117,234,1029.7727272727273,1.008421201303772,1028,1033,44
control_restart_p8_atmlnd_intel,gaeac6,intel,87.83720930232558,3.272760830728315,84,100,6338.674418604651,0.7783049418465599,6338,6342,43
control_restart_p8_atmlnd_intel,hera,intel,104.25,2.0615528128088285,102,106,1123.5,0.999999999999981,1123,1125,4
control_restart_p8_atmlnd_intel,hercules,intel,101.82608695652173,18.709836210252952,89,165,27393.717391304348,177632.8822824902,1182,1205968,46
control_restart_p8_atmlnd_intel,orion,intel,133.44444444444446,26.760346814198083,118,230,25713.133333333335,165036.28032422008,1087,1108208,45
control_restart_p8_atmlnd_intel,ursa,intel,86.86,4.759566092382279,82,108,1320.46,37.23078055061648,1285,1471,50
