test_name,machine,compiler,core_mean,core_std,core_min,core_max,mem_mean,mem_std,mem_min,mem_max,n_hashes
control_wrtGauss_netcdf_parallel_debug_intel,acorn,intel,172.3658536585366,10.396528501285843,160,208,1613.9756097560976,3.3202997219984436,1608,1619,41
control_wrtGauss_netcdf_parallel_debug_intel,derecho,intel,151.04545454545453,4.605126291501306,145,170,1546.5227272727273,5.213973338098563,1537,1554,44
control_wrtGauss_netcdf_parallel_debug_intel,gaeac6,intel,102.90697674418605,3.9449422319892107,99,118,6338.837209302325,0.3735436838187417,6338,6339,43
control_wrtGauss_netcdf_parallel_debug_intel,hercules,intel,128.80434782608697,22.921721445163357,114,272,37363.69565217391,242271.50451112297,1633,1644808,46
control_wrtGauss_netcdf_parallel_debug_intel,orion,intel,145.7111111111111,7.433408071373156,137,167,37568.0,241142.85600175228,1608,1619256,45
control_wrtGauss_netcdf_parallel_debug_intel,ursa,intel,141.9,91.44625944972786,98,424,2254.12,10.626574313138441,2232,2284,50
control_wrtGauss_netcdf_parallel_debug_intel,wcoss2,intel,170.20833333333334,7.6796451971826185,163,205,1520.6041666666667,3.343711680366382,1515,1527,48
