test_name,machine,compiler,core_mean,core_std,core_min,core_max,mem_mean,mem_std,mem_min,mem_max,n_hashes
control_stochy_debug_gnu,derecho,gnu,109.93181818181819,2.7483418025871127,106,119,595.8863636363636,2.364622090765303,585,599,44
control_stochy_debug_gnu,hera,gnu,101.0,3.0,98,104,585.6666666666666,2.3094010767584865,583,587,3
control_stochy_debug_gnu,hercules,gnu,81.43478260869566,5.256328139228597,74,97,12954.08695652174,83981.2083305482,563,570160,46
control_stochy_debug_gnu,ursa,gnu,95.48,103.96334518885557,70,774,498.2,9.555423718966054,482,513,50
