test_name,machine,compiler,core_mean,core_std,core_min,core_max,mem_mean,mem_std,mem_min,mem_max,n_hashes
control_wam_intel,acorn,intel,523.6666666666666,257.49783759021426,219,772,1654.6,5.276017782036115,1645,1662,45
control_wam_intel,derecho,intel,472.1111111111111,229.98243235499353,203,698,1598.1555555555556,4.226300529022745,1593,1606,45
control_wam_intel,gaeac6,intel,333.90909090909093,159.59918082523035,139,479,6338.795454545455,0.4080324573584701,6338,6339,44
control_wam_intel,hera,intel,648.6,4.393176527297766,643,653,1790.2,4.207136793592504,1783,1794,5
control_wam_intel,hercules,intel,455.7659574468085,245.33253499883517,171,854,37316.27659574468,244290.18184427463,1674,1676452,47
control_wam_intel,orion,intel,525.0869565217391,267.34163129989116,217,794,37861.413043478264,245453.81637055485,1660,1666420,46
control_wam_intel,ursa,intel,376.74,186.77125702039814,143,752,2380.18,101.17406499973912,2260,2657,50
control_wam_intel,wcoss2,intel,515.9795918367347,266.2399833636875,228,801,1578.2244897959183,33.550500062171395,1555,1661,49
