test_name,machine,compiler,core_mean,core_std,core_min,core_max,mem_mean,mem_std,mem_min,mem_max,n_hashes
control_wrtGauss_netcdf_parallel_debug_intel,acorn,intel,171.33333333333334,10.233634385069308,160,208,1613.3555555555556,3.127266854586843,1608,1619,45
control_wrtGauss_netcdf_parallel_debug_intel,derecho,intel,150.37777777777777,3.556612847850457,145,167,1547.6888888888889,4.999191853881723,1537,1554,45
control_wrtGauss_netcdf_parallel_debug_intel,gaeac6,intel,102.79545454545455,3.9507405573353216,99,118,6338.818181818182,0.3901536532574924,6338,6339,44
control_wrtGauss_netcdf_parallel_debug_intel,hera,intel,138.8,5.26307894677631,135,148,1745.6,1.673320053068129,1743,1747,5
control_wrtGauss_netcdf_parallel_debug_intel,hercules,intel,127.25531914893617,22.53158950095194,114,272,36602.70212765958,239680.43587832196,1632,1644808,47
control_wrtGauss_netcdf_parallel_debug_intel,orion,intel,145.58695652173913,7.41942222056116,137,167,36786.413043478264,238507.35398311223,1608,1619256,46
control_wrtGauss_netcdf_parallel_debug_intel,ursa,intel,141.34,91.65031369286196,98,424,2254.68,10.35185086477441,2232,2284,50
control_wrtGauss_netcdf_parallel_debug_intel,wcoss2,intel,169.55102040816325,5.863237247494606,163,194,1534.4489795918366,34.67471534639827,1515,1621,49
