test_name,machine,compiler,core_mean,core_std,core_min,core_max,mem_mean,mem_std,mem_min,mem_max,n_hashes
control_csawmg_debug_gnu,derecho,gnu,181.66666666666666,8.336666000266536,164,204,837.4666666666667,5.956661664205733,829,852,45
control_csawmg_debug_gnu,hera,gnu,139.4,2.509980079602224,137,143,833.0,2.5495097567963825,830,836,5
control_csawmg_debug_gnu,hercules,gnu,128.95744680851064,31.61862236556207,106,216,18146.55319148936,118801.55632357989,803,815280,47
control_csawmg_debug_gnu,ursa,gnu,125.68,46.87736497435384,103,259,742.04,10.758878630589537,731,778,50
