test_name,machine,compiler,core_mean,core_std,core_min,core_max,mem_mean,mem_std,mem_min,mem_max,n_hashes
control_CubedSphereGrid_parallel_intel,acorn,intel,164.22727272727272,10.425513508882409,147,190,1576.7045454545455,3.0695772412087345,1571,1582,44
control_CubedSphereGrid_parallel_intel,derecho,intel,149.29545454545453,3.6889498439764976,143,164,1520.5681818181818,1.4042746579677097,1518,1522,44
control_CubedSphereGrid_parallel_intel,gaeac6,intel,106.13953488372093,12.483477452309733,100,182,6338.813953488372,0.500276778321733,6338,6340,43
control_CubedSphereGrid_parallel_intel,hera,intel,143.0,1.4142135623730951,142,144,1729.0,1.4142135623730951,1728,1730,2
control_CubedSphereGrid_parallel_intel,hercules,intel,140.58695652173913,16.20229899593336,122,193,36842.086956521736,238887.21359083304,1610,1621832,46
control_CubedSphereGrid_parallel_intel,orion,intel,166.77777777777777,5.9424852808510344,160,187,37004.97777777778,237511.73907356552,1587,1594876,45
control_CubedSphereGrid_parallel_intel,ursa,intel,216.08,198.67138696853152,98,713,2228.56,9.594130858956222,2212,2249,50
control_CubedSphereGrid_parallel_intel,wcoss2,intel,168.39583333333334,12.640259193634817,159,218,1490.4791666666667,27.764963060642806,1473,1582,48
