test_name,machine,compiler,core_mean,core_std,core_min,core_max,mem_mean,mem_std,mem_min,mem_max,n_hashes
control_noqr_p8_intel,acorn,intel,181.25581395348837,9.815180233300953,165,215,1852.906976744186,1.2689319372415049,1850,1855,43
control_noqr_p8_intel,derecho,intel,212.3181818181818,16.504788209081592,194,272,1803.409090909091,3.149885061160191,1798,1812,44
control_noqr_p8_intel,gaeac6,intel,116.93023255813954,4.295043371571077,113,142,6338.790697674419,0.4116250914931859,6338,6339,43
control_noqr_p8_intel,hercules,intel,182.7608695652174,40.991156109910506,138,311,43213.086956521736,280181.20364346966,1892,1902184,46
control_noqr_p8_intel,orion,intel,234.48888888888888,35.66423101284219,178,324,43632.37777777778,280084.53207082197,1869,1880744,45
control_noqr_p8_intel,ursa,intel,228.86,208.84111820487178,117,774,2509.88,10.86586116124753,2492,2536,50
control_noqr_p8_intel,wcoss2,intel,194.0,13.324110285254203,179,254,1761.0833333333333,19.708334270463116,1748,1853,48
