test_name,machine,compiler,core_mean,core_std,core_min,core_max,mem_mean,mem_std,mem_min,mem_max,n_hashes
control_lndp_debug_intel,acorn,intel,198.4090909090909,11.19243553065295,182,232,817.0681818181819,2.415047086764493,813,822,44
control_lndp_debug_intel,derecho,intel,174.1590909090909,2.995680470263049,170,183,749.0,1.880128644782148,745,752,44
control_lndp_debug_intel,gaeac6,intel,119.4186046511628,2.451749211710018,115,129,6338.697674418605,0.46470081111802425,6338,6339,43
control_lndp_debug_intel,hera,intel,164.33333333333334,3.2145502536643145,162,168,949.3333333333334,3.055050463303909,946,952,3
control_lndp_debug_intel,hercules,intel,146.82608695652175,7.137706907920881,136,170,19204.130434782608,124491.60658607715,842,845192,46
control_lndp_debug_intel,orion,intel,169.7111111111111,7.127482732424537,161,191,19094.955555555556,122562.70416309644,817,823000,45
control_lndp_debug_intel,ursa,intel,163.64,105.54905233577226,115,522,1473.7,7.578837345543428,1440,1491,50
control_lndp_debug_intel,wcoss2,intel,195.95833333333334,3.9462254161997636,191,211,735.2916666666666,29.943179050181122,722,825,48
