test_name,machine,compiler,core_mean,core_std,core_min,core_max,mem_mean,mem_std,mem_min,mem_max,n_hashes
control_diag_debug_gnu,derecho,gnu,110.0,9.245992217875987,104,166,1385.1363636363637,1.6648333821361672,1382,1388,44
control_diag_debug_gnu,hera,gnu,92.0,,92,92,1366.0,,1366,1366,1
control_diag_debug_gnu,hercules,gnu,77.17391304347827,4.990232004520151,71,90,30916.5,200444.00067868773,1355,1360840,46
control_diag_debug_gnu,ursa,gnu,109.08,128.35789251708897,75,962,1288.16,10.254635586914317,1279,1302,50
