test_name,machine,compiler,core_mean,core_std,core_min,core_max,mem_mean,mem_std,mem_min,mem_max,n_hashes
control_restart_p8_intel,acorn,intel,111.0909090909091,6.74732740137239,99,128,1013.6590909090909,2.1881624638694985,1010,1018,44
control_restart_p8_intel,derecho,intel,149.11363636363637,9.48245849068079,136,176,970.7045454545455,0.8512520315051629,969,972,44
control_restart_p8_intel,gaeac6,intel,74.48837209302326,8.07221009750429,70,123,6338.7441860465115,0.4414814484487059,6338,6339,43
control_restart_p8_intel,hera,intel,99.5,0.9999999999999988,99,101,1269.0,9.763879010584551,1261,1283,4
control_restart_p8_intel,hercules,intel,108.80434782608695,28.558415428511434,86,193,27685.347826086956,179524.75607363615,1188,1218812,46
control_restart_p8_intel,orion,intel,136.93333333333334,34.19556058374191,107,212,25893.51111111111,166096.7287357283,1112,1115344,45
control_restart_p8_intel,ursa,intel,166.38,159.8411060512078,74,560,1871.04,35.929045722515546,1834,1966,50
control_restart_p8_intel,wcoss2,intel,124.6875,8.52070382169344,115,163,930.6666666666666,32.737078551036525,914,1017,48
