test_name,machine,compiler,core_mean,core_std,core_min,core_max,mem_mean,mem_std,mem_min,mem_max,n_hashes
control_p8_intel,acorn,intel,180.41463414634146,6.599149982217779,170,197,1852.439024390244,1.0965578071356485,1850,1854,41
control_p8_intel,derecho,intel,211.5681818181818,11.92885445926638,198,270,1803.3181818181818,3.254854887436066,1797,1812,44
control_p8_intel,gaeac6,intel,117.62790697674419,2.1494545909973723,114,124,6338.7441860465115,0.4414814484490649,6338,6339,43
control_p8_intel,hercules,intel,187.65217391304347,50.46284326833593,141,403,43161.36956521739,279829.6856197719,1895,1899800,46
control_p8_intel,orion,intel,244.62222222222223,33.453012426447344,182,325,43725.51111111111,280714.9304402488,1869,1884972,45
control_p8_intel,ursa,intel,230.76,223.56924325723395,121,881,2510.08,10.173675514256722,2489,2532,50
control_p8_intel,wcoss2,intel,196.6875,11.756675333342201,185,236,1756.5416666666667,4.227359385702416,1749,1764,48
