test_name,machine,compiler,core_mean,core_std,core_min,core_max,mem_mean,mem_std,mem_min,mem_max,n_hashes
control_csawmg_gnu,derecho,gnu,503.45454545454544,78.06480746728876,470,1003,854.0454545454545,5.175768880998591,849,878,44
control_csawmg_gnu,hercules,gnu,444.5869565217391,44.0800161761195,405,588,18900.630434782608,122543.04330558186,823,831960,46
control_csawmg_gnu,ursa,gnu,441.66,219.15883812096337,339,1162,761.36,10.777451896796176,750,795,50
