test_name,machine,compiler,core_mean,core_std,core_min,core_max,mem_mean,mem_std,mem_min,mem_max,n_hashes
control_iovr4_gfdlmpv3_intel,acorn,intel,181.27272727272728,6.086063517019225,171,199,913.0454545454545,1.3632134650795562,910,916,44
control_iovr4_gfdlmpv3_intel,derecho,intel,210.1818181818182,7.607440443783194,196,229,873.8181818181819,1.5291390992248142,870,876,44
control_iovr4_gfdlmpv3_intel,gaeac6,intel,121.46511627906976,2.3739542781462055,118,130,6338.767441860465,0.42746257437529156,6338,6339,43
control_iovr4_gfdlmpv3_intel,hera,intel,170.5,0.7071067811865476,170,171,1079.5,0.7071067811865476,1079,1080,2
control_iovr4_gfdlmpv3_intel,hercules,intel,188.15217391304347,39.24055011014575,143,312,22161.869565217392,143700.71159022895,966,975600,46
control_iovr4_gfdlmpv3_intel,orion,intel,240.93333333333334,32.26763083958906,187,296,22122.444444444445,142021.45218713768,939,953660,45
control_iovr4_gfdlmpv3_intel,ursa,intel,250.28,211.49564959099834,123,705,1599.66,19.37451513547349,1580,1676,50
control_iovr4_gfdlmpv3_intel,wcoss2,intel,193.5625,9.723641402666987,184,222,833.1458333333334,25.03528538252356,821,916,48
