test_name,machine,compiler,core_mean,core_std,core_min,core_max,mem_mean,mem_std,mem_min,mem_max,n_hashes
control_gfs_mpas_gnu,derecho,gnu,103.6842105263158,67.21249291176413,39,216,4959.973684210527,2502.7278791603776,1108,7007,38
control_gfs_mpas_gnu,hera,gnu,46.0,,46,46,6374.0,,6374,6374,1
control_gfs_mpas_gnu,hercules,gnu,159.47826086956522,147.25801078084146,36,381,145512.15217391305,956872.834068119,1176,6494232,46
control_gfs_mpas_gnu,ursa,gnu,141.63636363636363,74.40657002132045,94,333,1110.2272727272727,3.161250779914168,1107,1117,22
