test_name,machine,compiler,core_mean,core_std,core_min,core_max,mem_mean,mem_std,mem_min,mem_max,n_hashes
control_stochy_gnu,derecho,gnu,160.63636363636363,3.858490541655151,155,180,603.6590909090909,8.008551190920196,577,612,44
control_stochy_gnu,hercules,gnu,146.32608695652175,12.291016317847928,135,202,13350.978260869566,86585.48874224162,574,587836,46
control_stochy_gnu,ursa,gnu,198.16,155.02460107600828,117,643,516.24,9.599234663370227,506,529,50
