test_name,machine,compiler,core_mean,core_std,core_min,core_max,mem_mean,mem_std,mem_min,mem_max,n_hashes
control_stochy_restart_intel,acorn,intel,73.48780487804878,6.083263726074645,66,94,398.7317073170732,1.688555451323739,394,402,41
control_stochy_restart_intel,derecho,intel,72.36363636363636,2.9890568559245008,69,83,391.1363636363636,2.78359738042723,385,396,44
control_stochy_restart_intel,gaeac6,intel,46.16279069767442,1.2711118597162903,44,49,6338.813953488372,0.6638923447399054,6338,6342,43
control_stochy_restart_intel,hercules,intel,56.34782608695652,8.6209496545833,51,106,12723.173913043478,82511.84164774422,535,560180,46
control_stochy_restart_intel,orion,intel,69.53333333333333,3.7148351242013424,66,83,11250.777777777777,72193.26763653521,477,484776,45
control_stochy_restart_intel,ursa,intel,90.5,107.45957949149901,40,460,1218.66,20.964119006394853,1186,1289,50
control_stochy_restart_intel,wcoss2,intel,75.16666666666667,6.148285813112165,69,99,295.8958333333333,2.136208446014278,292,301,48
