test_name,machine,compiler,core_mean,core_std,core_min,core_max,mem_mean,mem_std,mem_min,mem_max,n_hashes
control_decomp_p8_intel,acorn,intel,181.58139534883722,7.480872619521181,170,205,1846.6511627906978,2.0340403251402424,1843,1850,43
control_decomp_p8_intel,derecho,intel,215.72727272727272,19.790018198475284,195,313,1805.0227272727273,2.960897384111574,1798,1810,44
control_decomp_p8_intel,gaeac6,intel,121.0,6.047431568147635,115,156,6338.441860465116,0.5896861789038689,6337,6339,43
control_decomp_p8_intel,hercules,intel,185.7391304347826,36.605667310227425,143,305,43015.108695652176,278875.07433291327,1889,1893320,46
control_decomp_p8_intel,orion,intel,242.6888888888889,36.45721167105737,184,325,43356.066666666666,278256.28899716306,1864,1868476,45
control_decomp_p8_intel,ursa,intel,245.78,209.16122967701259,121,709,2505.48,7.786015721556686,2491,2527,50
control_decomp_p8_intel,wcoss2,intel,195.66666666666666,12.939027773225934,184,250,1762.125,18.49741212492027,1748,1849,48
