test_name,machine,compiler,core_mean,core_std,core_min,core_max,mem_mean,mem_std,mem_min,mem_max,n_hashes
control_2threads_p8_intel,acorn,intel,166.5581395348837,6.287941314935009,155,184,1928.6046511627908,3.842987025762288,1924,1941,43
control_2threads_p8_intel,derecho,intel,315.52272727272725,17.933324360574225,296,414,1888.590909090909,4.632133376690543,1881,1898,44
control_2threads_p8_intel,gaeac6,intel,131.72093023255815,4.393315167579408,126,150,6338.488372093023,0.6314040674128069,6337,6339,43
control_2threads_p8_intel,hercules,intel,243.91304347826087,36.53359250939485,208,315,45197.67391304348,293073.5708753808,1975,1989708,46
control_2threads_p8_intel,orion,intel,263.15555555555557,39.14771301549347,205,387,45407.02222222222,291431.36076398764,1952,1956944,45
control_2threads_p8_intel,ursa,intel,103.94,2.216910886244862,100,110,2010.96,2.23113405775486,2005,2016,50
control_2threads_p8_intel,wcoss2,intel,178.20833333333334,10.712804693317398,166,222,1838.4583333333333,19.476071880297738,1824,1925,48
