test_name,machine,compiler,core_mean,core_std,core_min,core_max,mem_mean,mem_std,mem_min,mem_max,n_hashes
control_stochy_gnu,derecho,gnu,160.8181818181818,3.8232625010872425,155,180,603.7045454545455,8.027799216080323,577,612,44
control_stochy_gnu,hercules,gnu,146.80434782608697,12.466166772896218,135,202,13350.847826086956,86585.50840513861,574,587836,46
control_stochy_gnu,ursa,gnu,214.94,230.07305051098135,117,1470,515.86,10.321386554536426,488,529,50
