test_name,machine,compiler,core_mean,core_std,core_min,core_max,mem_mean,mem_std,mem_min,mem_max,n_hashes
control_p8_ugwpv1_tempo_intel,acorn,intel,180.71428571428572,9.083046964553166,168,209,1876.5714285714287,1.4674161320258603,1874,1880,42
control_p8_ugwpv1_tempo_intel,derecho,intel,209.3409090909091,17.019746646131967,188,291,1855.7954545454545,123.33723471535444,1827,2415,44
control_p8_ugwpv1_tempo_intel,gaeac6,intel,116.67441860465117,2.347449783757828,114,127,6338.720930232558,0.45385026875074846,6338,6339,43
control_p8_ugwpv1_tempo_intel,hercules,intel,187.2173913043478,48.903039234558946,142,394,43702.19565217391,283156.8474975286,1919,1922416,46
control_p8_ugwpv1_tempo_intel,orion,intel,236.66666666666666,35.03115496499959,176,318,44168.73333333333,283347.7409362919,1896,1902684,45
control_p8_ugwpv1_tempo_intel,ursa,intel,183.0,150.23573313364594,119,638,2556.52,115.07588268403698,2507,3115,50
control_p8_ugwpv1_tempo_intel,wcoss2,intel,192.625,10.340223052040878,178,218,1811.2291666666667,119.29406533781425,1778,2375,48
