test_name,machine,compiler,core_mean,core_std,core_min,core_max,mem_mean,mem_std,mem_min,mem_max,n_hashes
control_stochy_debug_intel,acorn,intel,215.9318181818182,10.987091214762994,202,245,815.3181818181819,2.6305249920149314,810,821,44
control_stochy_debug_intel,derecho,intel,190.5909090909091,3.5326923774090178,183,204,747.0909090909091,1.5068553705721666,744,750,44
control_stochy_debug_intel,gaeac6,intel,132.34883720930233,2.84423996819497,129,142,6338.813953488372,0.3937496154794187,6338,6339,43
control_stochy_debug_intel,hera,intel,180.5,3.5355339059327378,178,183,953.0,2.8284271247461903,951,955,2
control_stochy_debug_intel,hercules,intel,163.67391304347825,7.685641295663224,151,185,19350.260869565216,125469.74964356676,845,851828,46
control_stochy_debug_intel,orion,intel,187.64444444444445,6.179715922992634,179,206,19120.533333333333,122732.60804333206,818,824140,45
control_stochy_debug_intel,ursa,intel,171.28,96.29843917611075,129,472,1479.82,6.742160981011734,1468,1497,50
control_stochy_debug_intel,wcoss2,intel,215.8125,5.844277979903334,209,240,731.7291666666666,27.217594108921848,719,822,48
