test_name,machine,compiler,core_mean,core_std,core_min,core_max,mem_mean,mem_std,mem_min,mem_max,n_hashes
control_p8.v2.sfc_intel,acorn,intel,189.1590909090909,6.408363655078361,179,212,1853.1363636363637,3.2891004572955773,1848,1858,44
control_p8.v2.sfc_intel,derecho,intel,222.1590909090909,42.32374845019359,195,489,1807.3863636363637,3.597259351428073,1798,1812,44
control_p8.v2.sfc_intel,gaeac6,intel,123.02325581395348,1.9698727550520487,119,130,6338.906976744186,0.6099942813305202,6338,6342,43
control_p8.v2.sfc_intel,hera,intel,174.0,,174,174,2012.0,,2012,2012,1
control_p8.v2.sfc_intel,hercules,intel,189.65217391304347,39.393297450936636,147,334,43165.565217391304,279822.42165707337,1898,1899756,46
control_p8.v2.sfc_intel,orion,intel,251.17777777777778,37.42039361879907,193,363,43666.955555555556,280275.0179528181,1878,1882028,45
control_p8.v2.sfc_intel,ursa,intel,172.22,128.30230404980963,127,657,2519.72,9.76256908308672,2504,2549,50
control_p8.v2.sfc_intel,wcoss2,intel,202.97916666666666,7.051450984932658,192,227,1766.1666666666667,23.495887673987866,1749,1858,48
