test_name,machine,compiler,core_mean,core_std,core_min,core_max,mem_mean,mem_std,mem_min,mem_max,n_hashes
control_p8_ugwpv1_tempo_intel,acorn,intel,180.29545454545453,9.079953758345884,168,209,1876.4772727272727,1.591965822404547,1872,1880,44
control_p8_ugwpv1_tempo_intel,derecho,intel,208.47727272727272,16.96849150681678,188,291,1829.1818181818182,1.434990110536004,1827,1833,44
control_p8_ugwpv1_tempo_intel,gaeac6,intel,116.6046511627907,2.351691740446,114,127,6338.697674418605,0.46470081111809625,6338,6339,43
control_p8_ugwpv1_tempo_intel,hera,intel,161.0,,161,161,2030.0,,2030,2030,1
control_p8_ugwpv1_tempo_intel,hercules,intel,184.43478260869566,49.06986048206647,142,394,43676.65217391304,283160.67133831495,1919,1922416,46
control_p8_ugwpv1_tempo_intel,orion,intel,234.53333333333333,35.57041671747107,176,318,44142.6,283351.69840319065,1896,1902684,45
control_p8_ugwpv1_tempo_intel,ursa,intel,172.4,135.47603146697503,119,638,2533.08,10.185704267676979,2507,2557,50
control_p8_ugwpv1_tempo_intel,wcoss2,intel,191.83333333333334,9.665321500928568,178,218,1790.625,23.232062401006484,1778,1879,48
