test_name,machine,compiler,core_mean,core_std,core_min,core_max,mem_mean,mem_std,mem_min,mem_max,n_hashes
control_csawmg_debug_intel,acorn,intel,296.75555555555553,12.18634771812588,281,332,1107.7555555555555,1.90877823317282,1105,1111,45
control_csawmg_debug_intel,derecho,intel,302.9555555555556,9.591557735737188,286,330,1049.4,2.260329823076887,1045,1054,45
control_csawmg_debug_intel,gaeac6,intel,179.29545454545453,3.420727145971765,174,193,6338.636363636364,0.6134503672389429,6338,6341,44
control_csawmg_debug_intel,hera,intel,258.4,3.2093613071762475,255,263,1260.2,4.207136793592528,1256,1267,5
control_csawmg_debug_intel,hercules,intel,277.21276595744683,31.169198961832414,214,320,25683.468085106382,168151.998512455,1147,1153948,47
control_csawmg_debug_intel,orion,intel,307.30434782608694,28.081523831094508,255,355,25826.32608695652,167470.7500428464,1123,1136976,46
control_csawmg_debug_intel,ursa,intel,220.68,101.04948070633718,180,548,1789.0,9.484681527255885,1759,1813,50
control_csawmg_debug_intel,wcoss2,intel,301.14285714285717,7.112196097783952,293,332,1029.204081632653,32.650918562778585,1013,1110,49
