test_name,machine,compiler,core_mean,core_std,core_min,core_max,mem_mean,mem_std,mem_min,mem_max,n_hashes
control_latlon_intel,acorn,intel,160.0,8.264381404557751,146,176,1575.780487804878,1.6957622935119356,1573,1578,41
control_latlon_intel,derecho,intel,146.3409090909091,4.97408718664846,140,169,1517.2272727272727,2.7775146692399555,1513,1525,44
control_latlon_intel,gaeac6,intel,103.97674418604652,12.909000868889931,98,183,6338.697674418605,0.4647008111180669,6338,6339,43
control_latlon_intel,hercules,intel,136.45652173913044,14.672281533920618,119,169,36783.86956521739,238519.19192249587,1607,1619332,46
control_latlon_intel,orion,intel,163.77777777777777,5.64434104733102,157,181,36893.24444444444,236790.26161200088,1582,1590032,45
control_latlon_intel,ursa,intel,195.76,192.42592637910607,96,703,2222.0,9.975480142912076,2205,2247,50
control_latlon_intel,wcoss2,intel,164.27083333333334,15.045660409670312,153,224,1482.3958333333333,3.369068204619126,1477,1489,48
