test_name,machine,compiler,core_mean,core_std,core_min,core_max,mem_mean,mem_std,mem_min,mem_max,n_hashes
control_ras_gnu,derecho,gnu,239.58333333333334,3.0491148632472695,236,248,614.875,1.9629724576685548,612,618,24
control_ras_gnu,hera,gnu,287.2,2.4899799195977512,284,291,605.2,1.4832396974191335,603,607,5
control_ras_gnu,hercules,gnu,233.32,23.419578703867987,221,305,593.44,4.882622246293487,589,613,25
control_ras_gnu,ursa,gnu,249.84,173.11019611796414,187,842,514.8,5.099019513592785,511,539,25
