test_name,machine,compiler,core_mean,core_std,core_min,core_max,mem_mean,mem_std,mem_min,mem_max,n_hashes
control_restart_noqr_p8_intel,acorn,intel,109.25,6.717298044843318,95,129,1013.9545454545455,2.2920950653459635,1009,1020,44
control_restart_noqr_p8_intel,derecho,intel,145.4318181818182,8.700167673531853,126,168,970.1136363636364,2.9822413070592964,953,973,44
control_restart_noqr_p8_intel,gaeac6,intel,74.88372093023256,13.082538894276821,69,128,6338.674418604651,0.5219437222245223,6338,6340,43
control_restart_noqr_p8_intel,hera,intel,96.0,0.816496580927726,95,97,1278.0,2.309401076758503,1276,1280,4
control_restart_noqr_p8_intel,hercules,intel,103.56521739130434,24.837831515575893,82,169,27710.0,179680.19912364057,1196,1219868,46
control_restart_noqr_p8_intel,orion,intel,136.6,41.15458662166345,105,290,25873.933333333334,165963.71998030168,1112,1114452,45
control_restart_noqr_p8_intel,ursa,intel,146.76,143.92608080085373,72,629,1869.02,36.40166513347708,1826,1998,50
control_restart_noqr_p8_intel,wcoss2,intel,120.72916666666667,9.240842697441899,111,152,930.4791666666666,32.80632371794378,913,1018,48
