test_name,machine,compiler,core_mean,core_std,core_min,core_max,mem_mean,mem_std,mem_min,mem_max,n_hashes
control_p8_ugwpv1_tempo_aerosol_hail_intel,acorn,intel,146.88888888888889,8.172076130508586,136,170,2430.2,1.358475080910343,2426,2433,45
control_p8_ugwpv1_tempo_aerosol_hail_intel,derecho,intel,187.06666666666666,18.4210847573199,155,242,2392.3333333333335,5.791843794980616,2366,2398,45
control_p8_ugwpv1_tempo_aerosol_hail_intel,gaeac6,intel,95.75,5.738993510331572,90,124,6338.954545454545,0.5687417959355494,6338,6342,44
control_p8_ugwpv1_tempo_aerosol_hail_intel,hera,intel,122.0,1.0,121,123,2389.0,14.474114826130128,2375,2412,5
control_p8_ugwpv1_tempo_aerosol_hail_intel,hercules,intel,138.17021276595744,39.372976358729225,98,295,53901.36170212766,352848.4167974306,2418,2421440,47
control_p8_ugwpv1_tempo_aerosol_hail_intel,orion,intel,177.7608695652174,35.35482665939603,125,246,54457.52173913043,353027.58227592986,2386,2396756,46
control_p8_ugwpv1_tempo_aerosol_hail_intel,ursa,intel,119.15151515151516,9.124558934960952,104,140,2417.6969696969695,21.24483003062877,2384,2462,33
control_p8_ugwpv1_tempo_aerosol_hail_intel,wcoss2,intel,152.18367346938774,8.333350340118704,142,176,2362.081632653061,29.20890042342524,2333,2435,49
