test_name,machine,compiler,core_mean,core_std,core_min,core_max,mem_mean,mem_std,mem_min,mem_max,n_hashes
control_restart_noqr_p8_intel,acorn,intel,109.37209302325581,6.521113167513785,95,129,1014.2558139534884,2.105469331863955,1011,1020,43
control_restart_noqr_p8_intel,derecho,intel,147.8181818181818,13.010322783963412,126,212,970.2272727272727,3.002817563429228,953,973,44
control_restart_noqr_p8_intel,gaeac6,intel,73.3953488372093,10.165627272903807,69,121,6338.720930232558,0.5035862528547732,6338,6340,43
control_restart_noqr_p8_intel,hercules,intel,103.19565217391305,24.97075584244488,82,169,27712.195652173912,179679.86833657735,1196,1219868,46
control_restart_noqr_p8_intel,orion,intel,137.75555555555556,40.88240094552553,105,290,25875.8,165963.43545911225,1112,1114452,45
control_restart_noqr_p8_intel,ursa,intel,140.48,138.95282417762792,71,629,1871.12,36.504760662417816,1826,1998,50
control_restart_noqr_p8_intel,wcoss2,intel,120.6875,8.966026302636775,111,152,922.2291666666666,19.888240493544817,913,1016,48
