test_name,machine,compiler,core_mean,core_std,core_min,core_max,mem_mean,mem_std,mem_min,mem_max,n_hashes
control_restart_p8_intel,acorn,intel,112.27906976744185,7.4140329665000815,99,128,1013.9767441860465,2.1323848943760595,1010,1018,43
control_restart_p8_intel,derecho,intel,150.72727272727272,12.314415142262467,136,202,970.6590909090909,0.9135461653329249,968,972,44
control_restart_p8_intel,gaeac6,intel,74.53488372093024,8.051467885125348,70,123,6338.767441860465,0.4274625743755018,6338,6339,43
control_restart_p8_intel,hercules,intel,108.6304347826087,28.64910989166227,86,193,27687.021739130436,179524.50385027783,1188,1218812,46
control_restart_p8_intel,orion,intel,137.06666666666666,33.79913931125788,107,212,25895.68888888889,166096.39679207405,1112,1115344,45
control_restart_p8_intel,ursa,intel,167.08,159.48601627652218,74,560,1870.2,36.4025116872841,1828,1966,50
control_restart_p8_intel,wcoss2,intel,124.89583333333333,8.43558718795994,115,163,922.3333333333334,19.879780525922968,914,1016,48
