test_name,machine,compiler,core_mean,core_std,core_min,core_max,mem_mean,mem_std,mem_min,mem_max,n_hashes
control_p8_atmlnd_intel,acorn,intel,208.97727272727272,18.763508171465013,191,320,1862.1136363636363,1.481920643936807,1859,1865,44
control_p8_atmlnd_intel,gaeac6,intel,148.32558139534885,4.497199817836691,142,163,6338.883720930233,0.7305999597715898,6338,6342,43
control_p8_atmlnd_intel,hera,intel,185.0,2.0,183,187,1840.3333333333333,3.5118845842842195,1837,1844,3
control_p8_atmlnd_intel,hercules,intel,186.65217391304347,31.56032487602422,154,301,42867.0,277973.1915313658,1873,1887188,46
control_p8_atmlnd_intel,orion,intel,235.93333333333334,30.43278734284037,209,328,42999.64444444444,275984.711568755,1848,1853220,45
control_p8_atmlnd_intel,ursa,intel,147.3,7.616443007180764,138,177,1911.14,10.611910905262281,1892,1941,50
