test_name,machine,compiler,core_mean,core_std,core_min,core_max,mem_mean,mem_std,mem_min,mem_max,n_hashes
control_iovr4_intel,acorn,intel,155.66666666666666,2.0816659994661366,154,158,634.0,2.0,632,636,3
control_iovr4_intel,derecho,intel,149.33333333333334,5.859465277082311,145,156,577.3333333333334,0.577350269189634,577,578,3
control_iovr4_intel,gaeac6,intel,107.33333333333333,2.516611478423582,105,110,6339.0,0.0,6339,6339,3
control_iovr4_intel,hera,intel,146.66666666666666,3.0550504633038926,144,150,779.3333333333334,2.0816659994661486,777,781,3
control_iovr4_intel,hercules,intel,125.66666666666667,1.5275252316519485,124,127,676.6666666666666,2.0816659994661486,675,679,3
control_iovr4_intel,orion,intel,162.66666666666666,3.0550504633038904,160,166,650.0,3.4641016151377544,646,652,3
control_iovr4_intel,ursa,intel,235.0,232.09696249628084,100,503,1301.3333333333333,19.295940851208396,1286,1323,3
control_iovr4_intel,wcoss2,intel,164.66666666666666,0.5773502691896278,164,165,636.3333333333334,0.5773502691896093,636,637,3
