test_name,machine,compiler,core_mean,core_std,core_min,core_max,mem_mean,mem_std,mem_min,mem_max,n_hashes
control_p8.v2.sfc_intel,acorn,intel,189.0,6.346079677464459,179,212,1853.4888888888888,3.279566366999626,1848,1858,45
control_p8.v2.sfc_intel,derecho,intel,215.13333333333333,9.469088465297826,195,238,1807.9777777777779,2.9579545212012137,1798,1812,45
control_p8.v2.sfc_intel,gaeac6,intel,122.86363636363636,2.041327760915466,119,130,6338.886363636364,0.6181709363549457,6338,6342,44
control_p8.v2.sfc_intel,hera,intel,174.4,1.6733200530681513,172,176,2009.4,2.607680962081089,2005,2012,5
control_p8.v2.sfc_intel,hercules,intel,187.27659574468086,39.32291185625455,147,334,42287.382978723406,276829.63634152425,1898,1899756,47
control_p8.v2.sfc_intel,orion,intel,248.2608695652174,37.86433958965066,193,363,42758.282608695656,277211.87007507164,1878,1882028,46
control_p8.v2.sfc_intel,ursa,intel,171.9,128.39531589141848,127,657,2519.36,9.550638401570488,2504,2549,50
control_p8.v2.sfc_intel,wcoss2,intel,203.12244897959184,7.1549302729575475,192,227,1774.1836734693877,34.60832839878043,1749,1861,49
