test_name,machine,compiler,core_mean,core_std,core_min,core_max,mem_mean,mem_std,mem_min,mem_max,n_hashes
control_csawmg_debug_gnu,derecho,gnu,181.9318181818182,8.398221648057072,164,204,837.5,6.017416582353384,829,852,44
control_csawmg_debug_gnu,hera,gnu,139.33333333333334,3.2145502536643145,137,143,833.3333333333334,2.516611478423568,831,836,3
control_csawmg_debug_gnu,hercules,gnu,130.19565217391303,31.927431302333382,106,216,18523.0,120085.9755541837,803,815280,46
control_csawmg_debug_gnu,ursa,gnu,125.66,46.89049771019928,103,259,742.76,10.934984112975142,731,778,50
