test_name,machine,compiler,core_mean,core_std,core_min,core_max,mem_mean,mem_std,mem_min,mem_max,n_hashes
control_wam_intel,acorn,intel,482.6136363636364,259.2461536490334,219,772,1655.1136363636363,5.248326019239702,1645,1662,44
control_wam_intel,derecho,intel,444.40909090909093,231.00118978670926,203,698,1598.6136363636363,4.238340554437502,1594,1606,44
control_wam_intel,gaeac6,intel,308.4651162790698,162.85727739886806,139,479,6338.883720930233,0.6622221726734047,6338,6342,43
control_wam_intel,hera,intel,648.0,,648,648,1783.0,,1783,1783,1
control_wam_intel,hercules,intel,420.3478260869565,247.7894462277111,171,854,38091.32608695652,246931.17164173094,1674,1676452,46
control_wam_intel,orion,intel,484.44444444444446,270.3834445203831,217,794,38665.77777777778,248166.07449163124,1660,1666420,45
control_wam_intel,ursa,intel,350.08,193.33072435490388,143,752,2369.52,105.98810868995385,2256,2657,50
control_wam_intel,wcoss2,intel,478.25,265.8557839738312,228,801,1570.6041666666667,23.23399891696986,1555,1661,48
