test_name,machine,compiler,core_mean,core_std,core_min,core_max,mem_mean,mem_std,mem_min,mem_max,n_hashes
control_c384_intel,acorn,intel,533.7380952380952,19.584786932979988,503,568,1993.047619047619,4.762415768168181,1985,2006,42
control_c384_intel,derecho,intel,452.1818181818182,27.926209017797397,429,611,1940.0681818181818,4.336957068883218,1929,1953,44
control_c384_intel,gaeac6,intel,581.7441860465116,19.878311971133456,551,670,6338.6511627906975,0.4822428221703774,6338,6339,43
control_c384_intel,hercules,intel,462.39130434782606,47.60321103122239,402,566,45793.434782608696,296859.6546374249,2006,2015424,46
control_c384_intel,orion,intel,596.2888888888889,19.526930380912678,569,670,46208.08888888889,296702.62684591225,1968,1992320,45
control_c384_intel,ursa,intel,357.66,27.985863778496668,329,469,2070.42,14.433648328874876,2035,2096,50
control_c384_intel,wcoss2,intel,528.6666666666666,25.85584697307429,502,621,1906.0833333333333,14.316830347729702,1898,2000,48
