test_name,machine,compiler,core_mean,core_std,core_min,core_max,mem_mean,mem_std,mem_min,mem_max,n_hashes
control_lndp_intel,acorn,intel,111.80952380952381,6.105727400137121,99,127,633.4047619047619,1.8748596540583786,628,637,42
control_lndp_intel,derecho,intel,100.86363636363636,5.667495690300711,96,135,580.2045454545455,1.2119472214800544,578,582,44
control_lndp_intel,gaeac6,intel,73.3953488372093,6.362612277552579,70,103,6338.790697674419,0.4116250914933089,6338,6339,43
control_lndp_intel,hercules,intel,88.6304347826087,8.890341064954018,78,125,15499.804347826086,100510.54265556636,672,682376,46
control_lndp_intel,orion,intel,107.11111111111111,9.67241208569794,100,160,15188.355555555556,97468.31952839287,646,654496,45
control_lndp_intel,ursa,intel,445.44,495.9097251619533,65,1302,1305.7,11.904809523714288,1287,1336,50
control_lndp_intel,wcoss2,intel,112.0,8.646731026625524,104,151,542.5833333333334,13.91131994797894,535,635,48
