test_name,machine,compiler,core_mean,core_std,core_min,core_max,mem_mean,mem_std,mem_min,mem_max,n_hashes
control_CubedSphereGrid_debug_intel,acorn,intel,165.73170731707316,10.281109838543454,151,187,1605.4878048780488,4.044267246482888,1599,1613,41
control_CubedSphereGrid_debug_intel,derecho,intel,148.77272727272728,6.719854775436734,142,187,1543.6136363636363,5.04037608919287,1518,1549,44
control_CubedSphereGrid_debug_intel,gaeac6,intel,100.4186046511628,4.1128865899611915,96,115,6339.0,0.7559289460185746,6338,6342,43
control_CubedSphereGrid_debug_intel,hercules,intel,123.3695652173913,6.967731005307172,113,140,37120.47826086957,240671.9624345081,1625,1633952,46
control_CubedSphereGrid_debug_intel,orion,intel,140.73333333333332,6.239172439296156,132,163,37539.0,240978.96238430895,1606,1618152,45
control_CubedSphereGrid_debug_intel,ursa,intel,130.62,68.26864401101022,96,353,2239.86,10.52501393668183,2215,2267,50
control_CubedSphereGrid_debug_intel,wcoss2,intel,164.29166666666666,4.603228900680124,158,185,1516.6666666666667,5.020525247308841,1507,1526,48
