test_name,machine,compiler,core_mean,core_std,core_min,core_max,mem_mean,mem_std,mem_min,mem_max,n_hashes
control_c48_lnd_iau_intel,acorn,intel,395.52272727272725,7.762427803996766,385,421,1593.25,2.4601474714729807,1588,1599,44
control_c48_lnd_iau_intel,derecho,intel,341.5,4.999999999999927,333,353,1556.7272727272727,1.8345981926680317,1553,1561,44
control_c48_lnd_iau_intel,gaeac6,intel,272.5581395348837,7.859790151025758,262,311,6337.627906976744,0.7245115206271765,6336,6339,43
control_c48_lnd_iau_intel,hera,intel,404.0,2.1602468994692936,401,406,1719.5,2.0816659994661144,1717,1722,4
control_c48_lnd_iau_intel,hercules,intel,355.9347826086956,16.81322518325386,340,455,38611.80434782609,250263.18294419753,1694,1699080,46
control_c48_lnd_iau_intel,orion,intel,533.6222222222223,21.15987722177053,522,660,39842.444444444445,255769.4170595456,1703,1717468,45
control_c48_lnd_iau_intel,ursa,intel,338.32,157.83955170245716,262,751,1667.88,1.9654152596479917,1664,1673,50
control_c48_lnd_iau_intel,wcoss2,intel,392.2083333333333,7.967909929993074,382,419,1599.6458333333333,3.3101364845122196,1592,1606,48
