test_name,machine,compiler,core_mean,core_std,core_min,core_max,mem_mean,mem_std,mem_min,mem_max,n_hashes
control_c48_intel,acorn,intel,385.54545454545456,8.992127164991318,367,408,1593.3636363636363,2.6244902857587635,1588,1599,44
control_c48_intel,derecho,intel,333.90909090909093,5.560735194065658,325,345,1555.4772727272727,1.9705817387274958,1551,1560,44
control_c48_intel,gaeac6,intel,266.04651162790697,7.4384889926590105,256,301,6337.720930232558,0.5035862528546927,6337,6339,43
control_c48_intel,hera,intel,395.0,,395,395,1716.0,,1716,1716,1
control_c48_intel,hercules,intel,348.30434782608694,24.312657485549817,332,494,38909.04347826087,252298.29805899347,1698,1712880,46
control_c48_intel,orion,intel,517.1777777777778,5.15791046878879,509,532,39653.066666666666,254520.68154379548,1697,1709088,45
control_c48_intel,ursa,intel,281.94,92.27076614895039,251,757,1666.78,2.023232410711912,1663,1671,50
control_c48_intel,wcoss2,intel,382.4583333333333,5.434164318823226,372,397,1598.8333333333333,3.2244632298364775,1591,1606,48
