test_name,machine,compiler,core_mean,core_std,core_min,core_max,mem_mean,mem_std,mem_min,mem_max,n_hashes
control_ras_intel,acorn,intel,203.8421052631579,2.6090261677222806,199,208,664.0,2.0816659994661326,659,667,19
control_ras_intel,derecho,intel,189.05,3.410124245305593,186,197,621.6,1.0462967275611579,619,624,20
control_ras_intel,gaeac6,intel,136.55,8.506808418771648,133,171,6338.75,0.44426165831937847,6338,6339,20
control_ras_intel,hera,intel,189.0,,189,189,870.0,,870,870,1
control_ras_intel,hercules,intel,168.0952380952381,1.445847914020072,166,171,849.4761904761905,10.777843233314565,832,870,21
control_ras_intel,orion,intel,203.5,1.6059101370939333,202,208,742.7,2.473012226755907,739,748,20
control_ras_intel,ursa,intel,274.3333333333333,218.54069033782548,133,693,1634.952380952381,78.6654156478412,1573,1801,21
control_ras_intel,wcoss2,intel,209.15,5.392733902889001,204,226,590.05,34.91866489278673,573,673,20
