test_name,machine,compiler,core_mean,core_std,core_min,core_max,mem_mean,mem_std,mem_min,mem_max,n_hashes
control_stochy_debug_intel,acorn,intel,215.61363636363637,11.001513445760622,202,245,815.2045454545455,2.575190626988156,810,821,44
control_stochy_debug_intel,derecho,intel,190.4318181818182,3.3990267230264264,183,204,747.1363636363636,1.5033437009872108,744,750,44
control_stochy_debug_intel,gaeac6,intel,132.51162790697674,2.746184305395883,129,142,6338.813953488372,0.39374961547920845,6338,6339,43
control_stochy_debug_intel,hera,intel,182.0,2.943920288775949,178,185,955.0,5.6568542494923735,951,963,4
control_stochy_debug_intel,hercules,intel,163.2826086956522,7.906855094658211,151,185,19349.478260869564,125469.86757176915,843,851828,46
control_stochy_debug_intel,orion,intel,187.4,6.257359303615658,179,206,19120.31111111111,122732.64191782183,818,824140,45
control_stochy_debug_intel,ursa,intel,165.76,90.77794391833743,128,472,1479.54,6.809986664256207,1468,1497,50
control_stochy_debug_intel,wcoss2,intel,216.16666666666666,5.954913341754138,209,240,735.6666666666666,32.16866013739866,719,822,48
