test_name,machine,compiler,core_mean,core_std,core_min,core_max,mem_mean,mem_std,mem_min,mem_max,n_hashes
control_p8_ugwpv1_gnu,derecho,gnu,275.72727272727275,13.230274718734773,258,328,1563.5454545454545,10.701998390769136,1535,1585,44
control_p8_ugwpv1_gnu,hera,gnu,263.0,,263,263,1557.0,,1557,1557,1
control_p8_ugwpv1_gnu,hercules,gnu,229.56521739130434,33.74983270668863,204,338,35337.97826086957,229209.29743150467,1519,1556116,46
control_p8_ugwpv1_gnu,ursa,gnu,249.12,145.410417053783,179,815,1469.88,13.218169313486618,1447,1503,50
