test_name,machine,compiler,core_mean,core_std,core_min,core_max,mem_mean,mem_std,mem_min,mem_max,n_hashes
control_gfs_mpas_gnu,derecho,gnu,110.63157894736842,69.90202450481657,39,216,4683.368421052632,2623.0943190330354,1108,7007,38
control_gfs_mpas_gnu,hercules,gnu,173.67391304347825,150.7206473133991,36,394,145286.23913043478,956906.9965112059,1176,6494232,46
control_gfs_mpas_gnu,ursa,gnu,154.75,100.67262915445073,94,488,1110.125,3.0404876611147653,1107,1117,24
