test_name,machine,compiler,core_mean,core_std,core_min,core_max,mem_mean,mem_std,mem_min,mem_max,n_hashes
control_c48_intel,acorn,intel,385.09090909090907,9.212777228969184,367,408,1593.340909090909,2.6408524153984665,1588,1599,44
control_c48_intel,derecho,intel,333.6136363636364,5.4097926241941625,325,345,1555.4318181818182,1.9812813245734455,1551,1560,44
control_c48_intel,gaeac6,intel,265.9767441860465,7.481686759436963,256,301,6337.720930232558,0.5035862528547149,6337,6339,43
control_c48_intel,hera,intel,393.5,2.1213203435596424,392,395,1722.0,8.48528137423857,1716,1728,2
control_c48_intel,hercules,intel,348.10869565217394,24.392374273639575,332,494,38908.934782608696,252298.31443752826,1698,1712880,46
control_c48_intel,orion,intel,517.0888888888888,5.177847140472643,509,532,39653.37777777778,254520.63411014696,1697,1709088,45
control_c48_intel,ursa,intel,281.76,92.30927607223228,251,757,1666.72,1.9695643359559047,1663,1671,50
control_c48_intel,wcoss2,intel,382.5625,5.530981406509072,372,397,1598.7291666666667,3.298868815365837,1591,1606,48
