test_name,machine,compiler,core_mean,core_std,core_min,core_max,mem_mean,mem_std,mem_min,mem_max,n_hashes
control_CubedSphereGrid_debug_intel,acorn,intel,165.62790697674419,10.144253019541354,151,187,1605.3720930232557,3.9822418656899257,1599,1613,43
control_CubedSphereGrid_debug_intel,derecho,intel,148.61363636363637,6.765906010562313,142,187,1543.909090909091,4.950067802298893,1518,1549,44
control_CubedSphereGrid_debug_intel,gaeac6,intel,100.4186046511628,4.078004636604565,97,115,6338.976744186047,0.7711578213193893,6338,6342,43
control_CubedSphereGrid_debug_intel,hercules,intel,122.6086956521739,6.800255749666307,112,140,37120.239130434784,240671.99847853644,1625,1633952,46
control_CubedSphereGrid_debug_intel,orion,intel,140.7111111111111,6.30159511632579,132,163,37538.86666666667,240978.98271177092,1606,1618152,45
control_CubedSphereGrid_debug_intel,ursa,intel,130.38,68.37050623221228,96,353,2240.24,10.438468884518482,2215,2267,50
control_CubedSphereGrid_debug_intel,wcoss2,intel,164.04166666666666,3.689884581792545,158,175,1520.1666666666667,18.718898555218644,1507,1606,48
