test_name,machine,compiler,core_mean,core_std,core_min,core_max,mem_mean,mem_std,mem_min,mem_max,n_hashes
control_gfs_mpas_gnu,derecho,gnu,107.05263157894737,68.61996690288103,39,216,4821.5,2567.3406763903868,1108,7007,38
control_gfs_mpas_gnu,hercules,gnu,167.2173913043478,150.05997512749926,36,394,145399.30434782608,956889.9060617132,1176,6494232,46
control_gfs_mpas_gnu,ursa,gnu,156.69565217391303,102.47280560874707,94,488,1110.1739130434783,3.099151994175891,1107,1117,23
