test_name,machine,compiler,core_mean,core_std,core_min,core_max,mem_mean,mem_std,mem_min,mem_max,n_hashes
control_ras_gnu,derecho,gnu,239.65217391304347,3.098514242961301,236,248,614.8260869565217,1.9920791768000694,612,618,23
control_ras_gnu,hera,gnu,287.25,2.87228132326902,284,291,605.25,1.707825127659933,603,607,4
control_ras_gnu,hercules,gnu,233.75,23.8222584991432,221,305,593.5833333333334,4.933617304792192,589,613,24
control_ras_gnu,ursa,gnu,252.33333333333334,176.37427266461233,187,842,514.8333333333334,5.205905231116134,511,539,24
