test_name,machine,compiler,core_mean,core_std,core_min,core_max,mem_mean,mem_std,mem_min,mem_max,n_hashes
control_CubedSphereGrid_parallel_intel,acorn,intel,164.8181818181818,10.510842081798145,147,190,1576.840909090909,3.0798911323117792,1571,1582,44
control_CubedSphereGrid_parallel_intel,derecho,intel,149.9318181818182,4.819522929554235,144,171,1520.5,1.405967348855041,1518,1522,44
control_CubedSphereGrid_parallel_intel,gaeac6,intel,106.16279069767442,12.476511708307353,100,182,6338.813953488372,0.5002767783217462,6338,6340,43
control_CubedSphereGrid_parallel_intel,hera,intel,144.0,,144,144,1728.0,,1728,1728,1
control_CubedSphereGrid_parallel_intel,hercules,intel,140.19565217391303,16.31035058580546,122,193,36842.04347826087,238887.22014363523,1610,1621832,46
control_CubedSphereGrid_parallel_intel,orion,intel,166.82222222222222,5.921029121578937,160,187,37005.333333333336,237511.6848597329,1588,1594876,45
control_CubedSphereGrid_parallel_intel,ursa,intel,216.14,198.63668095396721,98,713,2228.58,9.58972664588817,2212,2249,50
control_CubedSphereGrid_parallel_intel,wcoss2,intel,168.16666666666666,12.58052079788827,159,218,1488.2916666666667,24.324016967154897,1473,1581,48
