test_name,machine,compiler,core_mean,core_std,core_min,core_max,mem_mean,mem_std,mem_min,mem_max,n_hashes
control_latlon_intel,acorn,intel,159.58139534883722,8.301556245782027,146,176,1575.8139534883721,1.6655588787962146,1573,1578,43
control_latlon_intel,derecho,intel,145.8409090909091,4.714861125569214,140,169,1517.0,2.524300501773733,1513,1525,44
control_latlon_intel,gaeac6,intel,103.81395348837209,12.92700350862762,98,183,6338.697674418605,0.4647008111180614,6338,6339,43
control_latlon_intel,hercules,intel,137.41304347826087,15.893501239264806,119,177,36783.82608695652,238519.1984771693,1607,1619332,46
control_latlon_intel,orion,intel,163.42222222222222,5.646756465959778,157,181,36893.066666666666,236790.28871166683,1582,1590032,45
control_latlon_intel,ursa,intel,197.92,198.88514170705847,96,813,2222.02,9.949853860069263,2205,2247,50
control_latlon_intel,wcoss2,intel,164.10416666666666,14.979758801758635,153,224,1486.4791666666667,20.096564312417236,1477,1581,48
