test_name,machine,compiler,core_mean,core_std,core_min,core_max,mem_mean,mem_std,mem_min,mem_max,n_hashes
control_gfs_mpas_gnu,derecho,gnu,95.71052631578948,63.38168713895499,39,216,5236.394736842105,2343.0009348081985,1108,7007,38
control_gfs_mpas_gnu,hera,gnu,44.333333333333336,1.5275252316519474,43,46,6376.0,15.0996688705415,6362,6392,3
control_gfs_mpas_gnu,hercules,gnu,146.5,144.27623967006252,36,381,145737.97826086957,956838.6287008434,1176,6494232,46
control_gfs_mpas_gnu,ursa,gnu,145.2,77.26209665125177,94,333,1110.45,3.2195946132524416,1107,1117,20
