test_name,machine,compiler,core_mean,core_std,core_min,core_max,mem_mean,mem_std,mem_min,mem_max,n_hashes
control_2threads_p8_intel,acorn,intel,166.11111111111111,6.4745032179459105,155,184,1928.9333333333334,4.319090813417257,1924,1941,45
control_2threads_p8_intel,derecho,intel,311.73333333333335,9.710350616270748,296,332,1888.3555555555556,4.829622399862408,1881,1898,45
control_2threads_p8_intel,gaeac6,intel,131.45454545454547,4.505575592140307,126,150,6338.477272727273,0.664328174842698,6337,6339,44
control_2threads_p8_intel,hera,intel,240.0,2.7386127875258324,237,244,2020.4,5.412947441089769,2013,2028,5
control_2threads_p8_intel,hercules,intel,240.93617021276594,37.14156481878205,208,315,44278.17021276596,289939.0209661274,1975,1989708,47
control_2threads_p8_intel,orion,intel,258.0,39.91268247339713,205,387,44462.63043478261,288246.21638170985,1952,1956944,46
control_2threads_p8_intel,ursa,intel,103.72,2.277126725162445,100,110,2011.2,2.3819045715046676,2005,2016,50
control_2threads_p8_intel,wcoss2,intel,178.14285714285714,10.805091392487153,166,222,1847.7755102040817,32.876831575165184,1824,1929,49
