test_name,machine,compiler,core_mean,core_std,core_min,core_max,mem_mean,mem_std,mem_min,mem_max,n_hashes
control_debug_p8_intel,acorn,intel,190.97727272727272,8.317783236560182,176,208,1896.0,2.551789158017762,1891,1902,44
control_debug_p8_intel,derecho,intel,209.86363636363637,11.134674333623607,186,244,1836.5227272727273,4.358838315282363,1829,1843,44
control_debug_p8_intel,gaeac6,intel,118.67441860465117,2.7055580379634243,115,131,6338.813953488372,0.3937496154792222,6338,6339,43
control_debug_p8_intel,hera,intel,160.33333333333334,0.5773502691896216,160,161,2035.3333333333333,10.263202878893736,2024,2044,3
control_debug_p8_intel,hercules,intel,183.56521739130434,33.09692981660118,135,249,43825.413043478264,284113.7001104058,1926,1928888,46
control_debug_p8_intel,orion,intel,209.4,40.43760625952036,161,322,44345.42222222222,284647.78100403695,1904,1911388,45
control_debug_p8_intel,ursa,intel,148.34,70.69728800040525,120,485,2544.52,9.355212450821277,2528,2563,50
control_debug_p8_intel,wcoss2,intel,199.5,6.157507094354108,192,218,1812.9375,28.933824901043636,1797,1897,48
