test_name,machine,compiler,core_mean,core_std,core_min,core_max,mem_mean,mem_std,mem_min,mem_max,n_hashes
control_latlon_intel,acorn,intel,159.0909090909091,8.585596867599724,144,176,1575.8181818181818,1.6743305121294174,1573,1578,44
control_latlon_intel,derecho,intel,145.1590909090909,3.191144591756525,140,154,1516.909090909091,2.447762925689669,1513,1525,44
control_latlon_intel,gaeac6,intel,103.79069767441861,12.93492529390116,98,183,6338.7441860465115,0.441481448448739,6338,6339,43
control_latlon_intel,hera,intel,138.5,2.1213203435596424,137,140,1726.5,0.7071067811865476,1726,1727,2
control_latlon_intel,hercules,intel,138.0,15.843680829347141,119,177,36783.82608695652,238519.19847716938,1607,1619332,46
control_latlon_intel,orion,intel,163.2888888888889,5.7192745178126465,157,181,36892.88888888889,236790.31581503246,1582,1590032,45
control_latlon_intel,ursa,intel,197.9,198.89411089054087,96,813,2222.08,10.135490282433631,2205,2247,50
control_latlon_intel,wcoss2,intel,164.29166666666666,14.97083453000609,153,224,1490.6458333333333,27.57773507072688,1477,1581,48
