test_name,machine,compiler,core_mean,core_std,core_min,core_max,mem_mean,mem_std,mem_min,mem_max,n_hashes
control_latlon_intel,acorn,intel,159.73809523809524,8.337571512281965,146,176,1575.8095238095239,1.6854918257115854,1573,1578,42
control_latlon_intel,derecho,intel,145.9090909090909,4.664652741721061,140,169,1517.090909090909,2.630926813600086,1513,1525,44
control_latlon_intel,gaeac6,intel,103.81395348837209,12.927003508627624,98,183,6338.697674418605,0.4647008111181891,6338,6339,43
control_latlon_intel,hercules,intel,137.6086956521739,15.716202907077301,119,177,36783.760869565216,238519.20830567033,1607,1619332,46
control_latlon_intel,orion,intel,163.7111111111111,5.695381790308161,157,181,36893.24444444444,236790.26161200082,1582,1590032,45
control_latlon_intel,ursa,intel,183.64,178.39851742771899,96,674,2221.78,9.848422643826193,2205,2247,50
control_latlon_intel,wcoss2,intel,164.4375,15.064268347684989,153,224,1484.4375,14.627147960105217,1477,1581,48
