test_name,machine,compiler,core_mean,core_std,core_min,core_max,mem_mean,mem_std,mem_min,mem_max,n_hashes
control_p8_lndp_intel,acorn,intel,301.45454545454544,8.538434433740273,289,326,1857.75,1.1837072233866004,1855,1860,44
control_p8_lndp_intel,derecho,intel,315.95454545454544,14.563341274958448,288,379,1813.909090909091,3.353707991741175,1809,1818,44
control_p8_lndp_intel,gaeac6,intel,196.8139534883721,5.010730456936477,189,215,6338.790697674419,0.6746476870644837,6338,6342,43
control_p8_lndp_intel,hera,intel,285.0,1.0,284,286,2015.0,4.0,2011,2019,3
control_p8_lndp_intel,hercules,intel,300.4347826086956,47.595822493582126,242,419,43374.02173913043,281231.8717282148,1896,1909316,46
control_p8_lndp_intel,orion,intel,370.0444444444444,38.1539677166773,313,450,43865.97777777778,281603.3914129045,1873,1890940,45
control_p8_lndp_intel,ursa,intel,279.34,232.79268257663193,200,1233,2517.02,10.949774016864952,2499,2544,50
control_p8_lndp_intel,wcoss2,intel,316.4583333333333,14.203623051933562,302,368,1777.5416666666667,30.247882523626696,1759,1867,48
