test_name,machine,compiler,core_mean,core_std,core_min,core_max,mem_mean,mem_std,mem_min,mem_max,n_hashes
control_p8.v2.sfc_intel,acorn,intel,189.14634146341464,6.627823834448808,179,212,1852.878048780488,3.2418753982164747,1848,1858,41
control_p8.v2.sfc_intel,derecho,intel,223.11363636363637,42.16038916300845,195,489,1807.0681818181818,3.8723691881023177,1798,1815,44
control_p8.v2.sfc_intel,gaeac6,intel,123.34883720930233,2.045712367835673,119,130,6338.930232558139,0.5934302557491599,6338,6342,43
control_p8.v2.sfc_intel,hercules,intel,191.56521739130434,40.413227853108275,147,334,43165.97826086957,279822.3594032065,1898,1899756,46
control_p8.v2.sfc_intel,orion,intel,252.62222222222223,36.499245875701995,194,363,43667.688888888886,280274.90615001734,1878,1882028,45
control_p8.v2.sfc_intel,ursa,intel,172.12,128.33130592974052,127,657,2520.42,9.777295648801905,2504,2549,50
control_p8.v2.sfc_intel,wcoss2,intel,203.08333333333334,7.139441939372691,192,227,1760.1458333333333,3.8481251767433786,1749,1766,48
