test_name,machine,compiler,core_mean,core_std,core_min,core_max,mem_mean,mem_std,mem_min,mem_max,n_hashes
control_2threads_p8_intel,acorn,intel,166.13636363636363,6.547113367438258,155,184,1928.6818181818182,4.0218746483578185,1924,1941,44
control_2threads_p8_intel,derecho,intel,312.77272727272725,9.637291032002626,296,332,1888.6363636363637,4.6259677006026445,1881,1898,44
control_2threads_p8_intel,gaeac6,intel,131.58139534883722,4.494613485895858,126,150,6338.53488372093,0.6305265074790269,6337,6339,43
control_2threads_p8_intel,hera,intel,239.5,2.1213203435596424,238,241,2021.0,1.4142135623730951,2020,2022,2
control_2threads_p8_intel,hercules,intel,242.30434782608697,36.83167089172481,208,315,45197.782608695656,293073.5544888888,1975,1989708,46
control_2threads_p8_intel,orion,intel,261.22222222222223,39.38728964854761,205,387,45407.02222222222,291431.36076461145,1952,1956944,45
control_2threads_p8_intel,ursa,intel,103.88,2.237345365765939,100,110,2011.16,2.4020399493695157,2005,2016,50
control_2threads_p8_intel,wcoss2,intel,178.29166666666666,10.77024730219109,166,222,1842.1041666666667,26.377972421662992,1824,1929,48
