test_name,machine,compiler,core_mean,core_std,core_min,core_max,mem_mean,mem_std,mem_min,mem_max,n_hashes
control_ras_debug_gnu,derecho,gnu,102.80952380952381,2.9089353313376964,99,109,601.9047619047619,3.2078772093825756,593,606,21
control_ras_debug_gnu,hera,gnu,90.0,1.4142135623730951,89,91,589.5,0.7071067811865476,589,590,2
control_ras_debug_gnu,hercules,gnu,76.22727272727273,7.897750241331947,68,95,579.9545454545455,2.4587506065997187,576,585,22
control_ras_debug_gnu,ursa,gnu,66.68181818181819,1.5239786161593047,65,71,499.8636363636364,0.35125008665710783,499,500,22
