test_name,machine,compiler,core_mean,core_std,core_min,core_max,mem_mean,mem_std,mem_min,mem_max,n_hashes
control_wam_intel,acorn,intel,469.6666666666667,258.2762433639201,219,772,1655.4761904761904,5.080993254339038,1645,1662,42
control_wam_intel,derecho,intel,423.54545454545456,231.04499255233708,203,698,1598.8636363636363,4.401854308477925,1594,1607,44
control_wam_intel,gaeac6,intel,293.6511627906977,162.93248436975801,139,479,6338.976744186047,0.8014383525891371,6338,6342,43
control_wam_intel,hercules,intel,402.0217391304348,249.4525106557634,171,854,38091.739130434784,246931.10938698266,1674,1676452,46
control_wam_intel,orion,intel,460.8888888888889,269.1935956132536,217,794,38665.77777777778,248166.07449419546,1660,1666420,45
control_wam_intel,ursa,intel,348.52,201.2191657200209,143,752,2368.26,109.02121306406005,2256,2657,50
control_wam_intel,wcoss2,intel,456.4166666666667,262.8884427534488,228,801,1566.7708333333333,13.742680192205958,1555,1656,48
