test_name,machine,compiler,core_mean,core_std,core_min,core_max,mem_mean,mem_std,mem_min,mem_max,n_hashes
control_c48_lnd_iau_intel,acorn,intel,395.9318181818182,7.830761426854549,385,421,1593.1136363636363,2.384210747385622,1588,1599,44
control_c48_lnd_iau_intel,derecho,intel,342.5,6.094221433761742,333,358,1556.8181818181818,1.8207170485345348,1553,1561,44
control_c48_lnd_iau_intel,gaeac6,intel,273.06976744186045,7.722556167108971,262,311,6337.697674418605,0.7411343853763669,6336,6339,43
control_c48_lnd_iau_intel,hera,intel,404.0,,404,404,1717.0,,1717,1717,1
control_c48_lnd_iau_intel,hercules,intel,356.5,16.489390528457992,341,455,38612.32608695652,250263.1043062973,1694,1699080,46
control_c48_lnd_iau_intel,orion,intel,533.8888888888889,21.095262525270954,522,660,39843.066666666666,255769.32219574877,1703,1717468,45
control_c48_lnd_iau_intel,ursa,intel,347.46,167.40677698227108,261,751,1667.9,2.0627898683133523,1664,1673,50
control_c48_lnd_iau_intel,wcoss2,intel,391.7916666666667,7.551125978693465,382,419,1599.9166666666667,3.0515662761259112,1592,1606,48
