test_name,machine,compiler,core_mean,core_std,core_min,core_max,mem_mean,mem_std,mem_min,mem_max,n_hashes
control_CubedSphereGrid_intel,acorn,intel,153.9090909090909,10.637402598287572,136,177,1566.7727272727273,2.4576755549078304,1563,1571,44
control_CubedSphereGrid_intel,derecho,intel,139.86363636363637,3.3172621738128707,133,147,1515.4772727272727,1.4704632455277875,1511,1519,44
control_CubedSphereGrid_intel,gaeac6,intel,100.55813953488372,15.292859095453663,94,197,6338.767441860465,0.42746257437560514,6338,6339,43
control_CubedSphereGrid_intel,hera,intel,134.0,4.830458915396482,130,141,1716.0,2.828427124746177,1714,1720,4
control_CubedSphereGrid_intel,hercules,intel,131.52173913043478,15.24137516460416,113,168,36538.69565217391,236915.72463143646,1599,1608448,46
control_CubedSphereGrid_intel,orion,intel,155.33333333333334,6.571287406727705,149,175,36857.11111111111,236582.9374663184,1573,1588636,45
control_CubedSphereGrid_intel,ursa,intel,178.4,167.88431391033188,92,682,2211.76,9.582211410222799,2194,2243,50
control_CubedSphereGrid_intel,wcoss2,intel,155.70833333333334,10.170793256230944,147,205,1488.4375,32.59546127522466,1463,1575,48
