test_name,machine,compiler,core_mean,core_std,core_min,core_max,mem_mean,mem_std,mem_min,mem_max,n_hashes
control_p8_ugwpv1_tempo_aerosol_intel,acorn,intel,191.09756097560975,9.112641982566817,178,213,1883.7317073170732,1.2849978646655402,1882,1887,41
control_p8_ugwpv1_tempo_aerosol_intel,derecho,intel,236.97727272727272,107.30341433185025,195,927,1874.5227272727273,147.2604856512755,1832,2417,44
control_p8_ugwpv1_tempo_aerosol_intel,gaeac6,intel,122.93023255813954,4.177008207279064,117,142,6338.7441860465115,0.4414814484489419,6338,6339,43
control_p8_ugwpv1_tempo_aerosol_intel,hercules,intel,199.32608695652175,48.38872887486924,148,377,44155.282608695656,286051.0924156082,1931,1942072,46
control_p8_ugwpv1_tempo_aerosol_intel,orion,intel,251.93333333333334,32.45094199501204,187,347,44457.53333333333,285097.8620987091,1908,1914452,45
control_p8_ugwpv1_tempo_aerosol_intel,ursa,intel,179.84,123.55554976427007,124,573,2580.96,138.9367731695807,2529,3147,50
control_p8_ugwpv1_tempo_aerosol_intel,wcoss2,intel,205.0625,14.799951480656519,190,254,1826.2916666666667,143.7468161842917,1781,2385,48
