test_name,machine,compiler,core_mean,core_std,core_min,core_max,mem_mean,mem_std,mem_min,mem_max,n_hashes
control_p8_atmlnd_debug_intel,acorn,intel,346.40909090909093,19.425849694765898,330,451,1905.2045454545455,2.267870073947043,1901,1913,44
control_p8_atmlnd_debug_intel,gaeac6,intel,211.62790697674419,2.769074590251892,206,218,6338.46511627907,0.6305265074787865,6338,6340,43
control_p8_atmlnd_debug_intel,hera,intel,291.75,5.057996968497844,286,298,1872.75,6.751543033509705,1864,1879,4
control_p8_atmlnd_debug_intel,hercules,intel,297.30434782608694,43.833964287077336,245,404,43345.97826086957,281031.7241973851,1900,1907960,46
control_p8_atmlnd_debug_intel,orion,intel,345.5111111111111,41.9943839439071,293,486,43585.333333333336,279741.65812146297,1872,1878448,45
control_p8_atmlnd_debug_intel,ursa,intel,221.34,10.506771383158528,210,259,1943.56,9.638697515531751,1925,1968,50
