test_name,machine,compiler,core_mean,core_std,core_min,core_max,mem_mean,mem_std,mem_min,mem_max,n_hashes
control_c48_lnd_iau_intel,acorn,intel,395.4,7.71774814072319,385,421,1593.1555555555556,2.5131974884917554,1588,1599,45
control_c48_lnd_iau_intel,derecho,intel,341.5111111111111,4.9434172125537845,333,353,1556.6888888888889,1.8318175552044238,1553,1561,45
control_c48_lnd_iau_intel,gaeac6,intel,272.47727272727275,7.786358483624922,262,311,6337.613636363636,0.722267395273211,6336,6339,44
control_c48_lnd_iau_intel,hera,intel,404.2,1.9235384061671408,401,406,1718.4,3.0495901363953926,1714,1722,5
control_c48_lnd_iau_intel,hercules,intel,355.59574468085106,16.79112029106596,340,455,37826.72340425532,247586.49285326203,1694,1699080,47
control_c48_lnd_iau_intel,orion,intel,533.4565217391304,20.953606448256227,522,660,39013.565217391304,252974.04088743546,1703,1717468,46
control_c48_lnd_iau_intel,ursa,intel,338.38,157.8132311258069,262,751,1667.9,1.9613614596779576,1664,1673,50
control_c48_lnd_iau_intel,wcoss2,intel,392.51020408163265,8.162726385272036,382,419,1599.5510204081634,3.342037954164268,1592,1606,49
