test_name,machine,compiler,core_mean,core_std,core_min,core_max,mem_mean,mem_std,mem_min,mem_max,n_hashes
control_CubedSphereGrid_debug_intel,acorn,intel,164.9318181818182,9.919203192100326,151,187,1605.1363636363637,3.867520743564567,1599,1613,44
control_CubedSphereGrid_debug_intel,derecho,intel,147.61363636363637,3.377186864908042,142,160,1544.2045454545455,4.977061547645193,1518,1550,44
control_CubedSphereGrid_debug_intel,gaeac6,intel,100.62790697674419,4.287430442661952,97,115,6338.953488372093,0.7853870253724792,6338,6342,43
control_CubedSphereGrid_debug_intel,hera,intel,135.33333333333334,7.5055534994651305,131,144,1739.3333333333333,4.163331998932256,1736,1744,3
control_CubedSphereGrid_debug_intel,hercules,intel,121.56521739130434,6.455496104227072,111,140,37119.82608695652,240672.06072462117,1625,1633952,46
control_CubedSphereGrid_debug_intel,orion,intel,140.37777777777777,6.393494168040491,132,163,37538.42222222222,240979.0504621897,1606,1618152,45
control_CubedSphereGrid_debug_intel,ursa,intel,130.02,68.51768429554876,96,353,2239.78,10.476971832333598,2215,2267,50
control_CubedSphereGrid_debug_intel,wcoss2,intel,163.95833333333334,3.620028995612892,158,175,1525.5625,28.45070858781796,1507,1611,48
