test_name,machine,compiler,core_mean,core_std,core_min,core_max,mem_mean,mem_std,mem_min,mem_max,n_hashes
control_debug_p8_intel,acorn,intel,191.78048780487805,8.436563859540055,176,208,1895.780487804878,2.524996981403584,1891,1902,41
control_debug_p8_intel,derecho,intel,212.11363636363637,13.600984761014349,186,263,1836.1818181818182,4.352346211822821,1829,1843,44
control_debug_p8_intel,gaeac6,intel,118.79069767441861,2.6864575677955336,116,131,6338.7441860465115,0.44148144844918996,6338,6339,43
control_debug_p8_intel,hercules,intel,187.69565217391303,31.929693296517307,135,249,43825.84782608696,284113.63458173384,1928,1928888,46
control_debug_p8_intel,orion,intel,213.17777777777778,39.077596981628574,161,322,44345.97777777778,284647.6963098011,1904,1911388,45
control_debug_p8_intel,ursa,intel,148.18,70.69673375245355,120,485,2544.96,9.198402700735375,2528,2563,50
control_debug_p8_intel,wcoss2,intel,199.6875,6.018256798576899,192,218,1803.1666666666667,3.302696083268881,1797,1811,48
