test_name,machine,compiler,core_mean,core_std,core_min,core_max,mem_mean,mem_std,mem_min,mem_max,n_hashes
control_stochy_intel,acorn,intel,118.56818181818181,9.150925044796054,105,140,632.5,2.9531221160930454,627,638,44
control_stochy_intel,derecho,intel,107.1590909090909,2.2198175267369322,103,113,579.25,1.8315706818986401,576,583,44
control_stochy_intel,gaeac6,intel,77.51162790697674,4.05540258716253,74,97,6338.767441860465,0.42746257437571755,6338,6339,43
control_stochy_intel,hera,intel,97.66666666666667,1.5275252316519452,96,99,784.6666666666666,1.1547005383792432,784,786,3
control_stochy_intel,hercules,intel,94.34782608695652,7.683220942936041,84,116,15333.45652173913,99391.96278946559,671,674788,46
control_stochy_intel,orion,intel,113.0,4.786344211304788,108,127,15130.466666666667,97096.60714477759,635,652000,45
control_stochy_intel,ursa,intel,225.24,202.23683428806223,68,583,1306.64,15.248633260936252,1291,1365,50
control_stochy_intel,wcoss2,intel,117.72916666666667,6.702618044651083,110,142,552.4375,30.09764693566312,537,640,48
