test_name,machine,compiler,core_mean,core_std,core_min,core_max,mem_mean,mem_std,mem_min,mem_max,n_hashes
control_wam_debug_intel,acorn,intel,891.6904761904761,17.450261155692175,867,925,1697.5,1.9031424590692634,1694,1702,42
control_wam_debug_intel,derecho,intel,770.75,12.629100761594708,748,794,1626.159090909091,3.7907057808704203,1618,1631,44
control_wam_debug_intel,gaeac6,intel,544.1627906976744,8.98392806377869,530,576,6338.697674418605,0.46470081111829,6338,6339,43
control_wam_debug_intel,orion,intel,817.9333333333333,14.305752180663033,791,847,39243.688888888886,251872.98051451382,1685,1691312,45
control_wam_debug_intel,ursa,intel,722.54,313.3192419034279,550,1628,2303.26,27.692782526890127,2277,2419,50
control_wam_debug_intel,wcoss2,intel,892.125,7.703618934036894,875,917,1604.1666666666667,13.64182138792841,1593,1693,48
