test_name,machine,compiler,core_mean,core_std,core_min,core_max,mem_mean,mem_std,mem_min,mem_max,n_hashes
control_lndp_intel,acorn,intel,111.6590909090909,6.175507442922393,99,127,633.25,1.8442241704027473,628,637,44
control_lndp_intel,derecho,intel,99.77272727272727,2.291172507423607,94,105,580.2045454545455,1.1529445710581168,578,582,44
control_lndp_intel,gaeac6,intel,73.46511627906976,6.359652720412687,70,103,6338.837209302325,0.3735436838187136,6338,6339,43
control_lndp_intel,hera,intel,92.5,1.7320508075688759,91,95,784.0,1.4142135623730885,782,785,4
control_lndp_intel,hercules,intel,88.32608695652173,8.877072459935043,78,125,15499.217391304348,100510.63111021595,672,682376,46
control_lndp_intel,orion,intel,106.44444444444444,9.447355463436596,100,160,15188.044444444444,97468.36694467397,646,654496,45
control_lndp_intel,ursa,intel,473.0,508.2477702050126,64,1302,1305.88,11.63148436664163,1287,1336,50
control_lndp_intel,wcoss2,intel,111.64583333333333,8.473964088659248,104,151,552.6041666666666,32.097417927127,535,638,48
