test_name,machine,compiler,core_mean,core_std,core_min,core_max,mem_mean,mem_std,mem_min,mem_max,n_hashes
control_p8_gnu,derecho,gnu,278.40909090909093,10.976334334986529,258,304,1553.840909090909,9.343429930987035,1528,1574,44
control_p8_gnu,hercules,gnu,237.47826086956522,37.89150542766647,206,352,34885.5,226223.33570883737,1503,1535852,46
control_p8_gnu,ursa,gnu,267.44,178.76334372914513,181,980,1461.7,15.254641314454098,1426,1494,50
