test_name,machine,compiler,core_mean,core_std,core_min,core_max,mem_mean,mem_std,mem_min,mem_max,n_hashes
control_csawmg_gnu,derecho,gnu,501.02222222222224,77.4689054597476,470,1003,853.2444444444444,4.312537512646088,849,878,45
control_csawmg_gnu,hera,gnu,509.6,9.39680796866681,502,525,845.8,1.483239697419143,844,848,5
control_csawmg_gnu,hercules,gnu,440.59574468085106,44.26337163451442,398,588,18516.893617021276,121232.28225031018,823,831960,47
control_csawmg_gnu,ursa,gnu,446.54,230.58808667033452,337,1206,759.64,10.720493439755307,749,795,50
