test_name,machine,compiler,core_mean,core_std,core_min,core_max,mem_mean,mem_std,mem_min,mem_max,n_hashes
control_p8_mynn_intel,acorn,intel,187.04545454545453,6.587354148085897,177,209,1867.9772727272727,1.7585490367312044,1865,1871,44
control_p8_mynn_intel,derecho,intel,212.4318181818182,7.626141476961886,199,234,1813.8863636363637,1.9435750934201568,1810,1818,44
control_p8_mynn_intel,gaeac6,intel,124.6046511627907,13.293642474226473,118,209,6338.813953488372,0.3937496154790813,6338,6339,43
control_p8_mynn_intel,hera,intel,172.5,0.9999999999999976,171,173,2020.0,6.733003292241369,2012,2028,4
control_p8_mynn_intel,hercules,intel,185.6086956521739,45.04687842724117,144,348,43427.36956521739,281559.0290823466,1900,1911540,46
control_p8_mynn_intel,orion,intel,245.2,37.835529238102005,192,325,43925.88888888889,281963.8184507514,1883,1893364,45
control_p8_mynn_intel,ursa,intel,221.64,206.307948940215,123,768,2527.16,12.236379349784746,2499,2554,50
control_p8_mynn_intel,wcoss2,intel,200.625,10.912855975037653,188,235,1783.1041666666667,33.75962563025594,1762,1873,48
