test_name,machine,compiler,core_mean,core_std,core_min,core_max,mem_mean,mem_std,mem_min,mem_max,n_hashes
control_p8_ugwpv1_tempo_aerosol_intel,acorn,intel,190.54545454545453,9.143442294775294,178,213,1883.9318181818182,1.3707530992840593,1882,1887,44
control_p8_ugwpv1_tempo_aerosol_intel,derecho,intel,217.54545454545453,13.140483417277556,195,264,1834.9545454545455,1.4934670986098673,1832,1838,44
control_p8_ugwpv1_tempo_aerosol_intel,gaeac6,intel,121.93023255813954,2.282389608629829,117,128,6338.7441860465115,0.44148144844896653,6338,6339,43
control_p8_ugwpv1_tempo_aerosol_intel,hera,intel,169.25,1.5000000000000007,168,171,2044.25,2.6299556396766084,2042,2048,4
control_p8_ugwpv1_tempo_aerosol_intel,hercules,intel,198.5,48.36883753455777,148,377,44115.586956521736,286057.0375262463,1924,1942072,46
control_p8_ugwpv1_tempo_aerosol_intel,orion,intel,245.84444444444443,34.31667733674611,184,347,44417.688888888886,285103.8982128686,1908,1914452,45
control_p8_ugwpv1_tempo_aerosol_intel,ursa,intel,172.08,113.61083593045308,124,573,2546.2,8.994329279255506,2529,2566,50
control_p8_ugwpv1_tempo_aerosol_intel,wcoss2,intel,203.875,13.903351807724695,190,254,1800.9375,30.010924429387195,1782,1883,48
