test_name,machine,compiler,core_mean,core_std,core_min,core_max,mem_mean,mem_std,mem_min,mem_max,n_hashes
control_restart_p8_atmlnd_intel,acorn,intel,130.1627906976744,17.279123424302878,117,234,1029.6976744186047,1.0126552490247678,1028,1033,43
control_restart_p8_atmlnd_intel,gaeac6,intel,87.67441860465117,2.7231016125048604,84,96,6338.7441860465115,0.7588532468643753,6338,6342,43
control_restart_p8_atmlnd_intel,hercules,intel,100.3695652173913,18.694453955535906,89,165,27395.543478260868,177632.6071959521,1182,1205968,46
control_restart_p8_atmlnd_intel,orion,intel,135.95555555555555,28.022682010662493,118,230,25715.088888888888,165035.9822302979,1087,1108208,45
control_restart_p8_atmlnd_intel,ursa,intel,87.08,4.681008089577914,82,108,1321.16,36.941409760620104,1285,1471,50
