test_name,machine,compiler,core_mean,core_std,core_min,core_max,mem_mean,mem_std,mem_min,mem_max,n_hashes
control_debug_p8_gnu,derecho,gnu,151.0681818181818,11.9151998436875,108,177,356274.61363636365,2352971.9583251667,1525,15609401,44
control_debug_p8_gnu,hercules,gnu,109.52173913043478,37.079337840446804,77,218,34775.86956521739,225507.9702975395,1507,1530996,46
control_debug_p8_gnu,ursa,gnu,96.3,34.902926606722914,77,208,1453.12,13.371672769442934,1431,1478,50
