test_name,machine,compiler,core_mean,core_std,core_min,core_max,mem_mean,mem_std,mem_min,mem_max,n_hashes
control_p8_atmlnd_debug_intel,acorn,intel,347.2439024390244,20.00472505160328,330,451,1905.4878048780488,2.2374310181490844,1901,1913,41
control_p8_atmlnd_debug_intel,gaeac6,intel,211.86046511627907,2.765272701172413,206,218,6338.53488372093,0.6305265074786133,6338,6340,43
control_p8_atmlnd_debug_intel,hercules,intel,305.9347826086956,43.57134745266183,245,404,43346.84782608696,281031.5931513725,1900,1907960,46
control_p8_atmlnd_debug_intel,orion,intel,351.1333333333333,39.992385638905176,293,486,43586.444444444445,279741.48872790945,1875,1878448,45
control_p8_atmlnd_debug_intel,ursa,intel,222.84,11.706199299551344,210,262,1943.46,9.725224933131374,1925,1968,50
