test_name,machine,compiler,core_mean,core_std,core_min,core_max,mem_mean,mem_std,mem_min,mem_max,n_hashes
control_iovr4_gfdlmpv3_intel,acorn,intel,181.1818181818182,6.12001188352977,171,199,913.0909090909091,1.394643937524403,910,916,44
control_iovr4_gfdlmpv3_intel,derecho,intel,210.13636363636363,7.614523787858061,196,229,873.7272727272727,1.51525017296842,870,876,44
control_iovr4_gfdlmpv3_intel,gaeac6,intel,121.48837209302326,2.3741875103792394,118,130,6338.767441860465,0.42746257437532,6338,6339,43
control_iovr4_gfdlmpv3_intel,hera,intel,170.66666666666666,0.5773502691896278,170,171,1078.3333333333333,2.081665999466101,1076,1080,3
control_iovr4_gfdlmpv3_intel,hercules,intel,187.7391304347826,39.55611192139799,143,312,22161.717391304348,143700.73452540382,966,975600,46
control_iovr4_gfdlmpv3_intel,orion,intel,240.86666666666667,32.175371722088094,187,296,22122.31111111111,142021.4725112532,939,953660,45
control_iovr4_gfdlmpv3_intel,ursa,intel,250.26,211.50749588685153,123,705,1599.82,19.35984693817046,1580,1676,50
control_iovr4_gfdlmpv3_intel,wcoss2,intel,193.47916666666666,9.745680075902555,184,222,835.0833333333334,27.762544286290293,821,917,48
