test_name,machine,compiler,core_mean,core_std,core_min,core_max,mem_mean,mem_std,mem_min,mem_max,n_hashes
control_ras_debug_intel,acorn,intel,190.875,3.0304015135511877,187,198,822.5,2.09761769634029,819,826,16
control_ras_debug_intel,derecho,intel,177.76470588235293,3.9769556787306817,173,186,755.5882352941177,1.371988681140096,754,758,17
control_ras_debug_intel,gaeac6,intel,121.29411764705883,4.4548387440281285,118,138,6338.588235294118,0.5072996561956958,6338,6339,17
control_ras_debug_intel,hercules,intel,151.33333333333334,6.851363110402792,140,166,856.3333333333334,4.04387699818759,849,864,18
control_ras_debug_intel,orion,intel,166.7058823529412,2.365499574147943,163,172,831.5882352941177,3.641064808703146,824,837,17
control_ras_debug_intel,ursa,intel,164.94444444444446,105.37466612729033,117,464,1481.111111111111,9.56026635666903,1454,1499,18
control_ras_debug_intel,wcoss2,intel,195.88235294117646,2.803621607429769,192,202,732.6470588235294,2.2062744749517504,728,735,17
