test_name,machine,compiler,core_mean,core_std,core_min,core_max,mem_mean,mem_std,mem_min,mem_max,n_hashes
control_stochy_restart_intel,acorn,intel,72.77272727272727,6.099422909658491,66,94,398.8636363636364,1.6925405301169958,394,402,44
control_stochy_restart_intel,derecho,intel,71.79545454545455,2.0638589443253816,69,79,390.77272727272725,3.0028175634292036,383,396,44
control_stochy_restart_intel,gaeac6,intel,46.325581395348834,1.1694713952925617,44,49,6338.7441860465115,0.4414814484488583,6338,6339,43
control_stochy_restart_intel,hera,intel,57.0,1.1547005383792515,56,58,625.25,4.112987559751007,620,629,4
control_stochy_restart_intel,hercules,intel,56.43478260869565,8.65807824176819,51,106,12720.065217391304,82512.31011360997,535,560180,46
control_stochy_restart_intel,orion,intel,69.4888888888889,3.7514980172908747,66,83,11249.022222222222,72193.535189507,477,484776,45
control_stochy_restart_intel,ursa,intel,95.46,111.67120287263143,40,460,1219.04,21.145714092690113,1186,1289,50
control_stochy_restart_intel,wcoss2,intel,75.52083333333333,6.41470910547013,69,99,309.8125,37.05180746158293,292,411,48
