test_name,machine,compiler,core_mean,core_std,core_min,core_max,mem_mean,mem_std,mem_min,mem_max,n_hashes
control_p8_ugwpv1_tempo_aerosol_intel,acorn,intel,190.8372093023256,8.989226971791727,178,213,1883.860465116279,1.3901249575356496,1882,1887,43
control_p8_ugwpv1_tempo_aerosol_intel,derecho,intel,235.6590909090909,107.44018199040377,195,927,1848.2954545454545,86.8159184699936,1832,2411,44
control_p8_ugwpv1_tempo_aerosol_intel,gaeac6,intel,122.11627906976744,2.2061526770719015,117,128,6338.767441860465,0.42746257437548313,6338,6339,43
control_p8_ugwpv1_tempo_aerosol_intel,hercules,intel,199.0,48.53406592853678,148,377,44129.434782608696,286054.9635377907,1928,1942072,46
control_p8_ugwpv1_tempo_aerosol_intel,orion,intel,249.0,33.294826242908314,184,347,44431.2,285101.85167653847,1908,1914452,45
control_p8_ugwpv1_tempo_aerosol_intel,ursa,intel,171.72,113.7169848925886,124,573,2557.84,80.92989155397892,2529,3115,50
control_p8_ugwpv1_tempo_aerosol_intel,wcoss2,intel,204.08333333333334,14.189947495642047,190,254,1805.3125,85.40844450999576,1781,2372,48
