test_name,machine,compiler,core_mean,core_std,core_min,core_max,mem_mean,mem_std,mem_min,mem_max,n_hashes
control_diag_debug_intel,acorn,intel,199.4090909090909,9.831884963984892,186,220,1672.9545454545455,2.987995715062992,1667,1678,44
control_diag_debug_intel,derecho,intel,176.72727272727272,5.14154820753454,171,192,1604.2727272727273,4.3474859688642065,1579,1608,44
control_diag_debug_intel,gaeac6,intel,118.69767441860465,2.3957788645163705,115,127,6338.767441860465,0.42746257437552887,6338,6339,43
control_diag_debug_intel,hera,intel,162.0,,162,162,1810.0,,1810,1810,1
control_diag_debug_intel,hercules,intel,147.19565217391303,6.5713843128704434,134,160,38568.52173913043,250026.74829978927,1693,1697468,46
control_diag_debug_intel,orion,intel,170.9111111111111,4.645732265512973,164,185,39002.555555555555,250341.8533207556,1671,1681028,45
control_diag_debug_intel,ursa,intel,160.64,92.0341019316609,118,460,2320.76,7.520204078863508,2307,2338,50
control_diag_debug_intel,wcoss2,intel,198.35416666666666,5.923230800886236,190,221,1585.0,22.90498412731045,1574,1672,48
