test_name,machine,compiler,core_mean,core_std,core_min,core_max,mem_mean,mem_std,mem_min,mem_max,n_hashes
control_ras_debug_gnu,derecho,gnu,102.9,2.954033816575849,99,109,602.05,3.2195946132524424,593,606,20
control_ras_debug_gnu,hera,gnu,89.0,,89,89,589.0,,589,589,1
control_ras_debug_gnu,hercules,gnu,76.61904761904762,7.8706809773754,68,95,579.7142857142857,2.2392600818765285,576,585,21
control_ras_debug_gnu,ursa,gnu,66.71428571428571,1.5537971921347145,65,71,499.85714285714283,0.35856858280032095,499,500,21
