test_name,machine,compiler,core_mean,core_std,core_min,core_max,mem_mean,mem_std,mem_min,mem_max,n_hashes
control_stochy_intel,acorn,intel,118.86046511627907,9.046392059949955,105,140,632.6511627906976,2.8358564753983644,627,638,43
control_stochy_intel,derecho,intel,107.70454545454545,3.2960832672829365,104,124,579.1363636363636,1.862617676518612,576,583,44
control_stochy_intel,gaeac6,intel,77.4186046511628,4.072161928085527,74,97,6338.767441860465,0.42746257437562163,6338,6339,43
control_stochy_intel,hercules,intel,94.58695652173913,7.875633553228231,84,116,15334.04347826087,99391.87433430842,671,674788,46
control_stochy_intel,orion,intel,113.24444444444444,4.9043373917916036,108,127,15130.755555555555,97096.56311892337,635,652000,45
control_stochy_intel,ursa,intel,226.72,204.5116672486348,68,583,1306.58,15.238364580952933,1291,1365,50
control_stochy_intel,wcoss2,intel,117.52083333333333,6.378119456502706,110,142,546.1041666666666,19.692572942051388,537,639,48
