test_name,machine,compiler,core_mean,core_std,core_min,core_max,mem_mean,mem_std,mem_min,mem_max,n_hashes
control_c48_gnu,derecho,gnu,434.8888888888889,3.5879990766076393,430,443,1510.0444444444445,0.9282328164939304,1508,1512,45
control_c48_gnu,hera,gnu,583.6,2.5099800796022347,582,588,1533.8,2.5884358211089546,1530,1537,5
control_c48_gnu,hercules,gnu,474.63829787234044,16.40575923784733,462,568,35156.27659574468,230102.55495583796,1577,1579096,47
control_c48_gnu,ursa,gnu,516.36,404.21497412406984,345,1790,1508.22,0.9100347604933027,1505,1509,50
