test_name,machine,compiler,core_mean,core_std,core_min,core_max,mem_mean,mem_std,mem_min,mem_max,n_hashes
control_csawmg_debug_intel,acorn,intel,297.23809523809524,12.623650903643147,281,332,1107.8095238095239,1.851012843877486,1105,1111,42
control_csawmg_debug_intel,derecho,intel,305.6363636363636,15.663750047134693,291,387,1049.7272727272727,2.2450321007041145,1046,1054,44
control_csawmg_debug_intel,gaeac6,intel,179.34883720930233,3.4287559935557392,174,193,6338.6511627906975,0.6127114185259508,6338,6341,43
control_csawmg_debug_intel,hercules,intel,283.7608695652174,30.437684816766712,214,350,26217.739130434784,169969.75033385403,1147,1153948,46
control_csawmg_debug_intel,orion,intel,308.4888888888889,27.507537993514546,255,348,26376.044444444444,169321.1589210327,1123,1136976,45
control_csawmg_debug_intel,ursa,intel,220.96,100.90083230173907,180,548,1788.78,9.89596908249175,1759,1813,50
control_csawmg_debug_intel,wcoss2,intel,301.0416666666667,7.118923936535938,293,332,1018.0208333333334,13.62802116937403,1013,1110,48
