test_name,machine,compiler,core_mean,core_std,core_min,core_max,mem_mean,mem_std,mem_min,mem_max,n_hashes
control_decomp_p8_intel,acorn,intel,181.66666666666666,7.550372843860152,170,205,1846.642857142857,2.0579581233908755,1843,1850,42
control_decomp_p8_intel,derecho,intel,215.8409090909091,19.7236054794204,195,313,1805.0454545454545,2.956699491258333,1798,1810,44
control_decomp_p8_intel,gaeac6,intel,120.95348837209302,6.062976985151815,115,156,6338.441860465116,0.5896861789039024,6337,6339,43
control_decomp_p8_intel,hercules,intel,186.69565217391303,36.25089704037521,143,305,43015.13043478261,278875.0710562076,1889,1893320,46
control_decomp_p8_intel,orion,intel,242.7111111111111,36.44711125990535,184,325,43355.955555555556,278256.30593605567,1864,1868476,45
control_decomp_p8_intel,ursa,intel,245.92,209.07833118577489,123,709,2504.92,7.873593168798775,2490,2527,50
control_decomp_p8_intel,wcoss2,intel,196.0,13.074256009913757,184,250,1760.2916666666667,13.487517212866752,1748,1849,48
