test_name,machine,compiler,core_mean,core_std,core_min,core_max,mem_mean,mem_std,mem_min,mem_max,n_hashes
control_p8_mynn_intel,acorn,intel,187.36363636363637,6.8134303387480815,177,209,1867.7954545454545,1.7464854469735436,1865,1871,44
control_p8_mynn_intel,derecho,intel,213.1590909090909,7.799651697107675,199,234,1813.9772727272727,1.910663300917079,1810,1818,44
control_p8_mynn_intel,gaeac6,intel,124.51162790697674,13.311956839843997,118,209,6338.813953488372,0.3937496154789537,6338,6339,43
control_p8_mynn_intel,hera,intel,172.0,1.4142135623730951,171,173,2023.0,7.0710678118654755,2018,2028,2
control_p8_mynn_intel,hercules,intel,187.6304347826087,45.05717784507058,148,348,43427.760869565216,281558.97010838974,1900,1911540,46
control_p8_mynn_intel,orion,intel,246.86666666666667,37.27575375739321,192,325,43926.6,281963.71003193426,1884,1893364,45
control_p8_mynn_intel,ursa,intel,221.3,206.45316215370812,123,768,2526.98,12.309760520888837,2499,2554,50
control_p8_mynn_intel,wcoss2,intel,200.72916666666666,11.104416570711244,188,235,1778.8125,28.006576925140703,1762,1871,48
