test_name,machine,compiler,core_mean,core_std,core_min,core_max,mem_mean,mem_std,mem_min,mem_max,n_hashes
control_c384gdas_intel,acorn,intel,600.5581395348837,24.42705596511639,568,638,1134.4651162790697,5.4219520171828846,1128,1148,43
control_c384gdas_intel,derecho,intel,520.6363636363636,50.607514337295584,494,835,1120.590909090909,4.642163598502824,1115,1132,44
control_c384gdas_intel,gaeac6,intel,646.9767441860465,32.67916794716037,625,823,6338.627906976744,0.6908674951843318,6338,6340,43
control_c384gdas_intel,hercules,intel,511.04347826086956,44.559052713718714,457,626,33734.239130434784,218707.19724500095,1457,1484832,46
control_c384gdas_intel,orion,intel,669.8444444444444,49.861150642903795,630,889,30196.333333333332,193826.18388484983,1290,1301528,45
control_c384gdas_intel,ursa,intel,406.74,36.48640227564795,369,573,1888.38,23.390989020281694,1794,1937,50
control_c384gdas_intel,wcoss2,intel,587.75,20.224800448743398,555,656,1043.2291666666667,20.861488067660996,1029,1142,48
