test_name,machine,compiler,core_mean,core_std,core_min,core_max,mem_mean,mem_std,mem_min,mem_max,n_hashes
control_restart_noqr_p8_intel,acorn,intel,109.35555555555555,6.6781718904188025,95,129,1013.8888888888889,2.308307351347009,1009,1020,45
control_restart_noqr_p8_intel,derecho,intel,145.51111111111112,8.617166329806773,126,168,970.1333333333333,2.9511168918040145,953,973,45
control_restart_noqr_p8_intel,gaeac6,intel,74.77272727272727,12.950466699615252,69,128,6338.681818181818,0.5181688363050103,6338,6340,44
control_restart_noqr_p8_intel,hera,intel,96.4,1.1401754250991367,95,98,1279.0,3.0,1276,1283,5
control_restart_noqr_p8_intel,hercules,intel,103.14893617021276,24.731584034259978,82,169,27146.382978723403,177758.42290048464,1196,1219868,47
control_restart_noqr_p8_intel,orion,intel,136.0,40.89770436371976,105,290,25336.130434782608,164149.8495304564,1112,1114452,46
control_restart_noqr_p8_intel,ursa,intel,146.74,143.9360416352786,72,629,1869.24,36.23706525036465,1826,1998,50
control_restart_noqr_p8_intel,wcoss2,intel,121.0,9.338540214259044,111,152,932.265306122449,34.78731540267466,913,1018,49
