test_name,machine,compiler,core_mean,core_std,core_min,core_max,mem_mean,mem_std,mem_min,mem_max,n_hashes
control_csawmg_intel,acorn,intel,403.6744186046512,12.982994243813081,382,435,957.7906976744187,2.076605971002674,953,961,43
control_csawmg_intel,derecho,intel,422.45454545454544,62.12083294543863,393,817,916.1590909090909,2.2198175267369415,912,920,44
control_csawmg_intel,gaeac6,intel,257.48837209302326,6.884669280099503,247,273,6338.674418604651,0.52194372222449,6338,6340,43
control_csawmg_intel,hercules,intel,339.54347826086956,22.832439419717566,316,421,24398.065217391304,158200.39930816327,1066,1074040,46
control_csawmg_intel,orion,intel,401.8888888888889,33.41898087656598,372,479,24154.244444444445,155060.40162863742,1029,1041216,45
control_csawmg_intel,ursa,intel,389.4,253.01294634940754,258,1102,1778.58,66.84831748832875,1718,1991,50
control_csawmg_intel,wcoss2,intel,410.5833333333333,11.196187294301499,390,438,872.4583333333334,18.35113577948686,863,960,48
