test_name,machine,compiler,core_mean,core_std,core_min,core_max,mem_mean,mem_std,mem_min,mem_max,n_hashes
control_restart_p8_atmlnd_intel,acorn,intel,130.1590909090909,17.14499477007683,117,234,1029.75,1.0144307602995686,1028,1033,44
control_restart_p8_atmlnd_intel,gaeac6,intel,87.46511627906976,2.711078130378094,84,96,6338.697674418605,0.7725925347854412,6338,6342,43
control_restart_p8_atmlnd_intel,hera,intel,102.5,0.7071067811865476,102,103,1123.0,0.0,1123,1123,2
control_restart_p8_atmlnd_intel,hercules,intel,101.21739130434783,18.73666997981144,89,165,27394.41304347826,177632.7774752767,1182,1205968,46
control_restart_p8_atmlnd_intel,orion,intel,135.86666666666667,28.072633066257378,118,230,25713.977777777778,165036.1516054876,1087,1108208,45
control_restart_p8_atmlnd_intel,ursa,intel,86.96,4.7076143271365405,82,108,1319.96,37.235028493862785,1285,1471,50
