test_name,machine,compiler,core_mean,core_std,core_min,core_max,mem_mean,mem_std,mem_min,mem_max,n_hashes
control_csawmg_intel,acorn,intel,402.75,13.221063180694145,382,435,958.0681818181819,1.9095564719750213,953,961,44
control_csawmg_intel,derecho,intel,411.75,13.152283381205518,388,434,916.25,2.114457432193439,912,920,44
control_csawmg_intel,gaeac6,intel,256.5581395348837,6.666555923775656,247,273,6338.720930232558,0.5035862528545466,6338,6340,43
control_csawmg_intel,hera,intel,351.6666666666667,6.110100926607781,345,357,1157.6666666666667,3.214550253664351,1154,1160,3
control_csawmg_intel,hercules,intel,336.82608695652175,19.757760048284922,316,392,24398.0,158200.4091346023,1066,1074040,46
control_csawmg_intel,orion,intel,400.53333333333336,34.003074727281515,372,479,24154.755555555555,155060.32369168688,1029,1041216,45
control_csawmg_intel,ursa,intel,388.5,253.45331253044034,258,1102,1779.04,66.65995340348735,1718,1991,50
control_csawmg_intel,wcoss2,intel,409.1875,11.328097716401476,390,438,878.3958333333334,28.179319097925365,864,961,48
