test_name,machine,compiler,core_mean,core_std,core_min,core_max,mem_mean,mem_std,mem_min,mem_max,n_hashes
control_csawmg_gnu,derecho,gnu,504.3636363636364,77.91411219729453,470,1003,853.8636363636364,5.3812374693840335,844,878,44
control_csawmg_gnu,hercules,gnu,446.19565217391306,43.51583086914329,405,588,18900.804347826088,122543.01713251004,823,831960,46
control_csawmg_gnu,ursa,gnu,442.36,218.8634613037945,339,1162,761.84,10.874722609645557,750,795,50
