test_name,machine,compiler,core_mean,core_std,core_min,core_max,mem_mean,mem_std,mem_min,mem_max,n_hashes
control_p8_gnu,derecho,gnu,277.59090909090907,11.24012368925193,258,304,1553.840909090909,9.345918601355935,1528,1574,44
control_p8_gnu,hera,gnu,265.0,1.4142135623730951,264,266,1534.0,0.0,1534,1534,2
control_p8_gnu,hercules,gnu,237.2173913043478,38.05371235706954,206,352,34886.30434782609,226223.21446186918,1503,1535852,46
control_p8_gnu,ursa,gnu,260.98,175.85226754295778,181,980,1460.82,15.019293714201911,1426,1494,50
