test_name,machine,compiler,core_mean,core_std,core_min,core_max,mem_mean,mem_std,mem_min,mem_max,n_hashes
control_restart_p8_atmlnd_intel,acorn,intel,130.0952380952381,17.48282714734317,117,234,1029.6666666666667,1.0040568117893658,1028,1033,42
control_restart_p8_atmlnd_intel,gaeac6,intel,87.55813953488372,2.7281803248371164,84,96,6338.720930232558,0.7661151658839176,6338,6342,43
control_restart_p8_atmlnd_intel,hercules,intel,101.69565217391305,21.174271143397263,89,168,27396.08695652174,177632.5253249686,1182,1205968,46
control_restart_p8_atmlnd_intel,orion,intel,136.0,28.0,118,230,25715.066666666666,165035.98561861928,1087,1108208,45
control_restart_p8_atmlnd_intel,ursa,intel,87.1,4.660953743164416,82,108,1320.84,37.06495126456932,1285,1471,50
