test_name,machine,compiler,core_mean,core_std,core_min,core_max,mem_mean,mem_std,mem_min,mem_max,n_hashes
control_p8_gnu,derecho,gnu,279.3863636363636,10.701479813104115,260,304,1553.7045454545455,9.387224236074827,1528,1574,44
control_p8_gnu,hercules,gnu,240.80434782608697,38.52480849485455,206,352,34884.69565217391,226223.4569297328,1503,1535852,46
control_p8_gnu,ursa,gnu,267.82,178.59276329695112,181,980,1462.88,15.680014577252681,1426,1494,50
