test_name,machine,compiler,core_mean,core_std,core_min,core_max,mem_mean,mem_std,mem_min,mem_max,n_hashes
control_iovr4_gfdlmpv3_intel,acorn,intel,181.24444444444444,6.153918025998321,171,199,913.1777777777778,1.434777285360318,910,916,45
control_iovr4_gfdlmpv3_intel,derecho,intel,209.73333333333332,7.649717760687765,196,229,873.6,1.5579707080920162,870,876,45
control_iovr4_gfdlmpv3_intel,gaeac6,intel,121.45454545454545,2.357122264537602,118,130,6338.75,0.4380187953915753,6338,6339,44
control_iovr4_gfdlmpv3_intel,hera,intel,172.4,4.2778499272414905,170,180,1078.0,1.8708286933869556,1076,1080,5
control_iovr4_gfdlmpv3_intel,hercules,intel,185.7872340425532,39.958095534007896,143,312,21710.744680851065,142163.8100889968,966,975600,47
control_iovr4_gfdlmpv3_intel,orion,intel,237.8913043478261,33.02674220208665,187,296,21661.847826086956,140469.31143309362,939,953660,46
control_iovr4_gfdlmpv3_intel,ursa,intel,250.16,211.56678493987638,123,705,1599.78,19.30664472693909,1580,1676,50
control_iovr4_gfdlmpv3_intel,wcoss2,intel,193.28571428571428,9.156054463213584,184,222,838.6326530612245,31.986777136257906,821,918,49
