test_name,machine,compiler,core_mean,core_std,core_min,core_max,mem_mean,mem_std,mem_min,mem_max,n_hashes
control_iovr4_gfdlmpv3_intel,acorn,intel,181.26829268292684,5.860991342102062,171,199,913.0975609756098,1.3191830435686254,910,916,41
control_iovr4_gfdlmpv3_intel,derecho,intel,211.5,9.451221158948131,196,248,873.7045454545455,1.563828716228146,870,876,44
control_iovr4_gfdlmpv3_intel,gaeac6,intel,121.62790697674419,2.360621950067535,118,130,6338.674418604651,0.4741373235153747,6338,6339,43
control_iovr4_gfdlmpv3_intel,hercules,intel,190.95652173913044,39.87812350524428,144,312,22161.608695652172,143700.75090246525,966,975600,46
control_iovr4_gfdlmpv3_intel,orion,intel,243.57777777777778,31.47617344833225,187,296,22122.422222222223,142021.45557729984,939,953660,45
control_iovr4_gfdlmpv3_intel,ursa,intel,261.3,218.80158283947858,123,705,1599.64,19.54352546893987,1580,1676,50
control_iovr4_gfdlmpv3_intel,wcoss2,intel,194.04166666666666,9.830387826667627,184,222,825.625,2.159836479232039,821,831,48
