test_name,machine,compiler,core_mean,core_std,core_min,core_max,mem_mean,mem_std,mem_min,mem_max,n_hashes
control_p8_atmlnd_debug_intel,acorn,intel,347.04761904761904,19.800163070223263,330,451,1905.4761904761904,2.211258280334106,1901,1913,42
control_p8_atmlnd_debug_intel,gaeac6,intel,211.67441860465115,2.6790272775638817,206,218,6338.53488372093,0.6305265074787074,6338,6340,43
control_p8_atmlnd_debug_intel,hercules,intel,305.80434782608694,43.71453842333486,245,404,43346.69565217391,281031.6160875751,1900,1907960,46
control_p8_atmlnd_debug_intel,orion,intel,351.4,39.66874198798206,293,486,43586.11111111111,279741.53955418646,1872,1878448,45
control_p8_atmlnd_debug_intel,ursa,intel,222.7,11.758192975147855,210,262,1943.46,9.725224933131386,1925,1968,50
