test_name,machine,compiler,core_mean,core_std,core_min,core_max,mem_mean,mem_std,mem_min,mem_max,n_hashes
control_stochy_debug_gnu,derecho,gnu,109.8409090909091,2.6496439586899982,106,119,595.9090909090909,2.3607072434373753,585,599,44
control_stochy_debug_gnu,hera,gnu,101.0,,101,101,587.0,,587,587,1
control_stochy_debug_gnu,hercules,gnu,81.3695652173913,5.284605296528456,74,97,12953.565217391304,83981.28695122825,563,570160,46
control_stochy_debug_gnu,ursa,gnu,96.0,103.88474775599417,70,774,498.94,9.765432579736927,482,513,50
