test_name,machine,compiler,core_mean,core_std,core_min,core_max,mem_mean,mem_std,mem_min,mem_max,n_hashes
control_CubedSphereGrid_intel,acorn,intel,154.69767441860466,10.64700915688114,136,177,1567.2093023255813,2.445190999793317,1563,1571,43
control_CubedSphereGrid_intel,derecho,intel,141.45454545454547,7.656748187830079,133,186,1515.4545454545455,1.4856608498162596,1511,1519,44
control_CubedSphereGrid_intel,gaeac6,intel,100.69767441860465,15.252688886633246,94,197,6338.813953488372,0.39374961547912796,6338,6339,43
control_CubedSphereGrid_intel,hercules,intel,131.1304347826087,15.017928094487862,113,168,36539.30434782609,236915.63289199898,1599,1608448,46
control_CubedSphereGrid_intel,orion,intel,155.75555555555556,6.54410058948153,149,175,36858.15555555555,236582.7782403172,1573,1588636,45
control_CubedSphereGrid_intel,ursa,intel,178.7,167.7652940198032,92,682,2211.98,9.82186232808411,2194,2243,50
control_CubedSphereGrid_intel,wcoss2,intel,155.70833333333334,10.15404401847254,147,205,1480.6041666666667,19.770749491635147,1463,1572,48
