test_name,machine,compiler,core_mean,core_std,core_min,core_max,mem_mean,mem_std,mem_min,mem_max,n_hashes
control_p8_atmlnd_intel,acorn,intel,209.0681818181818,18.78321582204006,191,320,1862.090909090909,1.491342173988049,1859,1865,44
control_p8_atmlnd_intel,gaeac6,intel,148.37209302325581,4.461599413268073,142,163,6338.883720930233,0.7305999597715381,6338,6342,43
control_p8_atmlnd_intel,hera,intel,184.25,2.217355782608345,182,187,1846.25,12.175795661885934,1837,1864,4
control_p8_atmlnd_intel,hercules,intel,187.43478260869566,31.483083410981234,154,301,42866.67391304348,277973.2406779916,1873,1887188,46
control_p8_atmlnd_intel,orion,intel,234.48888888888888,30.027731290669408,209,328,42999.62222222222,275984.7149565524,1848,1853220,45
control_p8_atmlnd_intel,ursa,intel,147.14,7.599704612949211,138,177,1910.76,10.809217532896108,1892,1941,50
