test_name,machine,compiler,core_mean,core_std,core_min,core_max,mem_mean,mem_std,mem_min,mem_max,n_hashes
control_noqr_p8_intel,acorn,intel,181.0,9.797958971132717,165,215,1852.8636363636363,1.2499471447598864,1850,1855,44
control_noqr_p8_intel,derecho,intel,210.38636363636363,13.883595655658144,194,268,1803.3636363636363,2.9261523994305874,1798,1812,44
control_noqr_p8_intel,gaeac6,intel,116.86046511627907,4.34018539953371,113,142,6338.790697674419,0.41162509149305476,6338,6339,43
control_noqr_p8_intel,hera,intel,161.5,2.1213203435596424,160,163,2010.0,5.656854249492381,2006,2014,2
control_noqr_p8_intel,hercules,intel,181.7608695652174,40.51237659043013,138,311,43212.65217391304,280181.26916553447,1892,1902184,46
control_noqr_p8_intel,orion,intel,232.75555555555556,36.42249277298274,178,324,43632.64444444444,280084.49142187886,1869,1880744,45
control_noqr_p8_intel,ursa,intel,228.78,208.88247745503955,117,774,2510.2,10.768434597167298,2492,2536,50
control_noqr_p8_intel,wcoss2,intel,194.29166666666666,13.338407722339872,179,254,1765.0625,26.965230765056713,1748,1853,48
