test_name,machine,compiler,core_mean,core_std,core_min,core_max,mem_mean,mem_std,mem_min,mem_max,n_hashes
control_p8_ugwpv1_tempo_intel,acorn,intel,180.3409090909091,9.037243822013435,168,209,1876.4318181818182,1.6051911032028507,1872,1880,44
control_p8_ugwpv1_tempo_intel,derecho,intel,206.36363636363637,11.293321568552805,188,253,1829.1363636363637,1.4401374141622587,1827,1833,44
control_p8_ugwpv1_tempo_intel,gaeac6,intel,116.53488372093024,2.413738822906255,113,127,6338.697674418605,0.4647008111181352,6338,6339,43
control_p8_ugwpv1_tempo_intel,hera,intel,161.5,0.7071067811865476,161,162,2029.5,0.7071067811865476,2029,2030,2
control_p8_ugwpv1_tempo_intel,hercules,intel,184.91304347826087,48.77331970427936,142,394,43676.608695652176,283160.6778912698,1919,1922416,46
control_p8_ugwpv1_tempo_intel,orion,intel,234.17777777777778,35.48193451275842,176,318,44142.35555555556,283351.7356678121,1896,1902684,45
control_p8_ugwpv1_tempo_intel,ursa,intel,172.16,135.55785872174468,119,638,2533.84,9.60093532858501,2517,2557,50
control_p8_ugwpv1_tempo_intel,wcoss2,intel,191.6875,9.74604393281836,178,218,1792.5833333333333,26.55771181291031,1778,1880,48
