test_name,machine,compiler,core_mean,core_std,core_min,core_max,mem_mean,mem_std,mem_min,mem_max,n_hashes
control_lndp_debug_intel,acorn,intel,198.79545454545453,11.251004183512713,182,232,817.1818181818181,2.394496861970674,813,822,44
control_lndp_debug_intel,derecho,intel,174.22727272727272,2.9872880784124125,170,183,749.0227272727273,1.8984526914212474,745,752,44
control_lndp_debug_intel,gaeac6,intel,119.48837209302326,2.4139682112482226,115,129,6338.720930232558,0.453850268750691,6338,6339,43
control_lndp_debug_intel,hera,intel,163.0,,163,163,950.0,,950,950,1
control_lndp_debug_intel,hercules,intel,148.1086956521739,10.095605778686453,136,196,19204.739130434784,124491.51486006049,842,845192,46
control_lndp_debug_intel,orion,intel,169.73333333333332,7.1395187003556115,161,191,19095.17777777778,122562.6702819806,817,823000,45
control_lndp_debug_intel,ursa,intel,164.0,105.40224216334882,115,522,1474.04,7.837533972845731,1440,1491,50
control_lndp_debug_intel,wcoss2,intel,195.83333333333334,3.805557712549646,191,211,731.375,23.97926852822948,722,825,48
