test_name,machine,compiler,core_mean,core_std,core_min,core_max,mem_mean,mem_std,mem_min,mem_max,n_hashes
control_CubedSphereGrid_debug_intel,acorn,intel,164.62222222222223,9.4994949360692,151,187,1604.911111111111,3.7888725969019594,1599,1613,45
control_CubedSphereGrid_debug_intel,derecho,intel,147.35555555555555,3.3108331521863454,142,160,1544.3111111111111,4.898154672110656,1518,1550,45
control_CubedSphereGrid_debug_intel,gaeac6,intel,100.5909090909091,4.249860089725426,97,115,6338.909090909091,0.8016895478164625,6338,6342,44
control_CubedSphereGrid_debug_intel,hera,intel,132.6,6.503845016603638,128,144,1739.4,4.335896677735733,1735,1744,5
control_CubedSphereGrid_debug_intel,hercules,intel,121.19148936170212,6.489584624854295,111,140,36364.65957446808,238097.9782921196,1625,1633952,47
control_CubedSphereGrid_debug_intel,orion,intel,140.2391304347826,6.412435081269653,132,163,36757.19565217391,238345.36441368898,1606,1618152,46
control_CubedSphereGrid_debug_intel,ursa,intel,125.28,62.16076589237404,96,353,2240.32,10.418664570307127,2215,2267,50
control_CubedSphereGrid_debug_intel,wcoss2,intel,164.30612244897958,3.776043352685509,158,175,1529.1632653061224,32.84898967166239,1507,1611,49
