test_name,machine,compiler,core_mean,core_std,core_min,core_max,mem_mean,mem_std,mem_min,mem_max,n_hashes
control_p8_gnu,derecho,gnu,277.1777777777778,11.648817514878916,258,304,1553.6888888888889,9.63144051866833,1528,1574,45
control_p8_gnu,hera,gnu,265.6,1.5165750888103116,264,268,1536.8,4.207136793592545,1534,1544,5
control_p8_gnu,hercules,gnu,237.14893617021278,39.59961501976038,206,352,34176.8085106383,223803.61835261603,1503,1535852,47
control_p8_gnu,ursa,gnu,260.64,175.99556580685058,181,980,1459.42,14.408175117067405,1426,1494,50
