test_name,machine,compiler,core_mean,core_std,core_min,core_max,mem_mean,mem_std,mem_min,mem_max,n_hashes
control_restart_p8_atmlnd_intel,acorn,intel,129.9318181818182,17.145611313540577,117,234,1029.7045454545455,1.0018481863951703,1028,1033,44
control_restart_p8_atmlnd_intel,gaeac6,intel,87.55813953488372,2.7281803248371164,84,96,6338.720930232558,0.7661151658838796,6338,6342,43
control_restart_p8_atmlnd_intel,hera,intel,103.0,,103,103,1123.0,,1123,1123,1
control_restart_p8_atmlnd_intel,hercules,intel,100.71739130434783,18.722135494860694,89,165,27395.0,177632.68906519806,1182,1205968,46
control_restart_p8_atmlnd_intel,orion,intel,135.88888888888889,28.060180636869344,118,230,25714.466666666667,165036.0770847613,1087,1108208,45
control_restart_p8_atmlnd_intel,ursa,intel,87.06,4.696546712256586,82,108,1320.6,37.12472084688564,1285,1471,50
