test_name,machine,compiler,core_mean,core_std,core_min,core_max,mem_mean,mem_std,mem_min,mem_max,n_hashes
control_p8_lndp_intel,acorn,intel,301.6222222222222,8.451166914824386,289,326,1857.8,1.1793680896603012,1855,1860,45
control_p8_lndp_intel,derecho,intel,315.2888888888889,14.520553179767804,288,379,1813.9555555555555,3.309459963880144,1809,1818,45
control_p8_lndp_intel,gaeac6,intel,196.72727272727272,4.98539091963353,189,215,6338.795454545455,0.6675029990193289,6338,6342,44
control_p8_lndp_intel,hera,intel,284.8,1.3038404810405282,283,286,2014.6,2.880972058177584,2011,2019,5
control_p8_lndp_intel,hercules,intel,298.97872340425533,48.02738773083457,242,419,42491.765957446805,278223.959782888,1896,1909316,47
control_p8_lndp_intel,orion,intel,367.60869565217394,38.913281514938724,313,450,42952.95652173913,278525.7319226802,1873,1890940,46
control_p8_lndp_intel,ursa,intel,278.98,232.8991627292808,200,1233,2516.4,11.219516523469872,2499,2544,50
control_p8_lndp_intel,wcoss2,intel,316.3265306122449,14.031790921424996,302,368,1781.3673469387754,34.94262790486642,1759,1868,49
