test_name,machine,compiler,core_mean,core_std,core_min,core_max,mem_mean,mem_std,mem_min,mem_max,n_hashes
control_iovr4_gfdlmpv3_intel,acorn,intel,180.97727272727272,5.76068728281634,171,199,913.0681818181819,1.3536810670499873,910,916,44
control_iovr4_gfdlmpv3_intel,derecho,intel,211.20454545454547,9.426779137375744,196,248,873.7954545454545,1.5337982259364615,870,876,44
control_iovr4_gfdlmpv3_intel,gaeac6,intel,121.51162790697674,2.3439089554809085,118,130,6338.7441860465115,0.4414814484486376,6338,6339,43
control_iovr4_gfdlmpv3_intel,hera,intel,170.0,,170,170,1079.0,,1079,1079,1
control_iovr4_gfdlmpv3_intel,hercules,intel,188.45652173913044,39.0633141461051,143,312,22161.934782608696,143700.7017612807,966,975600,46
control_iovr4_gfdlmpv3_intel,orion,intel,241.22222222222223,32.253180878289776,187,296,22122.51111111111,142021.4420233505,939,953660,45
control_iovr4_gfdlmpv3_intel,ursa,intel,250.3,211.4837042016645,123,705,1599.7,19.36254537154934,1580,1676,50
control_iovr4_gfdlmpv3_intel,wcoss2,intel,193.47916666666666,9.70191817694093,184,222,831.25,21.87342699511532,821,916,48
