test_name,machine,compiler,core_mean,core_std,core_min,core_max,mem_mean,mem_std,mem_min,mem_max,n_hashes
control_ras_gnu,derecho,gnu,239.73684210526315,3.2462303824446126,236,248,615.0,1.9148542155127006,613,618,19
control_ras_gnu,hercules,gnu,235.55,25.79570547693224,221,305,593.9,5.1288656794553305,589,613,20
control_ras_gnu,ursa,gnu,264.4,191.6579738684734,187,842,515.0,5.712405705774796,511,539,20
