test_name,machine,compiler,core_mean,core_std,core_min,core_max,mem_mean,mem_std,mem_min,mem_max,n_hashes
control_wam_debug_gnu,derecho,gnu,379.3863636363636,8.044110684339378,364,418,1403.5227272727273,0.8487648033065978,1402,1405,44
control_wam_debug_gnu,hera,gnu,389.25,5.315072906367332,383,395,1399.25,2.217355782608375,1397,1402,4
control_wam_debug_gnu,hercules,gnu,329.8478260869565,21.932185776772467,290,408,31406.043478260868,203640.8076800322,1374,1382540,46
control_wam_debug_gnu,ursa,gnu,306.6,98.59606317429409,269,735,1310.7,8.640790780138257,1303,1326,50
