test_name,machine,compiler,core_mean,core_std,core_min,core_max,mem_mean,mem_std,mem_min,mem_max,n_hashes
control_diag_debug_gnu,derecho,gnu,109.84444444444445,9.125278465378857,104,166,1385.0444444444445,1.6781423110575202,1382,1388,45
control_diag_debug_gnu,hera,gnu,94.2,4.919349550499536,92,103,1366.2,4.207136793592511,1359,1369,5
control_diag_debug_gnu,hercules,gnu,76.51063829787235,4.813352535104512,71,90,30288.255319148935,198300.06936178796,1355,1360840,47
control_diag_debug_gnu,ursa,gnu,112.96,129.9930861583784,75,962,1286.4,9.629885455058698,1279,1302,50
