test_name,machine,compiler,core_mean,core_std,core_min,core_max,mem_mean,mem_std,mem_min,mem_max,n_hashes
control_stochy_restart_intel,acorn,intel,73.38095238095238,6.0483917675103385,66,94,398.73809523809524,1.6683499049487847,394,402,42
control_stochy_restart_intel,derecho,intel,72.31818181818181,2.994356919527498,69,83,391.15909090909093,2.752953439981528,385,396,44
control_stochy_restart_intel,gaeac6,intel,46.16279069767442,1.2711118597162907,44,49,6338.813953488372,0.6638923447397046,6338,6342,43
control_stochy_restart_intel,hercules,intel,56.67391304347826,8.697520330725398,51,106,12722.717391304348,82511.91048076045,535,560180,46
control_stochy_restart_intel,orion,intel,69.6,3.6952057391362465,66,83,11250.555555555555,72193.3014966056,477,484776,45
control_stochy_restart_intel,ursa,intel,90.46,107.47799205190896,40,460,1218.12,21.274340201764343,1186,1289,50
control_stochy_restart_intel,wcoss2,intel,75.27083333333333,6.221922749041125,69,99,298.0833333333333,15.893037861978117,292,405,48
