test_name,machine,compiler,core_mean,core_std,core_min,core_max,mem_mean,mem_std,mem_min,mem_max,n_hashes
control_2threads_p8_intel,acorn,intel,166.6341463414634,6.4294482561141235,155,184,1928.658536585366,3.889792771456875,1924,1941,41
control_2threads_p8_intel,derecho,intel,316.47727272727275,17.70099016592357,298,414,1888.659090909091,4.615157946946607,1881,1898,44
control_2threads_p8_intel,gaeac6,intel,131.90697674418604,4.385115264208991,126,150,6338.488372093023,0.6314040674129365,6337,6339,43
control_2threads_p8_intel,hercules,intel,245.54347826086956,36.06765650011971,208,315,45197.80434782609,293073.5512191527,1975,1989708,46
control_2threads_p8_intel,orion,intel,265.0,38.20935154454396,206,387,45407.11111111111,291431.3472114224,1952,1956944,45
control_2threads_p8_intel,ursa,intel,104.5,4.021625217216935,100,128,2010.94,2.4362064856691354,2005,2017,50
control_2threads_p8_intel,wcoss2,intel,178.47916666666666,10.827446572982028,166,222,1834.5833333333333,6.872186722915111,1824,1854,48
