test_name,machine,compiler,core_mean,core_std,core_min,core_max,mem_mean,mem_std,mem_min,mem_max,n_hashes
control_stochy_gnu,derecho,gnu,160.54545454545453,3.920456460458517,155,180,603.6590909090909,8.008551190920237,577,612,44
control_stochy_gnu,hercules,gnu,146.1086956521739,12.384987795929149,135,202,13351.108695652174,86585.46907759941,574,587836,46
control_stochy_gnu,ursa,gnu,198.06,155.07567737812954,117,643,515.84,9.515529734200284,506,529,50
