test_name,machine,compiler,core_mean,core_std,core_min,core_max,mem_mean,mem_std,mem_min,mem_max,n_hashes
control_gfs_mpas_gnu,derecho,gnu,99.73684210526316,65.42199159573768,39,216,5098.289473684211,2428.2210918071305,1108,7007,38
control_gfs_mpas_gnu,hera,gnu,45.0,1.4142135623730951,44,46,6368.0,8.48528137423857,6362,6374,2
control_gfs_mpas_gnu,hercules,gnu,153.0,145.95889832415153,36,381,145625.15217391305,956855.7254176241,1176,6494232,46
control_gfs_mpas_gnu,ursa,gnu,143.0952380952381,75.92094886255359,94,333,1110.3809523809523,3.153984630212884,1107,1117,21
