test_name,machine,compiler,core_mean,core_std,core_min,core_max,mem_mean,mem_std,mem_min,mem_max,n_hashes
control_stochy_debug_gnu,derecho,gnu,109.86363636363636,2.637748415202396,106,119,596.1136363636364,2.5170664827626004,585,602,44
control_stochy_debug_gnu,hercules,gnu,81.34782608695652,5.445558399300594,74,97,12952.891304347826,83981.38852685774,563,570160,46
control_stochy_debug_gnu,ursa,gnu,96.42,103.82443776660203,70,774,500.3,9.708506684388512,490,513,50
