test_name,machine,compiler,core_mean,core_std,core_min,core_max,mem_mean,mem_std,mem_min,mem_max,n_hashes
control_p8_ugwpv1_tempo_intel,acorn,intel,180.48837209302326,9.095713519547468,168,209,1876.5813953488373,1.4513139882047976,1874,1880,43
control_p8_ugwpv1_tempo_intel,derecho,intel,208.5909090909091,16.995646750172803,188,291,1842.4772727272727,88.17569370201109,1827,2414,44
control_p8_ugwpv1_tempo_intel,gaeac6,intel,116.62790697674419,2.340362770149652,114,127,6338.697674418605,0.4647008111181592,6338,6339,43
control_p8_ugwpv1_tempo_intel,hercules,intel,185.7173913043478,49.214570129621954,142,394,43689.434782608696,283158.7580340088,1919,1922416,46
control_p8_ugwpv1_tempo_intel,orion,intel,236.22222222222223,35.062858417477045,176,318,44155.71111111111,283349.71327797405,1896,1902684,45
control_p8_ugwpv1_tempo_intel,ursa,intel,182.48,150.4113054804277,119,638,2545.0,82.85862067647597,2507,3115,50
control_p8_ugwpv1_tempo_intel,wcoss2,intel,191.95833333333334,9.679894349109869,178,218,1800.8958333333333,86.3553370532977,1778,2372,48
