test_name,machine,compiler,core_mean,core_std,core_min,core_max,mem_mean,mem_std,mem_min,mem_max,n_hashes
control_p8_ugwpv1_tempo_aerosol_intel,acorn,intel,190.47727272727272,9.05920741017858,178,213,1883.8863636363637,1.4012603810109678,1882,1887,44
control_p8_ugwpv1_tempo_aerosol_intel,derecho,intel,218.0909090909091,13.148203841993512,195,264,1835.0,1.4941747352752912,1832,1838,44
control_p8_ugwpv1_tempo_aerosol_intel,gaeac6,intel,121.90697674418605,2.2867522560169666,117,128,6338.7441860465115,0.44148144844893805,6338,6339,43
control_p8_ugwpv1_tempo_aerosol_intel,hera,intel,168.66666666666666,1.1547005383792495,168,170,2044.3333333333333,3.214550253664351,2042,2048,3
control_p8_ugwpv1_tempo_aerosol_intel,hercules,intel,198.3913043478261,48.42381336164152,148,377,44115.891304347824,286056.99165875075,1924,1942072,46
control_p8_ugwpv1_tempo_aerosol_intel,orion,intel,247.24444444444444,33.2553177945447,184,347,44418.0,285103.85077993147,1908,1914452,45
control_p8_ugwpv1_tempo_aerosol_intel,ursa,intel,171.9,113.66658188198804,124,573,2545.98,9.181814324288766,2529,2566,50
control_p8_ugwpv1_tempo_aerosol_intel,wcoss2,intel,204.125,14.176133674505428,190,254,1798.9791666666667,27.504343628592952,1782,1882,48
