test_name,machine,compiler,core_mean,core_std,core_min,core_max,mem_mean,mem_std,mem_min,mem_max,n_hashes
control_c48_lnd_iau_intel,acorn,intel,396.13953488372096,7.799821107071993,385,421,1593.0697674418604,2.394391749357397,1588,1599,43
control_c48_lnd_iau_intel,derecho,intel,342.59090909090907,6.08588982551338,333,358,1556.8863636363637,1.807168015649482,1553,1561,44
control_c48_lnd_iau_intel,gaeac6,intel,273.16279069767444,7.659199984824164,262,311,6337.697674418605,0.7411343853762475,6336,6339,43
control_c48_lnd_iau_intel,hercules,intel,356.4782608695652,16.496112849105835,341,455,38612.30434782609,250263.1075824774,1694,1699080,46
control_c48_lnd_iau_intel,orion,intel,534.0888888888888,21.041973445108383,522,660,39843.0,255769.33235961234,1703,1717468,45
control_c48_lnd_iau_intel,ursa,intel,347.62,167.33601659230322,261,751,1667.86,2.0801295093118717,1664,1673,50
control_c48_lnd_iau_intel,wcoss2,intel,391.5208333333333,7.333947830475868,382,419,1599.9791666666667,2.957065705839667,1592,1606,48
