test_name,machine,compiler,core_mean,core_std,core_min,core_max,mem_mean,mem_std,mem_min,mem_max,n_hashes
control_c192_intel,acorn,intel,434.6585365853659,11.219647401094145,417,461,1702.9024390243903,1.6853023178169333,1700,1708,41
control_c192_intel,derecho,intel,392.6818181818182,15.612715043705267,376,479,1651.5227272727273,6.307944921540838,1639,1658,44
control_c192_intel,gaeac6,intel,287.06976744186045,16.01100120131275,276,373,6338.604651162791,0.49471179121544,6338,6339,43
control_c192_intel,hercules,intel,405.7608695652174,72.3092693558897,360,819,41574.086956521736,269629.55610168603,1806,1830536,46
control_c192_intel,orion,intel,476.68888888888887,7.0544061737786805,464,499,41240.73333333333,264693.4187266468,1769,1777400,45
control_c192_intel,ursa,intel,295.78,14.564830438912972,278,343,1825.46,32.99610985110402,1791,1973,50
control_c192_intel,wcoss2,intel,443.375,12.6114183318303,427,496,1612.2708333333333,4.73888209877598,1603,1622,48
