test_name,machine,compiler,core_mean,core_std,core_min,core_max,mem_mean,mem_std,mem_min,mem_max,n_hashes
control_p8_ugwpv1_tempo_intel,acorn,intel,180.36363636363637,8.95749889586063,168,209,1876.3181818181818,1.6249898357138188,1872,1880,44
control_p8_ugwpv1_tempo_intel,derecho,intel,205.77272727272728,11.577571815073846,188,253,1829.0,1.5096588248481457,1826,1833,44
control_p8_ugwpv1_tempo_intel,gaeac6,intel,116.6046511627907,2.3818713619629186,113,127,6338.674418604651,0.47413732351528676,6338,6339,43
control_p8_ugwpv1_tempo_intel,hera,intel,162.75,2.217355782608348,161,166,2031.75,2.6299556396765835,2029,2034,4
control_p8_ugwpv1_tempo_intel,hercules,intel,184.17391304347825,49.24059045941946,142,394,43676.5,283160.694273038,1919,1922416,46
control_p8_ugwpv1_tempo_intel,orion,intel,231.2,35.12678335815719,176,318,44142.24444444444,283351.7526058023,1896,1902684,45
control_p8_ugwpv1_tempo_intel,ursa,intel,171.9,135.63098947557097,119,638,2533.34,9.73025997513296,2516,2557,50
control_p8_ugwpv1_tempo_intel,wcoss2,intel,191.75,9.85749525822648,178,218,1796.625,32.031649906688834,1778,1882,48
