test_name,machine,compiler,core_mean,core_std,core_min,core_max,mem_mean,mem_std,mem_min,mem_max,n_hashes
control_CubedSphereGrid_intel,acorn,intel,154.97619047619048,10.61634288976565,136,177,1567.2142857142858,2.4746097429272598,1563,1571,42
control_CubedSphereGrid_intel,derecho,intel,141.52272727272728,7.620317506550123,133,186,1515.3636363636363,1.5110586015280056,1511,1519,44
control_CubedSphereGrid_intel,gaeac6,intel,100.72093023255815,15.246116728680141,94,197,6338.790697674419,0.4116250914933838,6338,6339,43
control_CubedSphereGrid_intel,hercules,intel,131.30434782608697,14.896486633084388,113,168,36539.108695652176,236915.66237735114,1599,1608448,46
control_CubedSphereGrid_intel,orion,intel,155.8,6.510830138385506,149,175,36858.0,236582.80195544838,1573,1588636,45
control_CubedSphereGrid_intel,ursa,intel,190.26,181.05651502404726,93,682,2211.84,9.725539699624848,2194,2243,50
control_CubedSphereGrid_intel,wcoss2,intel,156.04166666666666,10.455495009157856,147,205,1478.7916666666667,14.625769059005988,1463,1572,48
