test_name,machine,compiler,core_mean,core_std,core_min,core_max,mem_mean,mem_std,mem_min,mem_max,n_hashes
control_wrtGauss_netcdf_parallel_intel,acorn,intel,162.11363636363637,7.953983670890126,151,178,1574.7045454545455,2.278101468374789,1570,1579,44
control_wrtGauss_netcdf_parallel_intel,derecho,intel,147.0,3.117840636170836,141,155,1516.4772727272727,1.861340306833687,1513,1524,44
control_wrtGauss_netcdf_parallel_intel,gaeac6,intel,121.74418604651163,74.42384827179801,100,514,6338.6511627906975,0.48224282217047304,6338,6339,43
control_wrtGauss_netcdf_parallel_intel,hera,intel,142.33333333333334,1.5275252316519428,141,144,1718.6666666666667,3.7859388972002024,1716,1723,3
control_wrtGauss_netcdf_parallel_intel,hercules,intel,139.5,15.820872289478862,121,180,36539.30434782609,236861.37423010104,1607,1608088,46
control_wrtGauss_netcdf_parallel_intel,orion,intel,165.06666666666666,6.510131963471887,159,187,36991.28888888889,237453.452256018,1583,1594480,45
control_wrtGauss_netcdf_parallel_intel,ursa,intel,215.08,191.3469804799007,98,674,2224.34,9.310099848211898,2208,2250,50
control_wrtGauss_netcdf_parallel_intel,wcoss2,intel,165.08333333333334,9.33497959138804,156,210,1492.2083333333333,31.083934643281555,1465,1583,48
