test_name,machine,compiler,core_mean,core_std,core_min,core_max,mem_mean,mem_std,mem_min,mem_max,n_hashes
control_p8_intel,acorn,intel,180.13333333333333,6.7271498760281405,170,197,1852.4222222222222,1.0763762625522055,1850,1855,45
control_p8_intel,derecho,intel,209.04444444444445,8.160201522566023,193,230,1802.9777777777779,2.7837914701886604,1797,1812,45
control_p8_intel,gaeac6,intel,117.20454545454545,2.0525598929543913,113,122,6338.659090909091,0.47949497745414743,6338,6339,44
control_p8_intel,hera,intel,165.4,0.5477225575051667,165,166,2003.0,12.980754985747184,1980,2011,5
control_p8_intel,hercules,intel,182.2340425531915,49.87994838303065,141,403,42282.72340425532,276836.8883527927,1895,1899800,47
control_p8_intel,orion,intel,238.41304347826087,35.25751367483817,182,325,42815.565217391304,277646.95163195627,1869,1884972,46
control_p8_intel,ursa,intel,231.0,223.4988015308232,121,881,2509.24,10.280871875994285,2489,2532,50
control_p8_intel,wcoss2,intel,196.0612244897959,11.0856667279294,185,236,1770.734693877551,35.042102956184515,1749,1857,49
