test_name,machine,compiler,core_mean,core_std,core_min,core_max,mem_mean,mem_std,mem_min,mem_max,n_hashes
control_wam_debug_intel,acorn,intel,891.6136363636364,17.458543466100412,863,925,1697.3636363636363,1.9420788321473301,1694,1702,44
control_wam_debug_intel,derecho,intel,769.5909090909091,13.106572435797196,748,794,1626.2727272727273,3.9612285876846496,1618,1631,44
control_wam_debug_intel,gaeac6,intel,544.1162790697674,9.155298497970007,530,576,6338.697674418605,0.46470081111812417,6338,6339,43
control_wam_debug_intel,hera,intel,824.25,13.961255912942311,812,840,1808.5,4.795831523312712,1804,1814,4
control_wam_debug_intel,orion,intel,817.7777777777778,15.325096601933252,791,851,39243.688888888886,251872.9805145138,1685,1691312,45
control_wam_debug_intel,ursa,intel,721.04,314.1146911299652,538,1628,2302.48,27.832765890993556,2277,2419,50
control_wam_debug_intel,wcoss2,intel,890.2083333333334,8.502711290569595,872,917,1614.2916666666667,33.21750264949935,1593,1704,48
