test_name,machine,compiler,core_mean,core_std,core_min,core_max,mem_mean,mem_std,mem_min,mem_max,n_hashes
control_p8.v2.sfc_intel,acorn,intel,188.8409090909091,6.415617506642946,179,212,1853.340909090909,3.3056905257461753,1848,1858,44
control_p8.v2.sfc_intel,derecho,intel,215.4318181818182,9.741777038772245,195,238,1807.7954545454545,3.2247555916367916,1798,1812,44
control_p8.v2.sfc_intel,gaeac6,intel,122.88372093023256,2.037847864848054,119,130,6338.906976744186,0.6099942813304028,6338,6342,43
control_p8.v2.sfc_intel,hera,intel,174.0,2.0,172,176,2010.6666666666667,1.154700538379268,2010,2012,3
control_p8.v2.sfc_intel,hercules,intel,189.69565217391303,39.363191811198654,147,334,43165.13043478261,279822.48718449334,1898,1899756,46
control_p8.v2.sfc_intel,orion,intel,250.55555555555554,37.0347229916832,193,363,43666.822222222225,280275.038277281,1878,1882028,45
control_p8.v2.sfc_intel,ursa,intel,172.12,128.33480447959676,127,657,2519.54,9.596364107391343,2504,2549,50
control_p8.v2.sfc_intel,wcoss2,intel,203.20833333333334,7.205076027869233,192,227,1770.3333333333333,29.90291619830959,1749,1860,48
