test_name,machine,compiler,core_mean,core_std,core_min,core_max,mem_mean,mem_std,mem_min,mem_max,n_hashes
control_c384_intel,acorn,intel,533.2093023255813,19.658462541655293,503,568,1993.1627906976744,4.765602108354185,1985,2006,43
control_c384_intel,derecho,intel,451.72727272727275,28.058380695840718,429,611,1940.1363636363637,4.294891010832031,1929,1953,44
control_c384_intel,gaeac6,intel,581.4186046511628,20.03833535304095,551,670,6338.6511627906975,0.48224282217033476,6338,6339,43
control_c384_intel,hercules,intel,461.7391304347826,48.20255169945013,402,566,45792.63043478261,296859.77585350577,2006,2015424,46
control_c384_intel,orion,intel,595.5777777777778,19.89345357019475,569,670,46208.11111111111,296702.6234574108,1968,1992320,45
control_c384_intel,ursa,intel,357.42,28.112812098430027,329,469,2070.8,14.376852143324701,2035,2096,50
control_c384_intel,wcoss2,intel,527.8958333333334,25.170262412797303,502,621,1908.2916666666667,20.836708946383805,1898,2011,48
