test_name,machine,compiler,core_mean,core_std,core_min,core_max,mem_mean,mem_std,mem_min,mem_max,n_hashes
control_p8_rrtmgp_intel,acorn,intel,254.22727272727272,8.031518250758186,242,281,1906.9318181818182,1.2831235013285889,1904,1909,44
control_p8_rrtmgp_intel,derecho,intel,272.40909090909093,14.106436238128364,250,329,1857.2272727272727,3.3747601903682565,1852,1864,44
control_p8_rrtmgp_intel,gaeac6,intel,168.3953488372093,15.48907377550492,161,261,6338.813953488372,0.39374961547930737,6338,6339,43
control_p8_rrtmgp_intel,hera,intel,233.0,,233,233,2073.0,,2073,2073,1
control_p8_rrtmgp_intel,hercules,intel,249.19565217391303,39.98089519603493,204,378,44764.97826086957,290251.62355710065,1961,1970552,46
control_p8_rrtmgp_intel,orion,intel,332.46666666666664,46.25993750732718,273,514,44772.77777777778,287337.25923815544,1915,1929456,45
control_p8_rrtmgp_intel,ursa,intel,228.48,159.3054106976628,165,789,2575.38,8.604436444684417,2559,2595,50
control_p8_rrtmgp_intel,wcoss2,intel,267.4791666666667,10.934990846941535,255,301,1821.3333333333333,23.670012749174695,1808,1912,48
