test_name,machine,compiler,core_mean,core_std,core_min,core_max,mem_mean,mem_std,mem_min,mem_max,n_hashes
control_restart_p8_intel,acorn,intel,112.4047619047619,7.457389603475575,99,128,1013.952380952381,2.1521671545425907,1010,1018,42
control_restart_p8_intel,derecho,intel,150.75,12.310186744092,136,202,970.5909090909091,0.9230430416072926,968,972,44
control_restart_p8_intel,gaeac6,intel,74.48837209302326,8.060403195112148,70,123,6338.767441860465,0.4274625743754595,6338,6339,43
control_restart_p8_intel,hercules,intel,109.52173913043478,28.59894258374271,86,193,27687.760869565216,179524.3924835452,1188,1218812,46
control_restart_p8_intel,orion,intel,137.11111111111111,33.76268934666183,107,212,25896.17777777778,166096.32227227904,1112,1115344,45
control_restart_p8_intel,ursa,intel,174.34,163.42240372977116,74,560,1871.1,36.14553914385562,1828,1966,50
control_restart_p8_intel,wcoss2,intel,124.625,8.177876226409154,115,163,920.2291666666666,14.323377088022008,914,1016,48
