test_name,machine,compiler,core_mean,core_std,core_min,core_max,mem_mean,mem_std,mem_min,mem_max,n_hashes
control_p8_atmlnd_intel,acorn,intel,209.5909090909091,18.8375159842443,191,320,1862.25,1.4487364181598006,1859,1865,44
control_p8_atmlnd_intel,gaeac6,intel,148.27906976744185,4.521512501867094,142,163,6338.883720930233,0.7305999597715367,6338,6342,43
control_p8_atmlnd_intel,hera,intel,185.0,,185,185,1844.0,,1844,1844,1
control_p8_atmlnd_intel,hercules,intel,185.3695652173913,31.656741388878277,154,301,42867.434782608696,277973.1260107832,1873,1887188,46
control_p8_atmlnd_intel,orion,intel,235.9777777777778,30.399976741086263,209,328,42999.688888888886,275984.70479323686,1848,1853220,45
control_p8_atmlnd_intel,ursa,intel,147.32,7.595487382086051,138,177,1910.58,10.5658093173506,1892,1941,50
