test_name,machine,compiler,core_mean,core_std,core_min,core_max,mem_mean,mem_std,mem_min,mem_max,n_hashes
control_stochy_debug_gnu,derecho,gnu,109.86363636363636,2.655322947913625,106,119,595.8863636363636,2.364622090765287,585,599,44
control_stochy_debug_gnu,hera,gnu,99.5,2.1213203435596424,98,101,587.0,0.0,587,587,2
control_stochy_debug_gnu,hercules,gnu,81.3913043478261,5.276691980859747,74,97,12953.869565217392,83981.24108648939,563,570160,46
control_stochy_debug_gnu,ursa,gnu,95.86,103.91421304840543,70,774,498.56,9.655621181889934,482,513,50
