test_name,machine,compiler,core_mean,core_std,core_min,core_max,mem_mean,mem_std,mem_min,mem_max,n_hashes
control_csawmg_gnu,derecho,gnu,502.70454545454544,78.18837704185799,470,1003,853.7272727272727,4.8434258314084975,849,878,44
control_csawmg_gnu,hera,gnu,502.0,,502,502,846.0,,846,846,1
control_csawmg_gnu,hercules,gnu,442.7826086956522,44.087747374968416,402,588,18900.804347826088,122543.01708536103,823,831960,46
control_csawmg_gnu,ursa,gnu,443.22,218.76306165085808,339,1162,761.02,10.735198637934797,750,795,50
