test_name,machine,compiler,core_mean,core_std,core_min,core_max,mem_mean,mem_std,mem_min,mem_max,n_hashes
control_ras_debug_intel,acorn,intel,191.21052631578948,3.258816202386331,187,198,823.0526315789474,2.4146240611583956,819,828,19
control_ras_debug_intel,derecho,intel,176.95,4.236122854935303,170,186,755.5,1.3954814298487461,753,758,20
control_ras_debug_intel,gaeac6,intel,120.95,4.211200603903332,118,138,6338.5,0.5129891760423311,6338,6339,20
control_ras_debug_intel,hera,intel,162.0,,162,162,957.0,,957,957,1
control_ras_debug_intel,hercules,intel,150.1904761904762,6.947078865386858,140,166,856.8095238095239,3.970126542303761,849,864,21
control_ras_debug_intel,orion,intel,166.7,2.1788456625132073,163,172,831.3,3.5703457004963335,824,837,20
control_ras_debug_intel,ursa,intel,158.42857142857142,98.51780114708784,117,464,1481.3809523809523,8.857066051894343,1454,1499,21
control_ras_debug_intel,wcoss2,intel,196.6,3.589458249696716,192,207,747.2,35.601005308100056,728,830,20
