test_name,machine,compiler,core_mean,core_std,core_min,core_max,mem_mean,mem_std,mem_min,mem_max,n_hashes
control_wam_intel,acorn,intel,494.65909090909093,259.5485296004564,219,772,1654.9318181818182,5.284456044580545,1645,1662,44
control_wam_intel,derecho,intel,446.95454545454544,232.77945990916496,203,698,1598.590909090909,4.255328707649631,1594,1606,44
control_wam_intel,gaeac6,intel,315.8837209302326,162.31189982228742,139,479,6338.813953488372,0.45017530730693617,6338,6340,43
control_wam_intel,hera,intel,650.5,3.5355339059327378,648,653,1787.0,5.656854249492381,1783,1791,2
control_wam_intel,hercules,intel,430.60869565217394,247.47269014408388,171,854,38091.282608695656,246931.17819277893,1674,1676452,46
control_wam_intel,orion,intel,496.3333333333333,270.1184925176357,217,794,38665.84444444445,248166.06432716452,1660,1666420,45
control_wam_intel,ursa,intel,356.8,192.17668316166873,143,752,2372.12,104.98661527906826,2256,2657,50
control_wam_intel,wcoss2,intel,488.9375,266.46706764307265,228,801,1572.5833333333333,26.402637951162134,1555,1661,48
