test_name,machine,compiler,core_mean,core_std,core_min,core_max,mem_mean,mem_std,mem_min,mem_max,n_hashes
control_p8_ugwpv1_gnu,derecho,gnu,274.4318181818182,13.873846446533387,254,328,1564.5,9.86065708457274,1543,1585,44
control_p8_ugwpv1_gnu,hera,gnu,264.25,3.201562118716419,262,269,1549.25,9.178779875342933,1536,1557,4
control_p8_ugwpv1_gnu,hercules,gnu,227.69565217391303,33.60480756956416,204,338,35339.391304347824,229209.08445458734,1519,1556116,46
control_p8_ugwpv1_gnu,ursa,gnu,248.78,145.56004301472632,179,815,1468.44,11.926920330556042,1447,1491,50
