test_name,machine,compiler,core_mean,core_std,core_min,core_max,mem_mean,mem_std,mem_min,mem_max,n_hashes
control_csawmg_debug_intel,acorn,intel,297.0,12.569805089976557,281,332,1107.8372093023256,1.837832996171262,1105,1111,43
control_csawmg_debug_intel,derecho,intel,305.70454545454544,15.636242255785342,291,387,1049.6363636363637,2.353531824883618,1045,1054,44
control_csawmg_debug_intel,gaeac6,intel,179.41860465116278,3.3892867499388712,174,193,6338.6511627906975,0.6127114185259385,6338,6341,43
control_csawmg_debug_intel,hercules,intel,283.2391304347826,30.393847902793823,214,350,26217.695652173912,169969.75688657997,1147,1153948,46
control_csawmg_debug_intel,orion,intel,308.5111111111111,27.50919038349833,255,348,26375.777777777777,169321.19957359266,1123,1136976,45
control_csawmg_debug_intel,ursa,intel,220.92,100.9153696754597,180,548,1788.94,9.86523477383362,1759,1813,50
control_csawmg_debug_intel,wcoss2,intel,300.7083333333333,6.513352352302785,293,332,1019.9791666666666,19.019015773506958,1013,1110,48
