test_name,machine,compiler,core_mean,core_std,core_min,core_max,mem_mean,mem_std,mem_min,mem_max,n_hashes
control_p8_lndp_intel,acorn,intel,301.69767441860466,8.50079795616108,289,326,1857.8372093023256,1.1938379996613226,1855,1860,43
control_p8_lndp_intel,derecho,intel,318.6818181818182,16.879563434331324,289,382,1813.6136363636363,3.4318339330104766,1809,1818,44
control_p8_lndp_intel,gaeac6,intel,197.09302325581396,4.854129089108778,189,215,6338.790697674419,0.6746476870641874,6338,6342,43
control_p8_lndp_intel,hercules,intel,301.3478260869565,47.88746873489711,242,419,43374.30434782609,281231.8291336542,1896,1909316,46
control_p8_lndp_intel,orion,intel,374.8,37.62349362735037,313,450,43865.933333333334,281603.3981878996,1873,1890940,45
control_p8_lndp_intel,ursa,intel,279.12,232.85947763947811,200,1233,2517.38,10.567354427283869,2499,2544,50
control_p8_lndp_intel,wcoss2,intel,316.9375,13.94122350319215,302,368,1771.4375,19.39281096234577,1759,1864,48
