test_name,machine,compiler,core_mean,core_std,core_min,core_max,mem_mean,mem_std,mem_min,mem_max,n_hashes
control_csawmg_intel,acorn,intel,404.07142857142856,12.8734797485465,382,435,957.7619047619048,2.093072473889128,953,961,42
control_csawmg_intel,derecho,intel,422.6136363636364,62.1023970286325,393,817,916.0681818181819,2.1823576676221337,912,920,44
control_csawmg_intel,gaeac6,intel,257.6744186046512,6.8128762202190565,247,273,6338.697674418605,0.5133866880558364,6338,6340,43
control_csawmg_intel,hercules,intel,339.9347826086956,22.57274873619176,316,421,24398.043478260868,158200.40258383338,1066,1074040,46
control_csawmg_intel,orion,intel,403.6222222222222,33.853487056115576,372,479,24154.0,155060.43890059597,1029,1041216,45
control_csawmg_intel,ursa,intel,389.56,252.9326085932692,258,1102,1778.14,67.09877276167167,1718,1991,50
control_csawmg_intel,wcoss2,intel,411.375,12.49446686048104,390,449,870.4791666666666,13.528519258711688,862,960,48
