test_name,machine,compiler,core_mean,core_std,core_min,core_max,mem_mean,mem_std,mem_min,mem_max,n_hashes
control_stochy_debug_intel,acorn,intel,216.23809523809524,11.152620874976083,202,245,815.3809523809524,2.74041461125491,810,821,42
control_stochy_debug_intel,derecho,intel,190.72727272727272,3.546132097669599,183,204,747.0909090909091,1.522210476816285,744,750,44
control_stochy_debug_intel,gaeac6,intel,132.27906976744185,2.872907780292338,129,142,6338.790697674419,0.4116250914935606,6338,6339,43
control_stochy_debug_intel,hercules,intel,165.2173913043478,9.361654752774486,151,194,19350.434782608696,125469.72343152967,845,851828,46
control_stochy_debug_intel,orion,intel,188.0,5.992419453700728,179,206,19120.68888888889,122732.58432699453,818,824140,45
control_stochy_debug_intel,ursa,intel,176.56,101.26831605558914,129,472,1479.36,6.644807701337628,1468,1497,50
control_stochy_debug_intel,wcoss2,intel,216.35416666666666,6.037082511298562,210,240,725.6041666666666,14.246671254857093,719,821,48
