test_name,machine,compiler,core_mean,core_std,core_min,core_max,mem_mean,mem_std,mem_min,mem_max,n_hashes
control_debug_p8_intel,acorn,intel,191.3953488372093,8.420891070607322,176,208,1895.8372093023256,2.4873990293757844,1891,1902,43
control_debug_p8_intel,derecho,intel,211.4090909090909,13.710152717108114,186,263,1836.3181818181818,4.333604371639762,1829,1843,44
control_debug_p8_intel,gaeac6,intel,118.76744186046511,2.6080206808112787,116,131,6338.790697674419,0.4116250914934481,6338,6339,43
control_debug_p8_intel,hercules,intel,188.47826086956522,31.85923144112744,135,249,43825.586956521736,284113.6739028217,1926,1928888,46
control_debug_p8_intel,orion,intel,211.62222222222223,39.75338115344798,161,322,44345.57777777778,284647.757287485,1904,1911388,45
control_debug_p8_intel,ursa,intel,148.1,70.7246024220363,120,485,2544.84,9.210375693106265,2528,2563,50
control_debug_p8_intel,wcoss2,intel,199.83333333333334,6.1413607658838565,192,218,1806.9791666666667,19.248088695756653,1797,1897,48
