test_name,machine,compiler,core_mean,core_std,core_min,core_max,mem_mean,mem_std,mem_min,mem_max,n_hashes
control_CubedSphereGrid_parallel_intel,acorn,intel,165.02380952380952,10.714676725346754,147,190,1576.8333333333333,3.1539109802823067,1571,1582,42
control_CubedSphereGrid_parallel_intel,derecho,intel,150.04545454545453,4.744419220734178,144,171,1520.3636363636363,1.479957716098009,1517,1522,44
control_CubedSphereGrid_parallel_intel,gaeac6,intel,106.18604651162791,12.469497668030707,100,182,6338.790697674419,0.5144641009681613,6338,6340,43
control_CubedSphereGrid_parallel_intel,hercules,intel,140.02173913043478,16.202179730496876,122,193,36841.80434782609,238887.25618162032,1610,1621832,46
control_CubedSphereGrid_parallel_intel,orion,intel,167.33333333333334,6.219470892432749,160,187,37005.666666666664,237511.63403390272,1589,1594876,45
control_CubedSphereGrid_parallel_intel,ursa,intel,212.18,198.8423321660267,98,713,2228.08,9.884723319448131,2212,2249,50
control_CubedSphereGrid_parallel_intel,wcoss2,intel,168.60416666666666,12.628471013620132,159,218,1484.1666666666667,14.643760320083677,1473,1580,48
