test_name,machine,compiler,core_mean,core_std,core_min,core_max,mem_mean,mem_std,mem_min,mem_max,n_hashes
control_c384_intel,acorn,intel,534.1951219512196,19.60002488798826,503,568,1993.0243902439024,4.819169040810119,1985,2006,41
control_c384_intel,derecho,intel,453.25,27.917757123212773,430,611,1940.1136363636363,4.357382984010531,1929,1953,44
control_c384_intel,gaeac6,intel,582.0697674418604,19.996898984398783,551,670,6338.627906976744,0.48908348756353603,6338,6339,43
control_c384_intel,hercules,intel,459.8478260869565,46.0270294458976,402,566,45794.52173913043,296859.4908413922,2006,2015424,46
control_c384_intel,orion,intel,597.0222222222222,19.093655406120487,569,670,46208.666666666664,296702.53877916187,1968,1992320,45
control_c384_intel,ursa,intel,357.12,27.805916269596956,329,469,2070.16,14.170046015508637,2035,2096,50
control_c384_intel,wcoss2,intel,528.4166666666666,25.841442332887894,502,621,1904.1875,3.7168749742851923,1898,1913,48
