test_name,machine,compiler,core_mean,core_std,core_min,core_max,mem_mean,mem_std,mem_min,mem_max,n_hashes
control_c192_intel,acorn,intel,434.3777777777778,10.852919357751563,417,461,1702.9333333333334,1.697591877283344,1700,1708,45
control_c192_intel,derecho,intel,389.02222222222224,7.679633303535245,376,405,1653.1333333333334,5.643177699262507,1639,1658,45
control_c192_intel,gaeac6,intel,286.02272727272725,16.064533572458128,276,373,6338.590909090909,0.49735027281474603,6338,6339,44
control_c192_intel,hera,intel,414.2,4.438468204234432,411,422,1919.0,2.3452078799117086,1917,1922,5
control_c192_intel,hercules,intel,405.9574468085106,73.16834592577186,358,819,40728.12765957447,266745.75166191306,1806,1830536,47
control_c192_intel,orion,intel,474.82608695652175,7.964656225617708,464,499,40383.69565217391,261800.3947923234,1769,1777400,46
control_c192_intel,ursa,intel,295.58,15.120050210477027,278,343,1825.78,32.81319421034335,1796,1973,50
control_c192_intel,wcoss2,intel,442.1020408163265,12.280141316300009,427,496,1625.469387755102,32.64525363715241,1603,1710,49
