test_name,machine,compiler,core_mean,core_std,core_min,core_max,mem_mean,mem_std,mem_min,mem_max,n_hashes
control_p8_ugwpv1_tempo_aerosol_intel,acorn,intel,191.02380952380952,9.013507736665662,178,213,1883.8095238095239,1.3657499545830154,1882,1887,42
control_p8_ugwpv1_tempo_aerosol_intel,derecho,intel,236.27272727272728,107.38484662843382,195,927,1861.3181818181818,121.23526479195505,1832,2411,44
control_p8_ugwpv1_tempo_aerosol_intel,gaeac6,intel,122.46511627906976,2.9305357645163848,117,135,6338.7441860465115,0.4414814484488632,6338,6339,43
control_p8_ugwpv1_tempo_aerosol_intel,hercules,intel,200.2826086956522,47.98687924537441,148,377,44142.217391304344,286053.04964047903,1928,1942072,46
control_p8_ugwpv1_tempo_aerosol_intel,orion,intel,249.42222222222222,33.246660043384864,184,347,44444.4,285099.8521672554,1908,1914452,45
control_p8_ugwpv1_tempo_aerosol_intel,ursa,intel,172.16,113.57499724851415,124,573,2569.24,112.39481431860763,2529,3115,50
control_p8_ugwpv1_tempo_aerosol_intel,wcoss2,intel,204.75,14.8732231193325,190,254,1815.9375,119.27162032475962,1781,2385,48
