test_name,machine,compiler,core_mean,core_std,core_min,core_max,mem_mean,mem_std,mem_min,mem_max,n_hashes
control_csawmg_gnu,derecho,gnu,503.4318181818182,78.06568424783359,470,1003,853.8863636363636,5.375291918912932,844,878,44
control_csawmg_gnu,hercules,gnu,445.7826086956522,43.810659810638285,405,588,18901.021739130436,122542.98435868474,823,831960,46
control_csawmg_gnu,ursa,gnu,441.98,219.02049945992147,339,1162,761.72,10.793119501396658,750,795,50
