test_name,machine,compiler,core_mean,core_std,core_min,core_max,mem_mean,mem_std,mem_min,mem_max,n_hashes
control_restart_p8_intel,acorn,intel,112.5609756097561,7.480136297180038,99,128,1013.9512195121952,2.1788898493521787,1010,1018,41
control_restart_p8_intel,derecho,intel,150.70454545454547,12.350651137066166,136,202,970.5909090909091,0.9230430416072614,968,972,44
control_restart_p8_intel,gaeac6,intel,74.44186046511628,8.069054129914797,70,123,6338.790697674419,0.4116250914931585,6338,6339,43
control_restart_p8_intel,hercules,intel,108.91304347826087,28.798785535316917,86,193,27688.478260869564,179524.28440356095,1188,1218812,46
control_restart_p8_intel,orion,intel,135.46666666666667,33.275434564473315,107,212,25896.955555555556,166096.20365988274,1113,1115344,45
control_restart_p8_intel,ursa,intel,174.38,163.3978355213472,74,560,1871.56,35.91325149096171,1828,1966,50
control_restart_p8_intel,wcoss2,intel,124.33333333333333,7.97424933660025,115,163,918.2083333333334,2.4229253756330693,914,924,48
