test_name,machine,compiler,core_mean,core_std,core_min,core_max,mem_mean,mem_std,mem_min,mem_max,n_hashes
control_wam_intel,acorn,intel,476.1162790697674,258.6639858693611,219,772,1655.2558139534883,5.223996933820182,1645,1662,43
control_wam_intel,derecho,intel,433.90909090909093,231.2410217673143,203,698,1598.8863636363637,4.383987295702402,1594,1607,44
control_wam_intel,gaeac6,intel,301.04651162790697,163.05563664683118,139,479,6338.976744186047,0.8014383525890739,6338,6342,43
control_wam_intel,hercules,intel,410.80434782608694,248.5000889394178,171,854,38091.54347826087,246931.13887467192,1674,1676452,46
control_wam_intel,orion,intel,472.73333333333335,269.98841725997335,217,794,38665.933333333334,248166.0507777184,1660,1666420,45
control_wam_intel,ursa,intel,355.18,200.02170188379506,143,752,2371.48,108.0716391273559,2256,2657,50
control_wam_intel,wcoss2,intel,467.3541666666667,264.9460394345549,228,801,1568.6666666666667,19.033378668699413,1555,1658,48
