test_name,machine,compiler,core_mean,core_std,core_min,core_max,mem_mean,mem_std,mem_min,mem_max,n_hashes
control_p8.v2.sfc_intel,acorn,intel,189.13953488372093,6.482876328667829,179,212,1853.093023255814,3.315288922900025,1848,1858,43
control_p8.v2.sfc_intel,derecho,intel,222.36363636363637,42.28534899888751,195,489,1807.1363636363637,3.788543986693519,1798,1812,44
control_p8.v2.sfc_intel,gaeac6,intel,123.09302325581395,1.9495292898100414,119,130,6338.906976744186,0.6099942813304512,6338,6342,43
control_p8.v2.sfc_intel,hercules,intel,191.2826086956522,40.39728431107895,147,334,43165.760869565216,279822.3921675386,1898,1899756,46
control_p8.v2.sfc_intel,orion,intel,251.0222222222222,37.62644674892243,193,363,43667.28888888889,280274.9671322482,1878,1882028,45
control_p8.v2.sfc_intel,ursa,intel,172.04,128.3561626482964,127,657,2519.88,9.832557331308506,2504,2549,50
control_p8.v2.sfc_intel,wcoss2,intel,203.02083333333334,7.027270840162128,192,227,1764.0208333333333,19.36380653554726,1749,1858,48
