test_name,machine,compiler,core_mean,core_std,core_min,core_max,mem_mean,mem_std,mem_min,mem_max,n_hashes
control_flake_intel,acorn,intel,237.0,2.0,235,239,682.0,1.7320508075688772,680,683,3
control_flake_intel,derecho,intel,218.66666666666666,3.055050463303897,216,222,626.0,0.0,626,626,3
control_flake_intel,gaeac6,intel,154.33333333333334,1.1547005383792495,153,155,6338.333333333333,0.5773502691897571,6338,6339,3
control_flake_intel,hera,intel,200.33333333333334,9.237604307034013,195,211,827.6666666666666,3.214550253664302,824,830,3
control_flake_intel,hercules,intel,174.0,4.58257569495584,170,179,725.0,2.0,723,727,3
control_flake_intel,orion,intel,223.66666666666666,1.5275252316519428,222,225,699.0,4.0,695,703,3
control_flake_intel,ursa,intel,179.0,48.590122453025366,148,235,1341.6666666666667,6.027713773341735,1336,1348,3
control_flake_intel,wcoss2,intel,244.33333333333334,1.5275252316519428,243,246,685.0,0.0,685,685,3
