test_name,machine,compiler,core_mean,core_std,core_min,core_max,mem_mean,mem_std,mem_min,mem_max,n_hashes
control_c48.v2.sfc_intel,acorn,intel,347.9555555555556,7.131733040546028,331,362,719.0666666666667,1.7241598744685016,715,723,45
control_c48.v2.sfc_intel,derecho,intel,309.31111111111113,2.284555081233969,306,313,679.2222222222222,3.3227103455467177,674,683,45
control_c48.v2.sfc_intel,gaeac6,intel,246.95454545454547,3.4503423858048,243,264,6337.5,0.6988362419217269,6336,6338,44
control_c48.v2.sfc_intel,hera,intel,378.2,9.959919678390982,373,396,847.2,3.7682887362833406,843,853,5
control_c48.v2.sfc_intel,hercules,intel,328.9574468085106,7.731801766528384,320,359,18715.574468085106,122545.18755274205,829,840968,47
control_c48.v2.sfc_intel,orion,intel,479.9347826086956,21.80458888900127,471,623,19198.32608695652,124511.7734427917,825,845320,46
control_c48.v2.sfc_intel,ursa,intel,273.22,97.7636237178685,235,654,801.86,2.842893036384952,792,808,50
control_c48.v2.sfc_intel,wcoss2,intel,339.61224489795916,6.9546636826503585,331,363,724.734693877551,1.5107325789729067,722,728,49
