test_name,machine,compiler,core_mean,core_std,core_min,core_max,mem_mean,mem_std,mem_min,mem_max,n_hashes
control_debug_p8_gnu,derecho,gnu,151.29545454545453,10.033848633163382,134,177,1550.2727272727273,10.908421402993437,1525,1573,44
control_debug_p8_gnu,hera,gnu,98.75,3.5939764421413054,96,104,1531.5,8.103497187428802,1520,1539,4
control_debug_p8_gnu,hercules,gnu,108.34782608695652,37.128735437247016,76,218,34777.67391304348,225507.69838015176,1507,1530996,46
control_debug_p8_gnu,ursa,gnu,94.82,32.0265769737114,78,208,1452.14,13.593230608186799,1422,1476,50
