test_name,machine,compiler,core_mean,core_std,core_min,core_max,mem_mean,mem_std,mem_min,mem_max,n_hashes
control_p8_ugwpv1_intel,acorn,intel,179.54545454545453,6.828308195434605,168,196,1856.659090909091,1.3284574341446025,1853,1860,44
control_p8_ugwpv1_intel,derecho,intel,207.38636363636363,14.010321625528084,192,247,1813.409090909091,4.001849466725986,1806,1818,44
control_p8_ugwpv1_intel,gaeac6,intel,116.20930232558139,2.376052544060699,112,123,6338.860465116279,0.5155392622265245,6338,6341,43
control_p8_ugwpv1_intel,hera,intel,161.66666666666666,1.5275252316519428,160,163,2016.0,4.58257569495584,2012,2021,3
control_p8_ugwpv1_intel,hercules,intel,191.0,51.556226049279864,140,404,43281.608695652176,280606.1509897203,1898,1905072,46
control_p8_ugwpv1_intel,orion,intel,236.48888888888888,31.770928837412345,180,305,43671.333333333336,280295.0849703673,1879,1882164,45
control_p8_ugwpv1_intel,ursa,intel,213.2,183.25325400123407,120,696,2514.06,10.945896631214163,2500,2548,50
control_p8_ugwpv1_intel,wcoss2,intel,192.60416666666666,9.092291763001567,181,224,1775.6875,30.26911651987251,1757,1866,48
