test_name,machine,compiler,core_mean,core_std,core_min,core_max,mem_mean,mem_std,mem_min,mem_max,n_hashes
control_diag_debug_gnu,derecho,gnu,110.04545454545455,9.235811356696852,104,166,1385.0454545454545,1.6699052396809375,1382,1388,44
control_diag_debug_gnu,hera,gnu,92.0,0.0,92,92,1367.0,1.4142135623730951,1366,1368,2
control_diag_debug_gnu,hercules,gnu,77.06521739130434,4.9817541485038435,71,90,30916.760869565216,200443.96135979804,1355,1360840,46
control_diag_debug_gnu,ursa,gnu,109.22,128.324889023358,75,962,1287.76,10.132912630006382,1279,1302,50
