test_name,machine,compiler,core_mean,core_std,core_min,core_max,mem_mean,mem_std,mem_min,mem_max,n_hashes
control_c48.v2.sfc_intel,acorn,intel,347.90909090909093,7.207290178178849,331,362,719.0681818181819,1.7440627158651725,715,723,44
control_c48.v2.sfc_intel,derecho,intel,309.34090909090907,2.3021040105226134,306,313,679.1818181818181,3.3499234789782455,674,683,44
control_c48.v2.sfc_intel,gaeac6,intel,246.93023255813952,3.4873605030111703,243,264,6337.511627906977,0.7027867326462797,6336,6338,43
control_c48.v2.sfc_intel,hera,intel,379.25,11.176612486199321,373,396,845.75,2.217355782608339,843,848,4
control_c48.v2.sfc_intel,hercules,intel,329.1521739130435,7.699833739343097,320,359,19104.260869565216,123870.02407693044,829,840968,46
control_c48.v2.sfc_intel,orion,intel,480.0888888888889,22.025627864564566,471,623,19606.6,125887.58823547879,825,845320,45
control_c48.v2.sfc_intel,ursa,intel,273.16,97.78158918566147,235,654,801.82,2.84059493624784,792,808,50
control_c48.v2.sfc_intel,wcoss2,intel,339.4375,6.918695763207837,331,363,724.75,1.5228752201576692,722,728,48
