test_name,machine,compiler,core_mean,core_std,core_min,core_max,mem_mean,mem_std,mem_min,mem_max,n_hashes
control_diag_debug_gnu,derecho,gnu,110.0,9.245992217875981,104,166,1385.2045454545455,1.5932932904878754,1382,1388,44
control_diag_debug_gnu,hercules,gnu,77.3913043478261,5.022076865067612,71,90,30916.260869565216,200444.0367213014,1355,1360840,46
control_diag_debug_gnu,ursa,gnu,109.08,128.35789251708903,75,962,1288.58,10.384623640906309,1279,1302,50
