test_name,machine,compiler,core_mean,core_std,core_min,core_max,mem_mean,mem_std,mem_min,mem_max,n_hashes
control_ras_gnu,derecho,gnu,239.5909090909091,3.1571399189032667,236,248,614.9545454545455,1.9390049664042517,612,618,22
control_ras_gnu,hera,gnu,287.3333333333333,3.5118845842842537,284,291,606.0,1.0,605,607,3
control_ras_gnu,hercules,gnu,234.04347826086956,24.31325538367454,221,305,593.7391304347826,4.9837681190071095,589,613,23
control_ras_gnu,ursa,gnu,255.08695652173913,179.80997875117507,187,842,514.8695652173913,5.319811580960082,511,539,23
