test_name,machine,compiler,core_mean,core_std,core_min,core_max,mem_mean,mem_std,mem_min,mem_max,n_hashes
control_p8_ugwpv1_tempo_aerosol_intel,acorn,intel,190.46666666666667,9.05438115951709,178,213,1883.9555555555555,1.3644105546412393,1882,1887,45
control_p8_ugwpv1_tempo_aerosol_intel,derecho,intel,217.2,13.195384868134084,195,264,1834.911111111111,1.5048742354916584,1832,1838,45
control_p8_ugwpv1_tempo_aerosol_intel,gaeac6,intel,122.1590909090909,2.718953131460386,117,132,6338.75,0.4380187953917054,6338,6339,44
control_p8_ugwpv1_tempo_aerosol_intel,hera,intel,169.4,1.341640786499874,168,171,2044.2,2.2803508501982983,2042,2048,5
control_p8_ugwpv1_tempo_aerosol_intel,hercules,intel,197.40425531914894,48.42639397758752,147,377,43218.21276595745,282997.5152998111,1924,1942072,47
control_p8_ugwpv1_tempo_aerosol_intel,orion,intel,244.6304347826087,34.91790925117697,184,347,43493.80434782609,281987.90820519,1908,1914452,46
control_p8_ugwpv1_tempo_aerosol_intel,ursa,intel,171.68,113.73966694489084,124,573,2546.1,9.001700519618419,2529,2566,50
control_p8_ugwpv1_tempo_aerosol_intel,wcoss2,intel,203.85714285714286,13.7583308096101,190,254,1802.5714285714287,31.823078627520324,1782,1883,49
