test_name,machine,compiler,core_mean,core_std,core_min,core_max,mem_mean,mem_std,mem_min,mem_max,n_hashes
control_c384gdas_intel,acorn,intel,597.0,23.604699069927076,568,638,1134.5333333333333,5.203145901541448,1128,1148,45
control_c384gdas_intel,derecho,intel,511.64444444444445,14.775833395286151,494,577,1120.2888888888888,4.580701723844131,1115,1132,45
control_c384gdas_intel,gaeac6,intel,644.9772727272727,32.590830952224124,625,823,6338.636363636364,0.6850873001882639,6338,6340,44
control_c384gdas_intel,hera,intel,505.0,7.03562363973514,497,514,1364.2,11.278297743897351,1347,1374,5
control_c384gdas_intel,hercules,intel,507.3829787234043,45.36017847114713,455,626,33045.10638297872,216368.46771605327,1457,1484832,47
control_c384gdas_intel,orion,intel,666.6521739130435,50.40203584570079,630,889,29568.391304347828,191707.77326852665,1290,1301528,46
control_c384gdas_intel,ursa,intel,407.78,41.28857627252659,369,573,1887.88,23.5550939072548,1794,1937,50
control_c384gdas_intel,wcoss2,intel,586.9183673469388,19.9246881350477,555,656,1053.0816326530612,34.656551049004364,1029,1142,49
