test_name,machine,compiler,core_mean,core_std,core_min,core_max,mem_mean,mem_std,mem_min,mem_max,n_hashes
control_debug_p8_gnu,derecho,gnu,151.22727272727272,11.933660886603418,108,177,356275.20454545453,2352971.8671672214,1536,15609401,44
control_debug_p8_gnu,hercules,gnu,111.41304347826087,37.65018877742641,77,218,34775.0,225508.10137317315,1502,1530996,46
control_debug_p8_gnu,ursa,gnu,94.38,33.01878871435573,77,208,1453.54,13.085605114953289,1431,1478,50
