test_name,machine,compiler,core_mean,core_std,core_min,core_max,mem_mean,mem_std,mem_min,mem_max,n_hashes
control_p8_rrtmgp_intel,acorn,intel,254.37209302325581,8.068230630996478,242,281,1906.953488372093,1.2901363599412765,1904,1909,43
control_p8_rrtmgp_intel,derecho,intel,272.45454545454544,14.105012378838554,250,329,1857.409090909091,3.301290669506043,1852,1864,44
control_p8_rrtmgp_intel,gaeac6,intel,168.46511627906978,15.461702051950821,162,261,6338.790697674419,0.4116250914933546,6338,6339,43
control_p8_rrtmgp_intel,hercules,intel,250.67391304347825,40.99108539823756,204,378,44764.86956521739,290251.6399395998,1961,1970552,46
control_p8_rrtmgp_intel,orion,intel,332.5777777777778,46.12950588431784,273,514,44772.6,287337.28634262807,1915,1929456,45
control_p8_rrtmgp_intel,ursa,intel,228.32,159.3550060687887,165,789,2575.6,8.49969987465344,2559,2595,50
control_p8_rrtmgp_intel,wcoss2,intel,267.6041666666667,10.928665378277207,255,301,1819.2916666666667,19.65766412535455,1808,1912,48
