test_name,machine,compiler,core_mean,core_std,core_min,core_max,mem_mean,mem_std,mem_min,mem_max,n_hashes
control_p8_ugwpv1_tempo_aerosol_hail_intel,acorn,intel,147.5,8.076614842684618,136,170,2430.190476190476,1.2923432157225976,2426,2432,42
control_p8_ugwpv1_tempo_aerosol_hail_intel,derecho,intel,188.5952380952381,19.44480559368168,155,242,2391.4523809523807,6.216431338239371,2366,2398,42
control_p8_ugwpv1_tempo_aerosol_hail_intel,gaeac6,intel,95.14285714285714,5.532923315763417,89,124,6338.880952380952,0.3277700675615979,6338,6339,42
control_p8_ugwpv1_tempo_aerosol_hail_intel,hercules,intel,141.79545454545453,39.808599950527544,98,295,57411.65909090909,364678.8375675579,2418,2421440,44
control_p8_ugwpv1_tempo_aerosol_hail_intel,orion,intel,181.02325581395348,34.166600491522225,125,246,58089.6976744186,365134.7740465505,2386,2396756,43
control_p8_ugwpv1_tempo_aerosol_hail_intel,ursa,intel,120.0,9.339741389929872,104,140,2419.6296296296296,20.919531080470776,2384,2462,27
control_p8_ugwpv1_tempo_aerosol_hail_intel,wcoss2,intel,151.7173913043478,8.376323891324116,142,176,2352.413043478261,12.774238115061486,2333,2424,46
