test_name,machine,compiler,core_mean,core_std,core_min,core_max,mem_mean,mem_std,mem_min,mem_max,n_hashes
control_wam_debug_gnu,derecho,gnu,379.24444444444447,8.008959629279856,364,418,1403.5111111111112,0.8426749136536437,1402,1405,45
control_wam_debug_gnu,hera,gnu,389.0,4.636809247747858,383,395,1398.4,2.7018512172212956,1395,1402,5
control_wam_debug_gnu,hercules,gnu,329.21276595744683,22.1250754557424,290,408,30767.212765957447,201462.7680124993,1374,1382540,47
control_wam_debug_gnu,ursa,gnu,306.32,98.68139621622544,269,735,1310.32,8.505556407191364,1303,1326,50
