test_name,machine,compiler,core_mean,core_std,core_min,core_max,mem_mean,mem_std,mem_min,mem_max,n_hashes
control_c384_intel,acorn,intel,531.5111111111111,19.400822642143726,503,568,1993.6666666666667,4.824181513244195,1985,2006,45
control_c384_intel,derecho,intel,445.97777777777776,13.357818427097765,429,494,1940.1777777777777,4.881732595228156,1929,1955,45
control_c384_intel,gaeac6,intel,578.1363636363636,19.839578611769948,551,670,6338.681818181818,0.5181688363048529,6338,6340,44
control_c384_intel,hera,intel,464.6,7.924645102463576,457,474,2000.8,4.549725266430932,1996,2006,5
control_c384_intel,hercules,intel,459.8936170212766,49.65324720873629,396,566,44858.46808510638,293685.14502142323,2006,2015424,47
control_c384_intel,orion,intel,592.4130434782609,20.604828007000368,569,670,45247.391304347824,293459.7542165973,1968,1992320,46
control_c384_intel,ursa,intel,356.56,28.075088819893324,329,469,2071.62,14.439020261861556,2035,2096,50
control_c384_intel,wcoss2,intel,527.8163265306123,25.003061037090838,502,621,1918.3265306122448,35.375007511837886,1898,2011,49
