test_name,machine,compiler,core_mean,core_std,core_min,core_max,mem_mean,mem_std,mem_min,mem_max,n_hashes
control_ras_debug_gnu,derecho,gnu,102.82608695652173,3.024929359250971,99,109,601.7391304347826,3.1074308491442584,593,606,23
control_ras_debug_gnu,hera,gnu,90.0,0.816496580927726,89,91,590.75,1.707825127659947,589,593,4
control_ras_debug_gnu,hercules,gnu,75.75,7.752979791807396,68,95,580.2916666666666,2.6289221905674416,576,585,24
control_ras_debug_gnu,ursa,gnu,66.625,1.4688800821211305,65,71,499.875,0.3378319623460931,499,500,24
