test_name,machine,compiler,core_mean,core_std,core_min,core_max,mem_mean,mem_std,mem_min,mem_max,n_hashes
control_lndp_debug_intel,acorn,intel,199.04761904761904,11.416616860272674,182,232,817.0714285714286,2.393006651941663,813,822,42
control_lndp_debug_intel,derecho,intel,174.1590909090909,3.049538141303395,170,183,748.7727272727273,2.1443667289146857,744,752,44
control_lndp_debug_intel,gaeac6,intel,119.48837209302326,2.4139682112482235,115,129,6338.720930232558,0.4538502687507514,6338,6339,43
control_lndp_debug_intel,hercules,intel,149.34782608695653,11.290541550449019,136,196,19205.043478260868,124491.46899410087,842,845192,46
control_lndp_debug_intel,orion,intel,170.04444444444445,7.061275816848985,161,191,19095.4,122562.63640266853,817,823000,45
control_lndp_debug_intel,ursa,intel,170.92,113.31459548981505,115,522,1473.96,7.925572148277427,1440,1491,50
control_lndp_debug_intel,wcoss2,intel,195.70833333333334,3.6956462788583693,191,211,727.3333333333334,14.512406040282022,722,825,48
