test_name,machine,compiler,core_mean,core_std,core_min,core_max,mem_mean,mem_std,mem_min,mem_max,n_hashes
control_lndp_debug_intel,acorn,intel,198.29545454545453,11.211662419426835,182,232,817.0,2.401549887148937,813,822,44
control_lndp_debug_intel,derecho,intel,174.04545454545453,3.0572410837873627,170,183,749.0909090909091,1.827670799045314,745,752,44
control_lndp_debug_intel,gaeac6,intel,119.51162790697674,2.3540450801126678,116,129,6338.674418604651,0.4741373235154032,6338,6339,43
control_lndp_debug_intel,hera,intel,164.0,2.7080128015453173,162,168,950.5,3.415650255319869,946,954,4
control_lndp_debug_intel,hercules,intel,146.58695652173913,7.076019241719085,136,170,19203.956521739132,124491.63279334728,842,845192,46
control_lndp_debug_intel,orion,intel,169.73333333333332,7.117200675444352,161,191,19094.68888888889,122562.74481275852,817,823000,45
control_lndp_debug_intel,ursa,intel,163.64,105.54905233577227,115,522,1473.74,7.558776490994901,1440,1491,50
control_lndp_debug_intel,wcoss2,intel,196.04166666666666,3.880986567560963,191,211,737.3541666666666,32.388262638455856,722,825,48
