test_name,machine,compiler,core_mean,core_std,core_min,core_max,mem_mean,mem_std,mem_min,mem_max,n_hashes
control_wrtGauss_netcdf_parallel_debug_intel,acorn,intel,171.79545454545453,10.226685442381624,160,208,1613.6363636363637,3.118518648712837,1608,1619,44
control_wrtGauss_netcdf_parallel_debug_intel,derecho,intel,150.4318181818182,3.6370044361395695,145,167,1547.5227272727273,5.0045961961661165,1537,1554,44
control_wrtGauss_netcdf_parallel_debug_intel,gaeac6,intel,102.86046511627907,3.9736117393004746,99,118,6338.837209302325,0.37354368381889513,6338,6339,43
control_wrtGauss_netcdf_parallel_debug_intel,hera,intel,139.66666666666666,7.234178138070239,135,148,1746.0,1.0,1745,1747,3
control_wrtGauss_netcdf_parallel_debug_intel,hercules,intel,127.06521739130434,22.727762928398132,114,272,37362.913043478264,242271.6224692007,1632,1644808,46
control_wrtGauss_netcdf_parallel_debug_intel,orion,intel,145.6888888888889,7.47973693698278,137,167,37568.13333333333,241142.835666446,1608,1619256,45
control_wrtGauss_netcdf_parallel_debug_intel,ursa,intel,141.42,91.64151318466708,98,424,2254.74,10.334823241283246,2232,2284,50
control_wrtGauss_netcdf_parallel_debug_intel,wcoss2,intel,169.08333333333334,5.6974549500458025,163,194,1530.6666666666667,30.548415241365255,1515,1621,48
