test_name,machine,compiler,core_mean,core_std,core_min,core_max,mem_mean,mem_std,mem_min,mem_max,n_hashes
control_p8_ugwpv1_tempo_aerosol_intel,acorn,intel,190.63636363636363,8.967877841550516,178,213,1883.8636363636363,1.3908489810001556,1882,1887,44
control_p8_ugwpv1_tempo_aerosol_intel,derecho,intel,218.29545454545453,13.16899025892822,195,264,1835.0681818181818,1.4690247876188123,1832,1838,44
control_p8_ugwpv1_tempo_aerosol_intel,gaeac6,intel,121.97674418604652,2.241262102912889,117,128,6338.7441860465115,0.4414814484488496,6338,6339,43
control_p8_ugwpv1_tempo_aerosol_intel,hera,intel,169.0,1.4142135623730951,168,170,2042.5,0.7071067811865476,2042,2043,2
control_p8_ugwpv1_tempo_aerosol_intel,hercules,intel,198.6086956521739,48.21916551232833,148,377,44116.065217391304,286056.9654492228,1924,1942072,46
control_p8_ugwpv1_tempo_aerosol_intel,orion,intel,246.93333333333334,33.3326212045143,184,347,44418.02222222222,285103.8473920502,1908,1914452,45
control_p8_ugwpv1_tempo_aerosol_intel,ursa,intel,171.68,113.7362577480489,124,573,2546.64,9.195739918737369,2529,2566,50
control_p8_ugwpv1_tempo_aerosol_intel,wcoss2,intel,204.20833333333334,14.139063638281565,190,254,1797.0625,24.65369183867985,1782,1879,48
