test_name,machine,compiler,core_mean,core_std,core_min,core_max,mem_mean,mem_std,mem_min,mem_max,n_hashes
control_c384_intel,acorn,intel,531.7727272727273,19.544658029888446,503,568,1993.7272727272727,4.862593988395784,1985,2006,44
control_c384_intel,derecho,intel,445.95454545454544,13.511329518962164,429,494,1940.25,4.913791696562771,1929,1955,44
control_c384_intel,gaeac6,intel,578.3720930232558,20.011928889937163,551,670,6338.674418604651,0.5219437222243624,6338,6340,43
control_c384_intel,hera,intel,462.75,7.804912982645397,457,474,1999.5,4.041451884327371,1996,2005,4
control_c384_intel,hercules,intel,461.2826086956522,49.270077934890104,398,566,45790.04347826087,296860.16567333194,2006,2015424,46
control_c384_intel,orion,intel,592.8666666666667,20.604059617640207,569,670,46209.02222222222,296702.48455822247,1968,1992320,45
control_c384_intel,ursa,intel,356.7,28.008198508177376,329,469,2071.66,14.468276345445018,2035,2096,50
control_c384_intel,wcoss2,intel,527.625,25.23137611042117,502,621,1916.6458333333333,33.71437573507295,1898,2011,48
