test_name,machine,compiler,core_mean,core_std,core_min,core_max,mem_mean,mem_std,mem_min,mem_max,n_hashes
control_c48_gnu,derecho,gnu,434.9318181818182,3.7003942421813174,430,443,1510.0,1.2575354264739993,1508,1516,44
control_c48_gnu,hercules,gnu,475.3478260869565,16.266143968793784,462,568,35894.63043478261,232588.91124751588,1579,1579096,46
control_c48_gnu,ursa,gnu,552.58,441.0959028490336,345,1790,1508.1,1.5811388300841693,1501,1514,50
