test_name,machine,compiler,core_mean,core_std,core_min,core_max,mem_mean,mem_std,mem_min,mem_max,n_hashes
control_debug_p8_intel,acorn,intel,191.0909090909091,8.352184456825988,176,208,1896.0,2.5517891580177725,1891,1902,44
control_debug_p8_intel,derecho,intel,209.9318181818182,11.10708495295773,186,244,1836.6136363636363,4.410431129539856,1829,1843,44
control_debug_p8_intel,gaeac6,intel,118.69767441860465,2.6773733016213432,115,131,6338.790697674419,0.4116250914933712,6338,6339,43
control_debug_p8_intel,hera,intel,160.0,0.0,160,160,2041.0,4.242640687119285,2038,2044,2
control_debug_p8_intel,hercules,intel,185.3913043478261,32.729516587304595,135,249,43825.434782608696,284113.69683410216,1926,1928888,46
control_debug_p8_intel,orion,intel,211.0888888888889,40.38441543592046,161,322,44345.62222222222,284647.7505120295,1904,1911388,45
control_debug_p8_intel,ursa,intel,148.5,70.6524260455538,120,485,2544.74,9.158045420195704,2528,2563,50
control_debug_p8_intel,wcoss2,intel,199.52083333333334,6.164378049534979,192,218,1811.0,26.166406919251052,1797,1897,48
