test_name,machine,compiler,core_mean,core_std,core_min,core_max,mem_mean,mem_std,mem_min,mem_max,n_hashes
control_stochy_intel,acorn,intel,119.41463414634147,8.890938110672288,105,140,632.8048780487804,2.7948122673546827,627,638,41
control_stochy_intel,derecho,intel,107.9090909090909,3.4628807863367936,104,124,578.8636363636364,1.8500899926685437,576,582,44
control_stochy_intel,gaeac6,intel,77.53488372093024,4.101967223809189,74,97,6338.7441860465115,0.4414814484490672,6338,6339,43
control_stochy_intel,hercules,intel,94.34782608695652,7.630981854124081,84,116,15334.173913043478,99391.85467102854,671,674788,46
control_stochy_intel,orion,intel,113.42222222222222,4.8076118097379,109,127,15130.91111111111,97096.53940627202,635,652000,45
control_stochy_intel,ursa,intel,228.1,205.91778129404275,68,583,1306.7,15.133757373662966,1291,1365,50
control_stochy_intel,wcoss2,intel,117.97916666666667,6.580078196952844,110,142,542.0208333333334,3.605489805503359,537,550,48
