test_name,machine,compiler,core_mean,core_std,core_min,core_max,mem_mean,mem_std,mem_min,mem_max,n_hashes
control_c192_intel,acorn,intel,434.34090909090907,10.952207342173638,417,461,1702.9545454545455,1.7111745653891601,1700,1708,44
control_c192_intel,derecho,intel,389.3181818181818,7.811061706927499,376,405,1652.7272727272727,5.958631169342742,1639,1658,44
control_c192_intel,gaeac6,intel,286.4651162790698,16.138314122740713,276,373,6338.581395348837,0.49916874422980906,6338,6339,43
control_c192_intel,hera,intel,412.0,1.4142135623730951,411,413,1920.0,2.8284271247461903,1918,1922,2
control_c192_intel,hercules,intel,407.8695652173913,73.17577276535428,359,819,41574.47826086957,269629.4971168761,1806,1830536,46
control_c192_intel,orion,intel,475.5111111111111,7.855577700595972,464,499,41241.26666666667,264693.33740768424,1769,1777400,45
control_c192_intel,ursa,intel,295.28,15.052344044184288,278,343,1825.6,32.78003374380354,1796,1973,50
control_c192_intel,wcoss2,intel,442.5208333333333,12.407941148558836,427,496,1619.7916666666667,25.34775858430536,1603,1707,48
