test_name,machine,compiler,core_mean,core_std,core_min,core_max,mem_mean,mem_std,mem_min,mem_max,n_hashes
control_p8_gnu,derecho,gnu,278.5681818181818,10.931919823889174,258,304,1553.8181818181818,9.321824173393399,1528,1574,44
control_p8_gnu,hercules,gnu,239.19565217391303,38.267839450795805,206,352,34885.108695652176,226223.39468471604,1503,1535852,46
control_p8_gnu,ursa,gnu,267.6,178.68978934546465,181,980,1462.38,15.388691846115114,1426,1494,50
