test_name,machine,compiler,core_mean,core_std,core_min,core_max,mem_mean,mem_std,mem_min,mem_max,n_hashes
control_csawmg_gnu,derecho,gnu,502.22727272727275,78.25119469668672,470,1003,853.6590909090909,4.874915297144566,849,878,44
control_csawmg_gnu,hera,gnu,506.0,5.291502622129181,502,512,845.0,1.0,844,846,3
control_csawmg_gnu,hercules,gnu,441.82608695652175,44.49534524860179,402,588,18901.391304347828,122542.928638358,823,831960,46
control_csawmg_gnu,ursa,gnu,429.72,203.08870485779443,337,1162,760.38,10.777698061747943,750,795,50
