test_name,machine,compiler,core_mean,core_std,core_min,core_max,mem_mean,mem_std,mem_min,mem_max,n_hashes
control_csawmg_debug_intel,acorn,intel,296.8863636363636,12.295236190532238,281,332,1107.8181818181818,1.8834990603553263,1105,1111,44
control_csawmg_debug_intel,derecho,intel,302.97727272727275,9.701327256027461,286,330,1049.4318181818182,2.2762446354888697,1045,1054,44
control_csawmg_debug_intel,gaeac6,intel,179.34883720930233,3.442616121292422,174,193,6338.627906976744,0.6181098613228166,6338,6341,43
control_csawmg_debug_intel,hera,intel,257.25,2.217355782608345,255,260,1260.5,4.795831523312719,1256,1267,4
control_csawmg_debug_intel,hercules,intel,277.17391304347825,31.51246973488862,214,320,26216.82608695652,169969.8879208778,1147,1153948,46
control_csawmg_debug_intel,orion,intel,306.24444444444447,27.45256699005458,255,348,26375.222222222223,169321.28426145812,1123,1136976,45
control_csawmg_debug_intel,ursa,intel,221.0,100.95624431062264,180,548,1788.98,9.470663619185018,1759,1813,50
control_csawmg_debug_intel,wcoss2,intel,300.9375,7.039119414220756,293,332,1027.5833333333333,30.940459866291423,1013,1110,48
