test_name,machine,compiler,core_mean,core_std,core_min,core_max,mem_mean,mem_std,mem_min,mem_max,n_hashes
control_c384gdas_intel,acorn,intel,600.0681818181819,24.359132499993194,568,638,1134.3636363636363,5.400649870847418,1128,1148,44
control_c384gdas_intel,derecho,intel,520.2045454545455,50.720198969537954,494,835,1120.5454545454545,4.6578493163369235,1115,1132,44
control_c384gdas_intel,gaeac6,intel,646.4651162790698,32.786719754316124,625,823,6338.627906976744,0.69086749518453,6338,6340,43
control_c384gdas_intel,hera,intel,499.0,,499,499,1374.0,,1374,1374,1
control_c384gdas_intel,hercules,intel,511.4347826086956,44.44004809173966,457,626,33733.913043478264,218707.24638463132,1457,1484832,46
control_c384gdas_intel,orion,intel,669.0666666666667,50.194349555231085,630,889,30196.266666666666,193826.19404770393,1290,1301528,45
control_c384gdas_intel,ursa,intel,406.66,36.53492039355316,369,573,1888.2,23.263354733773657,1794,1937,50
control_c384gdas_intel,wcoss2,intel,587.1875,19.96662774241704,555,656,1045.2916666666667,24.50528239478635,1029,1142,48
