test_name,machine,compiler,core_mean,core_std,core_min,core_max,mem_mean,mem_std,mem_min,mem_max,n_hashes
control_p8_intel,acorn,intel,179.6818181818182,6.38957263655412,170,197,1852.4545454545455,1.0880865529556767,1850,1855,44
control_p8_intel,derecho,intel,209.25,8.411301920630363,193,230,1802.9318181818182,2.9206380895095587,1797,1812,44
control_p8_intel,gaeac6,intel,117.18604651162791,2.0845898757707926,113,122,6338.674418604651,0.4741373235153512,6338,6339,43
control_p8_intel,hera,intel,165.33333333333334,0.5773502691896278,165,166,1999.3333333333333,16.862186493255663,1980,2011,3
control_p8_intel,hercules,intel,183.97826086956522,49.79089123767063,141,403,43161.02173913043,279829.7380376137,1895,1899800,46
control_p8_intel,orion,intel,240.4,34.87862069833298,182,325,43725.444444444445,280714.9406097318,1869,1884972,45
control_p8_intel,ursa,intel,230.64,223.630504289955,121,881,2509.36,10.109118938576446,2489,2532,50
control_p8_intel,wcoss2,intel,196.375,11.376768041224619,185,236,1766.9791666666667,30.401910342645664,1749,1856,48
