test_name,machine,compiler,core_mean,core_std,core_min,core_max,mem_mean,mem_std,mem_min,mem_max,n_hashes
control_wam_debug_intel,acorn,intel,892.1951219512196,17.35399019274118,867,925,1697.5853658536585,1.8435781751270797,1694,1702,41
control_wam_debug_intel,derecho,intel,770.7272727272727,12.646101773409274,748,794,1624.9545454545455,8.291083878577368,1577,1631,44
control_wam_debug_intel,gaeac6,intel,544.2790697674419,8.894421958239121,530,576,6338.697674418605,0.4647008111182596,6338,6339,43
control_wam_debug_intel,orion,intel,818.1333333333333,14.009087959412131,791,847,39242.8,251873.11609957326,1658,1691312,45
control_wam_debug_intel,ursa,intel,701.1,285.5418229490406,550,1339,2302.68,28.544587392144166,2248,2419,50
control_wam_debug_intel,wcoss2,intel,892.0625,7.70853699175085,875,917,1601.2708333333333,7.9486104321081426,1554,1610,48
