test_name,machine,compiler,core_mean,core_std,core_min,core_max,mem_mean,mem_std,mem_min,mem_max,n_hashes
control_latlon_intel,acorn,intel,158.97727272727272,8.59823842521905,144,176,1575.7272727272727,1.6755927290538646,1573,1578,44
control_latlon_intel,derecho,intel,144.9090909090909,2.900025515671072,140,152,1516.7045454545455,2.194915323413598,1513,1525,44
control_latlon_intel,gaeac6,intel,103.69767441860465,12.958789779842085,98,183,6338.767441860465,0.42746257437549645,6338,6339,43
control_latlon_intel,hera,intel,141.0,4.242640687119285,137,147,1721.0,6.377042156569696,1715,1727,4
control_latlon_intel,hercules,intel,137.56521739130434,16.192799735840136,118,177,36783.282608695656,238519.28039260738,1605,1619332,46
control_latlon_intel,orion,intel,163.13333333333333,5.731095405370124,157,181,36892.22222222222,236790.41745054646,1582,1590032,45
control_latlon_intel,ursa,intel,197.56,199.05779696010967,96,813,2222.28,10.311554842277989,2205,2247,50
control_latlon_intel,wcoss2,intel,164.3125,14.894174571630774,153,224,1494.8125,33.21282516316764,1477,1583,48
