test_name,machine,compiler,core_mean,core_std,core_min,core_max,mem_mean,mem_std,mem_min,mem_max,n_hashes
control_lndp_intel,acorn,intel,111.9090909090909,6.1220842393260115,99,127,633.2045454545455,1.8246317940703372,628,637,44
control_lndp_intel,derecho,intel,99.93181818181819,2.3367411940636127,94,105,580.25,1.143739277494502,578,582,44
control_lndp_intel,gaeac6,intel,73.4186046511628,6.362960370245219,70,103,6338.813953488372,0.3937496154790954,6338,6339,43
control_lndp_intel,hera,intel,92.66666666666667,2.081665999466131,91,95,784.6666666666666,0.577350269189634,784,785,3
control_lndp_intel,hercules,intel,88.34782608695652,8.864955702851907,78,125,15499.347826086956,100510.61145155379,672,682376,46
control_lndp_intel,orion,intel,106.55555555555556,9.423267999902146,100,160,15188.044444444444,97468.36694467398,646,654496,45
control_lndp_intel,ursa,intel,473.3,508.00579500149604,65,1302,1305.78,11.739154786527052,1287,1336,50
control_lndp_intel,wcoss2,intel,111.83333333333333,8.669666692980524,104,151,550.6041666666666,29.553226114231013,535,638,48
