test_name,machine,compiler,core_mean,core_std,core_min,core_max,mem_mean,mem_std,mem_min,mem_max,n_hashes
control_gfs_mpas_gnu,derecho,gnu,91.15384615384616,60.2842121522527,39,216,5400.358974358975,2221.9831408614705,1108,7007,39
control_gfs_mpas_gnu,hera,gnu,45.4,1.9493588689617931,43,48,6372.6,12.28006514640705,6362,6392,5
control_gfs_mpas_gnu,hercules,gnu,137.80851063829786,141.60702486533577,36,381,142884.40425531915,946582.6219527265,1176,6494232,47
control_gfs_mpas_gnu,ursa,gnu,149.33333333333334,80.5473919685869,94,333,1110.5555555555557,3.3819977079726216,1107,1117,18
