test_name,machine,compiler,core_mean,core_std,core_min,core_max,mem_mean,mem_std,mem_min,mem_max,n_hashes
control_stochy_intel,acorn,intel,118.5,9.166420010775928,105,140,632.4545454545455,2.9131182482210494,627,638,44
control_stochy_intel,derecho,intel,107.1590909090909,2.2198175267369327,103,113,579.2045454545455,1.7859860862311079,576,583,44
control_stochy_intel,gaeac6,intel,77.48837209302326,4.0612694064274555,74,97,6338.7441860465115,0.441481448449092,6338,6339,43
control_stochy_intel,hera,intel,100.0,4.830458915396478,96,107,784.5,0.9999999999999905,784,786,4
control_stochy_intel,hercules,intel,94.28260869565217,7.7421301791009025,84,116,15333.5,99391.95623786104,671,674788,46
control_stochy_intel,orion,intel,112.84444444444445,4.833385579654921,108,127,15130.222222222223,97096.64440622802,635,652000,45
control_stochy_intel,ursa,intel,224.52,202.7334874626674,68,583,1306.4,15.384858710791622,1291,1365,50
control_stochy_intel,wcoss2,intel,117.35416666666667,6.322837981622176,110,142,554.5208333333334,32.5772336530018,537,640,48
