test_name,machine,compiler,core_mean,core_std,core_min,core_max,mem_mean,mem_std,mem_min,mem_max,n_hashes
control_CubedSphereGrid_intel,acorn,intel,154.4318181818182,10.704047761375165,136,177,1566.8863636363637,2.442034122487005,1563,1571,44
control_CubedSphereGrid_intel,derecho,intel,140.13636363636363,3.560708768554478,133,149,1515.5,1.4547436440030663,1511,1519,44
control_CubedSphereGrid_intel,gaeac6,intel,100.62790697674419,15.27372979024529,94,197,6338.767441860465,0.42746257437545676,6338,6339,43
control_CubedSphereGrid_intel,hera,intel,131.66666666666666,1.5275252316519474,130,133,1714.6666666666667,1.154700538379268,1714,1716,3
control_CubedSphereGrid_intel,hercules,intel,131.7608695652174,15.094052960772617,113,168,36538.913043478264,236915.69186797473,1599,1608448,46
control_CubedSphereGrid_intel,orion,intel,155.44444444444446,6.538541523346413,149,175,36857.51111111111,236582.87648504355,1573,1588636,45
control_CubedSphereGrid_intel,ursa,intel,178.44,167.8640314695929,92,682,2212.12,9.584511314764828,2194,2243,50
control_CubedSphereGrid_intel,wcoss2,intel,155.875,10.20768379754381,147,205,1486.5,30.067300397466454,1463,1575,48
