test_name,machine,compiler,core_mean,core_std,core_min,core_max,mem_mean,mem_std,mem_min,mem_max,n_hashes
control_p8_rrtmgp_intel,acorn,intel,253.75,8.04384785858691,242,281,1906.8636363636363,1.2684161354225534,1904,1909,44
control_p8_rrtmgp_intel,derecho,intel,270.75,11.187877575803325,250,314,1856.840909090909,3.2774293799229253,1852,1862,44
control_p8_rrtmgp_intel,gaeac6,intel,169.30232558139534,16.401995935049417,161,261,6338.813953488372,0.3937496154791769,6338,6339,43
control_p8_rrtmgp_intel,hera,intel,236.0,2.6457513110645907,233,238,2070.0,2.6457513110645907,2068,2073,3
control_p8_rrtmgp_intel,hercules,intel,249.17391304347825,40.01238938563687,204,378,44765.15217391304,290251.5973459323,1961,1970552,46
control_p8_rrtmgp_intel,orion,intel,331.9111111111111,46.155282482182926,273,514,44772.35555555556,287337.32360535563,1915,1929456,45
control_p8_rrtmgp_intel,ursa,intel,229.2,159.15709092540217,165,789,2575.26,8.768705952512791,2558,2595,50
control_p8_rrtmgp_intel,wcoss2,intel,266.9375,11.092274961872672,255,301,1825.3958333333333,29.84979388597945,1808,1913,48
