test_name,machine,compiler,core_mean,core_std,core_min,core_max,mem_mean,mem_std,mem_min,mem_max,n_hashes
control_wam_intel,acorn,intel,462.9024390243902,257.69078416563997,219,772,1655.6829268292684,4.962051110126958,1645,1662,41
control_wam_intel,derecho,intel,413.1363636363636,230.50688239829407,201,698,1597.7954545454545,8.83328679498955,1548,1607,44
control_wam_intel,gaeac6,intel,286.0232558139535,162.39655877952896,137,479,6338.976744186047,0.801438352589298,6338,6342,43
control_wam_intel,hercules,intel,392.7608695652174,250.11163594439705,167,854,38090.782608695656,246931.25363261317,1641,1676452,46
control_wam_intel,orion,intel,448.8666666666667,267.9289763419335,212,794,38664.666666666664,248166.24400224502,1622,1666420,45
control_wam_intel,ursa,intel,341.66,202.45348268938528,138,752,2364.48,110.35291069092473,2234,2657,50
control_wam_intel,wcoss2,intel,445.0833333333333,260.8885661956676,224,801,1563.7708333333333,8.60786276717041,1512,1571,48
