test_name,machine,compiler,core_mean,core_std,core_min,core_max,mem_mean,mem_std,mem_min,mem_max,n_hashes
control_wam_debug_gnu,derecho,gnu,379.54545454545456,8.07941554832629,364,418,1403.5227272727273,0.8757358729885982,1402,1405,44
control_wam_debug_gnu,hera,gnu,385.0,2.8284271247461903,383,387,1401.0,1.4142135623730951,1400,1402,2
control_wam_debug_gnu,hercules,gnu,331.0652173913044,21.2439818133283,290,408,31405.760869565216,203640.85027924197,1374,1382540,46
control_wam_debug_gnu,ursa,gnu,306.76,98.5458683216364,269,735,1311.5,8.910553247900543,1303,1326,50
