test_name,machine,compiler,core_mean,core_std,core_min,core_max,mem_mean,mem_std,mem_min,mem_max,n_hashes
control_wrtGauss_netcdf_parallel_intel,acorn,intel,161.9090909090909,7.781367673825983,151,178,1574.6363636363637,2.2525531673348524,1570,1579,44
control_wrtGauss_netcdf_parallel_intel,derecho,intel,146.75,2.894461431206872,141,152,1516.4545454545455,1.88574265741083,1513,1524,44
control_wrtGauss_netcdf_parallel_intel,gaeac6,intel,121.67441860465117,74.44324169978749,100,514,6338.6511627906975,0.4822428221704657,6338,6339,43
control_wrtGauss_netcdf_parallel_intel,hera,intel,143.75,3.0956959368344483,141,148,1717.5,3.8729833462074414,1714,1723,4
control_wrtGauss_netcdf_parallel_intel,hercules,intel,139.34782608695653,15.937680566373157,121,180,36539.13043478261,236861.4004381849,1607,1608088,46
control_wrtGauss_netcdf_parallel_intel,orion,intel,164.93333333333334,6.53104474449115,159,187,36991.066666666666,237453.4861345959,1583,1594480,45
control_wrtGauss_netcdf_parallel_intel,ursa,intel,215.02,191.38362905271643,98,674,2224.22,9.247812758502766,2208,2250,50
control_wrtGauss_netcdf_parallel_intel,wcoss2,intel,165.04166666666666,9.280403360028203,156,210,1494.2916666666667,33.69510244943649,1465,1583,48
