test_name,machine,compiler,core_mean,core_std,core_min,core_max,mem_mean,mem_std,mem_min,mem_max,n_hashes
control_p8_ugwpv1_gnu,derecho,gnu,274.0888888888889,13.90686916962297,254,328,1564.4,9.771014649089775,1543,1585,45
control_p8_ugwpv1_gnu,hera,gnu,263.6,3.1304951684997047,261,269,1550.6,8.502940667792554,1536,1557,5
control_p8_ugwpv1_gnu,hercules,gnu,227.27659574468086,33.361460535004674,204,338,34620.27659574468,226757.59055304373,1519,1556116,47
control_p8_ugwpv1_gnu,ursa,gnu,248.9,145.50801226273788,179,815,1468.08,11.934925595896766,1447,1491,50
