test_name,machine,compiler,core_mean,core_std,core_min,core_max,mem_mean,mem_std,mem_min,mem_max,n_hashes
control_p8_mynn_intel,acorn,intel,187.72727272727272,6.999546950002223,177,209,1867.75,1.7669445444766325,1865,1871,44
control_p8_mynn_intel,derecho,intel,215.29545454545453,15.60348730469101,199,303,1814.1136363636363,2.048435694603575,1810,1819,44
control_p8_mynn_intel,gaeac6,intel,124.51162790697674,13.311956839843997,118,209,6338.813953488372,0.3937496154790693,6338,6339,43
control_p8_mynn_intel,hera,intel,171.0,,171,171,2018.0,,2018,2018,1
control_p8_mynn_intel,hercules,intel,187.34782608695653,45.25543178757876,148,348,43427.84782608696,281558.95700363774,1900,1911540,46
control_p8_mynn_intel,orion,intel,248.8,39.67401256146485,192,338,43926.4,281963.74052255857,1884,1893364,45
control_p8_mynn_intel,ursa,intel,221.4,206.40825406688262,123,768,2526.98,12.309760520888808,2499,2554,50
control_p8_mynn_intel,wcoss2,intel,200.70833333333334,11.108666988865206,188,235,1776.8125,24.656496489747685,1762,1871,48
