test_name,machine,compiler,core_mean,core_std,core_min,core_max,mem_mean,mem_std,mem_min,mem_max,n_hashes
control_c384_intel,acorn,intel,532.0227272727273,19.591750324080298,503,568,1993.6818181818182,4.859767088268749,1985,2006,44
control_c384_intel,derecho,intel,446.79545454545456,13.771523611397607,429,494,1940.3181818181818,4.816506150837693,1929,1955,44
control_c384_intel,gaeac6,intel,578.8372093023256,19.949854078184718,551,670,6338.6511627906975,0.48224282217034803,6338,6339,43
control_c384_intel,hera,intel,463.0,9.539392014169456,457,474,2000.3333333333333,4.5092497528228925,1996,2005,3
control_c384_intel,hercules,intel,462.10869565217394,48.55019316170273,398,566,45790.63043478261,296860.07721988106,2006,2015424,46
control_c384_intel,orion,intel,593.6,20.504323269185804,569,670,46209.0,296702.48794610583,1968,1992320,45
control_c384_intel,ursa,intel,356.64,28.03478888372626,329,469,2071.06,14.35612647432931,2035,2096,50
control_c384_intel,wcoss2,intel,527.6875,25.246155173884002,502,621,1914.5208333333333,31.35180580046944,1898,2011,48
