test_name,machine,compiler,core_mean,core_std,core_min,core_max,mem_mean,mem_std,mem_min,mem_max,n_hashes
control_p8.v2.sfc_intel,acorn,intel,189.1904761904762,6.552743217168737,179,212,1852.9761904761904,3.264652487673559,1848,1858,42
control_p8.v2.sfc_intel,derecho,intel,222.70454545454547,42.21901893997182,195,489,1807.2045454545455,3.9033649493890286,1798,1815,44
control_p8.v2.sfc_intel,gaeac6,intel,123.18604651162791,1.942700794959824,119,130,6338.906976744186,0.6099942813304244,6338,6342,43
control_p8.v2.sfc_intel,hercules,intel,192.58695652173913,40.03474939874471,147,334,43165.97826086957,279822.35940320656,1898,1899756,46
control_p8.v2.sfc_intel,orion,intel,251.3111111111111,37.56619746419899,193,363,43667.6,280274.91970218037,1878,1882028,45
control_p8.v2.sfc_intel,ursa,intel,172.0,128.367616235401,127,657,2519.82,9.847179229378712,2504,2549,50
control_p8.v2.sfc_intel,wcoss2,intel,203.08333333333334,7.139441939372705,192,227,1762.0,13.530108269604968,1749,1850,48
