test_name,machine,compiler,core_mean,core_std,core_min,core_max,mem_mean,mem_std,mem_min,mem_max,n_hashes
control_c384gdas_intel,acorn,intel,597.7272727272727,23.927568644269243,568,638,1134.6818181818182,5.2196976089582305,1128,1148,44
control_c384gdas_intel,derecho,intel,512.2727272727273,14.851769350960266,494,577,1120.2045454545455,4.4958872443784905,1115,1132,44
control_c384gdas_intel,gaeac6,intel,645.5348837209302,32.90487649285381,625,823,6338.604651162791,0.6948632919235476,6338,6340,43
control_c384gdas_intel,hera,intel,500.6666666666667,4.725815626252601,497,506,1365.0,15.588457268119896,1347,1374,3
control_c384gdas_intel,hercules,intel,509.32608695652175,44.63832650578104,457,626,33731.913043478264,218707.54771671447,1457,1484832,46
control_c384gdas_intel,orion,intel,667.8222222222222,50.67242790211406,630,889,30196.577777777777,193826.1466294061,1290,1301528,45
control_c384gdas_intel,ursa,intel,408.32,41.07208198238004,369,573,1888.48,23.03169067850216,1794,1937,50
control_c384gdas_intel,wcoss2,intel,586.8541666666666,20.145206476271944,555,656,1049.2916666666667,30.479821251872547,1029,1142,48
