test_name,machine,compiler,core_mean,core_std,core_min,core_max,mem_mean,mem_std,mem_min,mem_max,n_hashes
control_p8_mynn_intel,acorn,intel,187.53488372093022,6.9636773167538095,177,209,1867.7441860465117,1.7874299620752678,1865,1871,43
control_p8_mynn_intel,derecho,intel,215.5,15.564569186247594,199,303,1814.1136363636363,2.048435694603583,1810,1819,44
control_p8_mynn_intel,gaeac6,intel,124.5813953488372,13.284850946597448,119,209,6338.813953488372,0.39374961547905235,6338,6339,43
control_p8_mynn_intel,hercules,intel,188.6304347826087,45.96005932481045,148,348,43428.02173913043,281558.93078962975,1900,1911540,46
control_p8_mynn_intel,orion,intel,249.75555555555556,38.85822456265363,192,338,43926.6,281963.7100341106,1884,1893364,45
control_p8_mynn_intel,ursa,intel,221.2,206.49356366902745,123,768,2526.78,12.42329937443898,2499,2554,50
control_p8_mynn_intel,wcoss2,intel,200.75,11.105873470011938,188,235,1774.5833333333333,20.546608493067094,1762,1871,48
