test_name,machine,compiler,core_mean,core_std,core_min,core_max,mem_mean,mem_std,mem_min,mem_max,n_hashes
control_c192_intel,acorn,intel,434.42857142857144,11.181742211525805,417,461,1702.9285714285713,1.6732159358386276,1700,1708,42
control_c192_intel,derecho,intel,391.97727272727275,15.418938274254986,376,479,1651.7727272727273,6.3019511056375785,1639,1658,44
control_c192_intel,gaeac6,intel,286.7674418604651,16.01909159974632,276,373,6338.604651162791,0.4947117912154773,6338,6339,43
control_c192_intel,hercules,intel,408.0,73.05310093045712,360,819,41574.02173913043,269629.56592987507,1806,1830536,46
control_c192_intel,orion,intel,476.31111111111113,7.270182635639603,464,499,41240.84444444445,264693.4017853963,1769,1777400,45
control_c192_intel,ursa,intel,295.16,14.6501514932614,278,343,1825.46,32.99610985110402,1791,1973,50
control_c192_intel,wcoss2,intel,443.1666666666667,12.64967131577591,427,496,1613.8541666666667,12.827811513541665,1603,1695,48
