test_name,machine,compiler,core_mean,core_std,core_min,core_max,mem_mean,mem_std,mem_min,mem_max,n_hashes
control_stochy_debug_gnu,derecho,gnu,109.88636363636364,2.634440138138965,106,119,596.1136363636364,2.517066482762637,585,602,44
control_stochy_debug_gnu,hercules,gnu,81.43478260869566,5.406383773581595,74,97,12953.04347826087,83981.36558572094,563,570160,46
control_stochy_debug_gnu,ursa,gnu,96.02,103.88032557138203,70,774,499.9,9.670595026329275,490,513,50
