test_name,machine,compiler,core_mean,core_std,core_min,core_max,mem_mean,mem_std,mem_min,mem_max,n_hashes
control_diag_debug_gnu,derecho,gnu,109.8409090909091,9.230745344740606,104,166,1385.0227272727273,1.6911347004460378,1382,1388,44
control_diag_debug_gnu,hera,gnu,94.75,5.499999999999999,92,103,1365.5,4.509249752822882,1359,1369,4
control_diag_debug_gnu,hercules,gnu,76.6304347826087,4.795176723204608,71,90,30917.065217391304,200443.91548797686,1355,1360840,46
control_diag_debug_gnu,ursa,gnu,112.94,129.99865148437158,75,962,1286.86,9.816707956440501,1279,1302,50
