test_name,machine,compiler,core_mean,core_std,core_min,core_max,mem_mean,mem_std,mem_min,mem_max,n_hashes
control_p8_rrtmgp_intel,acorn,intel,254.0909090909091,7.982009369384287,242,281,1906.909090909091,1.2725762519883672,1904,1909,44
control_p8_rrtmgp_intel,derecho,intel,270.8181818181818,11.22967979264071,250,314,1857.1136363636363,3.3633863686311534,1852,1864,44
control_p8_rrtmgp_intel,gaeac6,intel,169.32558139534885,16.39355409071992,161,261,6338.813953488372,0.39374961547923554,6338,6339,43
control_p8_rrtmgp_intel,hera,intel,235.0,2.8284271247461903,233,237,2071.0,2.8284271247461903,2069,2073,2
control_p8_rrtmgp_intel,hercules,intel,249.65217391304347,39.7006674398439,204,378,44764.97826086957,290251.62355710065,1961,1970552,46
control_p8_rrtmgp_intel,orion,intel,332.3333333333333,46.308255694363446,273,514,44772.57777777778,287337.2897288994,1915,1929456,45
control_p8_rrtmgp_intel,ursa,intel,228.38,159.34251261521706,165,789,2575.36,8.594635251250642,2559,2595,50
control_p8_rrtmgp_intel,wcoss2,intel,267.1875,10.998367867310167,255,301,1823.2916666666667,26.963299196242524,1808,1912,48
