test_name,machine,compiler,core_mean,core_std,core_min,core_max,mem_mean,mem_std,mem_min,mem_max,n_hashes
control_p8_ugwpv1_tempo_aerosol_hail_intel,acorn,intel,146.95454545454547,8.22066184585722,136,170,2430.2045454545455,1.3568010505998958,2426,2433,44
control_p8_ugwpv1_tempo_aerosol_hail_intel,derecho,intel,186.13636363636363,18.83661810989918,155,242,2392.090909090909,5.897647074452688,2366,2398,44
control_p8_ugwpv1_tempo_aerosol_hail_intel,gaeac6,intel,95.25581395348837,5.4296058931600895,89,124,6338.953488372093,0.5754289651287395,6338,6342,43
control_p8_ugwpv1_tempo_aerosol_hail_intel,hera,intel,121.5,0.7071067811865476,121,122,2380.0,7.0710678118654755,2375,2385,2
control_p8_ugwpv1_tempo_aerosol_hail_intel,hercules,intel,140.95652173913044,39.173662649931366,98,295,55020.80434782609,356663.0195136655,2418,2421440,46
control_p8_ugwpv1_tempo_aerosol_hail_intel,orion,intel,180.33333333333334,34.371632066416204,125,246,55614.71111111111,356928.4819171904,2386,2396756,45
control_p8_ugwpv1_tempo_aerosol_hail_intel,ursa,intel,119.76666666666667,9.163959892946945,104,140,2417.0,21.5710534009721,2384,2462,30
control_p8_ugwpv1_tempo_aerosol_hail_intel,wcoss2,intel,151.875,8.299256567576885,142,176,2357.2708333333335,22.6732005862138,2333,2433,48
