test_name,machine,compiler,core_mean,core_std,core_min,core_max,mem_mean,mem_std,mem_min,mem_max,n_hashes
control_diag_debug_gnu,derecho,gnu,108.68181818181819,3.3044911459429316,104,118,1385.3181818181818,1.5517840786134713,1382,1388,44
control_diag_debug_gnu,hercules,gnu,77.52173913043478,5.0010626890015795,71,90,30916.0,200444.0760403981,1355,1360840,46
control_diag_debug_gnu,ursa,gnu,132.36,205.75473411867074,75,1247,1289.22,10.396800920848575,1279,1302,50
