test_name,machine,compiler,core_mean,core_std,core_min,core_max,mem_mean,mem_std,mem_min,mem_max,n_hashes
control_ras_debug_gnu,derecho,gnu,102.875,2.9681277952095737,99,109,601.9583333333334,3.223273608247234,593,607,24
control_ras_debug_gnu,hera,gnu,90.4,1.1401754250991367,89,92,590.4,1.6733200530681587,589,593,5
control_ras_debug_gnu,hercules,gnu,75.52,7.676370670223436,68,95,580.36,2.5961509971494237,576,585,25
control_ras_debug_gnu,ursa,gnu,70.4,18.929694486000916,65,161,499.8,0.4999999999999954,498,500,25
