test_name,machine,compiler,core_mean,core_std,core_min,core_max,mem_mean,mem_std,mem_min,mem_max,n_hashes
control_c48_intel,acorn,intel,384.84090909090907,9.162469408732658,367,408,1593.2727272727273,2.7054091928272563,1588,1599,44
control_c48_intel,derecho,intel,333.04545454545456,4.91771617183455,325,344,1555.340909090909,2.0453370884763102,1551,1560,44
control_c48_intel,gaeac6,intel,265.6046511627907,7.572316544598867,256,301,6337.720930232558,0.5035862528547566,6337,6339,43
control_c48_intel,hera,intel,394.75,3.0956959368344554,392,399,1719.25,7.365459931328104,1711,1728,4
control_c48_intel,hercules,intel,347.6304347826087,24.600233689632724,331,494,38908.15217391304,252298.43238830983,1698,1712880,46
control_c48_intel,orion,intel,516.8666666666667,5.237973237461538,509,532,39653.11111111111,254520.67476097657,1697,1709088,45
control_c48_intel,ursa,intel,281.94,92.28204548213779,251,757,1666.7,1.9820624179302258,1663,1671,50
control_c48_intel,wcoss2,intel,382.9166666666667,5.906481594206072,372,397,1598.5416666666667,3.4081150548287327,1591,1606,48
