test_name,machine,compiler,core_mean,core_std,core_min,core_max,mem_mean,mem_std,mem_min,mem_max,n_hashes
control_CubedSphereGrid_parallel_intel,acorn,intel,163.79545454545453,10.213032133993257,147,190,1576.4318181818182,3.0757697261067016,1571,1582,44
control_CubedSphereGrid_parallel_intel,derecho,intel,149.04545454545453,3.5955692724844908,143,164,1520.5454545454545,1.3546568338220428,1518,1522,44
control_CubedSphereGrid_parallel_intel,gaeac6,intel,106.18604651162791,12.46949766803071,100,182,6338.813953488372,0.5002767783217212,6338,6340,43
control_CubedSphereGrid_parallel_intel,hera,intel,144.0,1.6329931618554492,142,146,1727.5,3.7859388972001673,1722,1730,4
control_CubedSphereGrid_parallel_intel,hercules,intel,140.1086956521739,16.545195020333527,122,193,36841.760869565216,238887.26274060138,1610,1621832,46
control_CubedSphereGrid_parallel_intel,orion,intel,166.6888888888889,5.968943191912849,160,187,37004.666666666664,237511.78650102636,1587,1594876,45
control_CubedSphereGrid_parallel_intel,ursa,intel,216.06,198.68356648660387,98,713,2228.64,9.529246067357198,2212,2249,50
control_CubedSphereGrid_parallel_intel,wcoss2,intel,168.33333333333334,12.560209602081763,159,218,1494.8333333333333,33.43735542157388,1473,1584,48
