test_name,machine,compiler,core_mean,core_std,core_min,core_max,mem_mean,mem_std,mem_min,mem_max,n_hashes
control_p8_ugwpv1_intel,acorn,intel,180.1219512195122,6.74238504518699,168,196,1856.6097560975609,1.2222530175967348,1853,1859,41
control_p8_ugwpv1_intel,derecho,intel,209.4090909090909,13.470584976883904,192,247,1812.7045454545455,3.897402506825637,1806,1818,44
control_p8_ugwpv1_intel,gaeac6,intel,116.51162790697674,2.482050736437569,112,123,6338.813953488372,0.5457984083404418,6338,6341,43
control_p8_ugwpv1_intel,hercules,intel,192.84782608695653,52.31951723838794,140,404,43281.282608695656,280606.200137303,1898,1905072,46
control_p8_ugwpv1_intel,orion,intel,239.95555555555555,30.489905598973955,180,305,43672.0,280294.9833281975,1880,1882164,45
control_p8_ugwpv1_intel,ursa,intel,216.5,190.41257568656496,120,724,2513.5,11.207231630350408,2499,2548,50
control_p8_ugwpv1_intel,wcoss2,intel,193.39583333333334,9.13897331943437,181,224,1765.4791666666667,4.894589211169742,1757,1774,48
