test_name,machine,compiler,core_mean,core_std,core_min,core_max,mem_mean,mem_std,mem_min,mem_max,n_hashes
control_CubedSphereGrid_intel,acorn,intel,153.9777777777778,10.525917988230276,136,177,1566.7333333333333,2.443916380060165,1563,1571,45
control_CubedSphereGrid_intel,derecho,intel,139.82222222222222,3.2910960379960197,133,147,1515.4,1.5433140256662183,1511,1519,45
control_CubedSphereGrid_intel,gaeac6,intel,100.47727272727273,15.123504940698501,94,197,6338.75,0.4380187953916984,6338,6339,44
control_CubedSphereGrid_intel,hera,intel,133.8,4.207136793592529,130,141,1717.2,3.6331804249169726,1714,1722,5
control_CubedSphereGrid_intel,hercules,intel,131.19148936170214,15.243870183400361,113,168,35795.34042553192,234381.8139857045,1599,1608448,47
control_CubedSphereGrid_intel,orion,intel,155.2173913043478,6.545271553583157,149,175,36090.32608695652,233997.26840305488,1573,1588636,46
control_CubedSphereGrid_intel,ursa,intel,178.28,167.9443591047405,92,682,2211.58,9.642783068498666,2194,2243,50
control_CubedSphereGrid_intel,wcoss2,intel,155.81632653061226,10.092640613725582,147,205,1490.204081632653,34.5434385905609,1463,1575,49
