test_name,machine,compiler,core_mean,core_std,core_min,core_max,mem_mean,mem_std,mem_min,mem_max,n_hashes
control_2threads_p8_intel,acorn,intel,166.13636363636363,6.547113367438265,155,184,1928.6818181818182,4.0218746483578425,1924,1941,44
control_2threads_p8_intel,derecho,intel,311.90909090909093,9.749939014283196,296,332,1888.2045454545455,4.776782732860667,1881,1898,44
control_2threads_p8_intel,gaeac6,intel,131.5581395348837,4.505564419911361,126,150,6338.511627906977,0.6314040674127148,6337,6339,43
control_2threads_p8_intel,hera,intel,240.75,2.500000000000002,238,244,2022.25,4.031128874149287,2019,2028,4
control_2threads_p8_intel,hercules,intel,241.56521739130434,37.29799051716268,208,315,45197.586956521736,293073.58397694636,1975,1989708,46
control_2threads_p8_intel,orion,intel,259.06666666666666,39.695087857315556,205,387,45407.13333333333,291431.34382401756,1952,1956944,45
control_2threads_p8_intel,ursa,intel,103.8,2.249716535431942,100,110,2011.18,2.3963407478053433,2005,2016,50
control_2threads_p8_intel,wcoss2,intel,178.08333333333334,10.911312367843404,166,222,1846.1666666666667,31.214653769168844,1824,1929,48
