test_name,machine,compiler,core_mean,core_std,core_min,core_max,mem_mean,mem_std,mem_min,mem_max,n_hashes
control_lndp_debug_intel,acorn,intel,198.53333333333333,11.197808227100023,182,232,816.9777777777778,2.378778228121699,813,822,45
control_lndp_debug_intel,derecho,intel,174.0222222222222,3.0263155583292582,170,183,749.1111111111111,1.8118576883487134,745,752,45
control_lndp_debug_intel,gaeac6,intel,119.5,2.3277896492515793,116,129,6338.659090909091,0.479494977454144,6338,6339,44
control_lndp_debug_intel,hera,intel,163.4,2.701851217221258,161,168,950.2,3.0331501776206253,946,954,5
control_lndp_debug_intel,hercules,intel,146.61702127659575,7.001717775223826,136,170,18813.425531914894,123160.13214064826,842,845192,47
control_lndp_debug_intel,orion,intel,169.65217391304347,7.059170210298879,161,191,18697.434782608696,121223.23124561965,817,823000,46
control_lndp_debug_intel,ursa,intel,163.54,105.59070189429849,115,522,1473.76,7.558101478492031,1440,1491,50
control_lndp_debug_intel,wcoss2,intel,196.08163265306123,3.8505234205552976,191,211,739.0612244897959,34.20429320230715,722,825,49
