test_name,machine,compiler,core_mean,core_std,core_min,core_max,mem_mean,mem_std,mem_min,mem_max,n_hashes
control_wrtGauss_netcdf_parallel_debug_intel,acorn,intel,172.14285714285714,10.370152828498297,160,208,1613.9285714285713,3.2936958049810303,1608,1619,42
control_wrtGauss_netcdf_parallel_debug_intel,derecho,intel,151.04545454545453,4.605126291501303,145,170,1546.6136363636363,5.221671785624251,1537,1554,44
control_wrtGauss_netcdf_parallel_debug_intel,gaeac6,intel,102.86046511627907,3.9676153048257454,99,118,6338.837209302325,0.3735436838187676,6338,6339,43
control_wrtGauss_netcdf_parallel_debug_intel,hercules,intel,128.65217391304347,22.963949903470045,114,272,37363.45652173913,242271.54055762457,1632,1644808,46
control_wrtGauss_netcdf_parallel_debug_intel,orion,intel,145.64444444444445,7.4716298439666,137,167,37568.044444444444,241142.8492262471,1608,1619256,45
control_wrtGauss_netcdf_parallel_debug_intel,ursa,intel,141.94,91.42888616017257,98,424,2254.18,10.553440294085036,2232,2284,50
control_wrtGauss_netcdf_parallel_debug_intel,wcoss2,intel,170.29166666666666,7.687952258506696,163,205,1522.625,14.87340193454012,1515,1621,48
