test_name,machine,compiler,core_mean,core_std,core_min,core_max,mem_mean,mem_std,mem_min,mem_max,n_hashes
control_p8_atmlnd_intel,acorn,intel,209.26666666666668,18.61621971195109,191,320,1862.088888888889,1.4743599878378892,1859,1865,45
control_p8_atmlnd_intel,gaeac6,intel,148.54545454545453,4.5568989121507055,142,163,6338.886363636364,0.7222673952732818,6338,6342,44
control_p8_atmlnd_intel,hera,intel,183.8,2.1679483388678813,182,187,1846.2,10.545141061171266,1837,1864,5
control_p8_atmlnd_intel,hercules,intel,187.7872340425532,31.232602928052994,154,301,41994.72340425532,275000.1690747071,1873,1887188,47
control_p8_atmlnd_intel,orion,intel,234.04347826086956,29.84549586099058,209,328,42105.17391304348,272968.4086460722,1848,1853220,46
control_p8_atmlnd_intel,ursa,intel,147.14,7.599704612949222,138,177,1910.92,10.75106069755204,1892,1941,50
