test_name,machine,compiler,core_mean,core_std,core_min,core_max,mem_mean,mem_std,mem_min,mem_max,n_hashes
control_csawmg_intel,acorn,intel,403.77272727272725,12.847701154181077,382,435,957.8181818181819,2.0603987791114684,953,961,44
control_csawmg_intel,derecho,intel,422.22727272727275,62.174496991209615,393,817,916.1363636363636,2.216123885074084,912,920,44
control_csawmg_intel,gaeac6,intel,257.04651162790697,6.803197736821258,247,273,6338.697674418605,0.5133866880557855,6338,6340,43
control_csawmg_intel,hera,intel,345.0,,345,345,1159.0,,1159,1159,1
control_csawmg_intel,hercules,intel,337.3695652173913,19.408312876075854,316,392,24397.956521739132,158200.41568788717,1066,1074040,46
control_csawmg_intel,orion,intel,401.68888888888887,33.55512575816793,372,479,24154.444444444445,155060.37113046055,1029,1041216,45
control_csawmg_intel,ursa,intel,388.94,253.2348599338454,258,1102,1778.58,66.84831748832887,1718,1991,50
control_csawmg_intel,wcoss2,intel,410.5208333333333,11.224952415827337,390,438,874.5,22.30256163132721,864,961,48
