test_name,machine,compiler,core_mean,core_std,core_min,core_max,mem_mean,mem_std,mem_min,mem_max,n_hashes
control_stochy_debug_gnu,derecho,gnu,109.88636363636364,2.6344401381389613,106,119,595.9318181818181,2.3664095781911114,585,599,44
control_stochy_debug_gnu,hercules,gnu,81.21739130434783,5.337136325276819,74,97,12953.282608695652,83981.32954060232,563,570160,46
control_stochy_debug_gnu,ursa,gnu,95.98,103.88936226504009,70,774,499.52,9.598554312913938,490,513,50
