test_name,machine,compiler,core_mean,core_std,core_min,core_max,mem_mean,mem_std,mem_min,mem_max,n_hashes
control_wrtGauss_netcdf_parallel_debug_intel,acorn,intel,171.90697674418604,10.362050618639916,160,208,1613.906976744186,3.257328393231415,1608,1619,43
control_wrtGauss_netcdf_parallel_debug_intel,derecho,intel,151.04545454545453,4.605126291501302,145,170,1546.8636363636363,5.060521662101663,1537,1554,44
control_wrtGauss_netcdf_parallel_debug_intel,gaeac6,intel,102.86046511627907,3.967615304825744,99,118,6338.837209302325,0.37354368381876496,6338,6339,43
control_wrtGauss_netcdf_parallel_debug_intel,hercules,intel,128.2608695652174,22.849687362421097,114,272,37363.17391304348,242271.583152948,1632,1644808,46
control_wrtGauss_netcdf_parallel_debug_intel,orion,intel,145.53333333333333,7.533561273033188,137,167,37567.84444444445,241142.87971722527,1608,1619256,45
control_wrtGauss_netcdf_parallel_debug_intel,ursa,intel,141.62,91.54944911168533,98,424,2254.08,10.588480456011789,2232,2284,50
control_wrtGauss_netcdf_parallel_debug_intel,wcoss2,intel,169.4375,5.794003686864922,163,194,1524.6041666666667,20.56410794226173,1515,1621,48
