test_name,machine,compiler,core_mean,core_std,core_min,core_max,mem_mean,mem_std,mem_min,mem_max,n_hashes
control_latlon_intel,acorn,intel,158.84444444444443,8.54654517003417,144,176,1575.7111111111112,1.6599866130653673,1573,1578,45
control_latlon_intel,derecho,intel,144.93333333333334,2.871489952177175,140,152,1516.6444444444444,2.206967845417611,1513,1525,45
control_latlon_intel,gaeac6,intel,103.61363636363636,12.819345680597237,98,183,6338.772727272727,0.42391510578576275,6338,6339,44
control_latlon_intel,hera,intel,140.4,3.9115214431215897,137,147,1720.6,5.594640292279769,1715,1727,5
control_latlon_intel,hercules,intel,137.19148936170214,16.219470717081858,118,177,36035.04255319149,235968.1972193598,1605,1619332,47
control_latlon_intel,orion,intel,167.97826086956522,33.34499071520491,157,386,36124.608695652176,234202.5043148655,1582,1590032,46
control_latlon_intel,ursa,intel,197.48,199.09860545437667,96,813,2222.5,10.116162053559576,2205,2247,50
control_latlon_intel,wcoss2,intel,164.26530612244898,14.741912345141547,153,224,1496.591836734694,35.146075152703006,1477,1583,49
