test_name,machine,compiler,core_mean,core_std,core_min,core_max,mem_mean,mem_std,mem_min,mem_max,n_hashes
control_CubedSphereGrid_intel,acorn,intel,154.6590909090909,10.538838870375095,136,177,1567.0227272727273,2.444629960713979,1563,1571,44
control_CubedSphereGrid_intel,derecho,intel,140.27272727272728,3.47324415311476,133,149,1515.4772727272727,1.4861943965562587,1511,1519,44
control_CubedSphereGrid_intel,gaeac6,intel,100.62790697674419,15.273729790245286,94,197,6338.790697674419,0.4116250914932713,6338,6339,43
control_CubedSphereGrid_intel,hera,intel,131.5,2.1213203435596424,130,133,1715.0,1.4142135623730951,1714,1716,2
control_CubedSphereGrid_intel,hercules,intel,131.93478260869566,14.953858177612066,113,168,36539.13043478261,236915.65909961468,1599,1608448,46
control_CubedSphereGrid_intel,orion,intel,155.4,6.555358668503756,149,175,36857.88888888889,236582.81889341734,1573,1588636,45
control_CubedSphereGrid_intel,ursa,intel,178.78,167.73147758077064,92,682,2212.3,9.66637344148274,2194,2243,50
control_CubedSphereGrid_intel,wcoss2,intel,155.9375,10.192626141460037,147,205,1484.5208333333333,27.097922966124504,1463,1573,48
