test_name,machine,compiler,core_mean,core_std,core_min,core_max,mem_mean,mem_std,mem_min,mem_max,n_hashes
control_flake_gnu,derecho,gnu,304.5,3.5355339059327378,302,307,652.0,1.4142135623730951,651,653,2
control_flake_gnu,hera,gnu,344.0,1.4142135623730951,343,345,648.5,0.7071067811865476,648,649,2
control_flake_gnu,hercules,gnu,272.0,1.4142135623730951,271,273,629.0,2.8284271247461903,627,631,2
control_flake_gnu,ursa,gnu,245.5,0.7071067811865476,245,246,555.0,1.4142135623730951,554,556,2
