test_name,machine,compiler,core_mean,core_std,core_min,core_max,mem_mean,mem_std,mem_min,mem_max,n_hashes
control_decomp_p8_intel,acorn,intel,181.72727272727272,7.4564273394217375,170,205,1846.4772727272727,2.040162286792052,1843,1850,44
control_decomp_p8_intel,derecho,intel,214.88636363636363,19.432908924297514,195,313,1804.590909090909,2.9040323354771593,1798,1810,44
control_decomp_p8_intel,gaeac6,intel,121.02325581395348,6.049354046952622,115,156,6338.511627906977,0.5924964546107999,6337,6339,43
control_decomp_p8_intel,hera,intel,168.0,1.7320508075688772,167,170,2000.0,1.0,1999,2001,3
control_decomp_p8_intel,hercules,intel,184.41304347826087,36.08482357936121,141,305,43014.739130434784,278875.1300224556,1889,1893320,46
control_decomp_p8_intel,orion,intel,240.8,36.827978494617376,184,325,43355.88888888889,278256.3161077817,1864,1868476,45
control_decomp_p8_intel,ursa,intel,236.78,204.33488818753452,121,709,2505.42,7.817014409972266,2491,2527,50
control_decomp_p8_intel,wcoss2,intel,195.70833333333334,13.051385079073768,184,250,1767.7083333333333,28.002247883425852,1748,1850,48
