test_name,machine,compiler,core_mean,core_std,core_min,core_max,mem_mean,mem_std,mem_min,mem_max,n_hashes
control_p8_lndp_intel,acorn,intel,301.6363636363636,8.460828782019322,289,326,1857.7727272727273,1.1981310322337553,1855,1860,44
control_p8_lndp_intel,derecho,intel,316.8181818181818,13.982169255249769,289,379,1813.8181818181818,3.377578100746194,1809,1818,44
control_p8_lndp_intel,gaeac6,intel,196.90697674418604,4.975243250757511,189,215,6338.790697674419,0.674647687064366,6338,6342,43
control_p8_lndp_intel,hera,intel,285.0,1.4142135623730951,284,286,2017.0,2.8284271247461903,2015,2019,2
control_p8_lndp_intel,hercules,intel,300.82608695652175,47.18535759125381,242,419,43374.19565217391,281231.84551584796,1896,1909316,46
control_p8_lndp_intel,orion,intel,371.1111111111111,38.564127361991744,313,450,43865.97777777778,281603.3914129045,1873,1890940,45
control_p8_lndp_intel,ursa,intel,279.36,232.78647130898696,200,1233,2517.2,10.736168130317646,2499,2544,50
control_p8_lndp_intel,wcoss2,intel,316.625,14.08881403280858,302,368,1775.5833333333333,27.22470196647008,1759,1867,48
