test_name,machine,compiler,core_mean,core_std,core_min,core_max,mem_mean,mem_std,mem_min,mem_max,n_hashes
control_stochy_debug_intel,acorn,intel,216.4390243902439,11.213939496198032,202,245,815.3658536585366,2.7726891059129968,810,821,41
control_stochy_debug_intel,derecho,intel,190.72727272727272,3.5461320976696014,183,204,747.1590909090909,1.539301892782828,744,750,44
control_stochy_debug_intel,gaeac6,intel,132.34883720930233,2.8525988228800694,129,142,6338.767441860465,0.4274625743754887,6338,6339,43
control_stochy_debug_intel,hercules,intel,165.8913043478261,9.998284877072267,151,194,19350.934782608696,125469.6481020901,845,851828,46
control_stochy_debug_intel,orion,intel,188.04444444444445,5.9846605263925925,179,206,19121.022222222222,122732.53351152899,818,824140,45
control_stochy_debug_intel,ursa,intel,183.54,109.60750197772012,129,478,1479.06,6.990985449206792,1464,1497,50
control_stochy_debug_intel,wcoss2,intel,216.22916666666666,5.915143146172909,210,240,723.5625,2.2869309546834473,719,727,48
