test_name,machine,compiler,core_mean,core_std,core_min,core_max,mem_mean,mem_std,mem_min,mem_max,n_hashes
control_p8.v2.sfc_intel,acorn,intel,188.9318181818182,6.4461913300683,179,212,1853.2045454545455,3.2748480913076166,1848,1858,44
control_p8.v2.sfc_intel,derecho,intel,215.6590909090909,10.034691410924099,195,238,1807.6136363636363,3.4318339330105947,1798,1812,44
control_p8.v2.sfc_intel,gaeac6,intel,122.93023255813954,2.0165428789699034,119,130,6338.906976744186,0.6099942813303685,6338,6342,43
control_p8.v2.sfc_intel,hera,intel,175.0,1.4142135623730951,174,176,2011.0,1.4142135623730951,2010,2012,2
control_p8.v2.sfc_intel,hercules,intel,189.7826086956522,39.282403775441395,147,334,43165.32608695652,279822.4576952762,1898,1899756,46
control_p8.v2.sfc_intel,orion,intel,251.35555555555555,37.409378719267934,193,363,43666.822222222225,280275.038277281,1878,1882028,45
control_p8.v2.sfc_intel,ursa,intel,172.16,128.32267364510673,127,657,2519.38,9.621171382711642,2504,2549,50
control_p8.v2.sfc_intel,wcoss2,intel,203.1875,7.198274763751939,192,227,1768.2916666666667,26.839125404570616,1749,1858,48
