test_name,machine,compiler,core_mean,core_std,core_min,core_max,mem_mean,mem_std,mem_min,mem_max,n_hashes
control_c48_intel,acorn,intel,385.95238095238096,8.870208788348624,367,408,1593.142857142857,2.4650872301532676,1588,1598,42
control_c48_intel,derecho,intel,334.34090909090907,5.447180545797986,325,345,1555.5454545454545,1.9819481308133553,1551,1560,44
control_c48_intel,gaeac6,intel,266.1162790697674,7.394364979095593,256,301,6337.7441860465115,0.4924681887629877,6337,6339,43
control_c48_intel,hercules,intel,348.7391304347826,24.168330777287593,333,494,38909.04347826087,252298.29806005044,1698,1712880,46
control_c48_intel,orion,intel,517.4444444444445,5.088112507491251,509,532,39653.13333333333,254520.67138014548,1697,1709088,45
control_c48_intel,ursa,intel,282.68,92.15989654189205,251,757,1666.76,1.97494510386122,1663,1671,50
control_c48_intel,wcoss2,intel,382.2708333333333,5.266269959922301,372,397,1598.9375,3.013489177229032,1591,1606,48
