test_name,machine,compiler,core_mean,core_std,core_min,core_max,mem_mean,mem_std,mem_min,mem_max,n_hashes
control_c384gdas_intel,acorn,intel,601.8048780487804,24.32716538377952,568,638,1134.439024390244,5.536464487774699,1128,1148,41
control_c384gdas_intel,derecho,intel,521.9772727272727,50.39263910642043,494,835,1121.0,5.025516287257293,1115,1134,44
control_c384gdas_intel,gaeac6,intel,648.2325581395348,32.67286423908727,625,823,6338.604651162791,0.659708986481027,6338,6340,43
control_c384gdas_intel,hercules,intel,509.1521739130435,41.41924801683624,467,626,33735.434782608696,218707.01709625163,1457,1484832,46
control_c384gdas_intel,orion,intel,671.7777777777778,49.32816311974,630,889,30196.555555555555,193826.15000955173,1290,1301528,45
control_c384gdas_intel,ursa,intel,407.26,36.19663418787183,369,573,1887.96,23.24927911983158,1794,1937,50
control_c384gdas_intel,wcoss2,intel,588.75,21.367603236795297,555,656,1039.3958333333333,5.86638307261039,1029,1052,48
