test_name,machine,compiler,core_mean,core_std,core_min,core_max,mem_mean,mem_std,mem_min,mem_max,n_hashes
control_decomp_p8_intel,acorn,intel,181.65853658536585,7.643983765346318,170,205,1846.6341463414635,2.08273975283726,1843,1850,41
control_decomp_p8_intel,derecho,intel,216.47727272727272,19.619032804982,195,313,1805.1363636363637,2.9851641619842892,1798,1810,44
control_decomp_p8_intel,gaeac6,intel,120.97674418604652,6.072923404020205,115,156,6338.488372093023,0.6314040674128399,6337,6340,43
control_decomp_p8_intel,hercules,intel,185.6086956521739,36.59112112148979,143,305,43015.19565217391,278875.0612260798,1889,1893320,46
control_decomp_p8_intel,orion,intel,244.77777777777777,35.67077291570847,184,325,43356.044444444444,278256.2923844553,1864,1868476,45
control_decomp_p8_intel,ursa,intel,246.02,209.0224565613436,123,709,2505.16,7.778463202710323,2490,2527,50
control_decomp_p8_intel,wcoss2,intel,196.0,13.074256009913755,184,250,1758.5,3.370712406548431,1748,1766,48
