test_name,machine,compiler,core_mean,core_std,core_min,core_max,mem_mean,mem_std,mem_min,mem_max,n_hashes
control_noqr_p8_intel,acorn,intel,181.1590909090909,9.721573185490392,165,215,1852.909090909091,1.2541685250468424,1850,1855,44
control_noqr_p8_intel,derecho,intel,212.0909090909091,16.549879760426258,194,272,1803.25,3.0356409997017084,1798,1812,44
control_noqr_p8_intel,gaeac6,intel,116.88372093023256,4.327152931396617,113,142,6338.790697674419,0.41162509149313486,6338,6339,43
control_noqr_p8_intel,hera,intel,160.0,,160,160,2014.0,,2014,2014,1
control_noqr_p8_intel,hercules,intel,181.6086956521739,40.63576873252297,138,311,43212.760869565216,280181.2527835972,1892,1902184,46
control_noqr_p8_intel,orion,intel,232.9111111111111,36.43413872519104,178,324,43632.64444444444,280084.4914218788,1869,1880744,45
control_noqr_p8_intel,ursa,intel,228.82,208.86180276216433,117,774,2510.02,10.846780769482878,2492,2536,50
control_noqr_p8_intel,wcoss2,intel,194.10416666666666,13.31970158654502,179,254,1763.1041666666667,23.737249283480658,1748,1853,48
