test_name,machine,compiler,core_mean,core_std,core_min,core_max,mem_mean,mem_std,mem_min,mem_max,n_hashes
control_p8_lndp_intel,acorn,intel,301.5365853658537,8.535506900517388,289,326,1857.780487804878,1.1939890100405992,1855,1860,41
control_p8_lndp_intel,derecho,intel,319.6136363636364,16.232634240206394,297,382,1813.25,3.478338282758375,1806,1818,44
control_p8_lndp_intel,gaeac6,intel,197.27906976744185,4.895700647338432,189,215,6338.790697674419,0.6746476870643652,6338,6342,43
control_p8_lndp_intel,hercules,intel,301.32608695652175,47.52265160382931,242,419,43374.217391304344,281231.8422400448,1896,1909316,46
control_p8_lndp_intel,orion,intel,377.31111111111113,36.33169304053859,313,450,43866.22222222222,281603.35413678206,1873,1890940,45
control_p8_lndp_intel,ursa,intel,299.08,266.2336583084989,200,1233,2518.04,10.253839499904199,2499,2544,50
control_p8_lndp_intel,wcoss2,intel,318.1666666666667,15.806453480499849,302,369,1767.3541666666667,4.55458423883591,1759,1775,48
