test_name,machine,compiler,core_mean,core_std,core_min,core_max,mem_mean,mem_std,mem_min,mem_max,n_hashes
control_csawmg_gnu,derecho,gnu,502.25,78.25067798205433,470,1003,853.7272727272727,4.843425831408506,849,878,44
control_csawmg_gnu,hera,gnu,503.0,1.4142135623730951,502,504,845.0,1.4142135623730951,844,846,2
control_csawmg_gnu,hercules,gnu,442.0217391304348,44.3674000091833,402,588,18900.934782608696,122542.99743961115,823,831960,46
control_csawmg_gnu,ursa,gnu,443.02,218.8573750465012,337,1162,760.66,10.763904154769367,750,795,50
