test_name,machine,compiler,core_mean,core_std,core_min,core_max,mem_mean,mem_std,mem_min,mem_max,n_hashes
control_ras_gnu,derecho,gnu,239.83333333333334,3.312187832127608,236,248,615.1111111111111,1.906301898468511,613,618,18
control_ras_gnu,hercules,gnu,236.1578947368421,26.354976670861195,221,305,594.1578947368421,5.134449639388361,590,613,19
control_ras_gnu,ursa,gnu,267.4736842105263,196.40275185361463,187,842,515.0526315789474,5.8639547160837395,511,539,19
