test_name,machine,compiler,core_mean,core_std,core_min,core_max,mem_mean,mem_std,mem_min,mem_max,n_hashes
control_c48.v2.sfc_intel,acorn,intel,348.20454545454544,7.359788752828318,331,362,719.0454545454545,1.7247115762183722,715,723,44
control_c48.v2.sfc_intel,derecho,intel,309.8181818181818,3.0974312483517594,306,319,678.7272727272727,3.5461320976696755,671,683,44
control_c48.v2.sfc_intel,gaeac6,intel,246.95348837209303,3.484342449219511,243,264,6337.511627906977,0.7358860232418202,6336,6339,43
control_c48.v2.sfc_intel,hera,intel,374.0,,374,374,845.0,,845,845,1
control_c48.v2.sfc_intel,hercules,intel,329.2608695652174,7.576087476347879,320,359,19104.695652173912,123869.95854414228,829,840968,46
control_c48.v2.sfc_intel,orion,intel,480.4888888888889,21.945824020054292,471,623,19606.733333333334,125887.56790348499,825,845320,45
control_c48.v2.sfc_intel,ursa,intel,281.64,113.40531607594818,235,680,801.78,2.866342332546298,792,808,50
control_c48.v2.sfc_intel,wcoss2,intel,338.7916666666667,6.219250599082213,331,363,725.0,1.584499383992421,722,728,48
