test_name,machine,compiler,core_mean,core_std,core_min,core_max,mem_mean,mem_std,mem_min,mem_max,n_hashes
control_iovr4_gfdlmpv3_intel,acorn,intel,181.14285714285714,5.84587170812658,171,199,913.0714285714286,1.313956177441579,910,916,42
control_iovr4_gfdlmpv3_intel,derecho,intel,211.3181818181818,9.419852186843878,196,248,873.75,1.5420463601150811,870,876,44
control_iovr4_gfdlmpv3_intel,gaeac6,intel,121.53488372093024,2.343672710058199,118,130,6338.697674418605,0.46470081111798034,6338,6339,43
control_iovr4_gfdlmpv3_intel,hercules,intel,191.91304347826087,39.373892132255776,144,312,22161.782608695652,143700.7246940534,966,975600,46
control_iovr4_gfdlmpv3_intel,orion,intel,241.77777777777777,32.35168176666112,187,296,22122.555555555555,142021.43524827439,939,953660,45
control_iovr4_gfdlmpv3_intel,ursa,intel,250.44,211.40204080647572,123,705,1599.2,19.50719385880236,1580,1676,50
control_iovr4_gfdlmpv3_intel,wcoss2,intel,193.9375,9.846494678148586,184,222,827.4583333333334,12.7928808881518,821,913,48
