test_name,machine,compiler,core_mean,core_std,core_min,core_max,mem_mean,mem_std,mem_min,mem_max,n_hashes
control_p8_ugwpv1_intel,acorn,intel,179.79545454545453,6.65977004091628,168,196,1856.7272727272727,1.3005121775246873,1853,1860,44
control_p8_ugwpv1_intel,derecho,intel,208.29545454545453,13.833863987037,192,247,1813.1818181818182,4.036304591686593,1806,1818,44
control_p8_ugwpv1_intel,gaeac6,intel,116.27906976744185,2.333254230584491,112,123,6338.837209302325,0.5314057080781014,6338,6341,43
control_p8_ugwpv1_intel,hera,intel,163.0,,163,163,2012.0,,2012,2012,1
control_p8_ugwpv1_intel,hercules,intel,190.7173913043478,51.72305011349851,140,404,43281.54347826087,280606.1608186191,1898,1905072,46
control_p8_ugwpv1_intel,orion,intel,237.04444444444445,31.98007586803466,180,305,43671.77777777778,280295.01721229433,1879,1882164,45
control_p8_ugwpv1_intel,ursa,intel,213.26,183.2223818873933,120,696,2513.84,11.075547620864642,2500,2548,50
control_p8_ugwpv1_intel,wcoss2,intel,192.72916666666666,8.965037488104578,181,224,1771.4583333333333,23.954707557897585,1757,1863,48
