test_name,machine,compiler,core_mean,core_std,core_min,core_max,mem_mean,mem_std,mem_min,mem_max,n_hashes
control_p8_rrtmgp_intel,acorn,intel,254.52380952380952,8.1037121732712,242,281,1906.904761904762,1.2650946905565355,1904,1909,42
control_p8_rrtmgp_intel,derecho,intel,272.29545454545456,14.287056339860598,250,329,1857.4545454545455,3.295201200438973,1852,1864,44
control_p8_rrtmgp_intel,gaeac6,intel,168.4418604651163,15.467788843087822,162,261,6338.790697674419,0.41162509149332954,6338,6339,43
control_p8_rrtmgp_intel,hercules,intel,252.0,40.63113201584333,204,378,44764.717391304344,290251.662875563,1961,1970552,46
control_p8_rrtmgp_intel,orion,intel,333.06666666666666,46.08805800756948,273,514,44772.8,287337.2558490205,1915,1929456,45
control_p8_rrtmgp_intel,ursa,intel,228.5,159.2882446948273,165,789,2575.66,8.520347793993622,2559,2595,50
control_p8_rrtmgp_intel,wcoss2,intel,268.375,12.508082493315015,255,310,1817.125,14.194132740513501,1808,1910,48
