test_name,machine,compiler,core_mean,core_std,core_min,core_max,mem_mean,mem_std,mem_min,mem_max,n_hashes
control_csawmg_debug_gnu,derecho,gnu,181.5,8.356865997628873,164,204,837.4772727272727,6.025097263959243,829,852,44
control_csawmg_debug_gnu,hera,gnu,139.75,2.753785273643047,137,143,833.75,2.21735578260833,831,836,4
control_csawmg_debug_gnu,hercules,gnu,129.34782608695653,31.853286864277774,106,216,18523.239130434784,120085.93950078418,803,815280,46
control_csawmg_debug_gnu,ursa,gnu,125.58,46.921162711553535,103,259,742.4,10.853382807555786,731,778,50
