test_name,machine,compiler,core_mean,core_std,core_min,core_max,mem_mean,mem_std,mem_min,mem_max,n_hashes
control_noqr_p8_intel,acorn,intel,181.26190476190476,9.934074211003914,165,215,1852.904761904762,1.2842293657597346,1850,1855,42
control_noqr_p8_intel,derecho,intel,212.27272727272728,16.51688865960105,194,272,1803.3181818181818,3.2189318412683834,1798,1812,44
control_noqr_p8_intel,gaeac6,intel,116.97674418604652,4.273330206296812,113,142,6338.813953488372,0.3937496154790433,6338,6339,43
control_noqr_p8_intel,hercules,intel,183.8695652173913,40.66317400064539,138,311,43213.239130434784,280181.1807068328,1892,1902184,46
control_noqr_p8_intel,orion,intel,235.37777777777777,35.512666683163836,178,324,43632.46666666667,280084.51851795806,1869,1880744,45
control_noqr_p8_intel,ursa,intel,228.9,208.82022831876714,117,774,2509.68,11.011014893259992,2492,2536,50
control_noqr_p8_intel,wcoss2,intel,194.33333333333334,13.396305196127834,179,254,1758.9791666666667,14.348978143368425,1748,1853,48
