test_name,machine,compiler,core_mean,core_std,core_min,core_max,mem_mean,mem_std,mem_min,mem_max,n_hashes
control_CubedSphereGrid_debug_intel,acorn,intel,164.5909090909091,9.606969809558905,151,187,1604.9545454545455,3.8213266018340892,1599,1613,44
control_CubedSphereGrid_debug_intel,derecho,intel,147.38636363636363,3.3425787920365506,142,160,1544.2954545454545,4.953643458053273,1518,1550,44
control_CubedSphereGrid_debug_intel,gaeac6,intel,100.6046511627907,4.299166779093699,97,115,6338.930232558139,0.7986699907676544,6338,6342,43
control_CubedSphereGrid_debug_intel,hera,intel,133.75,6.8980673621916235,129,144,1738.25,4.031128874149259,1735,1744,4
control_CubedSphereGrid_debug_intel,hercules,intel,121.3913043478261,6.413452046266385,111,140,37119.67391304348,240672.08366074043,1625,1633952,46
control_CubedSphereGrid_debug_intel,orion,intel,140.4,6.390333609160306,132,163,37538.2,240979.08433660603,1606,1618152,45
control_CubedSphereGrid_debug_intel,ursa,intel,125.34,62.134354098064584,96,353,2240.02,10.408963954796167,2215,2267,50
control_CubedSphereGrid_debug_intel,wcoss2,intel,164.20833333333334,3.7527767497325533,158,175,1527.4791666666667,30.985232984771464,1507,1611,48
