test_name,machine,compiler,core_mean,core_std,core_min,core_max,mem_mean,mem_std,mem_min,mem_max,n_hashes
control_wrtGauss_netcdf_parallel_debug_intel,acorn,intel,172.0,10.259425615183748,160,208,1613.909090909091,3.219260219932035,1608,1619,44
control_wrtGauss_netcdf_parallel_debug_intel,derecho,intel,151.0,4.625510656912305,145,170,1547.0454545454545,5.098812198453125,1537,1554,44
control_wrtGauss_netcdf_parallel_debug_intel,gaeac6,intel,102.83720930232558,3.975701390998524,99,118,6338.837209302325,0.37354368381878283,6338,6339,43
control_wrtGauss_netcdf_parallel_debug_intel,hera,intel,136.0,,136,136,1747.0,,1747,1747,1
control_wrtGauss_netcdf_parallel_debug_intel,hercules,intel,127.80434782608695,22.81969866897885,114,272,37363.086956521736,242271.59625674706,1632,1644808,46
control_wrtGauss_netcdf_parallel_debug_intel,orion,intel,145.6,7.532957888203974,137,167,37568.177777777775,241142.8288903496,1608,1619256,45
control_wrtGauss_netcdf_parallel_debug_intel,ursa,intel,141.54,91.58473493693906,98,424,2254.6,10.419761445034563,2232,2284,50
control_wrtGauss_netcdf_parallel_debug_intel,wcoss2,intel,169.375,5.71532095485645,163,194,1526.625,24.660783753140315,1515,1621,48
