test_name,machine,compiler,core_mean,core_std,core_min,core_max,mem_mean,mem_std,mem_min,mem_max,n_hashes
control_p8_atmlnd_debug_intel,acorn,intel,346.4888888888889,19.211291923598928,330,451,1905.2,2.242158051358747,1901,1913,45
control_p8_atmlnd_debug_intel,gaeac6,intel,211.63636363636363,2.7372614823638846,206,218,6338.477272727273,0.6283472733950853,6338,6340,44
control_p8_atmlnd_debug_intel,hera,intel,291.4,4.4497190922574,286,298,1872.2,5.974947698515871,1864,1879,5
control_p8_atmlnd_debug_intel,hercules,intel,297.40425531914894,43.3603002027491,245,404,42464.17021276596,278025.97978186514,1900,1907960,47
control_p8_atmlnd_debug_intel,orion,intel,344.3695652173913,42.240769508801,293,486,42678.86956521739,276684.26703780843,1872,1878448,46
control_p8_atmlnd_debug_intel,ursa,intel,222.38,12.79650781443508,210,273,1944.14,9.860268655527795,1925,1968,50
