test_name,machine,compiler,core_mean,core_std,core_min,core_max,mem_mean,mem_std,mem_min,mem_max,n_hashes
control_diag_debug_gnu,derecho,gnu,108.6590909090909,3.305690525746243,104,118,1385.2727272727273,1.5606146130296592,1382,1388,44
control_diag_debug_gnu,hercules,gnu,77.5,5.023279141490476,71,90,30916.08695652174,200444.06293348066,1355,1360840,46
control_diag_debug_gnu,ursa,gnu,108.98,128.38216069093662,75,962,1289.0,10.495868963840872,1279,1302,50
