test_name,machine,compiler,core_mean,core_std,core_min,core_max,mem_mean,mem_std,mem_min,mem_max,n_hashes
control_CubedSphereGrid_parallel_intel,acorn,intel,163.75555555555556,10.099854984457487,147,190,1576.3555555555556,3.083353808285939,1571,1582,45
control_CubedSphereGrid_parallel_intel,derecho,intel,149.04444444444445,3.554482161207651,143,164,1520.5111111111112,1.3588468075779145,1518,1522,45
control_CubedSphereGrid_parallel_intel,gaeac6,intel,106.13636363636364,12.3280563154074,100,182,6338.818181818182,0.49522028327200257,6338,6340,44
control_CubedSphereGrid_parallel_intel,hera,intel,144.0,1.4142135623730925,142,146,1728.0,3.4641016151377424,1722,1730,5
control_CubedSphereGrid_parallel_intel,hercules,intel,139.7659574468085,16.532198841046185,122,193,36092.29787234042,236332.25403204252,1610,1621832,47
control_CubedSphereGrid_parallel_intel,orion,intel,166.58695652173913,5.942599831186943,160,187,36234.891304347824,234915.96279844688,1587,1594876,46
control_CubedSphereGrid_parallel_intel,ursa,intel,216.02,198.70719818930792,98,713,2228.34,9.49674487734114,2212,2249,50
control_CubedSphereGrid_parallel_intel,wcoss2,intel,168.28571428571428,12.43315460103884,159,218,1496.6530612244899,35.454519587545924,1473,1584,49
