test_name,machine,compiler,core_mean,core_std,core_min,core_max,mem_mean,mem_std,mem_min,mem_max,n_hashes
control_stochy_intel,acorn,intel,118.6590909090909,9.0398167861095,105,140,632.5909090909091,2.83104206156217,627,638,44
control_stochy_intel,derecho,intel,107.70454545454545,3.2960832672829365,104,124,579.2045454545455,1.8373330704690778,576,583,44
control_stochy_intel,gaeac6,intel,77.44186046511628,4.066719314148255,74,97,6338.767441860465,0.42746257437568813,6338,6339,43
control_stochy_intel,hera,intel,98.0,,98,98,786.0,,786,786,1
control_stochy_intel,hercules,intel,94.69565217391305,7.859515295253802,84,116,15333.826086956522,99391.90710008187,671,674788,46
control_stochy_intel,orion,intel,112.95555555555555,4.757556456243421,108,127,15130.844444444445,97096.54956465558,635,652000,45
control_stochy_intel,ursa,intel,217.44,200.35215527278208,68,583,1306.24,15.213527814791275,1291,1365,50
control_stochy_intel,wcoss2,intel,117.41666666666667,6.410872856338815,110,142,548.1666666666666,23.8847706604762,537,640,48
