test_name,machine,compiler,core_mean,core_std,core_min,core_max,mem_mean,mem_std,mem_min,mem_max,n_hashes
control_p8_ugwpv1_tempo_intel,acorn,intel,180.2888888888889,8.869309243940378,168,209,1876.3333333333333,1.609630109965936,1872,1880,45
control_p8_ugwpv1_tempo_intel,derecho,intel,205.64444444444445,11.477558252274013,188,253,1828.9777777777779,1.4998316403833416,1826,1833,45
control_p8_ugwpv1_tempo_intel,gaeac6,intel,116.77272727272727,2.6046794773453446,113,127,6338.681818181818,0.47115529818783874,6338,6339,44
control_p8_ugwpv1_tempo_intel,hera,intel,162.8,1.9235384061671366,161,166,2030.2,4.1472882706655545,2024,2034,5
control_p8_ugwpv1_tempo_intel,hercules,intel,183.25531914893617,49.10789721539366,141,394,42788.21276595745,280132.1497295235,1919,1922416,47
control_p8_ugwpv1_tempo_intel,orion,intel,230.1304347826087,35.48371062624036,176,318,43223.934782608696,280254.92786884843,1896,1902684,46
control_p8_ugwpv1_tempo_intel,ursa,intel,171.72,135.6936886625798,119,638,2533.16,9.61155766857416,2516,2557,50
control_p8_ugwpv1_tempo_intel,wcoss2,intel,191.85714285714286,9.783063596508683,178,218,1798.3877551020407,34.013365220240104,1778,1883,49
