test_name,machine,compiler,core_mean,core_std,core_min,core_max,mem_mean,mem_std,mem_min,mem_max,n_hashes
control_wam_intel,acorn,intel,518.3863636363636,257.998577236846,219,772,1654.6818181818182,5.308057619044964,1645,1662,44
control_wam_intel,derecho,intel,467.79545454545456,230.79071154835904,203,698,1598.2045454545455,4.262216616534141,1593,1606,44
control_wam_intel,gaeac6,intel,331.0,160.3032839873933,139,479,6338.790697674419,0.41162509149334353,6338,6339,43
control_wam_intel,hera,intel,649.25,4.787135538781696,643,653,1789.25,4.193248541803021,1783,1792,4
control_wam_intel,hercules,intel,451.17391304347825,245.99280064874765,171,854,38090.891304347824,246931.23717038924,1674,1676452,46
control_wam_intel,orion,intel,520.0444444444445,268.141156479157,217,794,38665.666666666664,248166.09143310017,1660,1666420,45
control_wam_intel,ursa,intel,370.24,188.57332899475273,143,752,2377.42,102.38604217691524,2260,2657,50
control_wam_intel,wcoss2,intel,510.8541666666667,266.60321857112353,228,801,1576.5208333333333,31.691323454054395,1555,1661,48
