test_name,machine,compiler,core_mean,core_std,core_min,core_max,mem_mean,mem_std,mem_min,mem_max,n_hashes
control_wam_intel,acorn,intel,506.45454545454544,259.0338448341375,219,772,1654.7272727272727,5.336855778293838,1645,1662,44
control_wam_intel,derecho,intel,457.4318181818182,232.10176173667554,203,698,1598.4545454545455,4.272434878214642,1594,1606,44
control_wam_intel,gaeac6,intel,323.48837209302326,161.53362794418575,139,479,6338.790697674419,0.4116250914932716,6338,6339,43
control_wam_intel,hera,intel,651.3333333333334,2.8867513459481207,648,653,1788.6666666666667,4.932882862316228,1783,1792,3
control_wam_intel,hercules,intel,440.7391304347826,246.89983887152013,171,854,38091.065217391304,246931.21095779797,1674,1676452,46
control_wam_intel,orion,intel,508.1333333333333,269.4594420485037,217,794,38665.77777777778,248166.07449053225,1660,1666420,45
control_wam_intel,ursa,intel,363.52,190.48651352978956,143,752,2374.86,103.8084991211987,2256,2657,50
control_wam_intel,wcoss2,intel,499.7083333333333,266.721941301482,228,801,1574.5625,29.300284110161243,1555,1661,48
