test_name,machine,compiler,core_mean,core_std,core_min,core_max,mem_mean,mem_std,mem_min,mem_max,n_hashes
control_c48_lnd_iau_intel,acorn,intel,396.23809523809524,7.867219807715033,385,421,1593.047619047619,2.4189534216709445,1588,1599,42
control_c48_lnd_iau_intel,derecho,intel,342.8863636363636,6.1235948899581185,333,358,1556.8181818181818,1.8207170485345423,1553,1561,44
control_c48_lnd_iau_intel,gaeac6,intel,273.3720930232558,7.693606671138593,262,311,6337.674418604651,0.7470873676375502,6336,6339,43
control_c48_lnd_iau_intel,hercules,intel,356.7391304347826,16.34004594391569,343,455,38612.434782608696,250263.08792137142,1694,1699080,46
control_c48_lnd_iau_intel,orion,intel,534.1777777777778,21.011132210513466,522,660,39842.955555555556,255769.3391357778,1703,1717468,45
control_c48_lnd_iau_intel,ursa,intel,347.7,167.29861484965213,261,751,1667.78,2.150367790089131,1664,1673,50
control_c48_lnd_iau_intel,wcoss2,intel,391.5,7.313642163937722,382,419,1600.0208333333333,2.8989329169088847,1592,1606,48
