test_name,machine,compiler,core_mean,core_std,core_min,core_max,mem_mean,mem_std,mem_min,mem_max,n_hashes
control_ras_debug_intel,acorn,intel,191.65217391304347,3.587968476249653,187,201,823.7826086956521,2.875547722357804,819,831,23
control_ras_debug_intel,derecho,intel,176.58333333333334,4.06380274541262,170,186,755.4583333333334,1.284664282542579,753,758,24
control_ras_debug_intel,gaeac6,intel,120.95833333333333,3.9062844201382076,118,138,6338.5,0.5107539184550451,6338,6339,24
control_ras_debug_intel,hera,intel,163.6,1.1401754250991383,162,165,958.8,2.4899799195977628,957,963,5
control_ras_debug_intel,hercules,intel,148.48,7.610957013849616,135,166,856.24,4.064890322423643,849,864,25
control_ras_debug_intel,orion,intel,167.0,2.413728849005562,163,172,831.2916666666666,3.5567347833146927,824,837,24
control_ras_debug_intel,ursa,intel,152.04,91.16764777046734,117,464,1482.4,9.092121131323927,1454,1499,25
control_ras_debug_intel,wcoss2,intel,197.875,5.219632670733769,192,215,760.9166666666666,45.041928936479145,728,831,24
