test_name,machine,compiler,core_mean,core_std,core_min,core_max,mem_mean,mem_std,mem_min,mem_max,n_hashes
control_p8_intel,acorn,intel,179.88636363636363,6.445535354354081,170,197,1852.4772727272727,1.1099682870734022,1850,1855,44
control_p8_intel,derecho,intel,209.38636363636363,8.339360047643241,193,230,1803.159090909091,3.072330997627893,1797,1812,44
control_p8_intel,gaeac6,intel,117.23255813953489,2.079803210726637,113,122,6338.697674418605,0.4647008111181361,6338,6339,43
control_p8_intel,hera,intel,165.5,0.7071067811865476,165,166,1995.5,21.920310216782973,1980,2011,2
control_p8_intel,hercules,intel,185.6086956521739,49.6805252525774,141,403,43161.04347826087,279829.7347613728,1895,1899800,46
control_p8_intel,orion,intel,241.2888888888889,35.37437581988501,182,325,43725.37777777778,280714.95077255927,1869,1884972,45
control_p8_intel,ursa,intel,230.56,223.66831857617623,121,881,2509.82,9.822277885355472,2489,2532,50
control_p8_intel,wcoss2,intel,196.54166666666666,11.324908215932297,185,236,1764.8125,27.488996831614593,1749,1855,48
