test_name,machine,compiler,core_mean,core_std,core_min,core_max,mem_mean,mem_std,mem_min,mem_max,n_hashes
control_diag_debug_intel,acorn,intel,199.8780487804878,10.027948748251633,186,220,1673.0243902439024,3.086161085216153,1667,1678,41
control_diag_debug_intel,derecho,intel,176.75,5.126878555313189,171,192,1604.090909090909,4.3765664667699,1579,1608,44
control_diag_debug_intel,gaeac6,intel,118.69767441860465,2.3957788645163673,115,127,6338.790697674419,0.4116250914932545,6338,6339,43
control_diag_debug_intel,hercules,intel,148.6086956521739,8.111660361259279,134,175,38569.086956521736,250026.66310969723,1693,1697468,46
control_diag_debug_intel,orion,intel,171.06666666666666,4.534714584583733,164,185,39002.46666666667,250341.8668680527,1671,1681028,45
control_diag_debug_intel,ursa,intel,160.72,91.99091348206792,118,460,2320.92,7.370210309075327,2307,2338,50
control_diag_debug_intel,wcoss2,intel,197.91666666666666,5.254515113501357,190,221,1579.3125,3.170047653846732,1574,1587,48
