test_name,machine,compiler,core_mean,core_std,core_min,core_max,mem_mean,mem_std,mem_min,mem_max,n_hashes
control_p8_ugwpv1_intel,acorn,intel,179.90697674418604,6.69688610470915,168,196,1856.7209302325582,1.3152146555808468,1853,1860,43
control_p8_ugwpv1_intel,derecho,intel,208.6590909090909,13.685747435754624,192,247,1813.0681818181818,3.9964968803957137,1806,1818,44
control_p8_ugwpv1_intel,gaeac6,intel,116.32558139534883,2.2857834983983913,112,123,6338.813953488372,0.5457984083405674,6338,6341,43
control_p8_ugwpv1_intel,hercules,intel,192.58695652173913,52.39659704258008,140,404,43281.434782608696,280606.1772017978,1898,1905072,46
control_p8_ugwpv1_intel,orion,intel,238.0222222222222,31.363331867940737,180,305,43671.933333333334,280294.99349446764,1879,1882164,45
control_p8_ugwpv1_intel,ursa,intel,213.26,183.2223818873933,120,696,2513.84,11.07554762086453,2500,2548,50
control_p8_ugwpv1_intel,wcoss2,intel,192.89583333333334,9.062993689169652,181,224,1769.5208333333333,19.99147646387512,1757,1863,48
