test_name,machine,compiler,core_mean,core_std,core_min,core_max,mem_mean,mem_std,mem_min,mem_max,n_hashes
control_c48_gnu,derecho,gnu,434.79545454545456,3.6952486491819876,430,443,1509.840909090909,0.8336856196874245,1508,1511,44
control_c48_gnu,hercules,gnu,474.9347826086956,16.43086820444041,462,568,35891.80434782609,232589.33700185156,1579,1579096,46
control_c48_gnu,ursa,gnu,552.4,441.17806114159055,345,1790,1508.02,1.3475601535172372,1501,1509,50
