test_name,machine,compiler,core_mean,core_std,core_min,core_max,mem_mean,mem_std,mem_min,mem_max,n_hashes
control_p8.v2.sfc_intel,acorn,intel,188.9318181818182,6.402752777435985,179,212,1853.4318181818182,3.2948001829007367,1848,1858,44
control_p8.v2.sfc_intel,derecho,intel,215.1590909090909,9.576966509622295,195,238,1807.9772727272727,2.992149700611009,1798,1812,44
control_p8.v2.sfc_intel,gaeac6,intel,122.90697674418605,2.0449002011784416,119,130,6338.906976744186,0.6099942813304453,6338,6342,43
control_p8.v2.sfc_intel,hera,intel,174.5,1.9148542155126762,172,176,2010.5,1.0000000000000189,2010,2012,4
control_p8.v2.sfc_intel,hercules,intel,188.04347826086956,39.40048308882583,147,334,43165.086956521736,279822.49373739504,1898,1899756,46
control_p8.v2.sfc_intel,orion,intel,249.0888888888889,37.86868592567444,193,363,43666.64444444444,280275.06537970516,1878,1882028,45
control_p8.v2.sfc_intel,ursa,intel,172.0,128.36157477045464,127,657,2519.48,9.621913764412879,2504,2549,50
control_p8.v2.sfc_intel,wcoss2,intel,203.20833333333334,7.205076027869234,192,227,1772.375,32.55020671895673,1749,1860,48
