test_name,machine,compiler,core_mean,core_std,core_min,core_max,mem_mean,mem_std,mem_min,mem_max,n_hashes
control_wam_debug_gnu,derecho,gnu,380.20454545454544,7.908134009329491,364,418,1402.340909090909,7.077455796377861,1357,1406,44
control_wam_debug_gnu,hercules,gnu,330.5217391304348,20.229504448738865,305,408,31403.891304347828,203641.13224201577,1323,1382540,46
control_wam_debug_gnu,ursa,gnu,307.14,98.44173870044834,269,735,1312.02,10.591660177050601,1273,1326,50
