test_name,machine,compiler,core_mean,core_std,core_min,core_max,mem_mean,mem_std,mem_min,mem_max,n_hashes
control_p8_intel,acorn,intel,180.33333333333334,6.539436339798442,170,197,1852.452380952381,1.0865560035711548,1850,1854,42
control_p8_intel,derecho,intel,211.36363636363637,11.980780944944282,198,270,1803.159090909091,3.0874327547008162,1797,1812,44
control_p8_intel,gaeac6,intel,117.4186046511628,1.942415753392023,114,122,6338.7441860465115,0.44148144844911585,6338,6339,43
control_p8_intel,hercules,intel,188.58695652173913,50.12809196313714,141,403,43161.413043478264,279829.6790668349,1895,1899800,46
control_p8_intel,orion,intel,242.75555555555556,34.55835351951533,182,325,43725.46666666667,280714.93721588486,1869,1884972,45
control_p8_intel,ursa,intel,230.62,223.63644787092852,121,881,2510.28,10.028612128529485,2489,2532,50
control_p8_intel,wcoss2,intel,196.70833333333334,11.752696989407273,185,236,1758.6458333333333,14.668666248283964,1749,1854,48
