test_name,machine,compiler,core_mean,core_std,core_min,core_max,mem_mean,mem_std,mem_min,mem_max,n_hashes
control_c48_intel,acorn,intel,384.7111111111111,9.09950603609943,367,408,1593.2888888888888,2.676685723921738,1588,1599,45
control_c48_intel,derecho,intel,333.06666666666666,4.863593882567239,325,344,1555.2888888888888,2.051853067376146,1551,1560,45
control_c48_intel,gaeac6,intel,265.5,7.515874672519708,256,301,6337.727272727273,0.49947117912233635,6337,6339,44
control_c48_intel,hera,intel,394.6,2.701851217221263,392,399,1719.4,6.387487769068511,1711,1728,5
control_c48_intel,hercules,intel,347.27659574468083,24.45199567534188,331,494,38116.82978723404,249599.9529487413,1698,1712880,47
control_c48_intel,orion,intel,516.804347826087,5.19666373836729,509,532,38828.36956521739,251738.93275431712,1697,1709088,46
control_c48_intel,ursa,intel,282.0,92.26846366855307,251,757,1666.62,1.9680094574188116,1663,1671,50
control_c48_intel,wcoss2,intel,383.1020408163265,5.986947253397683,372,397,1598.4897959183672,3.3919171630239235,1591,1606,49
