test_name,machine,compiler,core_mean,core_std,core_min,core_max,mem_mean,mem_std,mem_min,mem_max,n_hashes
control_c384_intel,acorn,intel,533.1363636363636,19.43455434910761,503,568,1993.159090909091,4.709926093421973,1985,2006,44
control_c384_intel,derecho,intel,451.22727272727275,28.17624237277695,429,611,1940.3636363636363,4.79384736050871,1929,1955,44
control_c384_intel,gaeac6,intel,580.3720930232558,19.95235187928855,551,670,6338.674418604651,0.47413732351543336,6338,6339,43
control_c384_intel,hera,intel,458.0,,458,458,2005.0,,2005,2005,1
control_c384_intel,hercules,intel,462.2391304347826,48.05930816656931,402,566,45792.260869565216,296859.83155425277,2006,2015424,46
control_c384_intel,orion,intel,594.8444444444444,20.182075255437955,569,670,46208.555555555555,296702.5557046343,1968,1992320,45
control_c384_intel,ursa,intel,357.4,28.124359403135472,329,469,2070.76,14.407424389911624,2035,2096,50
control_c384_intel,wcoss2,intel,527.9583333333334,25.191993268153585,502,621,1910.1458333333333,24.455769526239983,1898,2011,48
