test_name,machine,compiler,core_mean,core_std,core_min,core_max,mem_mean,mem_std,mem_min,mem_max,n_hashes
control_stochy_debug_intel,acorn,intel,216.04545454545453,10.960721724358116,202,245,815.4090909090909,2.687768866535083,810,821,44
control_stochy_debug_intel,derecho,intel,190.72727272727272,3.546132097669606,183,204,747.0681818181819,1.5003523194412052,744,750,44
control_stochy_debug_intel,gaeac6,intel,132.30232558139534,2.8663472999365935,129,142,6338.813953488372,0.39374961547936094,6338,6339,43
control_stochy_debug_intel,hera,intel,178.0,,178,178,951.0,,951,951,1
control_stochy_debug_intel,hercules,intel,164.5,8.803408430829514,151,194,19350.304347826088,125469.74309031547,845,851828,46
control_stochy_debug_intel,orion,intel,187.75555555555556,6.083343711074571,179,206,19120.48888888889,122732.61481915253,818,824140,45
control_stochy_debug_intel,ursa,intel,171.18,96.33946994554077,129,472,1479.72,6.776429738438951,1468,1497,50
control_stochy_debug_intel,wcoss2,intel,216.1875,5.973901572674259,210,240,729.6666666666666,23.939936661902212,719,822,48
