test_name,machine,compiler,core_mean,core_std,core_min,core_max,mem_mean,mem_std,mem_min,mem_max,n_hashes
control_p8_ugwpv1_intel,acorn,intel,179.6818181818182,6.733369615933624,168,196,1856.7045454545455,1.3043673589860318,1853,1860,44
control_p8_ugwpv1_intel,derecho,intel,207.75,13.91523341271114,192,247,1813.3863636363637,3.9954387312773494,1806,1818,44
control_p8_ugwpv1_intel,gaeac6,intel,116.25581395348837,2.351220789857428,112,123,6338.860465116279,0.5155392622265148,6338,6341,43
control_p8_ugwpv1_intel,hera,intel,162.5,0.7071067811865476,162,163,2016.5,6.363961030678928,2012,2021,2
control_p8_ugwpv1_intel,hercules,intel,191.2173913043478,51.3614265306728,140,404,43281.65217391304,280606.14443698025,1898,1905072,46
control_p8_ugwpv1_intel,orion,intel,236.35555555555555,31.78561392399481,180,305,43671.62222222222,280295.04092549015,1879,1882164,45
control_p8_ugwpv1_intel,ursa,intel,213.28,183.2126053946895,120,696,2513.98,11.005545911781288,2500,2548,50
control_p8_ugwpv1_intel,wcoss2,intel,192.83333333333334,9.00905769586231,181,224,1773.4583333333333,27.267749115832178,1757,1863,48
