test_name,machine,compiler,core_mean,core_std,core_min,core_max,mem_mean,mem_std,mem_min,mem_max,n_hashes
control_iovr4_gfdlmpv3_intel,acorn,intel,181.04651162790697,5.810308935201366,171,199,913.1162790697674,1.3311166512794308,910,916,43
control_iovr4_gfdlmpv3_intel,derecho,intel,211.3409090909091,9.422741372248714,196,248,873.7727272727273,1.5531458902653792,870,876,44
control_iovr4_gfdlmpv3_intel,gaeac6,intel,121.51162790697674,2.3439089554809143,118,130,6338.720930232558,0.453850268750694,6338,6339,43
control_iovr4_gfdlmpv3_intel,hercules,intel,190.30434782608697,39.83514337043354,143,312,22161.891304347828,143700.70831407094,966,975600,46
control_iovr4_gfdlmpv3_intel,orion,intel,242.22222222222223,32.43587302025117,187,296,22122.555555555555,142021.4352482744,939,953660,45
control_iovr4_gfdlmpv3_intel,ursa,intel,250.28,211.4957460854589,123,705,1599.64,19.38204513123905,1580,1676,50
control_iovr4_gfdlmpv3_intel,wcoss2,intel,193.72916666666666,9.712329482242206,184,222,829.3333333333334,17.972003444285736,821,915,48
