test_name,machine,compiler,core_mean,core_std,core_min,core_max,mem_mean,mem_std,mem_min,mem_max,n_hashes
control_p8_atmlnd_intel,acorn,intel,209.61904761904762,19.259400468029135,191,320,1862.2857142857142,1.3666000946932169,1860,1865,42
control_p8_atmlnd_intel,gaeac6,intel,148.1860465116279,4.547400167513239,142,163,6338.906976744186,0.7176002829659921,6338,6342,43
control_p8_atmlnd_intel,hercules,intel,188.43478260869566,36.02693570952653,154,301,42867.782608695656,277973.073594621,1873,1887188,46
control_p8_atmlnd_intel,orion,intel,236.2,30.24641225906727,209,328,42999.84444444445,275984.68107799976,1848,1853220,45
control_p8_atmlnd_intel,ursa,intel,147.42,7.499904761300077,139,177,1910.4,10.79493456417859,1892,1941,50
