test_name,machine,compiler,core_mean,core_std,core_min,core_max,mem_mean,mem_std,mem_min,mem_max,n_hashes
control_wam_debug_intel,acorn,intel,891.4318181818181,17.442793843947435,863,925,1697.3181818181818,1.9262293238433061,1694,1702,44
control_wam_debug_intel,derecho,intel,770.0909090909091,13.383117066294668,748,794,1626.159090909091,3.893603471277523,1618,1631,44
control_wam_debug_intel,gaeac6,intel,544.4651162790698,9.124401708264271,530,576,6338.674418604651,0.47413732351546506,6338,6339,43
control_wam_debug_intel,hera,intel,828.0,14.422205101855956,812,840,1809.6666666666667,5.13160143944686,1804,1814,3
control_wam_debug_intel,orion,intel,817.4888888888889,15.442889246602407,791,851,39243.64444444444,251872.9872907767,1685,1691312,45
control_wam_debug_intel,ursa,intel,721.16,314.05227434363246,538,1628,2302.74,27.70751758299989,2277,2419,50
control_wam_debug_intel,wcoss2,intel,890.625,8.581585926929591,872,917,1612.2291666666667,30.49048654094512,1593,1703,48
