test_name,machine,compiler,core_mean,core_std,core_min,core_max,mem_mean,mem_std,mem_min,mem_max,n_hashes
control_p8_gnu,derecho,gnu,278.20454545454544,11.048686221919976,258,304,1553.8181818181818,9.344250134217555,1528,1574,44
control_p8_gnu,hera,gnu,264.0,,264,264,1534.0,,1534,1534,1
control_p8_gnu,hercules,gnu,237.2826086956522,38.01208173052252,206,352,34885.82608695652,226223.28656246827,1503,1535852,46
control_p8_gnu,ursa,gnu,267.42,178.77269686072628,181,980,1461.28,14.970774249605652,1426,1494,50
