test_name,machine,compiler,core_mean,core_std,core_min,core_max,mem_mean,mem_std,mem_min,mem_max,n_hashes
control_p8_mynn_intel,acorn,intel,187.54761904761904,7.047581771568558,177,209,1867.6666666666667,1.7343961719574743,1865,1871,42
control_p8_mynn_intel,derecho,intel,215.4090909090909,15.573260001082316,199,303,1814.0681818181818,2.050498830661875,1810,1819,44
control_p8_mynn_intel,gaeac6,intel,124.48837209302326,13.303010924891181,119,209,6338.790697674419,0.4116250914934134,6338,6339,43
control_p8_mynn_intel,hercules,intel,190.32608695652175,45.86649919922242,148,348,43428.108695652176,281558.91768416215,1900,1911540,46
control_p8_mynn_intel,orion,intel,250.66666666666666,38.479628612836386,192,338,43926.42222222222,281963.7371397968,1884,1893364,45
control_p8_mynn_intel,ursa,intel,213.32,202.25468284985115,123,768,2526.16,12.370735711380108,2499,2554,50
control_p8_mynn_intel,wcoss2,intel,201.0,11.381208850276712,188,235,1772.4791666666667,14.842419919878868,1762,1869,48
