test_name,machine,compiler,core_mean,core_std,core_min,core_max,mem_mean,mem_std,mem_min,mem_max,n_hashes
control_ras_debug_intel,acorn,intel,190.88888888888889,3.0271106178682095,187,198,822.7777777777778,2.157219221878427,819,826,18
control_ras_debug_intel,derecho,intel,177.05263157894737,4.326580433276838,170,186,755.4736842105264,1.4286131990551867,753,758,19
control_ras_debug_intel,gaeac6,intel,121.10526315789474,4.2673793264472595,118,138,6338.526315789473,0.5129891760423279,6338,6339,19
control_ras_debug_intel,hercules,intel,150.5,6.977407149243605,140,166,856.75,4.063638504436253,849,864,20
control_ras_debug_intel,orion,intel,166.68421052631578,2.2373752374638367,163,172,831.3157894736842,3.667464028134542,824,837,19
control_ras_debug_intel,ursa,intel,160.4,100.65124780255098,117,464,1481.25,9.066276436390677,1454,1499,20
control_ras_debug_intel,wcoss2,intel,196.57894736842104,3.686548965476225,192,207,742.8421052631579,30.609118390685005,728,830,19
