test_name,machine,compiler,core_mean,core_std,core_min,core_max,mem_mean,mem_std,mem_min,mem_max,n_hashes
control_lndp_debug_intel,acorn,intel,199.2439024390244,11.486471363749779,182,232,817.1463414634146,2.3723508974196688,813,822,41
control_lndp_debug_intel,derecho,intel,174.22727272727272,3.0336380520534627,170,183,748.6818181818181,2.218031048839331,744,752,44
control_lndp_debug_intel,gaeac6,intel,119.6046511627907,2.460541315623754,115,129,6338.720930232558,0.45385026875063117,6338,6339,43
control_lndp_debug_intel,hercules,intel,150.0,11.485256249257613,136,196,19205.239130434784,124491.43950670928,842,845192,46
control_lndp_debug_intel,orion,intel,169.9111111111111,6.983168798235258,161,191,19095.777777777777,122562.57881159932,817,823000,45
control_lndp_debug_intel,ursa,intel,170.94,113.30497224170647,115,522,1473.98,7.9140536324919655,1440,1491,50
control_lndp_debug_intel,wcoss2,intel,195.41666666666666,2.937891365207176,191,205,725.3125,1.869762187631869,722,729,48
