test_name,machine,compiler,core_mean,core_std,core_min,core_max,mem_mean,mem_std,mem_min,mem_max,n_hashes
control_c384gdas_intel,acorn,intel,597.1590909090909,23.853178016354832,568,638,1134.5454545454545,5.262657147648902,1128,1148,44
control_c384gdas_intel,derecho,intel,511.59090909090907,14.942242572914662,494,577,1120.1136363636363,4.478454410977679,1115,1132,44
control_c384gdas_intel,gaeac6,intel,645.2325581395348,32.931991400245245,625,823,6338.627906976744,0.6908674951843377,6338,6340,43
control_c384gdas_intel,hera,intel,502.75,5.678908345800266,497,509,1365.25,12.737739202856996,1347,1374,4
control_c384gdas_intel,hercules,intel,508.39130434782606,45.3257239990565,455,626,33731.413043478264,218707.62306539406,1457,1484832,46
control_c384gdas_intel,orion,intel,667.0666666666667,50.892221230932584,630,889,30196.555555555555,193826.1500174079,1290,1301528,45
control_c384gdas_intel,ursa,intel,408.24,41.10045433980963,369,573,1888.56,23.012117482326737,1794,1937,50
control_c384gdas_intel,wcoss2,intel,586.7083333333334,20.080644150612923,555,656,1051.3333333333333,32.76696139200657,1029,1142,48
