test_name,machine,compiler,core_mean,core_std,core_min,core_max,mem_mean,mem_std,mem_min,mem_max,n_hashes
control_2threads_p8_intel,acorn,intel,166.29545454545453,6.454057838234901,155,184,1928.7727272727273,3.95829206981202,1924,1941,44
control_2threads_p8_intel,derecho,intel,315.22727272727275,17.998531770046643,296,414,1888.7272727272727,4.551328129001882,1881,1898,44
control_2threads_p8_intel,gaeac6,intel,131.65116279069767,4.4448135690200115,126,150,6338.511627906977,0.6314040674130003,6337,6339,43
control_2threads_p8_intel,hera,intel,238.0,,238,238,2022.0,,2022,2022,1
control_2threads_p8_intel,hercules,intel,242.6086956521739,36.616012441959846,208,315,45197.913043478264,293073.5348315486,1975,1989708,46
control_2threads_p8_intel,orion,intel,261.4222222222222,39.47639622085407,205,387,45407.11111111111,291431.34721298213,1952,1956944,45
control_2threads_p8_intel,ursa,intel,103.9,2.2337851101588493,100,110,2011.06,2.298269091365624,2005,2016,50
control_2threads_p8_intel,wcoss2,intel,178.08333333333334,10.714542381255315,166,222,1840.3541666666667,23.453430165432543,1824,1929,48
