test_name,machine,compiler,core_mean,core_std,core_min,core_max,mem_mean,mem_std,mem_min,mem_max,n_hashes
control_2threads_p8_intel,acorn,intel,166.57142857142858,6.36355038631454,155,184,1928.5714285714287,3.883315512911922,1924,1941,42
control_2threads_p8_intel,derecho,intel,315.97727272727275,17.678641214180008,298,414,1888.659090909091,4.615157946946651,1881,1898,44
control_2threads_p8_intel,gaeac6,intel,131.7906976744186,4.340057820192432,126,150,6338.488372093023,0.6314040674128605,6337,6339,43
control_2threads_p8_intel,hercules,intel,245.15217391304347,36.35868680632172,208,315,45197.84782608696,293073.54466625437,1975,1989708,46
control_2threads_p8_intel,orion,intel,263.2888888888889,39.1434554045769,205,387,45407.02222222222,291431.3607639876,1952,1956944,45
control_2threads_p8_intel,ursa,intel,103.98,2.1805260552332357,100,110,2010.86,2.2947144235644,2005,2016,50
control_2threads_p8_intel,wcoss2,intel,178.45833333333334,10.823454306300153,166,222,1836.4791666666667,14.74750549888753,1824,1925,48
