test_name,machine,compiler,core_mean,core_std,core_min,core_max,mem_mean,mem_std,mem_min,mem_max,n_hashes
control_p8_atmlnd_intel,acorn,intel,209.72093023255815,19.04046515712729,191,320,1862.2093023255813,1.4402073186555169,1859,1865,43
control_p8_atmlnd_intel,gaeac6,intel,148.1860465116279,4.5474001675132385,142,163,6338.906976744186,0.7176002829660871,6338,6342,43
control_p8_atmlnd_intel,hercules,intel,187.34782608695653,35.11771783986245,154,301,42867.760869565216,277973.07687041967,1873,1887188,46
control_p8_atmlnd_intel,orion,intel,236.15555555555557,30.273717640851107,209,328,42999.822222222225,275984.6844661435,1848,1853220,45
control_p8_atmlnd_intel,ursa,intel,147.34,7.579806685381568,138,177,1910.38,10.823047969354004,1892,1941,50
