test_name,machine,compiler,core_mean,core_std,core_min,core_max,mem_mean,mem_std,mem_min,mem_max,n_hashes
control_p8_ugwpv1_gnu,derecho,gnu,275.3181818181818,13.435068183022091,258,328,1564.4318181818182,9.865131754027045,1543,1585,44
control_p8_ugwpv1_gnu,hera,gnu,262.5,0.7071067811865476,262,263,1555.0,2.8284271247461903,1553,1557,2
control_p8_ugwpv1_gnu,hercules,gnu,229.43478260869566,33.82284052327365,204,338,35338.13043478261,229209.27450050812,1519,1556116,46
control_p8_ugwpv1_gnu,ursa,gnu,249.0,145.46350969594138,179,815,1469.48,12.895561647484863,1447,1503,50
