test_name,machine,compiler,core_mean,core_std,core_min,core_max,mem_mean,mem_std,mem_min,mem_max,n_hashes
control_stochy_gnu,derecho,gnu,160.5,3.9384804058134817,155,180,603.6590909090909,7.991108959972236,577,612,44
control_stochy_gnu,hera,gnu,172.5,2.1213203435596424,171,174,600.0,2.8284271247461903,598,602,2
control_stochy_gnu,hercules,gnu,146.08695652173913,12.402197093806544,135,202,13351.478260869566,86585.4133660294,574,587836,46
control_stochy_gnu,ursa,gnu,190.98,151.0543205443063,117,643,515.12,9.310165609347003,506,529,50
