test_name,machine,compiler,core_mean,core_std,core_min,core_max,mem_mean,mem_std,mem_min,mem_max,n_hashes
control_CubedSphereGrid_parallel_intel,acorn,intel,164.95348837209303,10.596390868889747,147,190,1576.8372093023256,3.1162418800776797,1571,1582,43
control_CubedSphereGrid_parallel_intel,derecho,intel,149.95454545454547,4.802879685871345,144,171,1520.4772727272727,1.4057793727396806,1518,1522,44
control_CubedSphereGrid_parallel_intel,gaeac6,intel,106.16279069767442,12.476511708307351,100,182,6338.813953488372,0.5002767783219882,6338,6340,43
control_CubedSphereGrid_parallel_intel,hercules,intel,139.84782608695653,16.354363863853116,122,193,36842.0,238887.22669624301,1610,1621832,46
control_CubedSphereGrid_parallel_intel,orion,intel,167.2,6.268971207462999,160,187,37005.64444444444,237511.63742217273,1589,1594876,45
control_CubedSphereGrid_parallel_intel,ursa,intel,216.2,198.6010255435222,98,713,2228.52,9.64098394504273,2212,2249,50
control_CubedSphereGrid_parallel_intel,wcoss2,intel,168.27083333333334,12.532068792779201,159,218,1486.2291666666667,20.236095392579816,1473,1581,48
