test_name,machine,compiler,core_mean,core_std,core_min,core_max,mem_mean,mem_std,mem_min,mem_max,n_hashes
control_CubedSphereGrid_intel,acorn,intel,155.1951219512195,10.651806213490554,136,177,1567.1951219512196,2.5021941590843144,1563,1571,41
control_CubedSphereGrid_intel,derecho,intel,141.70454545454547,7.580818957583225,133,186,1515.4545454545455,1.662927447473342,1511,1520,44
control_CubedSphereGrid_intel,gaeac6,intel,100.93023255813954,15.241539962248549,94,197,6338.790697674419,0.4116250914933653,6338,6339,43
control_CubedSphereGrid_intel,hercules,intel,130.2391304347826,13.935063341734917,113,165,36538.97826086957,236915.6820338774,1599,1608448,46
control_CubedSphereGrid_intel,orion,intel,155.88888888888889,6.4428333060929805,149,175,36858.02222222222,236582.79856738693,1573,1588636,45
control_CubedSphereGrid_intel,ursa,intel,201.14,191.44616230477038,93,682,2212.06,9.852814784805153,2194,2243,50
control_CubedSphereGrid_intel,wcoss2,intel,156.0625,10.45233609234003,147,205,1476.8125,5.013412860580892,1463,1485,48
