test_name,machine,compiler,core_mean,core_std,core_min,core_max,mem_mean,mem_std,mem_min,mem_max,n_hashes
control_ras_debug_gnu,derecho,gnu,103.22222222222223,2.9416992999356393,99,109,602.3333333333334,3.271984467099601,593,606,18
control_ras_debug_gnu,hercules,gnu,77.05263157894737,8.086158847826368,68,95,579.6315789473684,2.2903305514898253,576,585,19
control_ras_debug_gnu,ursa,gnu,66.73684210526316,1.6276126096272274,65,71,499.8421052631579,0.3746343246326792,499,500,19
