test_name,machine,compiler,core_mean,core_std,core_min,core_max,mem_mean,mem_std,mem_min,mem_max,n_hashes
control_diag_debug_intel,acorn,intel,198.9777777777778,9.449600493933593,186,220,1672.4444444444443,2.743219372425872,1667,1677,45
control_diag_debug_intel,derecho,intel,176.37777777777777,5.122538827613126,171,192,1604.3333333333333,4.316985480212305,1579,1608,45
control_diag_debug_intel,gaeac6,intel,118.8409090909091,2.230269373846002,115,127,6338.75,0.43801879539162697,6338,6339,44
control_diag_debug_intel,hera,intel,164.4,2.3021728866442674,162,167,1806.0,4.0620192023179875,1800,1810,5
control_diag_debug_intel,hercules,intel,146.14893617021278,6.912429647111932,134,160,37783.53191489362,247352.68393872175,1693,1697468,47
control_diag_debug_intel,orion,intel,170.80434782608697,4.573447837329383,164,185,38190.717391304344,247605.87914745684,1671,1681028,46
control_diag_debug_intel,ursa,intel,164.78,97.45355565706203,118,460,2320.42,8.403327815059201,2307,2341,50
control_diag_debug_intel,wcoss2,intel,198.73469387755102,5.98531365860109,190,221,1592.3469387755101,32.734761735047684,1574,1672,49
