test_name,machine,compiler,core_mean,core_std,core_min,core_max,mem_mean,mem_std,mem_min,mem_max,n_hashes
control_p8_ugwpv1_tempo_aerosol_hail_intel,acorn,intel,147.65853658536585,8.110517110818419,136,170,2430.1951219512193,1.308042663584089,2426,2432,41
control_p8_ugwpv1_tempo_aerosol_hail_intel,derecho,intel,188.78048780487805,19.648806827797397,155,242,2391.3414634146343,6.251438858765212,2366,2398,41
control_p8_ugwpv1_tempo_aerosol_hail_intel,gaeac6,intel,95.04878048780488,5.567545327665481,89,124,6338.90243902439,0.3004062290283685,6338,6339,41
control_p8_ugwpv1_tempo_aerosol_hail_intel,hercules,intel,141.69767441860466,40.274377346563384,98,295,58690.37209302326,368894.89160386816,2418,2421440,43
control_p8_ugwpv1_tempo_aerosol_hail_intel,orion,intel,182.35714285714286,33.42835179653272,125,246,59415.40476190476,369456.0567108684,2386,2396756,42
control_p8_ugwpv1_tempo_aerosol_hail_intel,ursa,intel,120.61538461538461,8.949086760455158,108,140,2418.653846153846,20.697714478062252,2384,2462,26
control_p8_ugwpv1_tempo_aerosol_hail_intel,wcoss2,intel,151.6,8.43262064302023,142,176,2350.822222222222,6.916018589572588,2333,2361,45
