test_name,machine,compiler,core_mean,core_std,core_min,core_max,mem_mean,mem_std,mem_min,mem_max,n_hashes
control_stochy_gnu,derecho,gnu,160.54545454545453,3.9204564604585235,155,180,603.5909090909091,7.98346600086029,577,612,44
control_stochy_gnu,hera,gnu,174.0,,174,174,602.0,,602,602,1
control_stochy_gnu,hercules,gnu,146.15217391304347,12.366563146564637,135,202,13351.326086956522,86585.43630787246,574,587836,46
control_stochy_gnu,ursa,gnu,191.28,150.92328636544775,117,643,515.52,9.470124883343457,506,529,50
