test_name,machine,compiler,core_mean,core_std,core_min,core_max,mem_mean,mem_std,mem_min,mem_max,n_hashes
control_c384gdas_intel,acorn,intel,601.0952380952381,24.464817470080817,568,638,1134.5,5.4827890356784845,1128,1148,42
control_c384gdas_intel,derecho,intel,521.0227272727273,50.47978579376456,494,835,1120.6136363636363,4.641651215271162,1115,1132,44
control_c384gdas_intel,gaeac6,intel,647.3255813953489,32.595442955107195,625,823,6338.604651162791,0.6597089864809288,6338,6340,43
control_c384gdas_intel,hercules,intel,511.9130434782609,43.865869337716596,467,626,33734.934782608696,218707.09242997455,1457,1484832,46
control_c384gdas_intel,orion,intel,670.6,49.51556229197957,630,889,30196.62222222222,193826.13984553845,1290,1301528,45
control_c384gdas_intel,ursa,intel,406.9,36.3796590395888,369,573,1888.34,23.35494528762068,1794,1937,50
control_c384gdas_intel,wcoss2,intel,588.6458333333334,21.33869682688012,555,656,1041.1666666666667,14.942917390584828,1029,1135,48
