test_name,machine,compiler,core_mean,core_std,core_min,core_max,mem_mean,mem_std,mem_min,mem_max,n_hashes
control_stochy_debug_gnu,derecho,gnu,109.88888888888889,2.7816135133001025,106,119,595.9777777777778,2.3787782281217127,585,599,45
control_stochy_debug_gnu,hera,gnu,99.4,3.1304951684997064,96,104,585.0,1.8708286933869573,583,587,5
control_stochy_debug_gnu,hercules,gnu,81.36170212765957,5.231283539874377,74,97,12690.936170212766,83082.94252979294,563,570160,47
control_stochy_debug_gnu,ursa,gnu,95.38,103.98643749871168,70,774,497.34,9.230848900755083,482,513,50
