test_name,machine,compiler,core_mean,core_std,core_min,core_max,mem_mean,mem_std,mem_min,mem_max,n_hashes
control_restart_noqr_p8_intel,acorn,intel,109.70731707317073,6.485537381123579,95,129,1014.2682926829268,2.145045340358814,1011,1020,41
control_restart_noqr_p8_intel,derecho,intel,148.36363636363637,12.931107093183904,126,212,970.0681818181819,3.098369618324238,953,973,44
control_restart_noqr_p8_intel,gaeac6,intel,73.4186046511628,10.156472386610314,69,121,6338.767441860465,0.4799409339811774,6338,6340,43
control_restart_noqr_p8_intel,hercules,intel,103.67391304347827,25.370196292172864,82,169,27713.478260869564,179679.67508241365,1196,1219868,46
control_restart_noqr_p8_intel,orion,intel,136.04444444444445,40.46881827438568,105,290,25876.777777777777,165963.28642324495,1112,1114452,45
control_restart_noqr_p8_intel,ursa,intel,135.72,136.84223599101415,71,629,1869.02,35.140818756214884,1826,1998,50
control_restart_noqr_p8_intel,wcoss2,intel,120.14583333333333,7.860457415452476,111,152,918.1041666666666,2.3085371930361474,913,923,48
