test_name,machine,compiler,core_mean,core_std,core_min,core_max,mem_mean,mem_std,mem_min,mem_max,n_hashes
control_wrtGauss_netcdf_parallel_intel,acorn,intel,162.66666666666666,7.87916878947315,151,178,1575.047619047619,2.3053742191584004,1570,1579,42
control_wrtGauss_netcdf_parallel_intel,derecho,intel,148.13636363636363,5.355244806212012,141,177,1516.7727272727273,2.1659482735953017,1513,1524,44
control_wrtGauss_netcdf_parallel_intel,gaeac6,intel,121.25581395348837,74.48396856059694,100,514,6338.674418604651,0.47413732351546867,6338,6339,43
control_wrtGauss_netcdf_parallel_intel,hercules,intel,139.06521739130434,15.716095322118443,121,180,36539.586956521736,236861.33163459695,1607,1608088,46
control_wrtGauss_netcdf_parallel_intel,orion,intel,165.42222222222222,6.32631189732393,159,187,36991.97777777778,237453.34722621055,1583,1594480,45
control_wrtGauss_netcdf_parallel_intel,ursa,intel,211.8,191.71875660105107,98,674,2224.38,9.284373529578286,2208,2250,50
control_wrtGauss_netcdf_parallel_intel,wcoss2,intel,165.6875,9.471471722797082,159,210,1483.8541666666667,15.06862258220115,1465,1581,48
