test_name,machine,compiler,core_mean,core_std,core_min,core_max,mem_mean,mem_std,mem_min,mem_max,n_hashes
control_stochy_intel,acorn,intel,118.35555555555555,9.113315820958096,105,140,632.5111111111111,2.9047157756609874,627,638,45
control_stochy_intel,derecho,intel,107.15555555555555,2.194575497940691,103,113,579.2,1.7658374268832115,576,583,45
control_stochy_intel,gaeac6,intel,77.45454545454545,4.0200343944759425,74,97,6338.727272727273,0.4505106334671877,6338,6339,44
control_stochy_intel,hera,intel,99.8,4.207136793592524,96,107,784.2,1.0954451150103335,783,786,5
control_stochy_intel,hercules,intel,94.14893617021276,7.71215506847373,84,116,15021.553191489362,98328.9321602461,671,674788,47
control_stochy_intel,orion,intel,112.78260869565217,4.797745041988234,108,127,14815.58695652174,96035.44345629806,635,652000,46
control_stochy_intel,ursa,intel,216.66,200.62937807544233,68,583,1306.38,15.38869184611523,1291,1365,50
control_stochy_intel,wcoss2,intel,117.34693877551021,6.256832999503302,110,142,556.265306122449,34.47147100030943,537,640,49
