test_name,machine,compiler,core_mean,core_std,core_min,core_max,mem_mean,mem_std,mem_min,mem_max,n_hashes
control_CubedSphereGrid_parallel_intel,acorn,intel,165.4390243902439,10.50011614337623,147,190,1576.780487804878,3.1742100995520373,1571,1582,41
control_CubedSphereGrid_parallel_intel,derecho,intel,150.04545454545453,4.7444192207341755,144,171,1520.2045454545455,1.6646746375941484,1515,1522,44
control_CubedSphereGrid_parallel_intel,gaeac6,intel,106.30232558139535,12.481481298919713,100,182,6338.790697674419,0.5144641009680266,6338,6340,43
control_CubedSphereGrid_parallel_intel,hercules,intel,139.19565217391303,15.81225904897476,122,193,36841.84782608696,238887.24962867753,1610,1621832,46
control_CubedSphereGrid_parallel_intel,orion,intel,167.42222222222222,6.140361585773305,161,187,37005.6,237511.6441981319,1589,1594876,45
control_CubedSphereGrid_parallel_intel,ursa,intel,224.84,211.25305069648442,98,732,2228.48,9.621913764412767,2212,2249,50
control_CubedSphereGrid_parallel_intel,wcoss2,intel,168.64583333333334,12.606127492398684,159,218,1482.1458333333333,3.8591674955701962,1473,1488,48
