test_name,machine,compiler,core_mean,core_std,core_min,core_max,mem_mean,mem_std,mem_min,mem_max,n_hashes
control_c48_gnu,derecho,gnu,434.8863636363636,3.6294397613092317,430,443,1510.0,0.8892118276421432,1508,1512,44
control_c48_gnu,hera,gnu,584.0,2.708012801545327,582,588,1534.0,2.943920288775949,1530,1537,4
control_c48_gnu,hercules,gnu,474.8478260869565,16.52334024786938,462,568,35886.217391304344,232590.17862821987,1577,1579096,46
control_c48_gnu,ursa,gnu,516.5,404.15844791419136,345,1790,1508.2,0.9035079029051937,1505,1509,50
