test_name,machine,compiler,core_mean,core_std,core_min,core_max,mem_mean,mem_std,mem_min,mem_max,n_hashes
control_p8_intel,acorn,intel,179.8409090909091,6.509182000614571,170,197,1852.4318181818182,1.0868714922160605,1850,1855,44
control_p8_intel,derecho,intel,208.9318181818182,8.219086485969576,193,230,1803.0,2.811934697710143,1797,1812,44
control_p8_intel,gaeac6,intel,117.20930232558139,2.07660597100269,113,122,6338.674418604651,0.4741373235154067,6338,6339,43
control_p8_intel,hera,intel,165.25,0.5000000000000023,165,166,2002.0,14.764823060233416,1980,2011,4
control_p8_intel,hercules,intel,183.0,50.15088345294738,141,403,43160.67391304348,279829.7904604039,1895,1899800,46
control_p8_intel,orion,intel,238.62222222222223,35.62703830780575,182,325,43725.2,280714.97787780466,1869,1884972,45
control_p8_intel,ursa,intel,231.22,223.39370297887146,121,881,2509.2,10.257898897723695,2489,2532,50
control_p8_intel,wcoss2,intel,196.20833333333334,11.154539832070531,185,236,1768.9375,33.052122763128764,1749,1857,48
