test_name,machine,compiler,core_mean,core_std,core_min,core_max,mem_mean,mem_std,mem_min,mem_max,n_hashes
control_lndp_debug_intel,acorn,intel,198.8139534883721,11.38347970474148,182,232,817.1162790697674,2.3825686651333697,813,822,43
control_lndp_debug_intel,derecho,intel,174.1590909090909,3.0495381413034215,170,183,748.8636363636364,2.018414172480474,744,752,44
control_lndp_debug_intel,gaeac6,intel,119.53488372093024,2.383962659595935,115,129,6338.720930232558,0.4538502687507223,6338,6339,43
control_lndp_debug_intel,hercules,intel,149.02173913043478,11.102530503217691,136,196,19204.82608695652,124491.50175659994,842,845192,46
control_lndp_debug_intel,orion,intel,169.95555555555555,7.112586652469618,161,191,19095.266666666666,122562.65673030636,817,823000,45
control_lndp_debug_intel,ursa,intel,164.0,105.40224216334879,115,522,1473.94,7.9086880668525374,1440,1491,50
control_lndp_debug_intel,wcoss2,intel,195.70833333333334,3.695646278858369,191,211,729.3333333333334,19.928951818080552,722,825,48
