test_name,machine,compiler,core_mean,core_std,core_min,core_max,mem_mean,mem_std,mem_min,mem_max,n_hashes
control_csawmg_debug_intel,acorn,intel,296.8181818181818,12.481190922740298,281,332,1107.8863636363637,1.8453701852222206,1105,1111,44
control_csawmg_debug_intel,derecho,intel,305.6363636363636,15.63254046382307,291,387,1049.659090909091,2.3619383232223243,1045,1054,44
control_csawmg_debug_intel,gaeac6,intel,179.37209302325581,3.4227756476283675,174,193,6338.6511627906975,0.6127114185258868,6338,6341,43
control_csawmg_debug_intel,hera,intel,260.0,,260,260,1261.0,,1261,1261,1
control_csawmg_debug_intel,hercules,intel,281.67391304347825,28.685307387291164,214,320,26217.58695652174,169969.7732647486,1147,1153948,46
control_csawmg_debug_intel,orion,intel,308.06666666666666,27.431236342402215,255,348,26375.82222222222,169321.1927976596,1123,1136976,45
control_csawmg_debug_intel,ursa,intel,220.76,100.96848568756894,180,548,1789.42,9.398414977092282,1759,1813,50
control_csawmg_debug_intel,wcoss2,intel,300.5,6.597871997365293,293,332,1021.875,22.777952199066924,1013,1110,48
