test_name,machine,compiler,core_mean,core_std,core_min,core_max,mem_mean,mem_std,mem_min,mem_max,n_hashes
control_c48.v2.sfc_intel,acorn,intel,347.75,7.370983336627262,331,362,719.0681818181819,1.7440627158651598,715,723,44
control_c48.v2.sfc_intel,derecho,intel,309.47727272727275,2.671891903220388,306,319,679.0681818181819,3.371548034986226,674,683,44
control_c48.v2.sfc_intel,gaeac6,intel,246.93023255813952,3.487360503011175,243,264,6337.53488372093,0.7351331984687373,6336,6339,43
control_c48.v2.sfc_intel,hera,intel,373.6666666666667,0.5773502691896216,373,374,846.6666666666666,1.5275252316519499,845,848,3
control_c48.v2.sfc_intel,hercules,intel,329.2391304347826,7.627974196217776,320,359,19104.260869565216,123870.02407693045,829,840968,46
control_c48.v2.sfc_intel,orion,intel,480.24444444444447,21.99912762274032,471,623,19606.755555555555,125887.5645158581,825,845320,45
control_c48.v2.sfc_intel,ursa,intel,272.86,97.86142013592696,235,654,801.8,2.8356333201827506,792,808,50
control_c48.v2.sfc_intel,wcoss2,intel,339.1458333333333,6.578461254903725,331,363,724.8333333333334,1.58896906673337,722,728,48
