test_name,machine,compiler,core_mean,core_std,core_min,core_max,mem_mean,mem_std,mem_min,mem_max,n_hashes
control_c48.v2.sfc_intel,acorn,intel,348.6585365853659,7.411510494148832,331,362,718.8780487804878,1.646133681558381,715,723,41
control_c48.v2.sfc_intel,derecho,intel,310.09090909090907,3.086491059651849,306,319,678.4545454545455,3.4402173096217004,671,682,44
control_c48.v2.sfc_intel,gaeac6,intel,247.1860465116279,3.5338890889533148,243,264,6337.441860465116,0.7336252313453147,6336,6339,43
control_c48.v2.sfc_intel,hercules,intel,329.45652173913044,7.398818289246924,321,359,19105.17391304348,123869.88645605417,829,840968,46
control_c48.v2.sfc_intel,orion,intel,480.97777777777776,21.847081029166098,471,623,19606.422222222223,125887.61532495578,825,845320,45
control_c48.v2.sfc_intel,ursa,intel,282.26,113.26090702985073,235,680,801.52,2.984586253074473,792,808,50
control_c48.v2.sfc_intel,wcoss2,intel,338.6666666666667,6.295332054289036,331,363,725.2083333333334,1.3831560170045551,722,728,48
