test_name,machine,compiler,core_mean,core_std,core_min,core_max,mem_mean,mem_std,mem_min,mem_max,n_hashes
control_decomp_p8_intel,acorn,intel,181.79545454545453,7.4633353272640885,170,205,1846.3636363636363,2.091965906286612,1843,1850,44
control_decomp_p8_intel,derecho,intel,214.4318181818182,19.47257788893376,195,313,1804.4772727272727,2.945146866189486,1798,1810,44
control_decomp_p8_intel,gaeac6,intel,121.02325581395348,6.0493540469526215,115,156,6338.53488372093,0.5915611794348153,6337,6339,43
control_decomp_p8_intel,hera,intel,168.0,1.4142135623730951,167,170,1997.5,5.066228051190222,1990,2001,4
control_decomp_p8_intel,hercules,intel,183.19565217391303,36.52373326738985,141,305,43014.47826086957,278875.16933907813,1889,1893320,46
control_decomp_p8_intel,orion,intel,238.9777777777778,37.47453007097494,184,325,43355.688888888886,278256.3466005617,1864,1868476,45
control_decomp_p8_intel,ursa,intel,236.9,204.27325136808733,121,709,2505.46,7.825155667748053,2491,2527,50
control_decomp_p8_intel,wcoss2,intel,195.10416666666666,12.317155625185364,184,250,1769.5833333333333,30.386750565486274,1748,1850,48
