test_name,machine,compiler,core_mean,core_std,core_min,core_max,mem_mean,mem_std,mem_min,mem_max,n_hashes
control_c48_lnd_iau_intel,acorn,intel,395.72727272727275,7.866217543109131,385,421,1593.1818181818182,2.4803668827716594,1588,1599,44
control_c48_lnd_iau_intel,derecho,intel,341.79545454545456,5.285256128772153,333,353,1556.8181818181818,1.7949895027577274,1553,1561,44
control_c48_lnd_iau_intel,gaeac6,intel,272.7674418604651,7.828024166271439,262,311,6337.674418604651,0.7470873676375662,6336,6339,43
control_c48_lnd_iau_intel,hera,intel,403.3333333333333,2.0816659994661384,401,405,1718.6666666666667,1.5275252316519405,1717,1720,3
control_c48_lnd_iau_intel,hercules,intel,356.0,16.79550204337128,340,455,38612.282608695656,250263.11085998744,1694,1699080,46
control_c48_lnd_iau_intel,orion,intel,533.7555555555556,21.129638334851265,522,660,39842.71111111111,255769.37640405504,1703,1717468,45
control_c48_lnd_iau_intel,ursa,intel,347.7,167.28885564941197,262,751,1667.94,2.044504830026058,1664,1673,50
control_c48_lnd_iau_intel,wcoss2,intel,392.1458333333333,7.94927959624586,382,419,1599.75,3.2057129853872675,1592,1606,48
