test_name,machine,compiler,core_mean,core_std,core_min,core_max,mem_mean,mem_std,mem_min,mem_max,n_hashes
control_wrtGauss_netcdf_parallel_debug_intel,acorn,intel,171.52272727272728,10.271859586547642,160,208,1613.4318181818182,3.120805853537712,1608,1619,44
control_wrtGauss_netcdf_parallel_debug_intel,derecho,intel,150.36363636363637,3.5964511518925497,145,167,1547.6136363636363,5.03113981764487,1537,1554,44
control_wrtGauss_netcdf_parallel_debug_intel,gaeac6,intel,102.86046511627907,3.9736117393004733,99,118,6338.837209302325,0.3735436838188996,6338,6339,43
control_wrtGauss_netcdf_parallel_debug_intel,hera,intel,139.25,5.96517672272443,135,148,1746.25,0.9574271077563381,1745,1747,4
control_wrtGauss_netcdf_parallel_debug_intel,hercules,intel,127.04347826086956,22.73319308044627,114,272,37362.80434782609,242271.63885134482,1632,1644808,46
control_wrtGauss_netcdf_parallel_debug_intel,orion,intel,145.66666666666666,7.483314773547893,137,167,37568.0,241142.85599411812,1608,1619256,45
control_wrtGauss_netcdf_parallel_debug_intel,ursa,intel,141.62,91.56460638727796,98,424,2254.66,10.33245333097299,2232,2284,50
control_wrtGauss_netcdf_parallel_debug_intel,wcoss2,intel,169.39583333333334,5.822698004940454,163,194,1532.7083333333333,32.80695199634958,1515,1621,48
