test_name,machine,compiler,core_mean,core_std,core_min,core_max,mem_mean,mem_std,mem_min,mem_max,n_hashes
control_wrtGauss_netcdf_parallel_intel,acorn,intel,162.9268292682927,7.792272595021405,151,178,1575.0731707317073,2.3279845779390627,1570,1579,41
control_wrtGauss_netcdf_parallel_intel,derecho,intel,148.54545454545453,5.559214205198541,141,177,1516.6363636363637,2.39273035722117,1510,1524,44
control_wrtGauss_netcdf_parallel_intel,gaeac6,intel,121.4186046511628,74.44628378525833,100,514,6338.674418604651,0.4741373235153689,6338,6339,43
control_wrtGauss_netcdf_parallel_intel,hercules,intel,138.17391304347825,15.252401410672043,121,180,36539.434782608696,236861.35456916582,1607,1608088,46
control_wrtGauss_netcdf_parallel_intel,orion,intel,165.51111111111112,6.261796947370698,159,187,36991.955555555556,237453.35061390625,1583,1594480,45
control_wrtGauss_netcdf_parallel_intel,ursa,intel,223.94,203.23781284846717,98,705,2224.58,9.317725044237019,2208,2250,50
control_wrtGauss_netcdf_parallel_intel,wcoss2,intel,165.8125,9.488304671115639,159,210,1481.6458333333333,4.791346736158776,1465,1489,48
