test_name,machine,compiler,core_mean,core_std,core_min,core_max,mem_mean,mem_std,mem_min,mem_max,n_hashes
control_csawmg_debug_intel,acorn,intel,297.20454545454544,12.320486900402976,281,332,1107.909090909091,1.8902218624324507,1105,1111,44
control_csawmg_debug_intel,derecho,intel,303.25,9.726791100680591,286,330,1049.5,2.2464442187393416,1045,1054,44
control_csawmg_debug_intel,gaeac6,intel,179.32558139534885,3.4621829765994674,174,193,6338.627906976744,0.6181098613227355,6338,6341,43
control_csawmg_debug_intel,hera,intel,258.0,2.0,256,260,1262.0,4.58257569495584,1258,1267,3
control_csawmg_debug_intel,hercules,intel,278.6304347826087,30.48450148711431,214,320,26216.978260869564,169969.86498664197,1147,1153948,46
control_csawmg_debug_intel,orion,intel,306.5777777777778,27.56520277524554,255,348,26375.422222222223,169321.2537733697,1123,1136976,45
control_csawmg_debug_intel,ursa,intel,221.04,100.94046740125427,180,548,1789.24,9.368989229563327,1759,1813,50
control_csawmg_debug_intel,wcoss2,intel,300.5833333333333,6.629506362462377,293,332,1025.7083333333333,28.669027199529786,1013,1110,48
