test_name,machine,compiler,core_mean,core_std,core_min,core_max,mem_mean,mem_std,mem_min,mem_max,n_hashes
control_p8_atmlnd_debug_intel,acorn,intel,346.27272727272725,19.3995488276039,330,451,1905.2727272727273,2.275896310668215,1901,1913,44
control_p8_atmlnd_debug_intel,gaeac6,intel,211.6046511627907,2.7957411052878745,206,218,6338.488372093023,0.6314040674129038,6338,6340,43
control_p8_atmlnd_debug_intel,hera,intel,292.3333333333333,6.0277137733417145,286,298,1875.6666666666667,4.163331998932243,1871,1879,3
control_p8_atmlnd_debug_intel,hercules,intel,299.5652173913044,44.43954803946249,245,404,43346.17391304348,281031.6947148927,1900,1907960,46
control_p8_atmlnd_debug_intel,orion,intel,346.9555555555556,41.36585963610987,293,486,43585.555555555555,279741.6242456888,1872,1878448,45
control_p8_atmlnd_debug_intel,ursa,intel,222.24,11.954949448932467,210,262,1942.92,9.58706611715459,1925,1968,50
