test_name,machine,compiler,core_mean,core_std,core_min,core_max,mem_mean,mem_std,mem_min,mem_max,n_hashes
control_ras_gnu,derecho,gnu,240.0,3.3354160160315933,236,248,615.1176470588235,1.964763119983459,613,618,17
control_ras_gnu,hercules,gnu,236.77777777777777,26.976145356604494,221,305,594.2222222222222,5.275420870364487,590,613,18
control_ras_gnu,ursa,gnu,271.77777777777777,201.17260822650186,187,842,515.1111111111111,6.028255907063484,511,539,18
