test_name,machine,compiler,core_mean,core_std,core_min,core_max,mem_mean,mem_std,mem_min,mem_max,n_hashes
control_diag_debug_intel,acorn,intel,199.53488372093022,9.912351211179757,186,220,1672.9767441860465,3.0196844055615655,1667,1678,43
control_diag_debug_intel,derecho,intel,176.77272727272728,5.125692857821981,171,192,1604.090909090909,4.355259754185478,1579,1608,44
control_diag_debug_intel,gaeac6,intel,118.69767441860465,2.3957788645163687,115,127,6338.767441860465,0.4274625743754291,6338,6339,43
control_diag_debug_intel,hercules,intel,147.97826086956522,7.631773146042595,134,175,38568.608695652176,250026.73519379026,1693,1697468,46
control_diag_debug_intel,orion,intel,170.9777777777778,4.594902753392204,164,185,39002.53333333333,250341.8567091263,1671,1681028,45
control_diag_debug_intel,ursa,intel,160.4,92.12591206316162,118,460,2320.9,7.41826207712412,2307,2338,50
control_diag_debug_intel,wcoss2,intel,198.35416666666666,5.923230800886228,190,221,1583.1666666666667,18.978524630832574,1574,1672,48
