test_name,machine,compiler,core_mean,core_std,core_min,core_max,mem_mean,mem_std,mem_min,mem_max,n_hashes
control_iovr4_gfdlmpv3_intel,acorn,intel,181.3181818181818,6.204922004542236,171,199,913.1363636363636,1.4238975187011493,910,916,44
control_iovr4_gfdlmpv3_intel,derecho,intel,209.6818181818182,7.730256854460971,196,229,873.6590909090909,1.5241189878804597,870,876,44
control_iovr4_gfdlmpv3_intel,gaeac6,intel,121.48837209302326,2.3741875103792385,118,130,6338.767441860465,0.42746257437539914,6338,6339,43
control_iovr4_gfdlmpv3_intel,hera,intel,173.0,4.690415759823432,170,180,1078.5,1.7320508075688554,1076,1080,4
control_iovr4_gfdlmpv3_intel,hercules,intel,186.6304347826087,39.97463567794633,143,312,22161.630434782608,143700.74763268878,966,975600,46
control_iovr4_gfdlmpv3_intel,orion,intel,238.95555555555555,32.59249464325655,187,296,22122.088888888888,142021.50639408972,939,953660,45
control_iovr4_gfdlmpv3_intel,ursa,intel,250.3,211.4838972014423,123,705,1599.62,19.43055662126653,1580,1676,50
control_iovr4_gfdlmpv3_intel,wcoss2,intel,193.22916666666666,9.244295730129979,184,222,836.9791666666666,30.134796161851128,821,917,48
