test_name,machine,compiler,core_mean,core_std,core_min,core_max,mem_mean,mem_std,mem_min,mem_max,n_hashes
control_c48_lnd_iau_intel,acorn,intel,396.1219512195122,7.928414475641467,385,421,1593.0487804878048,2.4489918284080936,1588,1599,41
control_c48_lnd_iau_intel,derecho,intel,343.1363636363636,5.975106923596718,333,358,1556.8181818181818,1.8207170485345905,1553,1561,44
control_c48_lnd_iau_intel,gaeac6,intel,273.51162790697674,7.722484466442191,262,311,6337.6511627906975,0.7522575841213678,6336,6339,43
control_c48_lnd_iau_intel,hercules,intel,356.7826086956522,16.32164621800449,343,455,38612.413043478264,250263.09119756144,1694,1699080,46
control_c48_lnd_iau_intel,orion,intel,534.2666666666667,20.9755268652,522,660,39843.0,255769.33235961234,1703,1717468,45
control_c48_lnd_iau_intel,ursa,intel,356.46,174.40969945879192,261,751,1667.9,2.215437488467225,1664,1673,50
control_c48_lnd_iau_intel,wcoss2,intel,391.3333333333333,7.206183318108452,382,419,1600.25,2.6777252969559253,1594,1606,48
