test_name,machine,compiler,core_mean,core_std,core_min,core_max,mem_mean,mem_std,mem_min,mem_max,n_hashes
control_wam_debug_gnu,derecho,gnu,379.59090909090907,8.122086402300033,364,418,1403.5454545454545,0.8748300952529212,1402,1405,44
control_wam_debug_gnu,hera,gnu,387.3333333333333,4.509249752822901,383,392,1399.6666666666667,2.5166114784236133,1397,1402,3
control_wam_debug_gnu,hercules,gnu,330.5217391304348,21.433866380551237,290,408,31405.91304347826,203640.82734143315,1374,1382540,46
control_wam_debug_gnu,ursa,gnu,306.7,98.56278430005713,269,735,1311.1,8.786004640962837,1303,1326,50
