test_name,machine,compiler,core_mean,core_std,core_min,core_max,mem_mean,mem_std,mem_min,mem_max,n_hashes
control_stochy_debug_intel,acorn,intel,215.6,10.876162424812774,202,245,815.0888888888888,2.661358352952159,810,821,45
control_stochy_debug_intel,derecho,intel,190.44444444444446,3.361246762435002,183,204,747.1333333333333,1.4863010829205299,744,750,45
control_stochy_debug_intel,gaeac6,intel,132.45454545454547,2.7403492007537826,129,142,6338.795454545455,0.40803245735848315,6338,6339,44
control_stochy_debug_intel,hera,intel,181.4,2.8809720581775875,178,185,954.0,5.385164807134498,950,963,5
control_stochy_debug_intel,hercules,intel,163.08510638297872,7.936787728354473,151,185,18955.744680851065,124127.92415916664,843,851828,47
control_stochy_debug_intel,orion,intel,187.2826086956522,6.238457941504669,179,206,18722.58695652174,121391.25935724001,818,824140,46
control_stochy_debug_intel,ursa,intel,158.88,79.41974257200839,128,468,1479.08,6.865590035139938,1467,1497,50
control_stochy_debug_intel,wcoss2,intel,216.18367346938774,5.893758949755507,209,240,737.3469387755102,33.93532514234993,719,822,49
