test_name,machine,compiler,core_mean,core_std,core_min,core_max,mem_mean,mem_std,mem_min,mem_max,n_hashes
control_csawmg_intel,acorn,intel,404.3414634146341,12.91241603282972,382,435,957.6829268292682,2.054738722931015,953,961,41
control_csawmg_intel,derecho,intel,423.22727272727275,62.04756751275164,393,817,916.0454545454545,2.1453524181089754,912,919,44
control_csawmg_intel,gaeac6,intel,257.8139534883721,6.880807725126934,247,273,6338.697674418605,0.5133866880559043,6338,6340,43
control_csawmg_intel,hercules,intel,339.7391304347826,22.56687324633039,316,421,24397.934782608696,158200.41896494632,1066,1074040,46
control_csawmg_intel,orion,intel,403.97777777777776,33.59686733833221,372,479,24153.88888888889,155060.4558400635,1029,1041216,45
control_csawmg_intel,ursa,intel,389.9,252.76626696275298,258,1102,1778.74,66.92115677788152,1718,1991,50
control_csawmg_intel,wcoss2,intel,411.5208333333333,12.57824799783483,390,449,868.5833333333334,2.9810274776820047,862,876,48
