test_name,machine,compiler,core_mean,core_std,core_min,core_max,mem_mean,mem_std,mem_min,mem_max,n_hashes
control_stochy_debug_intel,acorn,intel,215.79545454545453,11.023399098987595,202,245,815.2272727272727,2.5687173196122686,810,821,44
control_stochy_debug_intel,derecho,intel,190.54545454545453,3.5663449170899377,183,204,747.1136363636364,1.497531443019848,744,750,44
control_stochy_debug_intel,gaeac6,intel,132.41860465116278,2.796533212147588,129,142,6338.813953488372,0.39374961547941234,6338,6339,43
control_stochy_debug_intel,hera,intel,182.0,3.605551275463989,178,185,952.3333333333334,2.3094010767585114,951,955,3
control_stochy_debug_intel,hercules,intel,163.52173913043478,7.847828094262866,151,185,19349.695652173912,125469.83480677196,843,851828,46
control_stochy_debug_intel,orion,intel,187.53333333333333,6.181350249669631,179,206,19120.48888888889,122732.61481767113,818,824140,45
control_stochy_debug_intel,ursa,intel,171.1,96.37220574842276,128,472,1479.72,6.806479505978538,1468,1497,50
control_stochy_debug_intel,wcoss2,intel,215.95833333333334,5.885280352089867,209,240,733.6875,29.765149012640293,719,822,48
