test_name,machine,compiler,core_mean,core_std,core_min,core_max,mem_mean,mem_std,mem_min,mem_max,n_hashes
control_stochy_debug_gnu,derecho,gnu,109.86363636363636,2.808549315935593,106,119,595.9090909090909,2.3607072434373926,585,599,44
control_stochy_debug_gnu,hera,gnu,100.25,2.8722813232690143,98,104,585.25,2.0615528128088143,583,587,4
control_stochy_debug_gnu,hercules,gnu,81.41304347826087,5.277103948848887,74,97,12954.304347826086,83981.17556872677,563,570160,46
control_stochy_debug_gnu,ursa,gnu,95.4,103.98174879099047,70,774,497.78,9.396677658641295,482,513,50
