test_name,machine,compiler,core_mean,core_std,core_min,core_max,mem_mean,mem_std,mem_min,mem_max,n_hashes
control_csawmg_intel,acorn,intel,401.8863636363636,12.55724734517676,382,435,958.25,1.7930745324915263,954,961,44
control_csawmg_intel,derecho,intel,410.95454545454544,13.327632678455666,388,434,916.2727272727273,2.1060669434758856,912,920,44
control_csawmg_intel,gaeac6,intel,256.3255813953488,6.717854427293876,247,273,6338.720930232558,0.5035862528546003,6338,6340,43
control_csawmg_intel,hera,intel,350.75,5.315072906367321,345,357,1158.25,2.8722813232690307,1154,1160,4
control_csawmg_intel,hercules,intel,338.0,21.198532443963597,316,392,24398.08695652174,158200.39602996167,1066,1074040,46
control_csawmg_intel,orion,intel,400.3333333333333,34.13475967663775,372,479,24154.933333333334,155060.29657983783,1031,1041216,45
control_csawmg_intel,ursa,intel,388.26,253.57056820779593,258,1102,1778.8,66.73309615512369,1718,1991,50
control_csawmg_intel,wcoss2,intel,409.1666666666667,11.32749119344563,390,438,880.4166666666666,30.50694607569311,864,961,48
