test_name,machine,compiler,core_mean,core_std,core_min,core_max,mem_mean,mem_std,mem_min,mem_max,n_hashes
control_c48.v2.sfc_intel,acorn,intel,348.3953488372093,7.335950403853374,331,362,718.9767441860465,1.6830863386877373,715,723,43
control_c48.v2.sfc_intel,derecho,intel,309.8636363636364,3.0847781503353935,306,319,678.6136363636364,3.5188258420323044,671,683,44
control_c48.v2.sfc_intel,gaeac6,intel,247.0,3.484660262185848,243,264,6337.488372093023,0.7358860232418781,6336,6339,43
control_c48.v2.sfc_intel,hercules,intel,329.3695652173913,7.475467122237381,321,359,19104.934782608696,123869.92249746902,829,840968,46
control_c48.v2.sfc_intel,orion,intel,480.75555555555553,21.91321265558495,471,623,19606.644444444446,125887.58145359035,825,845320,45
control_c48.v2.sfc_intel,ursa,intel,282.08,113.31873775563604,235,680,801.72,2.8716773168733254,792,808,50
control_c48.v2.sfc_intel,wcoss2,intel,338.5833333333333,5.9280556653620575,331,363,725.0625,1.5215648439905576,722,728,48
