test_name,machine,compiler,core_mean,core_std,core_min,core_max,mem_mean,mem_std,mem_min,mem_max,n_hashes
control_ras_intel,acorn,intel,203.88888888888889,2.6764526322747453,199,208,664.0555555555555,2.127473569953261,659,667,18
control_ras_intel,derecho,intel,189.1578947368421,3.468319444065361,186,197,621.7368421052631,0.8719139396343031,621,624,19
control_ras_intel,gaeac6,intel,136.6315789473684,8.73187345505463,133,171,6338.789473684211,0.41885390829183794,6338,6339,19
control_ras_intel,hercules,intel,168.05,1.4680814547887802,166,171,850.35,10.266322049354022,835,870,20
control_ras_intel,orion,intel,203.57894736842104,1.609547537307861,202,208,742.7894736842105,2.5072992856063943,739,748,19
control_ras_intel,ursa,intel,281.35,221.7778108116794,133,693,1637.15,80.04490516019906,1573,1801,20
control_ras_intel,wcoss2,intel,208.89473684210526,5.4149457455177314,204,226,585.8421052631579,30.22005066157739,573,673,19
