test_name,machine,compiler,core_mean,core_std,core_min,core_max,mem_mean,mem_std,mem_min,mem_max,n_hashes
control_gfs_mpas_gnu,derecho,gnu,114.52631578947368,70.83545334735008,39,216,4545.105263157895,2670.267228144269,1108,7007,38
control_gfs_mpas_gnu,hercules,gnu,180.1304347826087,151.09667379170818,36,394,145173.54347826086,956924.0179883946,1176,6494232,46
control_gfs_mpas_gnu,ursa,gnu,161.16,103.63344054888846,94,488,1110.12,2.976575213227466,1107,1117,25
