test_name,machine,compiler,core_mean,core_std,core_min,core_max,mem_mean,mem_std,mem_min,mem_max,n_hashes
control_restart_p8_atmlnd_intel,acorn,intel,130.35555555555555,16.93859975370342,117,234,1029.7555555555555,1.0035291261696089,1028,1033,45
control_restart_p8_atmlnd_intel,gaeac6,intel,87.8409090909091,3.234574712839182,84,100,6338.659090909091,0.7758920393067549,6338,6342,44
control_restart_p8_atmlnd_intel,hera,intel,104.0,1.870828693386969,102,106,1123.6,0.8944271909999063,1123,1125,5
control_restart_p8_atmlnd_intel,hercules,intel,101.97872340425532,18.53491342645493,89,165,26836.531914893618,175733.00178703052,1182,1205968,47
control_restart_p8_atmlnd_intel,orion,intel,133.2173913043478,26.506110862280007,118,230,25178.239130434784,163232.56072694223,1087,1108208,46
control_restart_p8_atmlnd_intel,ursa,intel,86.86,4.759566092382275,82,108,1320.56,37.255411879158046,1285,1471,50
