test_name,machine,compiler,core_mean,core_std,core_min,core_max,mem_mean,mem_std,mem_min,mem_max,n_hashes
control_p8_ugwpv1_gnu,derecho,gnu,276.70454545454544,13.098161677253307,259,328,1563.1136363636363,11.293578972328788,1535,1585,44
control_p8_ugwpv1_gnu,hercules,gnu,233.5,36.859342250115006,204,338,35338.13043478261,229209.27449178245,1519,1556116,46
control_p8_ugwpv1_gnu,ursa,gnu,292.9,256.7774586393948,179,1597,1470.98,12.727104292551012,1447,1503,50
