test_name,machine,compiler,core_mean,core_std,core_min,core_max,mem_mean,mem_std,mem_min,mem_max,n_hashes
control_c48_gnu,derecho,gnu,434.70454545454544,3.7638398592737756,430,443,1509.840909090909,0.8336856196874715,1508,1511,44
control_c48_gnu,hera,gnu,583.0,,583,583,1530.0,,1530,1530,1
control_c48_gnu,hercules,gnu,475.17391304347825,16.392822749031353,462,568,35890.45652173913,232589.54004155585,1579,1579096,46
control_c48_gnu,ursa,gnu,527.38,414.5897844710541,345,1790,1508.18,0.8964783708421629,1505,1509,50
