test_name,machine,compiler,core_mean,core_std,core_min,core_max,mem_mean,mem_std,mem_min,mem_max,n_hashes
control_noqr_p8_intel,acorn,intel,180.95454545454547,9.807340737769994,165,215,1852.7954545454545,1.2682077713742397,1850,1855,44
control_noqr_p8_intel,derecho,intel,209.9318181818182,13.754318944992951,194,268,1803.1363636363637,2.6987586215242527,1798,1812,44
control_noqr_p8_intel,gaeac6,intel,116.79069767441861,4.36194659218676,113,142,6338.790697674419,0.41162509149327997,6338,6339,43
control_noqr_p8_intel,hera,intel,161.33333333333334,1.5275252316519474,160,163,2009.6666666666667,4.041451884327385,2006,2014,3
control_noqr_p8_intel,hercules,intel,181.58695652173913,40.66862076559575,138,311,43212.34782608696,280181.31503305875,1892,1902184,46
control_noqr_p8_intel,orion,intel,232.0,36.132332536738524,178,324,43632.6,280084.49819850636,1869,1880744,45
control_noqr_p8_intel,ursa,intel,228.76,208.89266455795536,117,774,2510.32,10.674096052154173,2492,2536,50
control_noqr_p8_intel,wcoss2,intel,194.20833333333334,13.37186365427992,179,254,1767.0833333333333,30.037447077778506,1748,1857,48
