test_name,machine,compiler,core_mean,core_std,core_min,core_max,mem_mean,mem_std,mem_min,mem_max,n_hashes
control_p8_ugwpv1_gnu,derecho,gnu,276.15909090909093,12.94522122803262,259,328,1563.090909090909,11.296877901310786,1535,1585,44
control_p8_ugwpv1_gnu,hercules,gnu,230.6304347826087,33.5309864623768,204,338,35338.04347826087,229209.2875981305,1519,1556116,46
control_p8_ugwpv1_gnu,ursa,gnu,292.72,256.85563641700304,179,1597,1470.34,13.064377489328672,1447,1503,50
