test_name,machine,compiler,core_mean,core_std,core_min,core_max,mem_mean,mem_std,mem_min,mem_max,n_hashes
control_diag_debug_intel,acorn,intel,199.0909090909091,9.527971505771816,186,220,1672.5,2.7492070738458025,1667,1677,44
control_diag_debug_intel,derecho,intel,176.38636363636363,5.181433352425147,171,192,1604.3181818181818,4.365683980470459,1579,1608,44
control_diag_debug_intel,gaeac6,intel,118.83720930232558,2.2565273843013487,115,127,6338.7441860465115,0.4414814484488744,6338,6339,43
control_diag_debug_intel,hera,intel,164.25,2.6299556396765835,162,167,1807.5,2.645751311064605,1804,1810,4
control_diag_debug_intel,hercules,intel,146.30434782608697,6.9052944750705345,134,160,38567.913043478264,250026.84002409966,1693,1697468,46
control_diag_debug_intel,orion,intel,170.77777777777777,4.62153501107432,164,185,39002.11111111111,250341.92107797303,1671,1681028,45
control_diag_debug_intel,ursa,intel,159.72,92.32507784995364,118,460,2320.1,7.892776340892289,2307,2338,50
control_diag_debug_intel,wcoss2,intel,198.6875,6.039431599294193,190,221,1590.6875,30.928301609133563,1574,1672,48
