test_name,machine,compiler,core_mean,core_std,core_min,core_max,mem_mean,mem_std,mem_min,mem_max,n_hashes
control_c192_intel,acorn,intel,434.5,10.947018283638958,417,461,1702.9545454545455,1.7111745653891834,1700,1708,44
control_c192_intel,derecho,intel,389.0,7.766954447873943,376,405,1653.0681818181818,5.691273316769503,1639,1658,44
control_c192_intel,gaeac6,intel,286.13953488372096,16.235735710593172,276,373,6338.581395348837,0.499168744229767,6338,6339,43
control_c192_intel,hera,intel,412.25,0.9574271077563381,411,413,1919.5,2.3804761428476087,1917,1922,4
control_c192_intel,hercules,intel,406.95652173913044,73.65202162775353,358,819,41574.065217391304,269629.55936637725,1806,1830536,46
control_c192_intel,orion,intel,475.02222222222224,7.941516024518061,464,499,41241.51111111111,264693.3001378132,1769,1777400,45
control_c192_intel,ursa,intel,295.74,15.01537987042156,278,343,1826.16,32.677371562671524,1796,1973,50
control_c192_intel,wcoss2,intel,442.1875,12.39535989023755,427,496,1623.7083333333333,30.548154057357642,1603,1710,48
