test_name,machine,compiler,core_mean,core_std,core_min,core_max,mem_mean,mem_std,mem_min,mem_max,n_hashes
control_p8_atmlnd_intel,acorn,intel,209.38636363636363,18.781752536166845,191,320,1862.2272727272727,1.4283448929415796,1859,1865,44
control_p8_atmlnd_intel,gaeac6,intel,148.27906976744185,4.521512501867092,142,163,6338.883720930233,0.7305999597715925,6338,6342,43
control_p8_atmlnd_intel,hera,intel,184.0,1.4142135623730951,183,185,1842.0,2.8284271247461903,1840,1844,2
control_p8_atmlnd_intel,hercules,intel,186.02173913043478,31.53656722701075,154,301,42867.065217391304,277973.1817027121,1873,1887188,46
control_p8_atmlnd_intel,orion,intel,235.88888888888889,30.4565429768549,209,328,42999.688888888886,275984.7047932369,1848,1853220,45
control_p8_atmlnd_intel,ursa,intel,147.32,7.595487382086057,138,177,1910.9,10.355418575680659,1892,1941,50
