test_name,machine,compiler,core_mean,core_std,core_min,core_max,mem_mean,mem_std,mem_min,mem_max,n_hashes
control_ras_debug_intel,acorn,intel,191.05882352941177,3.030482392196292,187,198,822.7058823529412,2.2012696870883532,819,826,17
control_ras_debug_intel,derecho,intel,177.44444444444446,4.090479940519305,172,186,755.6111111111111,1.3345582608616406,754,758,18
control_ras_debug_intel,gaeac6,intel,121.11111111111111,4.391018760109547,118,138,6338.555555555556,0.5113099925646856,6338,6339,18
control_ras_debug_intel,hercules,intel,150.94736842105263,6.867586380240038,140,166,856.4736842105264,3.9772746259583927,849,864,19
control_ras_debug_intel,orion,intel,166.66666666666666,2.300894966542108,163,172,831.2777777777778,3.769936113603734,824,837,18
control_ras_debug_intel,ursa,intel,162.52631578947367,102.94678691281489,117,464,1481.1052631578948,9.29094383940086,1454,1499,19
control_ras_debug_intel,wcoss2,intel,196.5,3.7768645570569466,192,207,738.0555555555555,23.045918924724344,728,830,18
