test_name,machine,compiler,core_mean,core_std,core_min,core_max,mem_mean,mem_std,mem_min,mem_max,n_hashes
control_CubedSphereGrid_debug_intel,acorn,intel,165.83333333333334,10.176291592181585,151,187,1605.4285714285713,4.013044930812935,1599,1613,42
control_CubedSphereGrid_debug_intel,derecho,intel,148.6818181818182,6.743723101410595,142,187,1543.7727272727273,5.001691045960233,1518,1549,44
control_CubedSphereGrid_debug_intel,gaeac6,intel,100.34883720930233,4.128205657311502,96,115,6338.976744186047,0.7711578213194488,6338,6342,43
control_CubedSphereGrid_debug_intel,hercules,intel,123.02173913043478,6.718098707338697,113,140,37120.45652173913,240671.96571070264,1625,1633952,46
control_CubedSphereGrid_debug_intel,orion,intel,140.86666666666667,6.243542118206457,132,163,37538.91111111111,240978.97593621028,1606,1618152,45
control_CubedSphereGrid_debug_intel,ursa,intel,130.4,68.36068807047941,96,353,2239.8,10.56756686223255,2215,2267,50
control_CubedSphereGrid_debug_intel,wcoss2,intel,164.45833333333334,4.7711827042320545,158,185,1518.5,13.839505587036642,1507,1606,48
