test_name,machine,compiler,core_mean,core_std,core_min,core_max,mem_mean,mem_std,mem_min,mem_max,n_hashes
control_stochy_restart_intel,acorn,intel,73.06818181818181,6.020885074675687,66,94,398.79545454545456,1.6646746375939678,394,402,44
control_stochy_restart_intel,derecho,intel,72.0,2.4871764134511865,69,81,390.97727272727275,2.9293116610581036,385,396,44
control_stochy_restart_intel,gaeac6,intel,46.23255813953488,1.2312829024334886,44,49,6338.813953488372,0.6638923447398144,6338,6342,43
control_stochy_restart_intel,hera,intel,57.0,1.4142135623730951,56,58,622.0,2.8284271247461903,620,624,2
control_stochy_restart_intel,hercules,intel,56.391304347826086,8.680702124366476,51,106,12720.5,82512.2446241903,535,560180,46
control_stochy_restart_intel,orion,intel,69.53333333333333,3.7331439345896684,66,83,11249.711111111112,72193.4301703109,477,484776,45
control_stochy_restart_intel,ursa,intel,95.32,111.73683367627706,40,460,1219.1,20.929668425662324,1186,1289,50
control_stochy_restart_intel,wcoss2,intel,75.33333333333333,6.315577948429982,69,99,305.1458333333333,31.0298343625514,292,411,48
