test_name,machine,compiler,core_mean,core_std,core_min,core_max,mem_mean,mem_std,mem_min,mem_max,n_hashes
control_p8_rrtmgp_intel,acorn,intel,253.9777777777778,8.125405972763572,242,281,1906.888888888889,1.26531027855227,1904,1909,45
control_p8_rrtmgp_intel,derecho,intel,270.8,11.106099880041361,250,314,1856.7111111111112,3.3345452342398616,1852,1862,45
control_p8_rrtmgp_intel,gaeac6,intel,169.1590909090909,16.242269262090225,161,261,6338.818181818182,0.3901536532574891,6338,6339,44
control_p8_rrtmgp_intel,hera,intel,235.6,2.0736441353327724,233,238,2067.6,3.8470768123342594,2063,2073,5
control_p8_rrtmgp_intel,hercules,intel,247.59574468085106,40.096980030740085,204,378,43854.48936170213,287147.2316043425,1961,1970552,47
control_p8_rrtmgp_intel,orion,intel,328.9130434782609,46.84528961827743,273,514,43840.65217391304,284197.01141873916,1915,1929456,46
control_p8_rrtmgp_intel,ursa,intel,217.12,139.42442031291304,165,789,2575.08,8.592450411939204,2558,2595,50
control_p8_rrtmgp_intel,wcoss2,intel,266.9591836734694,10.97717173591303,255,301,1829.2857142857142,34.356585977072804,1808,1914,49
