test_name,machine,compiler,core_mean,core_std,core_min,core_max,mem_mean,mem_std,mem_min,mem_max,n_hashes
control_diag_debug_gnu,derecho,gnu,110.0,9.240960385003785,104,166,1385.0454545454545,1.6699052396808773,1382,1388,44
control_diag_debug_gnu,hera,gnu,95.66666666666667,6.350852961085882,92,103,1364.3333333333333,4.725815626252576,1359,1368,3
control_diag_debug_gnu,hercules,gnu,76.93478260869566,5.06141031691122,71,90,30916.891304347828,200443.94170088533,1355,1360840,46
control_diag_debug_gnu,ursa,gnu,109.26,128.3152702192088,75,962,1287.32,9.97842570708613,1279,1302,50
