test_name,machine,compiler,core_mean,core_std,core_min,core_max,mem_mean,mem_std,mem_min,mem_max,n_hashes
control_lndp_debug_intel,acorn,intel,198.45454545454547,11.223842034755375,182,232,817.1136363636364,2.413295624591057,813,822,44
control_lndp_debug_intel,derecho,intel,174.20454545454547,2.9928561877705495,170,183,749.0227272727273,1.8984526914211803,745,752,44
control_lndp_debug_intel,gaeac6,intel,119.46511627906976,2.4235829164325935,115,129,6338.720930232558,0.45385026875074935,6338,6339,43
control_lndp_debug_intel,hera,intel,162.5,0.7071067811865476,162,163,951.0,1.4142135623730951,950,952,2
control_lndp_debug_intel,hercules,intel,147.0,7.064779622260779,136,170,19204.5,124491.55089326792,842,845192,46
control_lndp_debug_intel,orion,intel,169.82222222222222,7.091252257948424,161,191,19095.155555555557,122562.67366961049,817,823000,45
control_lndp_debug_intel,ursa,intel,163.76,105.49950381931875,115,522,1474.1,7.848696759101256,1440,1491,50
control_lndp_debug_intel,wcoss2,intel,195.9375,3.932441448347426,191,211,733.3958333333334,27.3649407503379,722,825,48
