test_name,machine,compiler,core_mean,core_std,core_min,core_max,mem_mean,mem_std,mem_min,mem_max,n_hashes
control_p8_ugwpv1_tempo_aerosol_hail_intel,acorn,intel,146.86363636363637,8.264777910579628,136,170,2430.159090909091,1.345849464925747,2426,2433,44
control_p8_ugwpv1_tempo_aerosol_hail_intel,derecho,intel,187.02272727272728,18.63166676232952,155,242,2392.2727272727275,5.844351820600872,2366,2398,44
control_p8_ugwpv1_tempo_aerosol_hail_intel,gaeac6,intel,95.4186046511628,5.3640450183630515,90,124,6338.953488372093,0.575428965128806,6338,6342,43
control_p8_ugwpv1_tempo_aerosol_hail_intel,hera,intel,121.75,0.9574271077563381,121,123,2388.0,16.51262143533445,2375,2412,4
control_p8_ugwpv1_tempo_aerosol_hail_intel,hercules,intel,139.04347826086956,39.34517139468698,98,295,55020.434782608696,356663.07522114867,2418,2421440,46
control_p8_ugwpv1_tempo_aerosol_hail_intel,orion,intel,178.82222222222222,35.0053819815863,125,246,55614.42222222222,356928.52596127125,2386,2396756,45
control_p8_ugwpv1_tempo_aerosol_hail_intel,ursa,intel,119.40625,9.150566261342833,104,140,2416.9375,21.12472561379362,2384,2462,32
control_p8_ugwpv1_tempo_aerosol_hail_intel,wcoss2,intel,152.125,8.411301920630363,142,176,2360.5625,27.492286152161565,2333,2435,48
