test_name,machine,compiler,core_mean,core_std,core_min,core_max,mem_mean,mem_std,mem_min,mem_max,n_hashes
control_ras_gnu,derecho,gnu,239.47619047619048,3.1877742645778464,236,248,614.952380952381,1.986861607565848,612,618,21
control_ras_gnu,hera,gnu,285.5,2.1213203435596424,284,287,606.5,0.7071067811865476,606,607,2
control_ras_gnu,hercules,gnu,234.54545454545453,24.76312018329115,221,305,593.9090909090909,5.032362797401969,589,613,22
control_ras_gnu,ursa,gnu,257.59090909090907,183.6304931340599,187,842,514.9090909090909,5.441542943907512,511,539,22
