test_name,machine,compiler,core_mean,core_std,core_min,core_max,mem_mean,mem_std,mem_min,mem_max,n_hashes
control_CubedSphereGrid_debug_intel,acorn,intel,165.1818181818182,10.007608099498626,151,187,1605.2727272727273,3.896113963542617,1599,1613,44
control_CubedSphereGrid_debug_intel,derecho,intel,147.61363636363637,3.3771868649080403,142,160,1544.2272727272727,4.97371526645793,1518,1550,44
control_CubedSphereGrid_debug_intel,gaeac6,intel,100.34883720930233,4.116654449163859,97,115,6338.953488372093,0.7853870253725137,6338,6342,43
control_CubedSphereGrid_debug_intel,hera,intel,131.0,0.0,131,131,1740.0,5.656854249492381,1736,1744,2
control_CubedSphereGrid_debug_intel,hercules,intel,121.76086956521739,6.26164615419831,112,140,37120.15217391304,240672.01157822582,1625,1633952,46
control_CubedSphereGrid_debug_intel,orion,intel,140.48888888888888,6.394678974891489,132,163,37538.73333333333,240979.00303104497,1606,1618152,45
control_CubedSphereGrid_debug_intel,ursa,intel,130.24,68.42709810522466,96,353,2239.84,10.486843068865863,2215,2267,50
control_CubedSphereGrid_debug_intel,wcoss2,intel,163.91666666666666,3.6075177611708513,158,175,1523.75,25.87161428152322,1507,1611,48
