test_name,machine,compiler,core_mean,core_std,core_min,core_max,mem_mean,mem_std,mem_min,mem_max,n_hashes
control_p8_atmlnd_debug_intel,acorn,intel,346.6136363636364,19.36457555613716,330,451,1905.3181818181818,2.269850187380214,1901,1913,44
control_p8_atmlnd_debug_intel,gaeac6,intel,211.67441860465115,2.7143439989079465,206,218,6338.488372093023,0.6314040674129698,6338,6340,43
control_p8_atmlnd_debug_intel,hera,intel,289.5,4.949747468305833,286,293,1874.0,4.242640687119285,1871,1877,2
control_p8_atmlnd_debug_intel,hercules,intel,302.10869565217394,45.00134726915014,245,404,43346.065217391304,281031.71109802637,1900,1907960,46
control_p8_atmlnd_debug_intel,orion,intel,347.53333333333336,41.78875446815808,293,486,43585.77777777778,279741.5903697301,1872,1878448,45
control_p8_atmlnd_debug_intel,ursa,intel,222.36,11.879943654095747,210,262,1942.8,9.585277826980708,1925,1968,50
