test_name,machine,compiler,core_mean,core_std,core_min,core_max,mem_mean,mem_std,mem_min,mem_max,n_hashes
control_CubedSphereGrid_parallel_intel,acorn,intel,163.8409090909091,10.177364719941334,147,190,1576.5454545454545,3.076199296886576,1571,1582,44
control_CubedSphereGrid_parallel_intel,derecho,intel,149.29545454545453,3.688949843976503,143,164,1520.590909090909,1.3694028883471232,1518,1522,44
control_CubedSphereGrid_parallel_intel,gaeac6,intel,106.11627906976744,12.490394980840623,100,182,6338.790697674419,0.5144641009681375,6338,6340,43
control_CubedSphereGrid_parallel_intel,hera,intel,143.33333333333334,1.1547005383792495,142,144,1729.3333333333333,1.154700538379268,1728,1730,3
control_CubedSphereGrid_parallel_intel,hercules,intel,140.3913043478261,16.37406928431464,122,193,36841.86956521739,238887.24635662176,1610,1621832,46
control_CubedSphereGrid_parallel_intel,orion,intel,166.77777777777777,5.9424852808510495,160,187,37004.84444444445,237511.7593990162,1587,1594876,45
control_CubedSphereGrid_parallel_intel,ursa,intel,216.02,198.70699277980088,98,713,2228.56,9.594130858956229,2212,2249,50
control_CubedSphereGrid_parallel_intel,wcoss2,intel,168.4375,12.62875181244867,159,218,1492.5833333333333,30.842657206312477,1473,1584,48
