test_name,machine,compiler,core_mean,core_std,core_min,core_max,mem_mean,mem_std,mem_min,mem_max,n_hashes
control_diag_debug_intel,acorn,intel,199.45454545454547,9.825109137105057,186,220,1672.659090909091,2.8031807665843167,1667,1677,44
control_diag_debug_intel,derecho,intel,176.36363636363637,5.18087228487012,171,192,1604.3181818181818,4.365683980470479,1579,1608,44
control_diag_debug_intel,gaeac6,intel,118.76744186046511,2.328265339386151,115,127,6338.767441860465,0.4274625743755419,6338,6339,43
control_diag_debug_intel,hera,intel,165.0,2.6457513110645907,162,167,1808.6666666666667,1.5275252316519405,1807,1810,3
control_diag_debug_intel,hercules,intel,146.65217391304347,6.723813042890833,134,160,38568.32608695652,250026.77778741615,1693,1697468,46
control_diag_debug_intel,orion,intel,170.8,4.615192303685729,164,185,39002.4,250341.87703894416,1671,1681028,45
control_diag_debug_intel,ursa,intel,159.84,92.2749573562732,118,460,2320.42,7.67208031283112,2307,2338,50
control_diag_debug_intel,wcoss2,intel,198.41666666666666,5.902878249735944,190,221,1588.7291666666667,28.625044519771023,1574,1672,48
