test_name,machine,compiler,core_mean,core_std,core_min,core_max,mem_mean,mem_std,mem_min,mem_max,n_hashes
control_c192_intel,acorn,intel,434.34090909090907,10.952207342173654,417,461,1702.9772727272727,1.7048308429166479,1700,1708,44
control_c192_intel,derecho,intel,391.59090909090907,15.501415061915333,376,479,1652.3636363636363,6.176063731336512,1639,1658,44
control_c192_intel,gaeac6,intel,286.5348837209302,16.116168806821516,276,373,6338.581395348837,0.49916874422981344,6338,6339,43
control_c192_intel,hera,intel,411.0,,411,411,1922.0,,1922,1922,1
control_c192_intel,hercules,intel,407.5,73.31082988056934,359,819,41574.282608695656,269629.52660762443,1806,1830536,46
control_c192_intel,orion,intel,475.77777777777777,7.65710866654724,464,499,41241.333333333336,264693.32724408724,1769,1777400,45
control_c192_intel,ursa,intel,294.76,14.732388309643577,278,343,1825.86,32.69713212163399,1796,1973,50
control_c192_intel,wcoss2,intel,442.5833333333333,12.40252776797783,427,496,1617.8333333333333,21.857695790000875,1603,1707,48
