test_name,machine,compiler,core_mean,core_std,core_min,core_max,mem_mean,mem_std,mem_min,mem_max,n_hashes
control_ras_intel,acorn,intel,203.85,2.5396850198400513,199,208,663.85,2.134306247447807,659,667,20
control_ras_intel,derecho,intel,188.85714285714286,3.439269025326664,185,197,621.5238095238095,1.0779168622415525,619,624,21
control_ras_intel,gaeac6,intel,136.42857142857142,8.310062746883615,133,171,6338.761904761905,0.4364357804720699,6338,6339,21
control_ras_intel,hera,intel,188.5,0.7071067811865476,188,189,870.0,0.0,870,870,2
control_ras_intel,hercules,intel,168.0909090909091,1.4111491740216533,166,171,849.5454545454545,10.523114117785216,832,870,22
control_ras_intel,orion,intel,203.52380952380952,1.5690458125576714,202,208,742.5238095238095,2.542027687084617,739,748,21
control_ras_intel,ursa,intel,267.95454545454544,215.3622589902943,133,693,1632.5,77.62654798701892,1573,1801,22
control_ras_intel,wcoss2,intel,209.38095238095238,5.361680617830483,204,226,593.9047619047619,38.345670892428984,573,673,21
