test_name,machine,compiler,core_mean,core_std,core_min,core_max,mem_mean,mem_std,mem_min,mem_max,n_hashes
control_csawmg_intel,acorn,intel,403.3181818181818,12.975419923791785,382,435,957.9545454545455,1.9994713889163085,953,961,44
control_csawmg_intel,derecho,intel,412.6363636363636,12.824560211129238,393,434,916.2272727272727,2.1225657615871363,912,920,44
control_csawmg_intel,gaeac6,intel,256.6279069767442,6.665559154960934,247,273,6338.720930232558,0.5035862528546226,6338,6340,43
control_csawmg_intel,hera,intel,349.0,5.656854249492381,345,353,1159.5,0.7071067811865476,1159,1160,2
control_csawmg_intel,hercules,intel,337.0869565217391,19.58210757804347,316,392,24398.065217391304,158200.39930465157,1066,1074040,46
control_csawmg_intel,orion,intel,400.84444444444443,33.81833523371305,372,479,24154.533333333333,155060.3575782669,1029,1041216,45
control_csawmg_intel,ursa,intel,388.7,253.35457528200772,258,1102,1778.9,66.72736182651406,1718,1991,50
control_csawmg_intel,wcoss2,intel,409.8541666666667,11.29675077242056,390,438,876.4166666666666,25.538317755068885,864,961,48
