test_name,machine,compiler,core_mean,core_std,core_min,core_max,mem_mean,mem_std,mem_min,mem_max,n_hashes
control_c48_gnu,derecho,gnu,434.8181818181818,3.693317203568284,430,443,1509.909090909091,0.8844439014428134,1508,1512,44
control_c48_gnu,hera,gnu,582.6666666666666,0.5773502691896093,582,583,1534.0,3.605551275463989,1530,1537,3
control_c48_gnu,hercules,gnu,475.0217391304348,16.480950795704587,462,568,35887.69565217391,232589.95594124382,1579,1579096,46
control_c48_gnu,ursa,gnu,510.64,404.2630362140219,345,1790,1508.2,0.9035079029053007,1505,1509,50
