test_name,machine,compiler,core_mean,core_std,core_min,core_max,mem_mean,mem_std,mem_min,mem_max,n_hashes
control_lndp_intel,acorn,intel,111.71111111111111,6.114893228169991,99,127,633.3333333333334,1.9069251784911907,628,637,45
control_lndp_intel,derecho,intel,99.82222222222222,2.2891928796857717,94,105,580.1555555555556,1.186200112574065,578,582,45
control_lndp_intel,gaeac6,intel,73.4090909090909,6.296245399528057,70,103,6338.840909090909,0.3699894290243704,6338,6339,44
control_lndp_intel,hera,intel,92.6,1.5165750888103091,91,95,783.6,1.5165750888103091,782,785,5
control_lndp_intel,hercules,intel,88.17021276595744,8.844844110839427,78,125,15183.851063829787,99435.62885845966,672,682376,47
control_lndp_intel,orion,intel,106.32608695652173,9.376221337513762,100,160,14872.08695652174,96403.12105616729,646,654496,46
control_lndp_intel,ursa,intel,472.9,508.32916581318295,64,1302,1305.64,11.752133979036532,1287,1336,50
control_lndp_intel,wcoss2,intel,111.59183673469387,8.393743620863646,104,151,554.3673469387755,34.07509713702898,535,639,49
