test_name,machine,compiler,core_mean,core_std,core_min,core_max,mem_mean,mem_std,mem_min,mem_max,n_hashes
control_csawmg_debug_intel,acorn,intel,297.5121951219512,12.653303819990104,281,332,1107.780487804878,1.8642987303801903,1105,1111,41
control_csawmg_debug_intel,derecho,intel,306.20454545454544,15.573650294953763,291,387,1049.7954545454545,2.2054851858180573,1046,1054,44
control_csawmg_debug_intel,gaeac6,intel,179.4418604651163,3.389776826348216,174,193,6338.674418604651,0.6063524918787537,6338,6341,43
control_csawmg_debug_intel,hercules,intel,284.2391304347826,30.469791803692818,214,350,26218.08695652174,169969.69792208727,1147,1153948,46
control_csawmg_debug_intel,orion,intel,308.4888888888889,27.507537993514564,255,348,26376.222222222223,169321.13181908205,1123,1136976,45
control_csawmg_debug_intel,ursa,intel,221.04,100.87008415556626,180,548,1789.1,9.831747825596524,1759,1813,50
control_csawmg_debug_intel,wcoss2,intel,301.0416666666667,7.118923936535951,293,332,1016.1041666666666,1.4027265749145885,1013,1019,48
