test_name,machine,compiler,core_mean,core_std,core_min,core_max,mem_mean,mem_std,mem_min,mem_max,n_hashes
control_restart_p8_atmlnd_intel,acorn,intel,130.25,17.127599106786413,117,234,1029.75,1.0144307602995284,1028,1033,44
control_restart_p8_atmlnd_intel,gaeac6,intel,87.81395348837209,3.2896360629037047,84,100,6338.697674418605,0.7725925347854122,6338,6342,43
control_restart_p8_atmlnd_intel,hera,intel,103.66666666666667,2.081665999466131,102,106,1123.6666666666667,1.1547005383792186,1123,1125,3
control_restart_p8_atmlnd_intel,hercules,intel,101.5,18.677080428518085,89,165,27394.260869565216,177632.80040483453,1182,1205968,46
control_restart_p8_atmlnd_intel,orion,intel,134.33333333333334,26.96715173553323,118,230,25713.577777777777,165036.21258330066,1087,1108208,45
control_restart_p8_atmlnd_intel,ursa,intel,86.96,4.707614327136545,82,108,1320.22,37.25931742120183,1285,1471,50
