test_name,machine,compiler,core_mean,core_std,core_min,core_max,mem_mean,mem_std,mem_min,mem_max,n_hashes
control_p8_gnu,derecho,gnu,277.22727272727275,11.778702965598436,258,304,1553.5227272727273,9.677325779856288,1528,1574,44
control_p8_gnu,hera,gnu,265.75,1.707825127659933,264,268,1536.75,4.856267428111177,1534,1544,4
control_p8_gnu,hercules,gnu,237.7826086956522,39.79554025458874,206,352,34886.54347826087,226223.1784147589,1503,1535852,46
control_p8_gnu,ursa,gnu,260.84,175.9123575847371,181,980,1460.12,14.64078731015606,1426,1494,50
