test_name,machine,compiler,core_mean,core_std,core_min,core_max,mem_mean,mem_std,mem_min,mem_max,n_hashes
control_stochy_gnu,derecho,gnu,160.47727272727272,3.9443137544644555,155,180,603.6363636363636,7.9857166359867415,577,612,44
control_stochy_gnu,hera,gnu,177.33333333333334,8.504900548115378,171,187,601.0,2.6457513110645907,598,603,3
control_stochy_gnu,hercules,gnu,145.69565217391303,12.398690907990398,135,202,13351.739130434782,86585.37404112513,574,587836,46
control_stochy_gnu,ursa,gnu,190.86,151.11017875195893,117,643,514.74,9.16027359006821,506,529,50
