test_name,machine,compiler,core_mean,core_std,core_min,core_max,mem_mean,mem_std,mem_min,mem_max,n_hashes
control_ras_intel,acorn,intel,204.0,2.422120283277984,200,208,663.875,2.125245083906008,659,667,16
control_ras_intel,derecho,intel,189.35294117647058,3.621829242085208,186,197,621.8235294117648,0.8828430011649105,621,624,17
control_ras_intel,gaeac6,intel,137.0,9.185586535436917,133,171,6338.764705882353,0.4372373160977236,6338,6339,17
control_ras_intel,hercules,intel,168.05555555555554,1.5519332240873474,166,171,850.2777777777778,10.498210242734402,835,870,18
control_ras_intel,orion,intel,203.64705882352942,1.6934128435864444,202,208,742.7647058823529,2.5624551646005886,739,748,17
control_ras_intel,ursa,intel,297.6666666666667,228.3701845173108,133,693,1642.388888888889,82.88130342553946,1573,1801,18
control_ras_intel,wcoss2,intel,208.52941176470588,5.051208358635874,204,226,575.7647058823529,1.4374200745044028,573,578,17
