test_name,machine,compiler,core_mean,core_std,core_min,core_max,mem_mean,mem_std,mem_min,mem_max,n_hashes
control_p8_ugwpv1_gnu,derecho,gnu,276.27272727272725,12.974686690420983,259,328,1563.2954545454545,11.190900675464837,1535,1585,44
control_p8_ugwpv1_gnu,hercules,gnu,229.7608695652174,33.64202714371066,204,338,35337.84782608696,229209.31708685137,1519,1556116,46
control_p8_ugwpv1_gnu,ursa,gnu,277.44,239.3914188699575,179,1597,1469.98,13.152930921917667,1447,1503,50
