test_name,machine,compiler,core_mean,core_std,core_min,core_max,mem_mean,mem_std,mem_min,mem_max,n_hashes
control_csawmg_debug_intel,acorn,intel,297.09090909090907,12.392454909710862,281,332,1107.9318181818182,1.8973387393279302,1105,1111,44
control_csawmg_debug_intel,derecho,intel,303.34090909090907,9.695223426712191,286,330,1049.590909090909,2.305889142116103,1045,1054,44
control_csawmg_debug_intel,gaeac6,intel,179.34883720930233,3.435693046673913,174,193,6338.6511627906975,0.6127114185258564,6338,6341,43
control_csawmg_debug_intel,hera,intel,259.0,1.4142135623730951,258,260,1264.0,4.242640687119285,1261,1267,2
control_csawmg_debug_intel,hercules,intel,279.89130434782606,30.21863167787534,214,320,26217.282608695652,169969.8191314712,1147,1153948,46
control_csawmg_debug_intel,orion,intel,308.02222222222224,27.41473466527948,255,348,26375.6,169321.2266731761,1123,1136976,45
control_csawmg_debug_intel,ursa,intel,220.38,101.06855422465102,180,548,1789.32,9.37526054059731,1759,1813,50
control_csawmg_debug_intel,wcoss2,intel,300.5833333333333,6.629506362462367,293,332,1023.7916666666666,25.926211441634,1013,1110,48
