test_name,machine,compiler,core_mean,core_std,core_min,core_max,mem_mean,mem_std,mem_min,mem_max,n_hashes
control_p8_ugwpv1_tempo_aerosol_hail_intel,acorn,intel,147.0,8.220790433336537,136,170,2430.2272727272725,1.3444742443265736,2426,2433,44
control_p8_ugwpv1_tempo_aerosol_hail_intel,derecho,intel,187.77272727272728,19.45282144462464,155,242,2391.7045454545455,6.185427531066321,2366,2398,44
control_p8_ugwpv1_tempo_aerosol_hail_intel,gaeac6,intel,95.16279069767442,5.468220884860605,89,124,6338.953488372093,0.5754289651288701,6338,6342,43
control_p8_ugwpv1_tempo_aerosol_hail_intel,hera,intel,122.0,,122,122,2375.0,,2375,2375,1
control_p8_ugwpv1_tempo_aerosol_hail_intel,hercules,intel,140.52173913043478,39.49837641132145,98,295,55020.95652173913,356662.9965785602,2418,2421440,46
control_p8_ugwpv1_tempo_aerosol_hail_intel,orion,intel,179.62222222222223,34.32881700215835,125,246,55614.86666666667,356928.45820107986,2386,2396756,45
control_p8_ugwpv1_tempo_aerosol_hail_intel,ursa,intel,120.17241379310344,9.047765965447889,104,140,2418.103448275862,21.07358676431954,2384,2462,29
control_p8_ugwpv1_tempo_aerosol_hail_intel,wcoss2,intel,151.83333333333334,8.267684677651781,142,176,2355.5625,19.746161760081808,2333,2432,48
