test_name,machine,compiler,core_mean,core_std,core_min,core_max,mem_mean,mem_std,mem_min,mem_max,n_hashes
control_c48_intel,acorn,intel,385.90697674418607,8.769030878441805,367,408,1593.2325581395348,2.505586228356482,1588,1598,43
control_c48_intel,derecho,intel,334.1136363636364,5.541454385078298,325,345,1555.5227272727273,1.958744690126703,1551,1560,44
control_c48_intel,gaeac6,intel,266.1162790697674,7.394364979095588,256,301,6337.7441860465115,0.4924681887630456,6337,6339,43
control_c48_intel,hercules,intel,348.67391304347825,24.188201299923165,333,494,38908.95652173913,252298.3111658769,1698,1712880,46
control_c48_intel,orion,intel,517.3555555555556,5.14850179247045,509,532,39653.15555555555,254520.66799243665,1697,1709088,45
control_c48_intel,ursa,intel,282.46,92.20633693748262,251,757,1666.82,2.0272631596236335,1663,1671,50
control_c48_intel,wcoss2,intel,382.125,4.996275208337372,372,397,1598.8958333333333,3.0959107093983986,1591,1606,48
