test_name,machine,compiler,core_mean,core_std,core_min,core_max,mem_mean,mem_std,mem_min,mem_max,n_hashes
control_c48_gnu,derecho,gnu,434.79545454545456,3.6952486491820005,430,443,1509.8636363636363,0.8515624242343113,1508,1511,44
control_c48_gnu,hercules,gnu,475.1304347826087,16.35115856670194,462,568,35893.15217391304,232589.13394806228,1579,1579096,46
control_c48_gnu,ursa,gnu,552.46,441.1512864664688,345,1790,1508.0,1.340118788521127,1501,1509,50
