test_name,machine,compiler,core_mean,core_std,core_min,core_max,mem_mean,mem_std,mem_min,mem_max,n_hashes
control_stochy_gnu,derecho,gnu,160.2888888888889,3.8412960775701133,155,180,603.7777777777778,7.939798740547781,577,612,45
control_stochy_gnu,hera,gnu,178.8,10.03493896344168,170,192,600.6,1.9493588689617938,598,603,5
control_stochy_gnu,hercules,gnu,145.29787234042553,12.312798031911875,135,202,13080.36170212766,85659.26391267894,574,587836,47
control_stochy_gnu,ursa,gnu,192.32,150.66010400492732,117,643,513.98,8.846745048840507,506,529,50
