test_name,machine,compiler,core_mean,core_std,core_min,core_max,mem_mean,mem_std,mem_min,mem_max,n_hashes
control_csawmg_debug_gnu,derecho,gnu,183.25,8.931587530442352,164,204,836.7045454545455,6.033162406714472,824,852,44
control_csawmg_debug_gnu,hercules,gnu,133.3695652173913,32.91022042915625,106,216,18522.217391304348,120086.0935462393,803,815280,46
control_csawmg_debug_gnu,ursa,gnu,126.18,46.70475656412616,103,259,744.98,11.516607351905428,731,778,50
