test_name,machine,compiler,core_mean,core_std,core_min,core_max,mem_mean,mem_std,mem_min,mem_max,n_hashes
control_wrtGauss_netcdf_parallel_intel,acorn,intel,162.1590909090909,7.94733590529198,151,178,1574.8636363636363,2.257709366952179,1570,1579,44
control_wrtGauss_netcdf_parallel_intel,derecho,intel,147.04545454545453,3.117501574603172,141,155,1516.6363636363637,1.9420788321473506,1513,1524,44
control_wrtGauss_netcdf_parallel_intel,gaeac6,intel,121.72093023255815,74.43000085775554,100,514,6338.6511627906975,0.48224282217043213,6338,6339,43
control_wrtGauss_netcdf_parallel_intel,hera,intel,141.5,0.7071067811865476,141,142,1720.0,4.242640687119285,1717,1723,2
control_wrtGauss_netcdf_parallel_intel,hercules,intel,139.6086956521739,15.743045393470405,121,180,36539.413043478264,236861.35784833904,1607,1608088,46
control_wrtGauss_netcdf_parallel_intel,orion,intel,165.06666666666666,6.510131963471871,159,187,36991.666666666664,237453.39465624135,1583,1594480,45
control_wrtGauss_netcdf_parallel_intel,ursa,intel,215.16,191.29956847300824,98,674,2224.14,9.359072865298218,2208,2250,50
control_wrtGauss_netcdf_parallel_intel,wcoss2,intel,165.0625,9.343119552843334,156,210,1490.1458333333333,28.069813863911165,1465,1582,48
