test_name,machine,compiler,core_mean,core_std,core_min,core_max,mem_mean,mem_std,mem_min,mem_max,n_hashes
control_wam_debug_gnu,derecho,gnu,379.84090909090907,8.072183595009658,364,418,1403.5681818181818,0.9498525533734703,1402,1406,44
control_wam_debug_gnu,hera,gnu,383.0,,383,383,1400.0,,1400,1400,1
control_wam_debug_gnu,hercules,gnu,331.6521739130435,20.442023591181353,305,408,31405.695652173912,203640.86011034987,1374,1382540,46
control_wam_debug_gnu,ursa,gnu,306.9,98.50044027664995,269,735,1311.88,8.988972836373515,1303,1326,50
