test_name,machine,compiler,core_mean,core_std,core_min,core_max,mem_mean,mem_std,mem_min,mem_max,n_hashes
control_CubedSphereGrid_intel,acorn,intel,154.5909090909091,10.5462837758101,136,177,1567.159090909091,2.439435521993056,1563,1571,44
control_CubedSphereGrid_intel,derecho,intel,141.4090909090909,7.677566783328789,133,186,1515.4772727272727,1.4861943965562219,1511,1519,44
control_CubedSphereGrid_intel,gaeac6,intel,100.67441860465117,15.259221927103557,94,197,6338.813953488372,0.39374961547913895,6338,6339,43
control_CubedSphereGrid_intel,hera,intel,133.0,,133,133,1714.0,,1714,1714,1
control_CubedSphereGrid_intel,hercules,intel,131.6086956521739,15.07091129128423,113,168,36539.239130434784,236915.64272074986,1599,1608448,46
control_CubedSphereGrid_intel,orion,intel,155.46666666666667,6.5038450166036315,149,175,36857.91111111111,236582.81550584722,1573,1588636,45
control_CubedSphereGrid_intel,ursa,intel,178.92,167.6604732359846,92,682,2211.9,9.837973078114882,2194,2243,50
control_CubedSphereGrid_intel,wcoss2,intel,155.85416666666666,10.208443696031019,147,205,1482.5416666666667,23.846993060220065,1463,1573,48
