test_name,machine,compiler,core_mean,core_std,core_min,core_max,mem_mean,mem_std,mem_min,mem_max,n_hashes
control_c192_intel,acorn,intel,434.30232558139534,11.078797604779316,417,461,1702.906976744186,1.6592303650211715,1700,1708,43
control_c192_intel,derecho,intel,391.70454545454544,15.470270882694061,376,479,1652.1363636363637,6.185470255631115,1639,1658,44
control_c192_intel,gaeac6,intel,286.69767441860466,16.042406427550418,276,373,6338.581395348837,0.4991687442298806,6338,6339,43
control_c192_intel,hercules,intel,407.4130434782609,73.34168924726586,359,819,41574.086956521736,269629.55610119156,1806,1830536,46
control_c192_intel,orion,intel,476.0,7.449832212875651,464,499,41241.28888888889,264693.3340190478,1769,1777400,45
control_c192_intel,ursa,intel,294.6,14.762058370936554,278,343,1825.52,32.97385482531296,1791,1973,50
control_c192_intel,wcoss2,intel,442.5416666666667,12.38729330648921,427,496,1615.75,17.51169821770816,1603,1697,48
