test_name,machine,compiler,core_mean,core_std,core_min,core_max,mem_mean,mem_std,mem_min,mem_max,n_hashes
control_debug_p8_gnu,derecho,gnu,151.17777777777778,9.95053422249938,134,177,1550.2888888888888,10.784294603774972,1525,1573,45
control_debug_p8_gnu,hera,gnu,98.2,3.3466401061363036,96,104,1531.2,7.04982269280582,1520,1539,5
control_debug_p8_gnu,hercules,gnu,108.23404255319149,36.73122872621171,76,218,34070.04255319149,223095.8117336251,1507,1530996,47
control_debug_p8_gnu,ursa,gnu,94.7,32.07150811316894,78,208,1451.56,13.738312286805565,1422,1476,50
