test_name,machine,compiler,core_mean,core_std,core_min,core_max,mem_mean,mem_std,mem_min,mem_max,n_hashes
control_flake_gnu,derecho,gnu,306.3333333333333,4.041451884327387,302,310,652.3333333333334,1.1547005383792432,651,653,3
control_flake_gnu,hera,gnu,342.6666666666667,2.5166114784235907,340,345,648.0,1.0,647,649,3
control_flake_gnu,hercules,gnu,272.0,1.0,271,273,630.0,2.6457513110645907,627,632,3
control_flake_gnu,ursa,gnu,245.0,1.0,244,246,554.6666666666666,1.1547005383792432,554,556,3
