test_name,machine,compiler,core_mean,core_std,core_min,core_max,mem_mean,mem_std,mem_min,mem_max,n_hashes
control_restart_p8_intel,acorn,intel,111.29545454545455,6.909984503245661,99,128,1013.7272727272727,2.149782426672415,1010,1018,44
control_restart_p8_intel,derecho,intel,149.5909090909091,9.386576714124704,136,176,970.7272727272727,0.8453329153910447,969,972,44
control_restart_p8_intel,gaeac6,intel,74.48837209302326,8.072210097504291,70,123,6338.7441860465115,0.4414814484487653,6338,6339,43
control_restart_p8_intel,hera,intel,99.66666666666667,1.1547005383792495,99,101,1270.6666666666667,11.239810200058251,1261,1283,3
control_restart_p8_intel,hercules,intel,108.84782608695652,28.52442804280363,86,193,27685.565217391304,179524.72330878454,1188,1218812,46
control_restart_p8_intel,orion,intel,136.93333333333334,34.195560583741916,107,212,25894.066666666666,166096.64406335572,1112,1115344,45
control_restart_p8_intel,ursa,intel,166.42,159.81802023500583,74,560,1870.46,36.39141522448419,1828,1966,50
control_restart_p8_intel,wcoss2,intel,124.5,8.432460078691355,115,163,928.5833333333334,30.280836811656716,914,1017,48
