test_name,machine,compiler,core_mean,core_std,core_min,core_max,mem_mean,mem_std,mem_min,mem_max,n_hashes
control_wam_debug_intel,acorn,intel,891.0232558139535,17.78775444498003,863,925,1697.4651162790697,1.8942122022386083,1694,1702,43
control_wam_debug_intel,derecho,intel,770.5681818181819,12.785161688771609,748,794,1626.1818181818182,3.811077655520352,1618,1631,44
control_wam_debug_intel,gaeac6,intel,543.9767441860465,8.964183685494527,530,576,6338.720930232558,0.4538502687509469,6338,6339,43
control_wam_debug_intel,orion,intel,817.4888888888889,14.486078304581353,791,847,39243.822222222225,251872.96018675843,1685,1691312,45
control_wam_debug_intel,ursa,intel,722.28,313.4546180087644,550,1628,2303.12,27.73242410859123,2277,2419,50
control_wam_debug_intel,wcoss2,intel,891.9375,7.741587747423838,875,917,1606.1875,19.424328077866484,1593,1700,48
