test_name,machine,compiler,core_mean,core_std,core_min,core_max,mem_mean,mem_std,mem_min,mem_max,n_hashes
control_p8_rrtmgp_intel,acorn,intel,254.7560975609756,8.061577041140497,242,281,1906.8536585365853,1.2361427023154798,1904,1909,41
control_p8_rrtmgp_intel,derecho,intel,273.1136363636364,14.765163130940955,250,329,1857.5,3.288457615413778,1852,1864,44
control_p8_rrtmgp_intel,gaeac6,intel,168.58139534883722,15.453821469353285,162,261,6338.767441860465,0.42746257437563817,6338,6339,43
control_p8_rrtmgp_intel,hercules,intel,251.2826086956522,40.99304170952717,204,378,44764.891304347824,290251.63666333305,1961,1970552,46
control_p8_rrtmgp_intel,orion,intel,335.02222222222224,45.3423787767174,274,514,44772.97777777778,287337.2287450512,1915,1929456,45
control_p8_rrtmgp_intel,ursa,intel,228.7,159.21571171571875,165,789,2575.9,8.66908652768497,2559,2595,50
control_p8_rrtmgp_intel,wcoss2,intel,268.5625,12.416369171551551,255,310,1815.125,3.7508864200573035,1808,1821,48
