test_name,machine,compiler,core_mean,core_std,core_min,core_max,mem_mean,mem_std,mem_min,mem_max,n_hashes
control_CubedSphereGrid_debug_intel,acorn,intel,165.5,10.061439168406018,151,187,1605.3636363636363,3.9360640775820275,1599,1613,44
control_CubedSphereGrid_debug_intel,derecho,intel,148.63636363636363,6.75859800065523,142,187,1544.1363636363637,4.901783771624605,1518,1549,44
control_CubedSphereGrid_debug_intel,gaeac6,intel,100.37209302325581,4.10587996376598,97,115,6338.976744186047,0.77115782131939,6338,6342,43
control_CubedSphereGrid_debug_intel,hera,intel,131.0,,131,131,1736.0,,1736,1736,1
control_CubedSphereGrid_debug_intel,hercules,intel,122.19565217391305,6.540878518015731,112,140,37120.391304347824,240671.97554333645,1625,1633952,46
control_CubedSphereGrid_debug_intel,orion,intel,140.62222222222223,6.339948698132304,132,163,37539.02222222222,240978.95899298016,1606,1618152,45
control_CubedSphereGrid_debug_intel,ursa,intel,130.42,68.35235540781252,96,353,2239.92,10.346723823392157,2215,2267,50
control_CubedSphereGrid_debug_intel,wcoss2,intel,164.0625,3.7097126688069038,158,175,1521.8958333333333,22.44827585032936,1507,1606,48
