test_name,machine,compiler,core_mean,core_std,core_min,core_max,mem_mean,mem_std,mem_min,mem_max,n_hashes
control_p8_intel,acorn,intel,180.1590909090909,6.444551265588565,170,197,1852.5227272727273,1.1307259730878492,1850,1855,44
control_p8_intel,derecho,intel,210.86363636363637,12.341254146609455,193,270,1803.2045454545455,3.0695772412087563,1797,1812,44
control_p8_intel,gaeac6,intel,117.30232558139535,2.0532770986532283,113,122,6338.720930232558,0.45385026875073575,6338,6339,43
control_p8_intel,hera,intel,166.0,,166,166,1980.0,,1980,1980,1
control_p8_intel,hercules,intel,185.43478260869566,49.80390532385234,141,403,43161.239130434784,279829.70527727,1895,1899800,46
control_p8_intel,orion,intel,241.06666666666666,35.40762629716938,182,325,43725.177777777775,280714.9812602139,1869,1884972,45
control_p8_intel,ursa,intel,230.72,223.59119401446995,121,881,2510.12,9.931685020526038,2489,2532,50
control_p8_intel,wcoss2,intel,196.41666666666666,11.341569806413872,185,236,1762.7083333333333,24.272353885039003,1749,1855,48
