test_name,machine,compiler,core_mean,core_std,core_min,core_max,mem_mean,mem_std,mem_min,mem_max,n_hashes
control_restart_noqr_p8_intel,acorn,intel,109.5,6.54533906032638,95,129,1014.2857142857143,2.1217309349393694,1011,1020,42
control_restart_noqr_p8_intel,derecho,intel,148.13636363636363,12.935602410601476,126,212,970.0909090909091,3.1015238701523384,953,973,44
control_restart_noqr_p8_intel,gaeac6,intel,73.4186046511628,10.156472386610314,69,121,6338.7441860465115,0.4924681887630197,6338,6340,43
control_restart_noqr_p8_intel,hercules,intel,104.30434782608695,25.230378131853836,82,169,27712.869565217392,179679.76678198093,1196,1219868,46
control_restart_noqr_p8_intel,orion,intel,137.77777777777777,40.86501553834887,105,290,25876.222222222223,165963.37110788922,1112,1114452,45
control_restart_noqr_p8_intel,ursa,intel,135.62,136.8870963343775,71,629,1869.28,34.992150723339385,1826,1998,50
control_restart_noqr_p8_intel,wcoss2,intel,120.77083333333333,9.034778155110214,111,152,920.125,14.319492740332167,913,1016,48
