test_name,machine,compiler,core_mean,core_std,core_min,core_max,mem_mean,mem_std,mem_min,mem_max,n_hashes
control_p8_ugwpv1_tempo_aerosol_hail_intel,acorn,intel,147.2325581395349,8.170321463927877,136,170,2430.2558139534885,1.3468309056344303,2426,2433,43
control_p8_ugwpv1_tempo_aerosol_hail_intel,derecho,intel,188.37209302325581,19.267568675310525,155,242,2391.6046511627906,6.222614421009836,2366,2398,43
control_p8_ugwpv1_tempo_aerosol_hail_intel,gaeac6,intel,95.16279069767442,5.468220884860602,89,124,6338.883720930233,0.32435300622431706,6338,6339,43
control_p8_ugwpv1_tempo_aerosol_hail_intel,hercules,intel,140.82222222222222,39.89149424540667,98,295,56189.77777777778,360604.1103765942,2418,2421440,45
control_p8_ugwpv1_tempo_aerosol_hail_intel,orion,intel,180.79545454545453,33.80077028532939,125,246,56824.15909090909,360961.67223823175,2386,2396756,44
control_p8_ugwpv1_tempo_aerosol_hail_intel,ursa,intel,120.17857142857143,9.213731987791759,104,140,2418.535714285714,21.328961605633925,2384,2462,28
control_p8_ugwpv1_tempo_aerosol_hail_intel,wcoss2,intel,151.68085106382978,8.288563055247518,142,176,2353.936170212766,16.391148533012153,2333,2424,47
