test_name,machine,compiler,core_mean,core_std,core_min,core_max,mem_mean,mem_std,mem_min,mem_max,n_hashes
control_wam_debug_gnu,derecho,gnu,379.77272727272725,8.0920967368358,364,418,1403.4772727272727,1.0888149385463428,1400,1406,44
control_wam_debug_gnu,hercules,gnu,331.45652173913044,20.62760450544005,305,408,31405.434782608696,203640.8994339084,1370,1382540,46
control_wam_debug_gnu,ursa,gnu,307.08,98.44543500574002,269,735,1312.24,8.986520517998736,1303,1326,50
