test_name,machine,compiler,core_mean,core_std,core_min,core_max,mem_mean,mem_std,mem_min,mem_max,n_hashes
control_csawmg_debug_gnu,derecho,gnu,183.0909090909091,8.998238023436976,164,204,836.8181818181819,6.066579156645688,824,852,44
control_csawmg_debug_gnu,hercules,gnu,133.3913043478261,32.8974691771399,106,216,18522.5,120086.05094195304,803,815280,46
control_csawmg_debug_gnu,ursa,gnu,125.88,46.793353792859016,103,259,744.52,11.526792215335107,731,778,50
