test_name,machine,compiler,core_mean,core_std,core_min,core_max,mem_mean,mem_std,mem_min,mem_max,n_hashes
control_c48.v2.sfc_intel,acorn,intel,348.02272727272725,7.337348346718953,331,362,719.0454545454545,1.7247115762183582,715,723,44
control_c48.v2.sfc_intel,derecho,intel,309.59090909090907,2.8392447556068148,306,319,678.8409090909091,3.5695298486468054,671,683,44
control_c48.v2.sfc_intel,gaeac6,intel,246.90697674418604,3.4833888363432264,243,264,6337.53488372093,0.7351331984684726,6336,6339,43
control_c48.v2.sfc_intel,hera,intel,373.5,0.7071067811865476,373,374,846.5,2.1213203435596424,845,848,2
control_c48.v2.sfc_intel,hercules,intel,329.30434782608694,7.56855942616821,320,359,19104.260869565216,123870.02407693045,829,840968,46
control_c48.v2.sfc_intel,orion,intel,480.35555555555555,21.979489980388067,471,623,19606.755555555555,125887.56451585812,825,845320,45
control_c48.v2.sfc_intel,ursa,intel,281.46,113.46206954083729,235,680,801.82,2.8549277127272332,792,808,50
control_c48.v2.sfc_intel,wcoss2,intel,338.9166666666667,6.344149032798221,331,363,724.8958333333334,1.6142923267835314,722,728,48
