test_name,machine,compiler,core_mean,core_std,core_min,core_max,mem_mean,mem_std,mem_min,mem_max,n_hashes
control_restart_p8_intel,acorn,intel,111.72727272727273,7.160497697278266,99,128,1013.8409090909091,2.1343609883879133,1010,1018,44
control_restart_p8_intel,derecho,intel,149.5,9.441373569757788,136,176,970.75,0.838742136829329,969,972,44
control_restart_p8_intel,gaeac6,intel,74.46511627906976,8.080985433806653,70,123,6338.7441860465115,0.44148144844890846,6338,6339,43
control_restart_p8_intel,hera,intel,99.0,0.0,99,99,1272.0,15.556349186104045,1261,1283,2
control_restart_p8_intel,hercules,intel,109.0,28.429249413627186,86,193,27686.239130434784,179524.6217571017,1188,1218812,46
control_restart_p8_intel,orion,intel,136.42222222222222,34.07577711305475,107,212,25894.62222222222,166096.55938219806,1112,1115344,45
control_restart_p8_intel,ursa,intel,166.92,159.5714720552441,74,560,1870.74,36.252971729000045,1828,1966,50
control_restart_p8_intel,wcoss2,intel,124.85416666666667,8.510293100268775,115,163,926.5208333333334,27.36124731458582,914,1016,48
