test_name,machine,compiler,core_mean,core_std,core_min,core_max,mem_mean,mem_std,mem_min,mem_max,n_hashes
control_p8_atmlnd_debug_intel,acorn,intel,346.79545454545456,19.377017728939954,330,451,1905.4318181818182,2.171675243106631,1901,1913,44
control_p8_atmlnd_debug_intel,gaeac6,intel,211.72093023255815,2.6665974520364113,206,218,6338.511627906977,0.6314040674128395,6338,6340,43
control_p8_atmlnd_debug_intel,hera,intel,293.0,,293,293,1877.0,,1877,1877,1
control_p8_atmlnd_debug_intel,hercules,intel,302.19565217391306,44.90415450476089,245,404,43346.17391304348,281031.69471647416,1900,1907960,46
control_p8_atmlnd_debug_intel,orion,intel,348.6666666666667,40.98780306383839,293,486,43585.933333333334,279741.566651615,1872,1878448,45
control_p8_atmlnd_debug_intel,ursa,intel,222.46,11.811806615001972,210,262,1943.5,9.685356082714774,1925,1968,50
