test_name,machine,compiler,core_mean,core_std,core_min,core_max,mem_mean,mem_std,mem_min,mem_max,n_hashes
control_lndp_intel,acorn,intel,111.9090909090909,6.118284384163333,99,127,633.3409090909091,1.8670108159548202,628,637,44
control_lndp_intel,derecho,intel,100.9090909090909,5.67252940512506,96,135,580.2727272727273,1.2077970791300836,578,582,44
control_lndp_intel,gaeac6,intel,73.37209302325581,6.3733943106291235,70,103,6338.790697674419,0.4116250914933418,6338,6339,43
control_lndp_intel,hera,intel,92.0,,92,92,785.0,,785,785,1
control_lndp_intel,hercules,intel,88.58695652173913,8.968032329599081,78,125,15499.695652173914,100510.55903510714,672,682376,46
control_lndp_intel,orion,intel,106.53333333333333,9.428197552602999,100,160,15188.377777777778,97468.31614014346,646,654496,45
control_lndp_intel,ursa,intel,458.6,508.904104675038,65,1302,1305.6,11.750814127245013,1287,1336,50
control_lndp_intel,wcoss2,intel,111.77083333333333,8.642398168291644,104,151,546.4791666666666,23.34750392903519,535,637,48
