test_name,machine,compiler,core_mean,core_std,core_min,core_max,mem_mean,mem_std,mem_min,mem_max,n_hashes
control_wam_debug_intel,acorn,intel,891.0,17.580380184792972,863,925,1697.5,1.8863031397110401,1694,1702,44
control_wam_debug_intel,derecho,intel,771.2272727272727,13.23115357582803,748,794,1626.1136363636363,3.8411233161420357,1618,1631,44
control_wam_debug_intel,gaeac6,intel,543.953488372093,8.978687698078339,530,576,6338.720930232558,0.45385026875086476,6338,6339,43
control_wam_debug_intel,hera,intel,832.0,,832,832,1804.0,,1804,1804,1
control_wam_debug_intel,orion,intel,818.1555555555556,15.317778671672457,791,851,39243.71111111111,251872.97712678532,1685,1691312,45
control_wam_debug_intel,ursa,intel,721.54,313.8528324042389,538,1628,2302.98,27.714646536679226,2277,2419,50
control_wam_debug_intel,wcoss2,intel,891.4166666666666,8.219937705756942,872,917,1608.2708333333333,23.918069002799875,1593,1703,48
