test_name,machine,compiler,core_mean,core_std,core_min,core_max,mem_mean,mem_std,mem_min,mem_max,n_hashes
control_diag_debug_intel,acorn,intel,199.4090909090909,9.831884963984875,186,220,1672.840909090909,2.884950378986982,1667,1678,44
control_diag_debug_intel,derecho,intel,176.54545454545453,5.164523641125699,171,192,1604.3181818181818,4.365683980470394,1579,1608,44
control_diag_debug_intel,gaeac6,intel,118.69767441860465,2.395778864516371,115,127,6338.767441860465,0.42746257437557994,6338,6339,43
control_diag_debug_intel,hera,intel,164.0,2.8284271247461903,162,166,1808.5,2.1213203435596424,1807,1810,2
control_diag_debug_intel,hercules,intel,146.7608695652174,6.637217564976375,134,160,38568.47826086957,250026.75485171037,1693,1697468,46
control_diag_debug_intel,orion,intel,170.84444444444443,4.665909029407544,164,185,39002.48888888889,250341.8634842274,1671,1681028,45
control_diag_debug_intel,ursa,intel,159.96,92.22465029724417,118,460,2320.48,7.656503171574306,2307,2338,50
control_diag_debug_intel,wcoss2,intel,198.41666666666666,5.9028782497359416,190,221,1587.0208333333333,26.064967589870424,1574,1672,48
