test_name,machine,compiler,core_mean,core_std,core_min,core_max,mem_mean,mem_std,mem_min,mem_max,n_hashes
control_latlon_intel,acorn,intel,159.22727272727272,8.534100234213971,144,176,1575.8636363636363,1.6787441193288608,1573,1578,44
control_latlon_intel,derecho,intel,145.8181818181818,4.726337523366045,140,169,1516.8863636363637,2.451538758269609,1513,1525,44
control_latlon_intel,gaeac6,intel,103.81395348837209,12.927003508627623,98,183,6338.720930232558,0.4538502687507356,6338,6339,43
control_latlon_intel,hera,intel,140.0,,140,140,1727.0,,1727,1727,1
control_latlon_intel,hercules,intel,137.8695652173913,15.91869438483805,119,177,36783.86956521739,238519.19192510447,1607,1619332,46
control_latlon_intel,orion,intel,163.33333333333334,5.684908250638867,157,181,36893.066666666666,236790.28871166686,1582,1590032,45
control_latlon_intel,ursa,intel,198.02,198.83564025781368,96,813,2221.64,10.040245545415923,2205,2247,50
control_latlon_intel,wcoss2,intel,164.10416666666666,14.979758801758631,153,224,1488.5,24.197766733597838,1477,1581,48
