test_name,machine,compiler,core_mean,core_std,core_min,core_max,mem_mean,mem_std,mem_min,mem_max,n_hashes
control_ras_debug_gnu,derecho,gnu,103.0,2.9760952365713793,99,109,601.8181818181819,3.156797105511839,593,606,22
control_ras_debug_gnu,hera,gnu,90.0,1.0,89,91,590.6666666666666,2.0816659994661486,589,593,3
control_ras_debug_gnu,hercules,gnu,76.08695652173913,7.745456401120596,68,95,580.1739130434783,2.622493156469843,576,585,23
control_ras_debug_gnu,ursa,gnu,66.65217391304348,1.495711920858303,65,71,499.8695652173913,0.34435022157509515,499,500,23
