test_name,machine,compiler,core_mean,core_std,core_min,core_max,mem_mean,mem_std,mem_min,mem_max,n_hashes
control_p8_lndp_intel,acorn,intel,301.7857142857143,8.58397745742302,289,326,1857.8095238095239,1.1942564834238576,1855,1860,42
control_p8_lndp_intel,derecho,intel,318.79545454545456,16.850339235360295,289,382,1813.340909090909,3.5499307678686964,1806,1818,44
control_p8_lndp_intel,gaeac6,intel,197.11627906976744,4.851162365992111,189,215,6338.790697674419,0.6746476870641543,6338,6342,43
control_p8_lndp_intel,hercules,intel,302.8478260869565,47.15834668259427,242,419,43374.34782608696,281231.8225806854,1896,1909316,46
control_p8_lndp_intel,orion,intel,375.8888888888889,37.42035312878314,313,450,43865.822222222225,281603.415126364,1873,1890940,45
control_p8_lndp_intel,ursa,intel,279.22,232.82631610148314,200,1233,2517.64,10.287222111703027,2499,2544,50
control_p8_lndp_intel,wcoss2,intel,318.1041666666667,15.821127247319849,302,369,1769.3958333333333,14.669028863609904,1759,1864,48
