test_name,machine,compiler,core_mean,core_std,core_min,core_max,mem_mean,mem_std,mem_min,mem_max,n_hashes
control_debug_p8_gnu,derecho,gnu,150.9090909090909,11.904304833669988,108,177,356274.5681818182,2352971.9653365775,1525,15609401,44
control_debug_p8_gnu,hera,gnu,97.0,1.4142135623730951,96,98,1529.5,13.435028842544403,1520,1539,2
control_debug_p8_gnu,hercules,gnu,109.3695652173913,37.2047539947083,76,218,34776.97826086957,225507.80322941166,1507,1530996,46
control_debug_p8_gnu,ursa,gnu,96.24,34.927657014031105,78,208,1452.54,14.10776309667259,1422,1478,50
