test_name,machine,compiler,core_mean,core_std,core_min,core_max,mem_mean,mem_std,mem_min,mem_max,n_hashes
control_p8_mynn_intel,acorn,intel,187.0222222222222,6.513932232631312,177,209,1867.9777777777779,1.7384539747208494,1865,1871,45
control_p8_mynn_intel,derecho,intel,212.04444444444445,7.9742641597133455,195,234,1813.8444444444444,1.941830855328814,1810,1818,45
control_p8_mynn_intel,gaeac6,intel,124.47727272727273,13.165297294559005,118,209,6338.818181818182,0.3901536532574143,6338,6339,44
control_p8_mynn_intel,hera,intel,172.4,0.8944271909999143,171,173,2021.2,6.4187226143524665,2012,2028,5
control_p8_mynn_intel,hercules,intel,184.7872340425532,44.90905601043491,144,348,42544.085106382976,278547.61838178855,1900,1911540,47
control_p8_mynn_intel,orion,intel,244.1304347826087,38.109554763224494,192,325,43012.239130434784,278882.1384244355,1883,1893364,46
control_p8_mynn_intel,ursa,intel,221.28,206.46006087060488,123,768,2527.18,12.225249882676342,2499,2554,50
control_p8_mynn_intel,wcoss2,intel,200.73469387755102,10.825847753956122,188,235,1784.9591836734694,35.84106070770032,1762,1874,49
