test_name,machine,compiler,core_mean,core_std,core_min,core_max,mem_mean,mem_std,mem_min,mem_max,n_hashes
control_lndp_intel,acorn,intel,112.0,6.05392434706613,99,127,633.3170731707318,1.8088535649721103,628,637,41
control_lndp_intel,derecho,intel,100.95454545454545,5.636073783722169,96,135,580.0454545454545,1.5242923703948834,574,582,44
control_lndp_intel,gaeac6,intel,73.48837209302326,6.355994894298257,70,103,6338.767441860465,0.42746257437544105,6338,6339,43
control_lndp_intel,hercules,intel,88.3913043478261,8.918092124987187,78,125,15499.847826086956,100510.53610199112,672,682376,46
control_lndp_intel,orion,intel,107.17777777777778,9.632541647242357,101,160,15188.288888888888,97468.32968961165,646,654496,45
control_lndp_intel,ursa,intel,461.52,496.55516330422097,65,1302,1306.08,11.727936297401934,1287,1336,50
control_lndp_intel,wcoss2,intel,111.9375,8.642808472821338,104,151,540.7291666666666,2.9226888183790605,535,546,48
