test_name,machine,compiler,core_mean,core_std,core_min,core_max,mem_mean,mem_std,mem_min,mem_max,n_hashes
control_wam_debug_intel,acorn,intel,891.2272727272727,17.512604943979365,863,925,1697.409090909091,1.9085874701145567,1694,1702,44
control_wam_debug_intel,derecho,intel,770.5,13.279639950288663,748,794,1626.1363636363637,3.8675207435645786,1618,1631,44
control_wam_debug_intel,gaeac6,intel,544.2790697674419,9.048350497914583,530,576,6338.697674418605,0.46470081111807504,6338,6339,43
control_wam_debug_intel,hera,intel,822.0,14.142135623730951,812,832,1807.5,4.949747468305833,1804,1811,2
control_wam_debug_intel,orion,intel,817.8888888888889,15.318174324849059,791,851,39243.77777777778,251872.96696358742,1685,1691312,45
control_wam_debug_intel,ursa,intel,721.4,313.9288233381079,538,1628,2302.96,27.720882867231555,2277,2419,50
control_wam_debug_intel,wcoss2,intel,891.0,8.634419001262435,872,917,1610.2916666666667,27.469873891796595,1593,1703,48
