test_name,machine,compiler,core_mean,core_std,core_min,core_max,mem_mean,mem_std,mem_min,mem_max,n_hashes
control_c384_intel,acorn,intel,532.7272727272727,19.41153293775799,503,568,1993.4318181818182,4.809862577318086,1985,2006,44
control_c384_intel,derecho,intel,447.15909090909093,13.852953982384228,429,494,1940.3636363636363,4.793847360508705,1929,1955,44
control_c384_intel,gaeac6,intel,579.2558139534884,19.884299888600587,551,670,6338.674418604651,0.4741373235152054,6338,6339,43
control_c384_intel,hera,intel,466.0,11.313708498984761,458,474,2000.5,6.363961030678928,1996,2005,2
control_c384_intel,hercules,intel,463.0,47.71629118492389,402,566,45791.782608695656,296859.9036212134,2006,2015424,46
control_c384_intel,orion,intel,594.1555555555556,20.493852243977503,569,670,46208.86666666667,296702.50827727636,1968,1992320,45
control_c384_intel,ursa,intel,356.94,27.867331470115783,329,469,2070.94,14.466583591723612,2035,2096,50
control_c384_intel,wcoss2,intel,527.8958333333334,25.180404052098734,502,621,1912.2708333333333,28.381698915557106,1898,2011,48
