test_name,machine,compiler,core_mean,core_std,core_min,core_max,mem_mean,mem_std,mem_min,mem_max,n_hashes
control_debug_p8_intel,acorn,intel,190.9111111111111,8.209811818854929,176,208,1895.9777777777779,2.5270256401268174,1891,1902,45
control_debug_p8_intel,derecho,intel,209.66666666666666,11.086437250491741,186,244,1836.7111111111112,4.336013157384319,1829,1843,45
control_debug_p8_intel,gaeac6,intel,118.6590909090909,2.6758452854272687,115,131,6338.795454545455,0.4080324573585695,6338,6339,44
control_debug_p8_intel,hera,intel,159.6,1.5165750888103116,157,161,2036.6,8.76356092008264,2024,2045,5
control_debug_p8_intel,hercules,intel,182.0,32.871951834220376,135,249,42933.89361702128,281074.99885000783,1926,1928888,47
control_debug_p8_intel,orion,intel,207.5,39.45109490101496,161,322,43422.434782608696,281536.8636169577,1893,1911388,46
control_debug_p8_intel,ursa,intel,147.24,70.68514839824297,120,485,2544.4,9.508320738453572,2528,2563,50
control_debug_p8_intel,wcoss2,intel,200.0,6.670832032063166,192,218,1816.5102040816328,33.05306494170864,1797,1897,49
