test_name,machine,compiler,core_mean,core_std,core_min,core_max,mem_mean,mem_std,mem_min,mem_max,n_hashes
control_stochy_intel,acorn,intel,118.5,9.166420010775942,105,140,632.4772727272727,2.953032626188223,627,638,44
control_stochy_intel,derecho,intel,107.22727272727273,2.229439770734322,103,113,579.25,1.8315706818986603,576,583,44
control_stochy_intel,gaeac6,intel,77.46511627906976,4.061133065028962,74,97,6338.767441860465,0.4274625743757132,6338,6339,43
control_stochy_intel,hera,intel,97.0,1.4142135623730951,96,98,785.0,1.4142135623730951,784,786,2
control_stochy_intel,hercules,intel,94.3913043478261,7.640471948394479,84,116,15333.695652173914,99391.92675662448,671,674788,46
control_stochy_intel,orion,intel,112.91111111111111,4.785499984433189,108,127,15130.733333333334,97096.5665022105,635,652000,45
control_stochy_intel,ursa,intel,217.42,200.36701936441435,68,583,1306.38,15.196522158516595,1291,1365,50
control_stochy_intel,wcoss2,intel,117.6875,6.662554139335337,110,142,550.3125,27.249951200424785,537,640,48
