test_name,machine,compiler,core_mean,core_std,core_min,core_max,mem_mean,mem_std,mem_min,mem_max,n_hashes
control_ras_debug_intel,acorn,intel,191.2,3.17224808215512,187,198,823.2,2.440879910368803,819,828,20
control_ras_debug_intel,derecho,intel,176.76190476190476,4.217875791257508,170,186,755.5238095238095,1.3645163106041744,753,758,21
control_ras_debug_intel,gaeac6,intel,120.80952380952381,4.154744849194082,118,138,6338.523809523809,0.5117663157189333,6338,6339,21
control_ras_debug_intel,hera,intel,163.5,2.1213203435596424,162,165,957.0,0.0,957,957,2
control_ras_debug_intel,hercules,intel,149.5,7.513479949556061,135,166,856.5,4.137517083837563,849,864,22
control_ras_debug_intel,orion,intel,166.9047619047619,2.3217399058628785,163,172,831.3809523809524,3.4996598474164693,824,837,21
control_ras_debug_intel,ursa,intel,156.6818181818182,96.4919865232521,117,464,1481.909090909091,8.991578551538387,1454,1499,22
control_ras_debug_intel,wcoss2,intel,196.61904761904762,3.49965984741647,192,207,751.0952380952381,39.021666753106224,728,830,21
