test_name,machine,compiler,core_mean,core_std,core_min,core_max,mem_mean,mem_std,mem_min,mem_max,n_hashes
control_restart_p8_intel,acorn,intel,110.97777777777777,6.713246365781362,99,128,1013.5777777777778,2.2308670235510686,1010,1018,45
control_restart_p8_intel,derecho,intel,149.0,9.40502766899415,136,176,970.6666666666666,0.879049072991545,969,972,45
control_restart_p8_intel,gaeac6,intel,74.45454545454545,7.980949834054823,70,123,6338.75,0.43801879539146105,6338,6339,44
control_restart_p8_intel,hera,intel,99.6,0.8944271909999153,99,101,1271.8,10.521406750050124,1261,1283,5
control_restart_p8_intel,hercules,intel,108.34042553191489,28.424787556656838,86,193,27122.14893617021,177604.65274898076,1188,1218812,47
control_restart_p8_intel,orion,intel,139.43478260869566,37.830999736496544,107,252,25355.217391304348,164281.4136049498,1112,1115344,46
control_restart_p8_intel,ursa,intel,166.3,159.88774761292592,73,560,1870.72,36.0911770551265,1834,1966,50
control_restart_p8_intel,wcoss2,intel,125.12244897959184,8.964356857998846,115,163,932.4081632653061,34.61208746434479,914,1017,49
