test_name,machine,compiler,core_mean,core_std,core_min,core_max,mem_mean,mem_std,mem_min,mem_max,n_hashes
control_stochy_debug_intel,acorn,intel,216.04651162790697,11.09043665328718,202,245,815.3720930232558,2.708217264741743,810,821,43
control_stochy_debug_intel,derecho,intel,190.72727272727272,3.5461320976696085,183,204,747.0,1.5249857033260734,744,750,44
control_stochy_debug_intel,gaeac6,intel,132.30232558139534,2.8663472999366024,129,142,6338.813953488372,0.3937496154792389,6338,6339,43
control_stochy_debug_intel,hercules,intel,164.93478260869566,9.066181785840898,151,194,19350.391304347828,125469.72998376554,845,851828,46
control_stochy_debug_intel,orion,intel,187.86666666666667,6.058802762022448,179,206,19120.555555555555,122732.60465680432,818,824140,45
control_stochy_debug_intel,ursa,intel,176.5,101.29251437982848,129,472,1479.5,6.646312465401703,1468,1497,50
control_stochy_debug_intel,wcoss2,intel,216.27083333333334,5.927719174347672,210,240,727.6875,19.898846593324976,719,822,48
