test_name,machine,compiler,core_mean,core_std,core_min,core_max,mem_mean,mem_std,mem_min,mem_max,n_hashes
control_p8_mynn_intel,acorn,intel,187.65853658536585,7.097921372125649,177,209,1867.6097560975609,1.7157804169019788,1865,1871,41
control_p8_mynn_intel,derecho,intel,215.8409090909091,15.654619916680497,199,303,1814.0681818181818,2.0504988306617964,1810,1819,44
control_p8_mynn_intel,gaeac6,intel,124.55813953488372,13.308254376570016,119,209,6338.790697674419,0.41162509149331156,6338,6339,43
control_p8_mynn_intel,hercules,intel,189.54347826086956,46.21289215106736,148,348,43428.260869565216,281558.894752565,1900,1911540,46
control_p8_mynn_intel,orion,intel,252.13333333333333,37.436370259171994,193,338,43926.37777777778,281963.74391587754,1884,1893364,45
control_p8_mynn_intel,ursa,intel,226.1,216.4442002843566,123,768,2526.06,12.268110311382234,2499,2554,50
control_p8_mynn_intel,wcoss2,intel,201.10416666666666,11.347958075454342,188,235,1770.5208333333333,4.27754942438006,1762,1779,48
