test_name,machine,compiler,core_mean,core_std,core_min,core_max,mem_mean,mem_std,mem_min,mem_max,n_hashes
control_stochy_restart_intel,acorn,intel,72.9090909090909,6.034082199601127,66,94,398.79545454545456,1.6646746375939494,394,402,44
control_stochy_restart_intel,derecho,intel,72.0,2.4871764134511847,69,81,390.70454545454544,3.0997340130040687,383,396,44
control_stochy_restart_intel,gaeac6,intel,46.25581395348837,1.2168073615156842,44,49,6338.813953488372,0.6638923447398797,6338,6342,43
control_stochy_restart_intel,hera,intel,57.333333333333336,1.154700538379251,56,58,624.3333333333334,4.509249752822879,620,629,3
control_stochy_restart_intel,hercules,intel,56.43478260869565,8.658078241768186,51,106,12720.41304347826,82512.25772657488,535,560180,46
control_stochy_restart_intel,orion,intel,69.53333333333333,3.7331439345896618,66,83,11249.377777777778,72193.48098569091,477,484776,45
control_stochy_restart_intel,ursa,intel,95.36,111.71771277169427,40,460,1219.2,20.950865746078446,1186,1289,50
control_stochy_restart_intel,wcoss2,intel,75.29166666666667,6.337857659833649,69,99,307.5,34.21210436536142,292,411,48
