test_name,machine,compiler,core_mean,core_std,core_min,core_max,mem_mean,mem_std,mem_min,mem_max,n_hashes
control_c48_intel,acorn,intel,386.0487804878049,8.958100299483718,367,408,1593.1463414634147,2.4956058944648496,1588,1598,41
control_c48_intel,derecho,intel,334.54545454545456,5.29349994323682,325,345,1555.6136363636363,2.0140888538506823,1551,1560,44
control_c48_intel,gaeac6,intel,266.1860465116279,7.4073831056572,256,301,6337.767441860465,0.4799409339811658,6337,6339,43
control_c48_intel,hercules,intel,348.60869565217394,24.177563760064437,333,494,38909.19565217391,252298.27512508724,1698,1712880,46
control_c48_intel,orion,intel,517.5777777777778,4.993126588753077,509,532,39653.53333333333,254520.61039223592,1697,1709088,45
control_c48_intel,ursa,intel,282.68,92.15989654189204,251,757,1666.8,2.0000000000000244,1663,1671,50
control_c48_intel,wcoss2,intel,382.25,5.261259456045635,372,397,1599.0416666666667,2.813026940392828,1594,1606,48
