test_name,machine,compiler,core_mean,core_std,core_min,core_max,mem_mean,mem_std,mem_min,mem_max,n_hashes
control_noqr_p8_intel,acorn,intel,181.1951219512195,10.047933897561043,165,215,1852.8536585365853,1.256204115774318,1850,1855,41
control_noqr_p8_intel,derecho,intel,212.61363636363637,16.326915869758807,194,272,1803.2727272727273,3.23759626857781,1798,1812,44
control_noqr_p8_intel,gaeac6,intel,117.02325581395348,4.306630392518378,113,142,6338.837209302325,0.43261291166574956,6338,6340,43
control_noqr_p8_intel,hercules,intel,182.84782608695653,40.99212249054924,138,311,43213.413043478264,280181.15449437953,1892,1902184,46
control_noqr_p8_intel,orion,intel,236.82222222222222,34.4312812906103,179,324,43632.22222222222,280084.5557815686,1869,1880744,45
control_noqr_p8_intel,ursa,intel,242.86,224.47689849778234,117,823,2510.16,11.058951494751424,2492,2536,50
control_noqr_p8_intel,wcoss2,intel,194.52083333333334,13.3687307173459,179,254,1756.8541666666667,3.814806446852877,1748,1763,48
