test_name,machine,compiler,core_mean,core_std,core_min,core_max,mem_mean,mem_std,mem_min,mem_max,n_hashes
control_p8_ugwpv1_tempo_aerosol_hail_intel,acorn,intel,146.9318181818182,8.219086485969576,136,170,2430.2272727272725,1.3616617133357565,2426,2433,44
control_p8_ugwpv1_tempo_aerosol_hail_intel,derecho,intel,186.9318181818182,18.6614859291122,155,242,2392.181818181818,5.8320395222795804,2366,2398,44
control_p8_ugwpv1_tempo_aerosol_hail_intel,gaeac6,intel,95.23255813953489,5.445999883279668,89,124,6338.953488372093,0.575428965128799,6338,6342,43
control_p8_ugwpv1_tempo_aerosol_hail_intel,hera,intel,122.0,1.0,121,123,2380.0,5.0,2375,2385,3
control_p8_ugwpv1_tempo_aerosol_hail_intel,hercules,intel,140.80434782608697,39.32577303907417,98,295,55020.67391304348,356663.0391743292,2418,2421440,46
control_p8_ugwpv1_tempo_aerosol_hail_intel,orion,intel,179.9777777777778,34.17168477561563,125,246,55614.48888888889,356928.51579690696,2386,2396756,45
control_p8_ugwpv1_tempo_aerosol_hail_intel,ursa,intel,119.35483870967742,9.297126391513935,104,140,2416.548387096774,21.357026493525858,2384,2462,31
control_p8_ugwpv1_tempo_aerosol_hail_intel,wcoss2,intel,151.95833333333334,8.24868353992587,142,176,2358.8333333333335,25.297660587604994,2333,2435,48
