test_name,machine,compiler,core_mean,core_std,core_min,core_max,mem_mean,mem_std,mem_min,mem_max,n_hashes
control_ras_debug_gnu,derecho,gnu,103.17647058823529,3.0256258467804447,99,109,602.3529411764706,3.3715941420674294,593,606,17
control_ras_debug_gnu,hercules,gnu,77.44444444444444,8.13288330481098,68,95,579.6111111111111,2.3549419597915557,576,585,18
control_ras_debug_gnu,ursa,gnu,66.77777777777777,1.6647047275914635,65,71,499.8333333333333,0.38348249442368626,499,500,18
