test_name,machine,compiler,core_mean,core_std,core_min,core_max,mem_mean,mem_std,mem_min,mem_max,n_hashes
control_c384gdas_intel,acorn,intel,598.8863636363636,24.18361535390487,568,638,1134.5454545454545,5.315420941805389,1128,1148,44
control_c384gdas_intel,derecho,intel,512.5227272727273,14.836298410605682,494,577,1120.2727272727273,4.499941272813834,1115,1132,44
control_c384gdas_intel,gaeac6,intel,645.9767441860465,32.873848610721225,625,823,6338.627906976744,0.6908674951844482,6338,6340,43
control_c384gdas_intel,hera,intel,498.0,1.4142135623730951,497,499,1360.5,19.091883092036785,1347,1374,2
control_c384gdas_intel,hercules,intel,510.1521739130435,44.03380892567003,457,626,33733.108695652176,218707.3675973068,1457,1484832,46
control_c384gdas_intel,orion,intel,668.3777777777777,50.463438109769974,630,889,30196.533333333333,193826.15340669683,1290,1301528,45
control_c384gdas_intel,ursa,intel,405.34,36.38715292461315,369,573,1888.04,23.17278488191857,1794,1937,50
control_c384gdas_intel,wcoss2,intel,587.25,19.993083910575645,555,656,1047.2708333333333,27.697253557165716,1029,1142,48
