test_name,machine,compiler,core_mean,core_std,core_min,core_max,mem_mean,mem_std,mem_min,mem_max,n_hashes
control_stochy_restart_intel,acorn,intel,73.23255813953489,6.054660579147449,66,94,398.7906976744186,1.6840730039441594,394,402,43
control_stochy_restart_intel,derecho,intel,72.3409090909091,2.9879072696468447,69,83,391.20454545454544,2.7667422321714708,385,396,44
control_stochy_restart_intel,gaeac6,intel,46.18604651162791,1.2584157453963098,44,49,6338.813953488372,0.6638923447398052,6338,6342,43
control_stochy_restart_intel,hercules,intel,56.58695652173913,8.724362025593802,51,106,12721.804347826086,82512.0480653501,535,560180,46
control_stochy_restart_intel,orion,intel,69.57777777777778,3.701896865667708,66,83,11250.288888888888,72193.34214285659,477,484776,45
control_stochy_restart_intel,ursa,intel,90.32,107.54029904350901,40,460,1218.08,21.266856459605577,1186,1289,50
control_stochy_restart_intel,wcoss2,intel,75.41666666666667,6.297021698351019,69,99,300.4791666666667,22.757733858067002,292,411,48
