test_name,machine,compiler,core_mean,core_std,core_min,core_max,mem_mean,mem_std,mem_min,mem_max,n_hashes
control_restart_p8_intel,acorn,intel,112.18181818181819,7.355658246903752,99,128,1013.9545454545455,2.1125818597548105,1010,1018,44
control_restart_p8_intel,derecho,intel,150.72727272727272,12.314415142262467,136,202,970.7045454545455,0.9296047035501618,968,972,44
control_restart_p8_intel,gaeac6,intel,74.51162790697674,8.060403195112146,70,123,6338.7441860465115,0.4414814484487941,6338,6339,43
control_restart_p8_intel,hera,intel,99.0,,99,99,1261.0,,1261,1261,1
control_restart_p8_intel,hercules,intel,108.78260869565217,28.560978074972045,86,193,27686.478260869564,179524.58572472143,1188,1218812,46
control_restart_p8_intel,orion,intel,136.42222222222222,34.07577711305474,107,212,25895.133333333335,166096.4814769635,1112,1115344,45
control_restart_p8_intel,ursa,intel,167.2,159.4190985408958,74,560,1870.44,36.346495774724175,1828,1966,50
control_restart_p8_intel,wcoss2,intel,124.58333333333333,8.253518484615304,115,163,924.4166666666666,24.01226046173635,914,1016,48
