test_name,machine,compiler,core_mean,core_std,core_min,core_max,mem_mean,mem_std,mem_min,mem_max,n_hashes
control_p8_rrtmgp_intel,acorn,intel,253.97727272727272,8.219343708207923,242,281,1906.8636363636363,1.2684161354225825,1904,1909,44
control_p8_rrtmgp_intel,derecho,intel,270.65909090909093,11.193734089894422,250,314,1856.7727272727273,3.3470822862407545,1852,1862,44
control_p8_rrtmgp_intel,gaeac6,intel,169.32558139534885,16.396458575576553,161,261,6338.813953488372,0.393749615479147,6338,6339,43
control_p8_rrtmgp_intel,hera,intel,235.5,2.3804761428476167,233,238,2068.25,4.112987559751022,2063,2073,4
control_p8_rrtmgp_intel,hercules,intel,247.95652173913044,40.46285348411917,204,378,44765.065217391304,290251.61045061133,1961,1970552,46
control_p8_rrtmgp_intel,orion,intel,330.15555555555557,46.60177306203331,273,514,44771.97777777778,287337.38120231417,1915,1929456,45
control_p8_rrtmgp_intel,ursa,intel,217.32,139.36114294617892,165,789,2574.84,8.844137917864284,2558,2595,50
control_p8_rrtmgp_intel,wcoss2,intel,266.6666666666667,10.898630273753286,255,301,1827.5208333333333,32.3977866221472,1808,1914,48
