test_name,machine,compiler,core_mean,core_std,core_min,core_max,mem_mean,mem_std,mem_min,mem_max,n_hashes
control_c192_intel,acorn,intel,434.3863636363636,10.967639310751393,417,461,1702.9545454545455,1.7111745653891466,1700,1708,44
control_c192_intel,derecho,intel,389.34090909090907,7.826440522188692,376,405,1652.75,5.965501596875697,1639,1658,44
control_c192_intel,gaeac6,intel,286.27906976744185,16.18983452575124,276,373,6338.581395348837,0.49916874422982066,6338,6339,43
control_c192_intel,hera,intel,412.0,1.0,411,413,1920.3333333333333,2.081665999466142,1918,1922,3
control_c192_intel,hercules,intel,407.39130434782606,73.43340997450065,358,819,41574.30434782609,269629.523325937,1806,1830536,46
control_c192_intel,orion,intel,475.31111111111113,7.879265719775436,464,499,41241.311111111114,264693.33063255594,1769,1777400,45
control_c192_intel,ursa,intel,295.44,15.037585563907424,278,343,1826.16,32.677371562671624,1796,1973,50
control_c192_intel,wcoss2,intel,442.25,12.427663034965109,427,496,1621.7083333333333,27.797105569000905,1603,1707,48
