test_name,machine,compiler,core_mean,core_std,core_min,core_max,mem_mean,mem_std,mem_min,mem_max,n_hashes
control_wrtGauss_netcdf_parallel_intel,acorn,intel,162.46511627906978,7.896198112320513,151,178,1575.0232558139535,2.283359806169372,1570,1579,43
control_wrtGauss_netcdf_parallel_intel,derecho,intel,147.95454545454547,5.391442597019433,141,177,1516.7954545454545,2.162895835040302,1513,1524,44
control_wrtGauss_netcdf_parallel_intel,gaeac6,intel,121.23255813953489,74.49027971401058,100,514,6338.674418604651,0.4741373235155729,6338,6339,43
control_wrtGauss_netcdf_parallel_intel,hercules,intel,138.84782608695653,15.870262045451694,121,180,36539.45652173913,236861.35129533825,1607,1608088,46
control_wrtGauss_netcdf_parallel_intel,orion,intel,165.33333333333334,6.388910847568769,159,187,36991.86666666667,237453.3641665817,1583,1594480,45
control_wrtGauss_netcdf_parallel_intel,ursa,intel,211.72,191.7663374090075,98,674,2224.2,9.339405216389151,2208,2250,50
control_wrtGauss_netcdf_parallel_intel,wcoss2,intel,165.22916666666666,9.394972814457596,156,210,1486.0,20.44608894609156,1465,1581,48
