test_name,machine,compiler,core_mean,core_std,core_min,core_max,mem_mean,mem_std,mem_min,mem_max,n_hashes
control_ras_debug_intel,acorn,intel,191.23809523809524,3.0968493974483464,187,198,823.5714285714286,2.925259451252609,819,831,21
control_ras_debug_intel,derecho,intel,176.54545454545453,4.239578513723496,170,186,755.5,1.3363062095621454,753,758,22
control_ras_debug_intel,gaeac6,intel,120.86363636363636,4.062552030968835,118,138,6338.5,0.5117663157189359,6338,6339,22
control_ras_debug_intel,hera,intel,163.66666666666666,1.5275252316519474,162,165,957.6666666666666,1.154700538379268,957,959,3
control_ras_debug_intel,hercules,intel,149.17391304347825,7.505465729072159,135,166,856.2608695652174,4.201919380737034,849,864,23
control_ras_debug_intel,orion,intel,167.0909090909091,2.42818942755788,163,172,831.2727272727273,3.45283621419811,824,837,22
control_ras_debug_intel,ursa,intel,155.0,94.61789183101394,117,464,1481.608695652174,8.902191407609012,1454,1499,23
control_ras_debug_intel,wcoss2,intel,197.0,3.854496446637729,192,207,754.7272727272727,41.7180808331144,728,831,22
