test_name,machine,compiler,core_mean,core_std,core_min,core_max,mem_mean,mem_std,mem_min,mem_max,n_hashes
control_2threads_p8_intel,acorn,intel,166.1590909090909,6.548364545755043,155,184,1928.6818181818182,4.021874648357855,1924,1941,44
control_2threads_p8_intel,derecho,intel,312.40909090909093,9.58273200307228,296,332,1888.4318181818182,4.761266820250187,1881,1898,44
control_2threads_p8_intel,gaeac6,intel,131.5581395348837,4.505564419911365,126,150,6338.53488372093,0.6305265074788001,6337,6339,43
control_2threads_p8_intel,hera,intel,239.66666666666666,1.5275252316519474,238,241,2023.3333333333333,4.163331998932297,2020,2028,3
control_2threads_p8_intel,hercules,intel,241.95652173913044,37.0638827022505,208,315,45197.54347826087,293073.5905301076,1975,1989708,46
control_2threads_p8_intel,orion,intel,260.64444444444445,39.02455844229583,205,387,45407.044444444444,291431.3573765898,1952,1956944,45
control_2threads_p8_intel,ursa,intel,103.82,2.2469026299711694,100,110,2011.16,2.4020399493696822,2005,2016,50
control_2threads_p8_intel,wcoss2,intel,178.02083333333334,10.838249021127524,166,222,1844.1875,28.90678801972002,1824,1929,48
