test_name,machine,compiler,core_mean,core_std,core_min,core_max,mem_mean,mem_std,mem_min,mem_max,n_hashes
conus13km_debug_qr_intel,acorn,intel,1457.341463414634,19.273829090372146,1429,1505,806.0243902439024,8.085443107455664,788,813,41
conus13km_debug_qr_intel,derecho,intel,1268.7727272727273,14.552013584578237,1250,1322,741.2954545454545,2.0297731051403263,735,746,44
conus13km_debug_qr_intel,gaeac6,intel,851.0697674418604,5.779254148768449,841,862,6338.3488372093025,0.6860418191555779,6337,6339,43
conus13km_debug_qr_intel,hercules,intel,1198.7173913043478,67.43479584621913,1108,1527,26832.82608695652,174185.78437280434,1129,1182536,46
conus13km_debug_qr_intel,orion,intel,1370.888888888889,24.45052725051714,1324,1444,24273.533333333333,155801.46203124258,1020,1046196,45
conus13km_debug_qr_intel,ursa,intel,900.66,10.383680288150774,877,925,1426.32,5.970813365438421,1417,1442,50
conus13km_debug_qr_intel,wcoss2,intel,1452.9791666666667,11.825845448312597,1436,1485,839.5208333333334,9.05066021650408,823,848,48
