test_name,machine,compiler,core_mean,core_std,core_min,core_max,mem_mean,mem_std,mem_min,mem_max,n_hashes
conus13km_radar_tten_debug_intel,acorn,intel,1457.0487804878048,19.497373181421334,1427,1501,1161.9024390243903,8.963271941787728,1144,1171,41
conus13km_radar_tten_debug_intel,derecho,intel,1265.409090909091,12.512910879935884,1239,1317,1103.659090909091,4.242329229782477,1095,1110,44
conus13km_radar_tten_debug_intel,gaeac6,intel,852.5813953488372,11.652166277522182,833,896,6338.441860465116,0.5024855165596406,6338,6339,43
conus13km_radar_tten_debug_intel,hercules,intel,1186.0,49.5024129602678,1117,1326,36624.065217391304,237497.89438658676,1568,1612396,46
conus13km_radar_tten_debug_intel,orion,intel,1373.7777777777778,50.99995048522057,1330,1679,32524.51111111111,208697.02528825044,1391,1401396,45
conus13km_radar_tten_debug_intel,ursa,intel,900.36,10.383975095092927,875,926,1870.38,8.497034296549236,1852,1887,50
conus13km_radar_tten_debug_intel,wcoss2,intel,1451.6875,11.381500948020278,1436,1488,1169.6458333333333,9.251772879748009,1151,1178,48
