test_name,machine,compiler,core_mean,core_std,core_min,core_max,mem_mean,mem_std,mem_min,mem_max,n_hashes
conus13km_debug_2threads_gnu,derecho,gnu,613.0681818181819,14.356584628620107,590,661,1078.9545454545455,131.0098442147915,1055,1928,44
conus13km_debug_2threads_gnu,hera,gnu,676.5,7.852812659593158,670,687,1016.75,0.9574271077563381,1016,1018,4
conus13km_debug_2threads_gnu,hercules,gnu,560.1521739130435,20.903978772052405,546,690,23457.630434782608,152074.6644277604,1030,1032456,46
conus13km_debug_2threads_gnu,ursa,gnu,247.28,3.6924633666816074,240,256,920.46,6.101889971516195,893,926,50
