test_name,machine,compiler,core_mean,core_std,core_min,core_max,mem_mean,mem_std,mem_min,mem_max,n_hashes
conus13km_restart_intel,acorn,intel,112.5,5.756694788133282,101,123,685.5681818181819,2.128409464810367,682,690,44
conus13km_restart_intel,derecho,intel,102.72727272727273,3.0679410288413664,97,110,877.4545454545455,1.337379343908735,875,880,44
conus13km_restart_intel,gaeac6,intel,69.69767441860465,1.8839533373168125,67,78,6338.511627906977,0.5508475298187416,6337,6339,43
conus13km_restart_intel,hera,intel,101.0,0.8164965809277246,100,102,1312.5,11.818065267490557,1297,1325,4
conus13km_restart_intel,hercules,intel,95.56521739130434,11.546335972772283,87,146,28738.869565217392,186368.34973098108,1240,1265272,46
conus13km_restart_intel,orion,intel,129.86666666666667,3.2863353450309916,126,138,27674.0,177701.2370930745,1168,1193240,45
conus13km_restart_intel,ursa,intel,69.38,3.2064348566275154,66,79,1544.06,7.046232167272225,1531,1563,50
conus13km_restart_intel,wcoss2,intel,114.83333333333333,4.5304329478577925,108,130,696.2708333333334,5.160156617008394,683,702,48
