test_name,machine,compiler,core_mean,core_std,core_min,core_max,mem_mean,mem_std,mem_min,mem_max,n_hashes
conus13km_radar_tten_debug_gnu,derecho,gnu,609.2727272727273,10.831400597366644,589,638,1016.4090909090909,2.2754317946290317,1013,1021,44
conus13km_radar_tten_debug_gnu,hercules,gnu,546.3478260869565,27.23903848140209,512,697,25445.369565217392,165045.53385230913,1080,1120504,46
conus13km_radar_tten_debug_gnu,ursa,gnu,430.12,8.601471160356759,416,469,987.24,4.855293765676834,975,992,50
