test_name,machine,compiler,core_mean,core_std,core_min,core_max,mem_mean,mem_std,mem_min,mem_max,n_hashes
conus13km_debug_2threads_intel,acorn,intel,815.6444444444444,12.528432310613166,798,843,1203.9777777777779,7.509051776746415,1194,1219,45
conus13km_debug_2threads_intel,derecho,intel,1353.911111111111,12.60919978396407,1329,1378,1153.4444444444443,6.590473688161093,1140,1166,45
conus13km_debug_2threads_intel,gaeac6,intel,776.0,6.0386352993925545,764,794,6338.5,0.6287677132370354,6337,6339,44
conus13km_debug_2threads_intel,hera,intel,1484.2,25.013996082193678,1462,1524,1297.4,8.502940667792538,1289,1311,5
conus13km_debug_2threads_intel,hercules,intel,1282.8936170212767,58.88206120954764,1253,1668,30433.382978723403,199209.02234430015,1335,1367084,47
conus13km_debug_2threads_intel,orion,intel,1311.2826086956522,25.00370020926088,1296,1466,28333.108695652172,183605.6446894604,1224,1246536,46
conus13km_debug_2threads_intel,ursa,intel,503.86,6.477622390718255,495,535,1816.82,13.698934861022298,1792,1839,50
conus13km_debug_2threads_intel,wcoss2,intel,806.7142857142857,8.595056718835536,796,833,1123.4897959183672,34.31357994595554,1101,1220,49
