test_name,machine,compiler,core_mean,core_std,core_min,core_max,mem_mean,mem_std,mem_min,mem_max,n_hashes
conus13km_debug_2threads_intel,acorn,intel,816.0227272727273,12.705041365927716,798,843,1204.0454545454545,7.420758268327803,1194,1219,44
conus13km_debug_2threads_intel,derecho,intel,1356.9545454545455,13.701051640938125,1334,1404,1152.3863636363637,7.263210607562776,1138,1166,44
conus13km_debug_2threads_intel,gaeac6,intel,776.3720930232558,5.777720986744206,764,794,6338.511627906977,0.6314040674129194,6337,6339,43
conus13km_debug_2threads_intel,hera,intel,1471.0,,1471,1471,1289.0,,1289,1289,1
conus13km_debug_2threads_intel,hercules,intel,1284.391304347826,59.19026881764702,1253,1668,31067.608695652172,201362.3136104534,1335,1367084,46
conus13km_debug_2threads_intel,orion,intel,1312.4666666666667,25.137440384631663,1296,1466,28933.422222222223,185634.69131168842,1224,1246536,45
conus13km_debug_2threads_intel,ursa,intel,503.58,4.6427032941543285,495,513,1815.78,13.723642641330251,1792,1839,50
conus13km_debug_2threads_intel,wcoss2,intel,806.25,8.484027546174957,796,833,1115.7083333333333,24.310017489804647,1101,1220,48
