test_name,machine,compiler,core_mean,core_std,core_min,core_max,mem_mean,mem_std,mem_min,mem_max,n_hashes
conus13km_radar_tten_debug_intel,acorn,intel,1454.909090909091,19.55530996920137,1427,1501,1161.340909090909,9.459689708806128,1144,1171,44
conus13km_radar_tten_debug_intel,derecho,intel,1262.2045454545455,10.976888078212701,1237,1287,1104.5,3.9912695421555786,1098,1110,44
conus13km_radar_tten_debug_intel,gaeac6,intel,851.8604651162791,11.831317189779956,833,896,6338.511627906977,0.5057805388588226,6338,6339,43
conus13km_radar_tten_debug_intel,hera,intel,1377.0,5.656854249492381,1373,1381,1529.5,3.5355339059327378,1527,1532,2
conus13km_radar_tten_debug_intel,hercules,intel,1189.6739130434783,48.20883014913166,1117,1326,36623.45652173913,237497.98615237017,1568,1612396,46
conus13km_radar_tten_debug_intel,orion,intel,1372.8444444444444,50.10759131180331,1330,1679,32524.666666666668,208697.00157024077,1391,1401396,45
conus13km_radar_tten_debug_intel,ursa,intel,899.0,9.965245729482927,875,925,1871.22,8.818556501803931,1852,1887,50
conus13km_radar_tten_debug_intel,wcoss2,intel,1449.8541666666667,9.92951667597375,1436,1471,1167.5833333333333,10.428751854763217,1145,1178,48
