test_name,machine,compiler,core_mean,core_std,core_min,core_max,mem_mean,mem_std,mem_min,mem_max,n_hashes
conus13km_debug_intel,acorn,intel,1454.9777777777779,19.604601603715444,1426,1503,1094.6,7.802680192204323,1074,1102,45
conus13km_debug_intel,derecho,intel,1264.0444444444445,18.472283359813726,1239,1325,1033.9555555555555,4.369083300749685,1025,1040,45
conus13km_debug_intel,gaeac6,intel,850.0227272727273,7.359501488310752,832,867,6338.477272727273,0.5493605739120352,6337,6339,44
conus13km_debug_intel,hera,intel,1355.2,19.382982226685332,1338,1388,1459.6,2.3021728866442825,1458,1463,5
conus13km_debug_intel,hercules,intel,1195.7021276595744,49.41963827820444,1107,1331,34297.53191489362,224571.3439597906,1514,1541124,47
conus13km_debug_intel,orion,intel,1371.1739130434783,31.613150813353336,1320,1470,30323.847826086956,196556.76921291914,1312,1334456,46
conus13km_debug_intel,ursa,intel,899.96,7.956411866910731,885,922,3593802.16,25399304.274327025,1780,179602001,50
conus13km_debug_intel,wcoss2,intel,1447.0204081632653,10.834916158571195,1434,1481,1100.3877551020407,9.731427452954133,1078,1109,49
