test_name,machine,compiler,core_mean,core_std,core_min,core_max,mem_mean,mem_std,mem_min,mem_max,n_hashes
conus13km_debug_decomp_gnu,derecho,gnu,614.1136363636364,19.247731257537044,585,675,953.0681818181819,2.150151182058683,949,957,44
conus13km_debug_decomp_gnu,hera,gnu,674.25,12.711543310445572,662,692,1032.0,1.825741858350564,1030,1034,4
conus13km_debug_decomp_gnu,hercules,gnu,555.8478260869565,35.077670891452904,523,760,23899.869565217392,154981.98767033953,1018,1052188,46
conus13km_debug_decomp_gnu,ursa,gnu,442.8,6.1178894586754,434,462,921.2,5.869325309764062,910,926,50
