test_name,machine,compiler,core_mean,core_std,core_min,core_max,mem_mean,mem_std,mem_min,mem_max,n_hashes
conus13km_radar_tten_debug_gnu,derecho,gnu,608.7954545454545,11.209587975446764,589,638,1016.4090909090909,2.2754317946289215,1013,1021,44
conus13km_radar_tten_debug_gnu,hera,gnu,664.0,,664,664,1099.0,,1099,1099,1
conus13km_radar_tten_debug_gnu,hercules,gnu,546.0,27.501111088665326,512,697,25446.108695652172,165045.4224054334,1080,1120504,46
conus13km_radar_tten_debug_gnu,ursa,gnu,430.0,8.673205278091757,416,469,987.24,4.855293765676834,975,992,50
