test_name,machine,compiler,core_mean,core_std,core_min,core_max,mem_mean,mem_std,mem_min,mem_max,n_hashes
conus13km_debug_gnu,derecho,gnu,607.8636363636364,13.880873421167026,582,645,947.5,2.406386850533084,943,953,44
conus13km_debug_gnu,hera,gnu,683.0,,683,683,1029.0,,1029,1029,1
conus13km_debug_gnu,hercules,gnu,541.1739130434783,20.592667894532116,509,631,23885.347826086956,154936.5495580142,1012,1051872,46
conus13km_debug_gnu,ursa,gnu,429.56,8.478448067462189,418,467,916.74,7.73755749047253,891,924,50
