test_name,machine,compiler,core_mean,core_std,core_min,core_max,mem_mean,mem_std,mem_min,mem_max,n_hashes
conus13km_debug_qr_gnu,derecho,gnu,610.1136363636364,14.931184642935646,590,671,657.5681818181819,2.671100524631134,652,663,44
conus13km_debug_qr_gnu,hercules,gnu,543.0652173913044,15.119380019495285,514,596,17585.152173913044,114073.19202043871,738,774448,46
conus13km_debug_qr_gnu,ursa,gnu,427.5,5.1199888392735495,417,443,648.38,1.8504274189097702,638,651,50
