test_name,machine,compiler,core_mean,core_std,core_min,core_max,mem_mean,mem_std,mem_min,mem_max,n_hashes
conus13km_2threads_intel,acorn,intel,84.85365853658537,7.995501784158875,70,112,1143.2682926829268,6.0416239135016525,1136,1157,41
conus13km_2threads_intel,derecho,intel,117.81818181818181,10.383960635412732,111,180,1110.659090909091,5.7584848694377575,1100,1127,44
conus13km_2threads_intel,gaeac6,intel,57.86046511627907,1.3554369414788654,56,62,6338.441860465116,0.6287677132372046,6337,6339,43
conus13km_2threads_intel,hercules,intel,82.32608695652173,2.7813214111768,78,94,30169.32608695652,195518.39962145698,1303,1327412,46
conus13km_2threads_intel,orion,intel,92.91111111111111,8.874944871076464,88,147,27907.355555555554,179061.57610875796,1202,1202396,45
conus13km_2threads_intel,ursa,intel,50.58,1.6047124480156327,48,57,1780.88,8.024554155076443,1768,1794,50
conus13km_2threads_intel,wcoss2,intel,82.5625,7.723702810594346,75,111,1049.9166666666667,5.62227081151507,1042,1063,48
