test_name,machine,compiler,core_mean,core_std,core_min,core_max,mem_mean,mem_std,mem_min,mem_max,n_hashes
conus13km_radar_tten_debug_gnu,derecho,gnu,609.0454545454545,10.899017547903778,589,638,1016.3636363636364,2.26285381754482,1013,1021,44
conus13km_radar_tten_debug_gnu,hercules,gnu,547.0,26.753192955857326,523,697,25444.5,165045.66494030945,1080,1120504,46
conus13km_radar_tten_debug_gnu,ursa,gnu,430.28,8.59767410408187,416,469,987.04,4.9029770215114645,975,992,50
