test_name,machine,compiler,core_mean,core_std,core_min,core_max,mem_mean,mem_std,mem_min,mem_max,n_hashes
conus13km_debug_qr_gnu,derecho,gnu,610.5681818181819,14.70073202934911,590,671,657.5681818181819,2.671100524631226,652,663,44
conus13km_debug_qr_gnu,hercules,gnu,543.9347826086956,15.207311361334687,514,596,17584.434782608696,114073.30019025336,738,774448,46
conus13km_debug_qr_gnu,ursa,gnu,427.52,5.1438094356424235,417,443,648.4,1.8516401995450857,638,651,50
