test_name,machine,compiler,core_mean,core_std,core_min,core_max,mem_mean,mem_std,mem_min,mem_max,n_hashes
conus13km_control_intel,acorn,intel,180.53488372093022,7.078972340030662,169,200,1017.6976744186046,1.7256452722847093,1015,1021,43
conus13km_control_intel,derecho,intel,167.11363636363637,9.736567154686332,157,224,988.1590909090909,2.0339351458662454,983,992,44
conus13km_control_intel,gaeac6,intel,114.11627906976744,1.4008382239893336,112,117,6338.53488372093,0.6305265074787447,6338,6341,43
conus13km_control_intel,hercules,intel,159.30434782608697,12.416601011401175,147,197,34099.5,221139.60254109467,1473,1501336,46
conus13km_control_intel,orion,intel,225.57777777777778,3.9224811772471972,220,239,30144.6,193471.82805155148,1281,1299152,45
conus13km_control_intel,ursa,intel,117.84,6.6864468463131805,111,145,1765.78,8.855506761332155,1746,1784,50
conus13km_control_intel,wcoss2,intel,185.1875,7.524870112684063,178,212,1026.2083333333333,2.805453149829272,1016,1030,48
