test_name,machine,compiler,core_mean,core_std,core_min,core_max,mem_mean,mem_std,mem_min,mem_max,n_hashes
conus13km_debug_gnu,derecho,gnu,607.6136363636364,13.587298975369947,582,645,947.5681818181819,2.3762167240513956,943,953,44
conus13km_debug_gnu,hercules,gnu,541.9565217391304,20.178048051989734,509,631,23884.608695652172,154936.66100650124,1012,1051872,46
conus13km_debug_gnu,ursa,gnu,429.84,8.352831610799251,418,467,916.5,7.757156011564751,891,924,50
