test_name,machine,compiler,core_mean,core_std,core_min,core_max,mem_mean,mem_std,mem_min,mem_max,n_hashes
conus13km_2threads_intel,acorn,intel,84.69047619047619,7.9678870573042015,70,112,1143.2142857142858,5.977746187096926,1136,1157,42
conus13km_2threads_intel,derecho,intel,117.75,10.406002292952385,111,180,1110.8181818181818,5.72336186484301,1100,1127,44
conus13km_2threads_intel,gaeac6,intel,57.86046511627907,1.3554369414788638,56,62,6338.441860465116,0.6287677132368472,6337,6339,43
conus13km_2threads_intel,hercules,intel,82.30434782608695,2.7957870306539765,78,94,30167.695652173912,195518.64524192736,1303,1327412,46
conus13km_2threads_intel,orion,intel,92.77777777777777,8.90323967821134,88,147,27907.4,179061.56933394828,1202,1202396,45
conus13km_2threads_intel,ursa,intel,50.48,1.6689236418868847,47,57,1781.32,7.906184610925824,1768,1794,50
conus13km_2threads_intel,wcoss2,intel,82.6875,7.729898433177114,75,111,1051.6041666666667,13.246821510907584,1042,1133,48
