test_name,machine,compiler,core_mean,core_std,core_min,core_max,mem_mean,mem_std,mem_min,mem_max,n_hashes
conus13km_decomp_gnu,derecho,gnu,235.3181818181818,7.772260535174981,228,273,935.0227272727273,0.6984579814112322,933,937,44
conus13km_decomp_gnu,hera,gnu,297.0,2.0,295,299,1030.0,1.0,1029,1031,3
conus13km_decomp_gnu,hercules,gnu,272.6521739130435,22.962014421217415,234,314,23587.91304347826,152999.73219770697,1000,1038724,46
conus13km_decomp_gnu,ursa,gnu,183.86,5.728589241155066,176,209,906.14,1.6163703354196002,899,908,50
