test_name,machine,compiler,core_mean,core_std,core_min,core_max,mem_mean,mem_std,mem_min,mem_max,n_hashes
conus13km_debug_decomp_intel,acorn,intel,1487.3902439024391,20.93546995983208,1458,1557,1101.121951219512,8.894366537171802,1082,1111,41
conus13km_debug_decomp_intel,derecho,intel,1293.5,22.543498005535398,1267,1410,1046.2272727272727,2.709703805693088,1040,1050,44
conus13km_debug_decomp_intel,gaeac6,intel,871.8837209302326,9.49488409198687,849,893,6338.418604651163,0.6261202584752199,6337,6339,43
conus13km_debug_decomp_intel,hercules,intel,1230.2826086956522,77.98736736548447,1153,1554,35869.63043478261,232570.37125054418,1539,1578948,46
conus13km_debug_decomp_intel,orion,intel,1408.1555555555556,25.62842487583188,1367,1504,32238.777777777777,207009.8715631355,1354,1390044,45
conus13km_debug_decomp_intel,ursa,intel,929.66,11.96186116158269,903,951,1842.36,7.641882447861912,1818,1858,50
conus13km_debug_decomp_intel,wcoss2,intel,1482.6666666666667,11.65703756632435,1465,1522,1107.5,9.005908226199258,1092,1118,48
