test_name,machine,compiler,core_mean,core_std,core_min,core_max,mem_mean,mem_std,mem_min,mem_max,n_hashes
conus13km_radar_tten_debug_intel,acorn,intel,1454.0454545454545,19.476825281456883,1427,1501,1161.659090909091,9.373250365276014,1144,1171,44
conus13km_radar_tten_debug_intel,derecho,intel,1260.9545454545455,11.330047610595033,1237,1287,1104.8636363636363,3.8251974205986525,1099,1110,44
conus13km_radar_tten_debug_intel,gaeac6,intel,851.9302325581396,11.744087365132579,833,896,6338.53488372093,0.5046845884077628,6338,6339,43
conus13km_radar_tten_debug_intel,hera,intel,1361.75,18.463928798245153,1341,1381,1530.25,2.362907813126292,1527,1532,4
conus13km_radar_tten_debug_intel,hercules,intel,1188.3478260869565,48.43745905405784,1117,1326,36623.565217391304,237497.96977103263,1568,1612396,46
conus13km_radar_tten_debug_intel,orion,intel,1373.0222222222221,50.985064162720896,1330,1679,32525.022222222222,208696.9473766696,1391,1401396,45
conus13km_radar_tten_debug_intel,ursa,intel,899.06,10.298424686349293,875,925,1870.92,8.982613591754676,1852,1887,50
conus13km_radar_tten_debug_intel,wcoss2,intel,1449.6666666666667,9.831199431885334,1436,1471,1167.25,10.658130449607505,1145,1178,48
