test_name,machine,compiler,core_mean,core_std,core_min,core_max,mem_mean,mem_std,mem_min,mem_max,n_hashes
conus13km_debug_decomp_intel,acorn,intel,1486.5227272727273,20.529602717487027,1458,1557,1100.1136363636363,9.445599219153843,1081,1111,44
conus13km_debug_decomp_intel,derecho,intel,1293.1818181818182,22.910617755086044,1267,1410,1046.0,2.8854083585082195,1040,1050,44
conus13km_debug_decomp_intel,gaeac6,intel,871.6046511627907,9.204397331306232,849,892,6338.488372093023,0.735886023241731,6337,6341,43
conus13km_debug_decomp_intel,hera,intel,1377.0,,1377,1377,1501.0,,1501,1501,1
conus13km_debug_decomp_intel,hercules,intel,1232.5869565217392,77.17673111817417,1153,1554,35870.239130434784,232570.27952286066,1539,1578948,46
conus13km_debug_decomp_intel,orion,intel,1405.8666666666666,23.53295561547678,1367,1504,32240.155555555557,207009.66174014856,1354,1390044,45
conus13km_debug_decomp_intel,ursa,intel,929.32,11.893129555009677,903,951,1843.06,7.64361811965932,1818,1858,50
conus13km_debug_decomp_intel,wcoss2,intel,1481.1458333333333,10.312127921505818,1465,1505,1106.7708333333333,9.313087527280109,1083,1116,48
