test_name,machine,compiler,core_mean,core_std,core_min,core_max,mem_mean,mem_std,mem_min,mem_max,n_hashes
conus13km_radar_tten_debug_intel,acorn,intel,1456.547619047619,19.53009232922157,1427,1501,1162.047619047619,8.903143815672937,1144,1171,42
conus13km_radar_tten_debug_intel,derecho,intel,1264.409090909091,12.987146027708775,1237,1317,1104.0,4.131557507993944,1097,1110,44
conus13km_radar_tten_debug_intel,gaeac6,intel,852.3255813953489,11.606075851800252,833,896,6338.46511627907,0.5046845884077277,6338,6339,43
conus13km_radar_tten_debug_intel,hercules,intel,1186.7608695652175,49.77066730185056,1117,1326,36624.13043478261,237497.884557279,1568,1612396,46
conus13km_radar_tten_debug_intel,orion,intel,1372.7111111111112,50.359445364040084,1330,1679,32524.866666666665,208696.97107883912,1391,1401396,45
conus13km_radar_tten_debug_intel,ursa,intel,899.62,9.822693425046372,875,925,1870.92,8.487301438872398,1852,1887,50
conus13km_radar_tten_debug_intel,wcoss2,intel,1450.7291666666667,10.126307813269241,1436,1471,1169.1666666666667,9.507742272514934,1151,1178,48
