test_name,machine,compiler,core_mean,core_std,core_min,core_max,mem_mean,mem_std,mem_min,mem_max,n_hashes
conus13km_debug_decomp_gnu,derecho,gnu,614.9318181818181,18.92137677186619,585,675,953.2954545454545,2.2781014683748038,949,957,44
conus13km_debug_decomp_gnu,hera,gnu,662.0,,662,662,1034.0,,1034,1034,1
conus13km_debug_decomp_gnu,hercules,gnu,556.8695652173913,34.55919796886507,526,760,23897.521739130436,154982.3417088023,1018,1052188,46
conus13km_debug_decomp_gnu,ursa,gnu,443.16,5.839205984602031,434,462,921.18,5.854319877192361,910,926,50
