test_name,machine,compiler,core_mean,core_std,core_min,core_max,mem_mean,mem_std,mem_min,mem_max,n_hashes
conus13km_decomp_gnu,derecho,gnu,235.1590909090909,7.766784321018437,228,273,935.0,0.6819943394704712,933,937,44
conus13km_decomp_gnu,hera,gnu,297.75,2.217355782608345,295,300,1030.25,0.9574271077563381,1029,1031,4
conus13km_decomp_gnu,hercules,gnu,271.5652173913044,23.446063089485484,234,314,23588.717391304348,152999.6109072268,1000,1038724,46
conus13km_decomp_gnu,ursa,gnu,183.72,5.710856113668104,176,209,906.16,1.620783383278043,899,908,50
