test_name,machine,compiler,core_mean,core_std,core_min,core_max,mem_mean,mem_std,mem_min,mem_max,n_hashes
conus13km_debug_intel,acorn,intel,1454.5681818181818,19.635513302784986,1426,1503,1094.6136363636363,7.892345155322305,1074,1102,44
conus13km_debug_intel,derecho,intel,1264.590909090909,18.314206179672166,1239,1325,1033.8863636363637,4.3945839239562074,1025,1040,44
conus13km_debug_intel,gaeac6,intel,850.0232558139535,7.4465983672093445,832,867,6338.46511627907,0.5498414147689986,6337,6339,43
conus13km_debug_intel,hera,intel,1357.75,21.391197566600436,1338,1388,1460.0,2.449489742783209,1458,1463,4
conus13km_debug_intel,hercules,intel,1196.0,49.92305190101176,1107,1331,35009.586956521736,226999.22123670395,1514,1541124,46
conus13km_debug_intel,orion,intel,1370.5777777777778,31.707820148755964,1320,1470,30967.62222222222,198728.76995958458,1312,1334456,45
conus13km_debug_intel,ursa,intel,899.96,7.956411866910768,885,922,3593802.44,25399304.233920872,1780,179602001,50
conus13km_debug_intel,wcoss2,intel,1447.125,10.924547802122197,1434,1481,1100.8541666666667,9.264412769929425,1078,1109,48
