test_name,machine,compiler,core_mean,core_std,core_min,core_max,mem_mean,mem_std,mem_min,mem_max,n_hashes
conus13km_debug_decomp_gnu,derecho,gnu,614.6818181818181,18.966031725377697,585,675,953.2954545454545,2.2781014683748317,949,957,44
conus13km_debug_decomp_gnu,hera,gnu,667.5,7.7781745930520225,662,673,1032.5,2.1213203435596424,1031,1034,2
conus13km_debug_decomp_gnu,hercules,gnu,556.5434782608696,34.81104966449535,523,760,23898.260869565216,154982.23025458754,1018,1052188,46
conus13km_debug_decomp_gnu,ursa,gnu,443.02,5.974401173988491,434,462,921.2,5.869325309764048,910,926,50
