test_name,machine,compiler,core_mean,core_std,core_min,core_max,mem_mean,mem_std,mem_min,mem_max,n_hashes
conus13km_restart_intel,acorn,intel,112.5111111111111,5.691389917403231,101,123,685.5111111111111,2.138629788845519,682,690,45
conus13km_restart_intel,derecho,intel,102.75555555555556,3.0388062515309286,97,110,877.4888888888889,1.3420171761233557,875,880,45
conus13km_restart_intel,gaeac6,intel,69.68181818181819,1.8648863956013366,67,78,6338.522727272727,0.5493605739121914,6337,6339,44
conus13km_restart_intel,hera,intel,101.2,0.836660026534074,100,102,1313.2,10.353743284435826,1297,1325,5
conus13km_restart_intel,hercules,intel,95.48936170212765,11.43197715872595,87,146,28154.44680851064,184375.014291856,1240,1265272,47
conus13km_restart_intel,orion,intel,129.82608695652175,3.261249575280999,126,138,27098.108695652172,175759.09158583177,1168,1193240,46
conus13km_restart_intel,ursa,intel,69.2,3.0169588688489815,66,79,1543.86,7.216788816109746,1531,1563,50
conus13km_restart_intel,wcoss2,intel,115.04081632653062,4.7123913942987805,108,130,695.9795918367347,5.498067069125045,682,702,49
