test_name,machine,compiler,core_mean,core_std,core_min,core_max,mem_mean,mem_std,mem_min,mem_max,n_hashes
conus13km_2threads_gnu,derecho,gnu,143.73333333333332,6.23188283236805,139,181,1042.0222222222221,0.8657337636334764,1040,1044,45
conus13km_2threads_gnu,hera,gnu,147.0,3.082207001484489,144,152,1012.8,1.6431676725154798,1011,1015,5
conus13km_2threads_gnu,hercules,gnu,131.5744680851064,10.29086695306565,122,180,22620.55319148936,148101.72975427756,1012,1016352,47
conus13km_2threads_gnu,ursa,gnu,70.76,1.7906788132562734,67,76,905.02,1.8125413436523243,897,908,50
