test_name,machine,compiler,core_mean,core_std,core_min,core_max,mem_mean,mem_std,mem_min,mem_max,n_hashes
conus13km_debug_decomp_gnu,derecho,gnu,615.6590909090909,19.144424389384152,585,675,953.3863636363636,2.264138103797061,949,957,44
conus13km_debug_decomp_gnu,hercules,gnu,557.6304347826087,34.24834704569432,526,760,23896.82608695652,154982.44659893357,1018,1052188,46
conus13km_debug_decomp_gnu,ursa,gnu,443.4,5.952190473142753,434,462,921.16,5.842699962957436,910,926,50
