test_name,machine,compiler,core_mean,core_std,core_min,core_max,mem_mean,mem_std,mem_min,mem_max,n_hashes
conus13km_debug_decomp_intel,acorn,intel,1485.9318181818182,20.418183559591057,1458,1557,1100.340909090909,9.415334305512843,1081,1111,44
conus13km_debug_decomp_intel,derecho,intel,1290.1136363636363,14.338460085801962,1267,1326,1046.0227272727273,2.8406405792767337,1041,1050,44
conus13km_debug_decomp_intel,gaeac6,intel,871.7674418604652,9.128284690748265,849,892,6338.511627906977,0.7358860232419334,6337,6341,43
conus13km_debug_decomp_intel,hera,intel,1376.0,1.4142135623730951,1375,1377,1502.5,2.1213203435596424,1501,1504,2
conus13km_debug_decomp_intel,hercules,intel,1233.5869565217392,76.7105891826782,1153,1554,35870.63043478261,232570.22053950443,1539,1578948,46
conus13km_debug_decomp_intel,orion,intel,1405.4,24.25470900858037,1359,1504,32240.333333333332,207009.6346327212,1354,1390044,45
conus13km_debug_decomp_intel,ursa,intel,929.38,11.842314307738397,903,951,1843.06,7.64361811965926,1818,1858,50
conus13km_debug_decomp_intel,wcoss2,intel,1480.8541666666667,10.283201718757342,1465,1505,1107.0,9.074162525099197,1083,1116,48
