test_name,machine,compiler,core_mean,core_std,core_min,core_max,mem_mean,mem_std,mem_min,mem_max,n_hashes
conus13km_debug_2threads_intel,acorn,intel,816.4285714285714,12.787461193022802,798,843,1204.2619047619048,7.431178627619329,1194,1219,42
conus13km_debug_2threads_intel,derecho,intel,1357.340909090909,13.271657476652654,1335,1404,1152.0454545454545,7.2879465492595195,1138,1166,44
conus13km_debug_2threads_intel,gaeac6,intel,776.5116279069767,5.616184491200636,764,794,6338.46511627907,0.6672201467672872,6337,6339,43
conus13km_debug_2threads_intel,hercules,intel,1286.304347826087,60.08100811597524,1253,1668,31069.304347826088,201362.05820934914,1335,1367084,46
conus13km_debug_2threads_intel,orion,intel,1312.9777777777779,25.024977421558113,1296,1466,28933.444444444445,185634.68791462874,1224,1246536,45
conus13km_debug_2threads_intel,ursa,intel,503.58,4.660253124420799,495,513,1815.58,14.072828066736095,1789,1839,50
conus13km_debug_2threads_intel,wcoss2,intel,806.25,8.476500683052388,796,833,1111.7708333333333,14.441723807247634,1101,1197,48
