test_name,machine,compiler,core_mean,core_std,core_min,core_max,mem_mean,mem_std,mem_min,mem_max,n_hashes
conus13km_radar_tten_debug_gnu,derecho,gnu,608.7045454545455,11.140914632935283,589,638,1016.3863636363636,2.2845884988066425,1013,1021,44
conus13km_radar_tten_debug_gnu,hera,gnu,667.0,4.242640687119285,664,670,1099.0,0.0,1099,1099,2
conus13km_radar_tten_debug_gnu,hercules,gnu,545.3695652173913,27.993140981836703,510,697,25446.891304347828,165045.30439908887,1080,1120504,46
conus13km_radar_tten_debug_gnu,ursa,gnu,430.02,8.66023047249522,416,469,987.22,4.845742924443684,975,992,50
