test_name,machine,compiler,core_mean,core_std,core_min,core_max,mem_mean,mem_std,mem_min,mem_max,n_hashes
conus13km_debug_qr_intel,acorn,intel,1456.5813953488373,19.20842146428225,1429,1505,805.5813953488372,8.165643934423494,788,813,43
conus13km_debug_qr_intel,derecho,intel,1267.5227272727273,15.335759452025949,1240,1322,741.3181818181819,2.0433980735783455,735,746,44
conus13km_debug_qr_intel,gaeac6,intel,850.9069767441861,6.259522093001969,837,862,6338.3488372093025,0.6860418191554588,6337,6339,43
conus13km_debug_qr_intel,hercules,intel,1199.8695652173913,66.7401623863946,1108,1527,26832.652173913044,174185.8105729138,1129,1182536,46
conus13km_debug_qr_intel,orion,intel,1370.5333333333333,23.901882771028735,1324,1444,24272.48888888889,155801.6213156132,1018,1046196,45
conus13km_debug_qr_intel,ursa,intel,899.74,10.086988992696249,877,925,1426.56,5.835010448900339,1418,1442,50
conus13km_debug_qr_intel,wcoss2,intel,1451.9791666666667,10.832358112133418,1436,1478,838.0833333333334,10.636815499557715,802,847,48
