test_name,machine,compiler,core_mean,core_std,core_min,core_max,mem_mean,mem_std,mem_min,mem_max,n_hashes
conus13km_debug_decomp_gnu,derecho,gnu,615.3863636363636,19.193283598867463,585,675,953.4772727272727,2.266937657390387,949,957,44
conus13km_debug_decomp_gnu,hercules,gnu,558.7826086956521,33.77896323879586,526,760,23895.347826086956,154982.66946987866,1018,1052188,46
conus13km_debug_decomp_gnu,ursa,gnu,443.44,5.956166415350312,434,462,921.16,5.8426999629574485,910,926,50
