test_name,machine,compiler,core_mean,core_std,core_min,core_max,mem_mean,mem_std,mem_min,mem_max,n_hashes
conus13km_decomp_intel,acorn,intel,181.3658536585366,6.122728548453598,172,195,1025.560975609756,2.6930352809404914,1020,1029,41
conus13km_decomp_intel,derecho,intel,167.04545454545453,9.55511441148093,161,224,1002.75,5.64502250392035,993,1010,44
conus13km_decomp_intel,gaeac6,intel,114.74418604651163,2.5269313524115895,112,126,6338.558139534884,0.5896861789039115,6337,6339,43
conus13km_decomp_intel,hercules,intel,157.97826086956522,7.875388189190095,149,188,34787.80434782609,225551.9897542835,1517,1531300,46
conus13km_decomp_intel,orion,intel,228.9777777777778,6.293896353859929,224,260,31117.244444444445,199760.97584922423,1334,1341376,45
conus13km_decomp_intel,ursa,intel,117.24,5.000244891961975,111,138,1811.3,6.612449606304706,1801,1829,50
conus13km_decomp_intel,wcoss2,intel,183.5,5.838245145844659,176,199,1034.4166666666667,1.9332844210003406,1032,1038,48
