test_name,machine,compiler,core_mean,core_std,core_min,core_max,mem_mean,mem_std,mem_min,mem_max,n_hashes
conus13km_restart_gnu,derecho,gnu,138.02272727272728,4.617905678348434,122,146,587.5909090909091,0.7255529348785045,586,589,44
conus13km_restart_gnu,hercules,gnu,153.95652173913044,14.666600790365921,128,173,17191.369565217392,111619.76935020839,674,757776,46
conus13km_restart_gnu,ursa,gnu,103.26,2.529902797197018,98,109,579.16,3.1321896885242477,571,583,50
