test_name,machine,compiler,core_mean,core_std,core_min,core_max,mem_mean,mem_std,mem_min,mem_max,n_hashes
conus13km_2threads_intel,acorn,intel,84.4090909090909,7.877900150563025,70,112,1142.75,5.867232618931242,1135,1157,44
conus13km_2threads_intel,derecho,intel,116.36363636363636,3.9654960045835206,110,135,1111.2954545454545,5.437080036514671,1100,1127,44
conus13km_2threads_intel,gaeac6,intel,58.13953488372093,1.6844017639285416,56,65,6338.46511627907,0.6305265074786646,6337,6339,43
conus13km_2threads_intel,hera,intel,93.0,1.4142135623730951,92,94,1280.5,3.5355339059327378,1278,1283,2
conus13km_2threads_intel,hercules,intel,82.15217391304348,2.820302515722954,78,94,30162.82608695652,195519.37866914645,1303,1327412,46
conus13km_2threads_intel,orion,intel,92.68888888888888,8.936193571960915,88,147,27908.68888888889,179061.37287302845,1202,1202396,45
conus13km_2threads_intel,ursa,intel,50.54,1.6439127043708346,47,57,1781.4,7.788007525965153,1768,1794,50
conus13km_2threads_intel,wcoss2,intel,82.47916666666667,6.690703564229785,75,107,1056.6458333333333,23.648570271509566,1042,1134,48
