test_name,machine,compiler,core_mean,core_std,core_min,core_max,mem_mean,mem_std,mem_min,mem_max,n_hashes
conus13km_debug_2threads_gnu,derecho,gnu,613.2045454545455,12.581972236894293,590,661,1079.1818181818182,130.97474862740788,1055,1928,44
conus13km_debug_2threads_gnu,hercules,gnu,561.7608695652174,20.916962582351626,546,690,23459.32608695652,152074.40889907285,1030,1032456,46
conus13km_debug_2threads_gnu,ursa,gnu,247.0,3.4641016151377646,240,255,920.64,6.005983411123767,893,926,50
