test_name,machine,compiler,core_mean,core_std,core_min,core_max,mem_mean,mem_std,mem_min,mem_max,n_hashes
conus13km_debug_intel,acorn,intel,1455.5,19.853426318531515,1426,1503,1093.3809523809523,9.146377080844362,1074,1102,42
conus13km_debug_intel,derecho,intel,1267.5227272727273,18.071548544815148,1239,1325,1032.7272727272727,4.833813249241422,1025,1040,44
conus13km_debug_intel,gaeac6,intel,850.6279069767442,7.230962709447895,832,867,6338.46511627907,0.5498414147691705,6337,6339,43
conus13km_debug_intel,hercules,intel,1191.8695652173913,52.63273535469983,1107,1331,35009.54347826087,226999.22775176587,1514,1541124,46
conus13km_debug_intel,orion,intel,1370.8444444444444,31.360046639833367,1320,1470,30965.51111111111,198729.09172191977,1312,1334456,45
conus13km_debug_intel,ursa,intel,900.84,8.676404785393576,885,926,3593802.74,25399304.19062863,1780,179602001,50
conus13km_debug_intel,wcoss2,intel,1448.8541666666667,10.892100560035685,1434,1481,1100.8958333333333,9.583317915497979,1084,1109,48
