test_name,machine,compiler,core_mean,core_std,core_min,core_max,mem_mean,mem_std,mem_min,mem_max,n_hashes
conus13km_control_intel,acorn,intel,180.6341463414634,7.237942033344064,169,200,1017.6585365853658,1.755131848288906,1015,1021,41
conus13km_control_intel,derecho,intel,167.5909090909091,9.65767120520379,157,224,988.0909090909091,2.2289655731812803,982,992,44
conus13km_control_intel,gaeac6,intel,114.13953488372093,1.4239682204325255,112,117,6338.511627906977,0.6314040674127849,6338,6341,43
conus13km_control_intel,hercules,intel,158.56521739130434,11.791997614037612,147,197,34099.47826086957,221139.60581916364,1473,1501336,46
conus13km_control_intel,orion,intel,225.7111111111111,4.153980687913171,220,239,30144.48888888889,193471.84499038308,1281,1299152,45
conus13km_control_intel,ursa,intel,117.92,6.654260565492561,111,145,1765.88,9.106266064235845,1746,1784,50
conus13km_control_intel,wcoss2,intel,185.8125,8.388584568556826,178,212,1026.8125,2.028061122080623,1024,1033,48
