test_name,machine,compiler,core_mean,core_std,core_min,core_max,mem_mean,mem_std,mem_min,mem_max,n_hashes
conus13km_debug_2threads_gnu,derecho,gnu,613.6590909090909,14.188011942314716,590,661,1079.1136363636363,130.98521413256177,1055,1928,44
conus13km_debug_2threads_gnu,hera,gnu,679.0,11.313708498984761,671,687,1017.5,0.7071067811865476,1017,1018,2
conus13km_debug_2threads_gnu,hercules,gnu,560.8913043478261,20.831843424985014,546,690,23458.239130434784,152074.5727014195,1030,1032456,46
conus13km_debug_2threads_gnu,ursa,gnu,247.26,3.680117566888652,240,256,920.5,6.112048990080403,893,926,50
