test_name,machine,compiler,core_mean,core_std,core_min,core_max,mem_mean,mem_std,mem_min,mem_max,n_hashes
conus13km_debug_qr_gnu,derecho,gnu,608.75,15.338240704428113,590,671,657.1590909090909,2.4298835441343423,652,662,44
conus13km_debug_qr_gnu,hera,gnu,658.75,7.675719293112971,649,667,768.75,2.9860788111948273,765,772,4
conus13km_debug_qr_gnu,hercules,gnu,540.304347826087,17.490149056244828,509,596,17588.804347826088,114072.64123017195,738,774448,46
conus13km_debug_qr_gnu,ursa,gnu,427.1,5.191240660173312,417,443,648.26,2.380276094429854,638,651,50
