test_name,machine,compiler,core_mean,core_std,core_min,core_max,mem_mean,mem_std,mem_min,mem_max,n_hashes
conus13km_control_gnu,derecho,gnu,232.75,6.228684582470612,226,261,929.9545454545455,0.8880222460691841,928,933,44
conus13km_control_gnu,hercules,gnu,277.0869565217391,24.17604515673085,228,325,23390.0,151720.11973191513,995,1030036,46
conus13km_control_gnu,ursa,gnu,179.7,3.6714563645418217,172,188,903.12,0.8485281374238399,902,905,50
