test_name,machine,compiler,core_mean,core_std,core_min,core_max,mem_mean,mem_std,mem_min,mem_max,n_hashes
conus13km_debug_intel,acorn,intel,1455.8536585365853,19.965671758808465,1426,1503,1093.3170731707316,9.250510862623374,1074,1102,41
conus13km_debug_intel,derecho,intel,1267.9772727272727,18.358812137136752,1239,1325,1032.8181818181818,4.799577148393705,1025,1040,44
conus13km_debug_intel,gaeac6,intel,851.3720930232558,6.9076329617313945,836,867,6338.46511627907,0.5498414147691002,6337,6339,43
conus13km_debug_intel,hercules,intel,1192.1304347826087,52.582045391792654,1107,1331,35009.36956521739,226999.25396151107,1514,1541124,46
conus13km_debug_intel,orion,intel,1370.8,31.38297164213274,1320,1470,30965.6,198729.07817192643,1312,1334456,45
conus13km_debug_intel,ursa,intel,901.12,8.74267039949955,885,926,3593802.64,25399304.205059327,1780,179602001,50
conus13km_debug_intel,wcoss2,intel,1449.5625,11.89476239108729,1434,1482,1100.6666666666667,9.759519811463754,1084,1109,48
