test_name,machine,compiler,core_mean,core_std,core_min,core_max,mem_mean,mem_std,mem_min,mem_max,n_hashes
conus13km_radar_tten_debug_gnu,derecho,gnu,607.8888888888889,11.69153194375824,583,638,1016.1777777777778,2.2186081723057978,1013,1021,45
conus13km_radar_tten_debug_gnu,hera,gnu,668.8,8.228000972289685,659,681,1098.6,0.5477225575052025,1098,1099,5
conus13km_radar_tten_debug_gnu,hercules,gnu,543.7021276595744,28.745445683595964,510,697,24931.0,163279.78497299072,1080,1120504,47
conus13km_radar_tten_debug_gnu,ursa,gnu,429.42,8.533463540673267,416,469,987.48,4.682751676664698,975,992,50
