test_name,machine,compiler,core_mean,core_std,core_min,core_max,mem_mean,mem_std,mem_min,mem_max,n_hashes
conus13km_radar_tten_debug_intel,acorn,intel,1454.159090909091,19.55664781021873,1427,1501,1161.3181818181818,9.446970050178184,1144,1171,44
conus13km_radar_tten_debug_intel,derecho,intel,1261.5227272727273,11.031642936452377,1237,1287,1104.7045454545455,3.8794601965337496,1099,1110,44
conus13km_radar_tten_debug_intel,gaeac6,intel,851.7906976744187,11.851377536036125,833,896,6338.53488372093,0.5046845884078712,6338,6339,43
conus13km_radar_tten_debug_intel,hera,intel,1365.0,21.166010488516726,1341,1381,1529.6666666666667,2.5166114784235796,1527,1532,3
conus13km_radar_tten_debug_intel,hercules,intel,1188.3695652173913,48.430182827402696,1117,1326,36623.63043478261,237497.9599424297,1568,1612396,46
conus13km_radar_tten_debug_intel,orion,intel,1373.8444444444444,50.6386286057463,1330,1679,32524.977777777778,208696.95415356875,1391,1401396,45
conus13km_radar_tten_debug_intel,ursa,intel,898.78,9.928910580024555,875,925,1870.8,9.035079029052506,1852,1887,50
conus13km_radar_tten_debug_intel,wcoss2,intel,1449.625,9.816670580018338,1436,1471,1167.8541666666667,10.181312842933112,1145,1178,48
