test_name,machine,compiler,core_mean,core_std,core_min,core_max,mem_mean,mem_std,mem_min,mem_max,n_hashes
conus13km_2threads_gnu,derecho,gnu,143.63636363636363,6.288013362799094,139,181,1042.0227272727273,0.927327652479369,1040,1044,44
conus13km_2threads_gnu,hera,gnu,147.0,0.0,147,147,1014.5,0.7071067811865476,1014,1015,2
conus13km_2threads_gnu,hercules,gnu,132.32608695652175,10.178527175330286,122,180,23090.82608695652,149702.77878936642,1012,1016352,46
conus13km_2threads_gnu,ursa,gnu,70.82,1.8035113144154347,67,76,904.88,1.780162799250871,897,908,50
