test_name,machine,compiler,core_mean,core_std,core_min,core_max,mem_mean,mem_std,mem_min,mem_max,n_hashes
conus13km_debug_decomp_intel,acorn,intel,1486.5813953488373,20.768832599124615,1458,1557,1100.5581395348838,9.079811004906912,1082,1111,43
conus13km_debug_decomp_intel,derecho,intel,1292.7727272727273,22.52323207460859,1267,1410,1046.1136363636363,2.7804626442115348,1040,1050,44
conus13km_debug_decomp_intel,gaeac6,intel,871.6279069767442,9.183378504289413,849,892,6338.488372093023,0.7358860232417125,6337,6341,43
conus13km_debug_decomp_intel,hercules,intel,1232.108695652174,77.48870262055253,1153,1554,35869.913043478264,232570.32866294932,1539,1578948,46
conus13km_debug_decomp_intel,orion,intel,1407.6,25.434765041715504,1367,1504,32240.62222222222,207009.59056782513,1354,1390044,45
conus13km_debug_decomp_intel,ursa,intel,929.12,12.067226656679415,903,951,1842.8,7.5538880379441045,1818,1858,50
conus13km_debug_decomp_intel,wcoss2,intel,1481.3125,10.341316122667157,1465,1505,1107.4375,8.700467705696816,1092,1116,48
