test_name,machine,compiler,core_mean,core_std,core_min,core_max,mem_mean,mem_std,mem_min,mem_max,n_hashes
conus13km_debug_decomp_intel,acorn,intel,1485.340909090909,20.288550078076334,1458,1557,1100.5681818181818,9.379338319679611,1081,1111,44
conus13km_debug_decomp_intel,derecho,intel,1289.590909090909,14.646720693087254,1267,1326,1045.9318181818182,2.9365200673088947,1041,1050,44
conus13km_debug_decomp_intel,gaeac6,intel,872.0,9.105205209371249,849,892,6338.488372093023,0.7358860232416858,6337,6341,43
conus13km_debug_decomp_intel,hera,intel,1388.6666666666667,21.962088546705477,1375,1414,1493.3333333333333,15.947831618540881,1475,1504,3
conus13km_debug_decomp_intel,hercules,intel,1233.9347826086957,76.5632352079459,1153,1554,35870.69565217391,232570.21070959474,1539,1578948,46
conus13km_debug_decomp_intel,orion,intel,1405.8,24.160072245527086,1359,1504,32240.31111111111,207009.63802143282,1354,1390044,45
conus13km_debug_decomp_intel,ursa,intel,928.86,11.757776410633433,903,951,1843.28,7.47523803456918,1818,1858,50
conus13km_debug_decomp_intel,wcoss2,intel,1480.5625,10.332568319885793,1465,1505,1106.5208333333333,9.405723887291812,1083,1116,48
