test_name,machine,compiler,core_mean,core_std,core_min,core_max,mem_mean,mem_std,mem_min,mem_max,n_hashes
conus13km_decomp_gnu,derecho,gnu,235.11111111111111,7.684761255599006,228,273,935.0,0.6741998624632398,933,937,45
conus13km_decomp_gnu,hera,gnu,297.4,2.0736441353327697,295,300,1030.2,0.8366600265340772,1029,1031,5
conus13km_decomp_gnu,hercules,gnu,270.8085106382979,23.762994886891843,234,314,23108.872340425532,151363.18585292978,1000,1038724,47
conus13km_decomp_gnu,ursa,gnu,183.46,5.526226893050022,176,209,905.96,2.1661590195456877,896,908,50
