test_name,machine,compiler,core_mean,core_std,core_min,core_max,mem_mean,mem_std,mem_min,mem_max,n_hashes
conus13km_2threads_gnu,derecho,gnu,143.75,6.302915530613314,139,181,1042.0454545454545,0.861435941673445,1040,1044,44
conus13km_2threads_gnu,hera,gnu,147.5,3.3166247903554007,144,152,1013.25,1.4999999999999842,1012,1015,4
conus13km_2threads_gnu,hercules,gnu,131.7391304347826,10.34179176955479,122,180,23090.217391304348,149702.87051221207,1012,1016352,46
conus13km_2threads_gnu,ursa,gnu,70.7,1.7641555764612,67,76,904.96,1.8290178026604673,897,908,50
