test_name,machine,compiler,core_mean,core_std,core_min,core_max,mem_mean,mem_std,mem_min,mem_max,n_hashes
conus13km_debug_2threads_intel,acorn,intel,815.8636363636364,12.6850780476114,798,843,1204.0227272727273,7.409888541871596,1194,1219,44
conus13km_debug_2threads_intel,derecho,intel,1355.3636363636363,12.079371054570505,1334,1378,1152.7954545454545,7.053218119064081,1138,1166,44
conus13km_debug_2threads_intel,gaeac6,intel,776.2790697674419,5.8810655877483295,764,794,6338.511627906977,0.6314040674127515,6337,6339,43
conus13km_debug_2threads_intel,hera,intel,1497.5,37.476659402887016,1471,1524,1300.0,15.556349186104045,1289,1311,2
conus13km_debug_2threads_intel,hercules,intel,1284.2173913043478,59.224211656862224,1253,1668,31067.41304347826,201362.34307079102,1335,1367084,46
conus13km_debug_2threads_intel,orion,intel,1312.2222222222222,25.195498235064395,1296,1466,28933.62222222222,185634.66081848764,1224,1246536,45
conus13km_debug_2threads_intel,ursa,intel,503.48,4.665286482005546,495,513,1816.28,13.962106150694659,1792,1839,50
conus13km_debug_2threads_intel,wcoss2,intel,806.3541666666666,8.499035197643364,796,833,1117.7708333333333,27.995622441491275,1101,1220,48
