test_name,machine,compiler,core_mean,core_std,core_min,core_max,mem_mean,mem_std,mem_min,mem_max,n_hashes
conus13km_radar_tten_debug_intel,acorn,intel,1456.093023255814,19.525092467909005,1427,1501,1162.2325581395348,8.879717952680618,1144,1171,43
conus13km_radar_tten_debug_intel,derecho,intel,1264.4318181818182,12.983706654025989,1237,1317,1104.159090909091,4.14809108138325,1097,1110,44
conus13km_radar_tten_debug_intel,gaeac6,intel,852.2558139534884,11.67229732815883,833,896,6338.46511627907,0.5046845884077376,6338,6339,43
conus13km_radar_tten_debug_intel,hercules,intel,1188.5217391304348,49.03682930226352,1117,1326,36624.17391304348,237497.8780050517,1568,1612396,46
conus13km_radar_tten_debug_intel,orion,intel,1372.111111111111,50.175248435414396,1330,1679,32524.82222222222,208696.97785461458,1391,1401396,45
conus13km_radar_tten_debug_intel,ursa,intel,899.62,9.822693425046301,875,925,1871.04,8.516394753170871,1852,1887,50
conus13km_radar_tten_debug_intel,wcoss2,intel,1450.4166666666667,10.25386970717063,1436,1471,1168.7291666666667,9.66841663054732,1151,1178,48
