test_name,machine,compiler,core_mean,core_std,core_min,core_max,mem_mean,mem_std,mem_min,mem_max,n_hashes
conus13km_radar_tten_debug_gnu,derecho,gnu,607.9318181818181,11.823110453826557,583,638,1016.1818181818181,2.244090195019467,1013,1021,44
conus13km_radar_tten_debug_gnu,hera,gnu,671.25,7.088723439378924,664,681,1098.5,0.5773502691896586,1098,1099,4
conus13km_radar_tten_debug_gnu,hercules,gnu,544.3478260869565,28.71640444167707,510,697,25448.543478260868,165045.05525673306,1080,1120504,46
conus13km_radar_tten_debug_gnu,ursa,gnu,429.48,8.505076515270883,416,469,987.48,4.682751676664722,975,992,50
