test_name,machine,compiler,core_mean,core_std,core_min,core_max,mem_mean,mem_std,mem_min,mem_max,n_hashes
conus13km_2threads_gnu,derecho,gnu,143.5909090909091,6.299937917073885,139,181,1041.9545454545455,0.8880222460691929,1040,1044,44
conus13km_2threads_gnu,hera,gnu,147.0,,147,147,1014.0,,1014,1014,1
conus13km_2threads_gnu,hercules,gnu,132.69565217391303,10.103617757389644,122,180,23091.08695652174,149702.7394777658,1012,1016352,46
conus13km_2threads_gnu,ursa,gnu,70.8,1.7842851423995434,67,76,904.9,1.7756861278080214,897,908,50
