test_name,machine,compiler,core_mean,core_std,core_min,core_max,mem_mean,mem_std,mem_min,mem_max,n_hashes
conus13km_debug_2threads_gnu,derecho,gnu,612.8666666666667,14.256736844542827,590,661,1078.4666666666667,129.55388489315592,1055,1928,45
conus13km_debug_2threads_gnu,hera,gnu,678.2,7.7910204723129715,670,687,1016.4,1.1401754250991336,1015,1018,5
conus13km_debug_2threads_gnu,hercules,gnu,559.7872340425532,20.826338017679543,543,690,22980.531914893618,150448.15524449537,1030,1032456,47
conus13km_debug_2threads_gnu,ursa,gnu,247.24,3.7173613639521266,240,256,920.22,6.234499145227049,893,926,50
