test_name,machine,compiler,core_mean,core_std,core_min,core_max,mem_mean,mem_std,mem_min,mem_max,n_hashes
conus13km_debug_decomp_intel,acorn,intel,1484.9555555555555,20.048753708211535,1458,1557,1100.5333333333333,9.213626272587224,1081,1111,45
conus13km_debug_decomp_intel,derecho,intel,1289.7111111111112,14.529941222151997,1267,1326,1045.7555555555555,3.0685764804158464,1041,1050,45
conus13km_debug_decomp_intel,gaeac6,intel,871.6136363636364,9.175842674922366,849,892,6338.522727272727,0.7309960189384024,6337,6341,44
conus13km_debug_decomp_intel,hera,intel,1402.6,37.21961848273028,1375,1463,1492.8,15.023315213360846,1475,1506,5
conus13km_debug_decomp_intel,hercules,intel,1233.1702127659576,75.89905170655128,1153,1554,35141.55319148936,230082.69095458856,1539,1578948,47
conus13km_debug_decomp_intel,orion,intel,1405.4782608695652,24.809262723995086,1359,1504,31569.369565217392,204747.18322483666,1354,1390044,46
conus13km_debug_decomp_intel,ursa,intel,928.28,11.70738472686609,903,951,1843.28,7.8818831273150725,1818,1858,50
conus13km_debug_decomp_intel,wcoss2,intel,1480.2244897959183,10.302235408966732,1465,1505,1106.2857142857142,9.589490775496488,1083,1116,49
