test_name,machine,compiler,core_mean,core_std,core_min,core_max,mem_mean,mem_std,mem_min,mem_max,n_hashes
conus13km_decomp_gnu,derecho,gnu,235.54545454545453,7.732307773848231,228,273,935.0909090909091,0.7721363242143569,933,937,44
conus13km_decomp_gnu,hercules,gnu,276.4130434782609,21.564967565172847,234,314,23585.608695652172,153000.07965161008,1000,1038724,46
conus13km_decomp_gnu,ursa,gnu,184.1,5.743674426564171,176,209,906.08,1.5887358599380297,899,908,50
