test_name,machine,compiler,core_mean,core_std,core_min,core_max,mem_mean,mem_std,mem_min,mem_max,n_hashes
conus13km_2threads_intel,acorn,intel,84.55813953488372,7.9201440751126855,70,112,1143.2093023255813,5.906244232186177,1136,1157,43
conus13km_2threads_intel,derecho,intel,117.8409090909091,10.363045215142034,111,180,1111.0227272727273,5.596878849334077,1100,1127,44
conus13km_2threads_intel,gaeac6,intel,58.02325581395349,1.7387512225598822,56,65,6338.441860465116,0.6287677132366696,6337,6339,43
conus13km_2threads_intel,hercules,intel,82.19565217391305,2.7858337289252133,78,94,30166.021739130436,195518.89734498688,1303,1327412,46
conus13km_2threads_intel,orion,intel,92.8,8.892284704884752,88,147,27907.48888888889,179061.55578175577,1202,1202396,45
conus13km_2threads_intel,ursa,intel,50.5,1.6567733578204566,47,57,1781.04,7.948713154739329,1768,1794,50
conus13km_2threads_intel,wcoss2,intel,82.3125,6.694412563807827,75,107,1053.125,17.767559489495696,1042,1134,48
