test_name,machine,compiler,core_mean,core_std,core_min,core_max,mem_mean,mem_std,mem_min,mem_max,n_hashes
conus13km_debug_qr_intel,acorn,intel,1456.7619047619048,19.404311217983608,1429,1505,805.7380952380952,8.1989277223053,788,813,42
conus13km_debug_qr_intel,derecho,intel,1267.8181818181818,15.0337182689256,1240,1322,741.3409090909091,2.0453370884763613,735,746,44
conus13km_debug_qr_intel,gaeac6,intel,850.6279069767442,6.110191547983197,837,862,6338.325581395349,0.6803686057173512,6337,6339,43
conus13km_debug_qr_intel,hercules,intel,1198.6739130434783,67.44645756213703,1108,1527,26833.0,174185.758160266,1129,1182536,46
conus13km_debug_qr_intel,orion,intel,1370.4666666666667,23.93608914664974,1324,1444,24273.222222222223,155801.50945045557,1020,1046196,45
conus13km_debug_qr_intel,ursa,intel,900.26,10.243584353543607,877,925,1426.36,5.988969452421718,1417,1442,50
conus13km_debug_qr_intel,wcoss2,intel,1452.2916666666667,10.843094347807828,1436,1478,839.0416666666666,9.305588193725622,823,848,48
