test_name,machine,compiler,core_mean,core_std,core_min,core_max,mem_mean,mem_std,mem_min,mem_max,n_hashes
conus13km_restart_intel,acorn,intel,112.72727272727273,6.237037297425071,101,130,685.6818181818181,2.121569485652631,682,690,44
conus13km_restart_intel,derecho,intel,102.86363636363636,3.2535555441158377,97,110,877.4090909090909,1.317470829617185,875,880,44
conus13km_restart_intel,gaeac6,intel,69.65116279069767,1.9009235966990532,67,78,6338.511627906977,0.5508475298187366,6337,6339,43
conus13km_restart_intel,hera,intel,101.33333333333333,0.5773502691896247,101,102,1313.0,14.422205101855956,1297,1325,3
conus13km_restart_intel,hercules,intel,95.56521739130434,11.546335972772281,87,146,28738.804347826088,186368.35955823492,1240,1265272,46
conus13km_restart_intel,orion,intel,129.93333333333334,3.2780260135414574,126,138,27673.933333333334,177701.24725868108,1168,1193240,45
conus13km_restart_intel,ursa,intel,69.42,3.2519381975702313,66,79,1544.4,6.8601184020245345,1531,1563,50
conus13km_restart_intel,wcoss2,intel,114.875,4.569207762234944,108,130,696.6666666666666,4.83926024473905,683,702,48
