test_name,machine,compiler,core_mean,core_std,core_min,core_max,mem_mean,mem_std,mem_min,mem_max,n_hashes
conus13km_2threads_gnu,derecho,gnu,143.5681818181818,6.307609753574068,139,181,1041.8863636363637,0.9933712646058538,1039,1044,44
conus13km_2threads_gnu,hercules,gnu,133.1086956521739,10.086797225128977,122,180,23091.456521739132,149702.68378678028,1012,1016352,46
conus13km_2threads_gnu,ursa,gnu,70.84,1.8110770276274861,67,76,904.88,1.757084784173935,897,908,50
