test_name,machine,compiler,core_mean,core_std,core_min,core_max,mem_mean,mem_std,mem_min,mem_max,n_hashes
conus13km_debug_2threads_intel,acorn,intel,815.7045454545455,12.663038221449302,798,843,1203.75,7.480595051570541,1194,1219,44
conus13km_debug_2threads_intel,derecho,intel,1354.9318181818182,12.212075090363832,1334,1378,1153.0,7.041405779305502,1138,1166,44
conus13km_debug_2threads_intel,gaeac6,intel,776.1860465116279,5.981144236576915,764,794,6338.511627906977,0.6314040674127424,6337,6339,43
conus13km_debug_2threads_intel,hera,intel,1488.6666666666667,30.599564267050184,1471,1524,1298.6666666666667,11.239810200058251,1289,1311,3
conus13km_debug_2threads_intel,hercules,intel,1283.804347826087,59.34891913841864,1253,1668,31066.260869565216,201362.51661390704,1335,1367084,46
conus13km_debug_2threads_intel,orion,intel,1311.911111111111,25.20896505594623,1296,1466,28933.977777777778,185634.60660289918,1224,1246536,45
conus13km_debug_2threads_intel,ursa,intel,504.06,6.447306034464395,495,535,1816.34,13.984846025871924,1792,1839,50
conus13km_debug_2threads_intel,wcoss2,intel,806.6041666666666,8.633777268905988,796,833,1119.75,30.533204806320036,1101,1220,48
