test_name,machine,compiler,core_mean,core_std,core_min,core_max,mem_mean,mem_std,mem_min,mem_max,n_hashes
conus13km_control_gnu,derecho,gnu,232.86363636363637,8.756634452485782,226,273,929.8409090909091,0.8877246016009056,928,933,44
conus13km_control_gnu,hera,gnu,295.5,5.446711546122731,291,303,1024.0,0.816496580927726,1023,1025,4
conus13km_control_gnu,hercules,gnu,268.2391304347826,26.304359404317363,228,325,23394.652173913044,151719.41828757708,995,1030036,46
conus13km_control_gnu,ursa,gnu,179.94,5.8950342298776,172,211,903.04,1.0682810911908531,898,905,50
