test_name,machine,compiler,core_mean,core_std,core_min,core_max,mem_mean,mem_std,mem_min,mem_max,n_hashes
conus13km_debug_gnu,derecho,gnu,606.2954545454545,14.172655534685857,582,645,947.4090909090909,2.3754380924532783,943,953,44
conus13km_debug_gnu,hera,gnu,678.0,6.377042156569665,672,684,1027.5,1.2909944487358056,1026,1029,4
conus13km_debug_gnu,hercules,gnu,539.9347826086956,21.281606219574275,509,631,23887.608695652172,154936.2086290108,1012,1051872,46
conus13km_debug_gnu,ursa,gnu,428.94,7.833496886409501,418,467,916.78,7.759891646624152,891,924,50
