test_name,machine,compiler,core_mean,core_std,core_min,core_max,mem_mean,mem_std,mem_min,mem_max,n_hashes
conus13km_debug_decomp_intel,acorn,intel,1485.090909090909,20.2597299986809,1458,1557,1100.4545454545455,9.30479882554872,1081,1111,44
conus13km_debug_decomp_intel,derecho,intel,1289.4545454545455,14.59444708905051,1267,1326,1045.8636363636363,3.0161650461510603,1041,1050,44
conus13km_debug_decomp_intel,gaeac6,intel,871.8139534883721,9.18657357221862,849,892,6338.511627906977,0.7358860232416704,6337,6341,43
conus13km_debug_decomp_intel,hera,intel,1407.25,41.26641087696705,1375,1463,1489.5,15.110702608857483,1475,1504,4
conus13km_debug_decomp_intel,hercules,intel,1233.608695652174,76.67752916116211,1153,1554,35871.065217391304,232570.15501291,1539,1578948,46
conus13km_debug_decomp_intel,orion,intel,1406.2444444444445,24.533053358086246,1359,1504,32240.444444444445,207009.6176861614,1354,1390044,45
conus13km_debug_decomp_intel,ursa,intel,928.42,11.512353613153367,903,951,1843.46,7.672399512910863,1818,1858,50
conus13km_debug_decomp_intel,wcoss2,intel,1480.3125,10.392624737580464,1465,1505,1106.3333333333333,9.685113238352724,1083,1116,48
