test_name,machine,compiler,core_mean,core_std,core_min,core_max,mem_mean,mem_std,mem_min,mem_max,n_hashes
conus13km_restart_intel,acorn,intel,113.44186046511628,7.085539686342398,101,130,685.8372093023256,1.9752062286317729,683,690,43
conus13km_restart_intel,derecho,intel,103.27272727272727,3.4124507756131957,97,110,877.3181818181819,1.271745317357164,875,880,44
conus13km_restart_intel,gaeac6,intel,69.62790697674419,1.8901153380523188,67,78,6338.46511627907,0.5498414147687053,6337,6339,43
conus13km_restart_intel,hercules,intel,95.6086956521739,11.511305092279338,87,146,28738.869565217392,186368.34972418452,1240,1265272,46
conus13km_restart_intel,orion,intel,130.13333333333333,3.286335345030986,126,138,27672.933333333334,177701.39974143042,1167,1193240,45
conus13km_restart_intel,ursa,intel,69.36,3.2811147931327067,66,79,1544.38,6.635987231046499,1531,1563,50
conus13km_restart_intel,wcoss2,intel,114.52083333333333,3.9301864139283493,108,125,697.6875,3.4155853677305266,684,702,48
