test_name,machine,compiler,core_mean,core_std,core_min,core_max,mem_mean,mem_std,mem_min,mem_max,n_hashes
conus13km_debug_gnu,derecho,gnu,606.6818181818181,14.060951582593328,582,645,947.4545454545455,2.405947528420737,943,953,44
conus13km_debug_gnu,hera,gnu,679.6666666666666,6.658328118479402,672,684,1027.3333333333333,1.5275252316519405,1026,1029,3
conus13km_debug_gnu,hercules,gnu,540.5217391304348,21.005543321741204,509,631,23886.891304347828,154936.31681295933,1012,1051872,46
conus13km_debug_gnu,ursa,gnu,429.02,7.7814273912244225,418,467,916.76,7.747441974152321,891,924,50
