test_name,machine,compiler,core_mean,core_std,core_min,core_max,mem_mean,mem_std,mem_min,mem_max,n_hashes
conus13km_decomp_intel,acorn,intel,181.33333333333334,6.051271451427519,172,195,1025.6190476190477,2.6864827032293155,1020,1029,42
conus13km_decomp_intel,derecho,intel,166.72727272727272,9.482820786212551,161,224,1003.0,5.718188036310551,993,1010,44
conus13km_decomp_intel,gaeac6,intel,114.74418604651163,2.5269313524115873,112,126,6338.581395348837,0.5868624459394531,6337,6339,43
conus13km_decomp_intel,hercules,intel,158.65217391304347,8.79953885484751,149,188,34787.717391304344,225552.00285705613,1517,1531300,46
conus13km_decomp_intel,orion,intel,228.95555555555555,6.299190263819472,224,260,31117.31111111111,199760.9656852207,1334,1341376,45
conus13km_decomp_intel,ursa,intel,117.18,5.033317565412073,111,138,1811.12,6.659778754675312,1801,1829,50
conus13km_decomp_intel,wcoss2,intel,183.39583333333334,5.855492360181323,176,199,1034.1458333333333,2.414403440113437,1024,1038,48
