test_name,machine,compiler,core_mean,core_std,core_min,core_max,mem_mean,mem_std,mem_min,mem_max,n_hashes
conus13km_debug_decomp_gnu,derecho,gnu,615.7045454545455,19.116022191861624,585,675,953.4318181818181,2.276244635488864,949,957,44
conus13km_debug_decomp_gnu,hercules,gnu,558.2173913043479,33.92404132337636,526,760,23896.043478260868,154982.56459126927,1018,1052188,46
conus13km_debug_decomp_gnu,ursa,gnu,443.42,5.955926563053796,434,462,921.16,5.84269996295745,910,926,50
