test_name,machine,compiler,core_mean,core_std,core_min,core_max,mem_mean,mem_std,mem_min,mem_max,n_hashes
conus13km_debug_2threads_intel,acorn,intel,816.6829268292682,12.838300168616957,798,843,1204.1951219512196,7.510724040314347,1194,1219,41
conus13km_debug_2threads_intel,derecho,intel,1358.5454545454545,14.04387567499191,1335,1404,1151.5454545454545,7.131504115638724,1138,1166,44
conus13km_debug_2threads_intel,gaeac6,intel,776.9767441860465,5.378477267658146,765,794,6338.511627906977,0.6314040674126098,6337,6339,43
conus13km_debug_2threads_intel,hercules,intel,1287.2826086956522,60.14266854497021,1253,1668,31070.717391304348,201361.8453430058,1335,1367084,46
conus13km_debug_2threads_intel,orion,intel,1313.6444444444444,25.206560794180316,1296,1466,28933.533333333333,185634.67436578462,1224,1246536,45
conus13km_debug_2threads_intel,ursa,intel,503.84,4.978976208181025,495,516,1815.12,13.76425420709574,1789,1839,50
conus13km_debug_2threads_intel,wcoss2,intel,806.5833333333334,8.92959062065461,796,833,1110.0,7.128008883152263,1101,1125,48
