test_name,machine,compiler,core_mean,core_std,core_min,core_max,mem_mean,mem_std,mem_min,mem_max,n_hashes
conus13km_decomp_intel,acorn,intel,181.1590909090909,5.972585361342283,172,195,1025.659090909091,2.684522232996109,1020,1029,44
conus13km_decomp_intel,derecho,intel,165.13636363636363,3.4343741794143865,161,175,1004.0909090909091,5.680722938836407,993,1012,44
conus13km_decomp_intel,gaeac6,intel,114.97674418604652,2.6230514045851914,112,126,6338.627906976744,0.5783085275573097,6337,6339,43
conus13km_decomp_intel,hera,intel,178.5,0.7071067811865476,178,179,1474.5,3.5355339059327378,1472,1477,2
conus13km_decomp_intel,hercules,intel,159.06521739130434,8.967601373619104,149,188,34787.86956521739,225551.9799238805,1517,1531300,46
conus13km_decomp_intel,orion,intel,228.93333333333334,6.271870824272739,224,260,31117.4,199760.9521354552,1334,1341376,45
conus13km_decomp_intel,ursa,intel,116.94,4.925609876255042,111,138,1810.88,7.0555810880321,1794,1829,50
conus13km_decomp_intel,wcoss2,intel,183.04166666666666,5.283286909432031,176,199,1033.3958333333333,3.6128587333236246,1022,1038,48
