test_name,machine,compiler,core_mean,core_std,core_min,core_max,mem_mean,mem_std,mem_min,mem_max,n_hashes
conus13km_debug_qr_intel,acorn,intel,1455.8636363636363,18.971938775147684,1429,1505,805.2045454545455,8.284419518911857,788,813,44
conus13km_debug_qr_intel,derecho,intel,1265.4318181818182,14.496828405780317,1240,1322,741.3636363636364,1.8563644025153385,735,746,44
conus13km_debug_qr_intel,gaeac6,intel,851.5813953488372,6.54374495275026,837,863,6338.395348837209,0.6597089864810411,6337,6339,43
conus13km_debug_qr_intel,hera,intel,1383.0,36.013886210738214,1351,1422,1175.3333333333333,23.43786110832924,1158,1202,3
conus13km_debug_qr_intel,hercules,intel,1200.891304347826,66.01556323604301,1108,1527,26832.434782608696,174185.84333453255,1129,1182536,46
conus13km_debug_qr_intel,orion,intel,1370.4666666666667,23.85905583744976,1324,1444,24271.422222222223,155801.7838246126,1018,1046196,45
conus13km_debug_qr_intel,ursa,intel,899.48,10.008649320687056,877,925,1426.48,5.60699271864503,1418,1442,50
conus13km_debug_qr_intel,wcoss2,intel,1451.0208333333333,10.273886714722455,1436,1473,836.8541666666666,11.927064847921587,802,847,48
