test_name,machine,compiler,core_mean,core_std,core_min,core_max,mem_mean,mem_std,mem_min,mem_max,n_hashes
conus13km_restart_gnu,derecho,gnu,137.13636363636363,4.289472830898803,122,145,587.5227272727273,0.6283472733951571,586,589,44
conus13km_restart_gnu,hera,gnu,163.75,2.0615528128088303,162,166,725.25,8.381527307120116,713,732,4
conus13km_restart_gnu,hercules,gnu,150.06521739130434,15.46954308585178,128,173,17200.456521739132,111618.39796630632,674,757776,46
conus13km_restart_gnu,ursa,gnu,102.78,2.435201035157593,98,108,579.26,2.940290142562301,571,583,50
