test_name,machine,compiler,core_mean,core_std,core_min,core_max,mem_mean,mem_std,mem_min,mem_max,n_hashes
conus13km_debug_gnu,derecho,gnu,607.9090909090909,13.677035891677727,582,645,947.7045454545455,2.501902024874634,943,953,44
conus13km_debug_gnu,hercules,gnu,542.9782608695652,19.824215417216628,509,631,23883.065217391304,154936.89369652726,1012,1051872,46
conus13km_debug_gnu,ursa,gnu,430.36,8.297430140638486,418,467,916.26,7.868329698538219,891,924,50
