test_name,machine,compiler,core_mean,core_std,core_min,core_max,mem_mean,mem_std,mem_min,mem_max,n_hashes
conus13km_decomp_intel,acorn,intel,181.2888888888889,6.017482946390556,172,195,1025.6444444444444,2.647087211836976,1020,1029,45
conus13km_decomp_intel,derecho,intel,164.82222222222222,3.249397768600482,161,175,1005.0,5.620579070781758,993,1012,45
conus13km_decomp_intel,gaeac6,intel,115.0,2.5969570744453265,112,126,6338.568181818182,0.5865836157500107,6337,6339,44
conus13km_decomp_intel,hera,intel,178.2,0.44721359549995915,178,179,1475.0,3.4641016151377486,1472,1480,5
conus13km_decomp_intel,hercules,intel,159.17021276595744,8.741005685190302,149,188,34081.04255319149,223139.47908796935,1517,1531300,47
conus13km_decomp_intel,orion,intel,229.02173913043478,6.212850948494784,224,260,30470.08695652174,197577.69955368343,1334,1341376,46
conus13km_decomp_intel,ursa,intel,116.8,4.911460982191737,111,138,1810.86,7.021860908067412,1794,1829,50
conus13km_decomp_intel,wcoss2,intel,183.42857142857142,5.537749241945387,176,199,1032.6326530612246,4.3045222225732775,1022,1038,49
