test_name,machine,compiler,core_mean,core_std,core_min,core_max,mem_mean,mem_std,mem_min,mem_max,n_hashes
conus13km_2threads_gnu,derecho,gnu,143.5681818181818,6.307609753574069,139,181,1041.8181818181818,0.9947005456294838,1039,1044,44
conus13km_2threads_gnu,hercules,gnu,133.7826086956522,9.968646500076048,122,180,23092.0,149702.60188564972,1012,1016352,46
conus13km_2threads_gnu,ursa,gnu,70.94,1.7775240748678236,67,76,905.04,1.3546593818433692,902,908,50
