test_name,machine,compiler,core_mean,core_std,core_min,core_max,mem_mean,mem_std,mem_min,mem_max,n_hashes
conus13km_debug_qr_intel,acorn,intel,1455.888888888889,19.20135201468689,1429,1505,805.6222222222223,8.163914192928221,788,813,45
conus13km_debug_qr_intel,derecho,intel,1264.5555555555557,14.988716294653596,1240,1322,741.3111111111111,1.856465632987755,735,746,45
conus13km_debug_qr_intel,gaeac6,intel,851.2954545454545,6.6876475700459785,837,863,6338.386363636364,0.689317461238177,6337,6339,44
conus13km_debug_qr_intel,hera,intel,1375.6,27.428087793355182,1351,1422,1174.8,16.96172161073278,1158,1202,5
conus13km_debug_qr_intel,hercules,intel,1199.787234042553,65.47284075833099,1108,1527,26287.31914893617,172322.64354756754,1129,1182536,47
conus13km_debug_qr_intel,orion,intel,1369.0652173913043,24.188520853140275,1324,1444,23766.434782608696,154098.99361898683,1018,1046196,46
conus13km_debug_qr_intel,ursa,intel,899.42,10.125921474823231,877,925,1426.74,5.598141090886375,1418,1442,50
conus13km_debug_qr_intel,wcoss2,intel,1451.1632653061224,10.231379303348115,1436,1473,836.4081632653061,12.180788095991767,802,847,49
