test_name,machine,compiler,core_mean,core_std,core_min,core_max,mem_mean,mem_std,mem_min,mem_max,n_hashes
conus13km_debug_2threads_intel,acorn,intel,815.75,12.653016921244598,798,843,1204.0681818181818,7.571051744923742,1194,1219,44
conus13km_debug_2threads_intel,derecho,intel,1354.4772727272727,12.162635570340584,1334,1378,1153.409090909091,6.662348848385988,1140,1166,44
conus13km_debug_2threads_intel,gaeac6,intel,776.1162790697674,6.0600538357092475,764,794,6338.511627906977,0.631404067412889,6337,6339,43
conus13km_debug_2threads_intel,hera,intel,1489.75,25.078210994141255,1471,1524,1298.75,9.178779875342915,1289,1311,4
conus13km_debug_2threads_intel,hercules,intel,1283.4782608695652,59.39462719076894,1253,1668,31065.282608695652,201362.66400112378,1335,1367084,46
conus13km_debug_2threads_intel,orion,intel,1311.5333333333333,25.227690414232665,1296,1466,28934.533333333333,185634.521872782,1224,1246536,45
conus13km_debug_2threads_intel,ursa,intel,503.96,6.518294505873929,495,535,1815.92,13.757135439843747,1792,1839,50
conus13km_debug_2threads_intel,wcoss2,intel,806.75,8.682337169414936,796,833,1121.875,32.74116739753167,1101,1220,48
