test_name,machine,compiler,core_mean,core_std,core_min,core_max,mem_mean,mem_std,mem_min,mem_max,n_hashes
conus13km_debug_intel,acorn,intel,1454.8181818181818,19.715738875528647,1426,1503,1094.1136363636363,8.474903879789439,1074,1102,44
conus13km_debug_intel,derecho,intel,1265.0227272727273,17.838407265906834,1239,1325,1033.4545454545455,4.642846688183536,1025,1040,44
conus13km_debug_intel,gaeac6,intel,850.0,7.470577207252721,832,867,6338.46511627907,0.5498414147691235,6337,6339,43
conus13km_debug_intel,hera,intel,1371.5,23.33452377915607,1355,1388,1462.0,1.4142135623730951,1461,1463,2
conus13km_debug_intel,hercules,intel,1195.5,50.09712788396375,1107,1331,35010.04347826087,226999.15239792378,1514,1541124,46
conus13km_debug_intel,orion,intel,1371.4444444444443,31.23849283085588,1320,1470,30967.044444444444,198728.85806384942,1312,1334456,45
conus13km_debug_intel,ursa,intel,900.66,8.707514934040034,885,926,3593803.0,25399304.153108623,1780,179602001,50
conus13km_debug_intel,wcoss2,intel,1447.6041666666667,11.004331030028085,1434,1481,1101.1666666666667,8.994876398174684,1084,1109,48
