test_name,machine,compiler,core_mean,core_std,core_min,core_max,mem_mean,mem_std,mem_min,mem_max,n_hashes
conus13km_control_gnu,derecho,gnu,232.25,6.243601375771434,226,261,929.9318181818181,0.8733183780438402,928,933,44
conus13km_control_gnu,hera,gnu,292.0,,292,292,1024.0,,1024,1024,1
conus13km_control_gnu,hercules,gnu,272.10869565217394,24.819551666529637,228,325,23392.304347826088,151719.77230610524,995,1030036,46
conus13km_control_gnu,ursa,gnu,179.36,3.734887917341305,172,188,902.98,1.078358540958062,898,905,50
