test_name,machine,compiler,core_mean,core_std,core_min,core_max,mem_mean,mem_std,mem_min,mem_max,n_hashes
conus13km_debug_qr_gnu,derecho,gnu,609.8863636363636,14.973178980928726,590,671,657.4090909090909,2.670407875981018,652,663,44
conus13km_debug_qr_gnu,hera,gnu,658.0,12.727922061357855,649,667,770.0,2.8284271247461903,768,772,2
conus13km_debug_qr_gnu,hercules,gnu,541.0,16.866798418457726,509,596,17587.369565217392,114072.857638803,738,774448,46
conus13km_debug_qr_gnu,ursa,gnu,427.22,5.211016587725568,417,443,648.22,2.3758135019227202,638,651,50
