test_name,machine,compiler,core_mean,core_std,core_min,core_max,mem_mean,mem_std,mem_min,mem_max,n_hashes
conus13km_radar_tten_debug_gnu,derecho,gnu,608.1363636363636,11.795921465215418,583,638,1016.2727272727273,2.2758963106682386,1013,1021,44
conus13km_radar_tten_debug_gnu,hera,gnu,671.6666666666666,8.621678104251723,664,681,1098.6666666666667,0.5773502691896586,1098,1099,3
conus13km_radar_tten_debug_gnu,hercules,gnu,544.9130434782609,28.318683339572083,510,697,25447.739130434784,165045.17655188093,1080,1120504,46
conus13km_radar_tten_debug_gnu,ursa,gnu,429.96,8.691915079837264,416,469,987.46,4.673896246436042,975,992,50
