test_name,machine,compiler,core_mean,core_std,core_min,core_max,mem_mean,mem_std,mem_min,mem_max,n_hashes
conus13km_decomp_intel,acorn,intel,181.1818181818182,6.043534801455693,172,195,1025.6818181818182,2.665653436822437,1020,1029,44
conus13km_decomp_intel,derecho,intel,164.88636363636363,3.258019865821683,161,175,1004.8409090909091,5.58212755063373,993,1012,44
conus13km_decomp_intel,gaeac6,intel,115.06976744186046,2.58563199271897,112,126,6338.581395348837,0.5868624459394238,6337,6339,43
conus13km_decomp_intel,hera,intel,178.25,0.5000000000000023,178,179,1475.25,3.947573094108997,1472,1480,4
conus13km_decomp_intel,hercules,intel,159.2826086956522,8.803188925934768,149,188,34788.63043478261,225551.8652546198,1517,1531300,46
conus13km_decomp_intel,orion,intel,229.04444444444445,6.281124521335748,224,260,31117.422222222223,199760.94874664213,1334,1341376,45
conus13km_decomp_intel,ursa,intel,116.78,4.9209672186824145,111,138,1810.74,7.087816508427871,1794,1829,50
conus13km_decomp_intel,wcoss2,intel,183.29166666666666,5.51191488266636,176,199,1032.8333333333333,4.111909704558326,1022,1038,48
