test_name,machine,compiler,core_mean,core_std,core_min,core_max,mem_mean,mem_std,mem_min,mem_max,n_hashes
conus13km_debug_intel,acorn,intel,1454.590909090909,19.641340102314846,1426,1503,1094.6363636363637,7.894923034783765,1074,1102,44
conus13km_debug_intel,derecho,intel,1264.4545454545455,18.264789541571094,1239,1325,1033.6363636363637,4.580499155753307,1025,1040,44
conus13km_debug_intel,gaeac6,intel,850.0,7.470577207252719,832,867,6338.441860465116,0.5478236413035071,6337,6339,43
conus13km_debug_intel,hera,intel,1360.3333333333333,25.4230866208911,1338,1388,1460.6666666666667,2.5166114784236133,1458,1463,3
conus13km_debug_intel,hercules,intel,1196.391304347826,49.9615310951535,1107,1331,35010.108695652176,226999.14256893648,1514,1541124,46
conus13km_debug_intel,orion,intel,1370.1333333333334,32.097578498300166,1320,1470,30967.244444444445,198728.82757314792,1312,1334456,45
conus13km_debug_intel,ursa,intel,900.56,8.74388416003336,885,926,3593802.82,25399304.179084,1780,179602001,50
conus13km_debug_intel,wcoss2,intel,1447.25,10.969008566692523,1434,1481,1101.0416666666667,9.275816952799575,1078,1109,48
