test_name,machine,compiler,core_mean,core_std,core_min,core_max,mem_mean,mem_std,mem_min,mem_max,n_hashes
conus13km_debug_2threads_gnu,derecho,gnu,613.2727272727273,14.214901510286504,590,661,1079.0227272727273,130.99946540568422,1055,1928,44
conus13km_debug_2threads_gnu,hera,gnu,678.6666666666666,8.020806277010642,671,687,1017.0,1.0,1016,1018,3
conus13km_debug_2threads_gnu,hercules,gnu,560.5,20.8643768711702,546,690,23457.934782608696,152074.61856593107,1030,1032456,46
conus13km_debug_2threads_gnu,ursa,gnu,247.24,3.7063651812986356,240,256,920.52,6.122024475079249,893,926,50
