test_name,machine,compiler,core_mean,core_std,core_min,core_max,mem_mean,mem_std,mem_min,mem_max,n_hashes
conus13km_decomp_gnu,derecho,gnu,235.4318181818182,7.774130407581313,228,273,935.0227272727273,0.6984579814112178,933,937,44
conus13km_decomp_gnu,hera,gnu,297.0,2.8284271247461903,295,299,1029.5,0.7071067811865476,1029,1030,2
conus13km_decomp_gnu,hercules,gnu,273.7391304347826,22.512648082166987,234,314,23587.130434782608,152999.85020843917,1000,1038724,46
conus13km_decomp_gnu,ursa,gnu,183.8,5.710713168944781,176,209,906.12,1.6116919744194782,899,908,50
