test_name,machine,compiler,core_mean,core_std,core_min,core_max,mem_mean,mem_std,mem_min,mem_max,n_hashes
conus13km_debug_qr_gnu,derecho,gnu,609.7727272727273,14.936865018304621,590,671,657.5,2.6192489603470808,652,663,44
conus13km_debug_qr_gnu,hera,gnu,667.0,,667,667,768.0,,768,768,1
conus13km_debug_qr_gnu,hercules,gnu,541.5869565217391,16.18445905725134,512,596,17586.652173913044,114072.96583604673,738,774448,46
conus13km_debug_qr_gnu,ursa,gnu,427.24,5.212073894882362,417,443,648.42,1.863615095584322,638,651,50
