test_name,machine,compiler,core_mean,core_std,core_min,core_max,mem_mean,mem_std,mem_min,mem_max,n_hashes
conus13km_decomp_intel,acorn,intel,181.2325581395349,6.015207748074178,172,195,1025.6976744186047,2.703920290817009,1020,1029,43
conus13km_decomp_intel,derecho,intel,166.61363636363637,9.509397821863438,161,224,1003.3409090909091,5.67713972290659,993,1010,44
conus13km_decomp_intel,gaeac6,intel,114.88372093023256,2.6476341849675222,112,126,6338.581395348837,0.5868624459394752,6337,6339,43
conus13km_decomp_intel,hercules,intel,158.58695652173913,8.845780128793406,149,188,34787.608695652176,225552.01923818208,1517,1531300,46
conus13km_decomp_intel,orion,intel,229.0,6.277666039945966,224,260,31117.2,199760.98262635135,1334,1341376,45
conus13km_decomp_intel,ursa,intel,117.0,4.907304010662188,111,138,1811.34,6.498382844357263,1801,1829,50
conus13km_decomp_intel,wcoss2,intel,183.22916666666666,5.597262185357331,176,199,1033.9375,2.823957160183802,1024,1038,48
