test_name,machine,compiler,core_mean,core_std,core_min,core_max,mem_mean,mem_std,mem_min,mem_max,n_hashes
conus13km_decomp_gnu,derecho,gnu,235.9090909090909,7.757421598186383,228,273,935.1818181818181,0.8699833538297049,933,937,44
conus13km_decomp_gnu,hercules,gnu,279.54347826086956,20.909016153844664,235,315,23584.021739130436,153000.31891331892,1000,1038724,46
conus13km_decomp_gnu,ursa,gnu,184.16,5.715571283961115,176,209,906.18,1.3200185527453219,899,908,50
