test_name,machine,compiler,core_mean,core_std,core_min,core_max,mem_mean,mem_std,mem_min,mem_max,n_hashes
conus13km_2threads_gnu,derecho,gnu,143.52272727272728,6.326351813859804,139,181,1041.8636363636363,1.0021119347706624,1039,1044,44
conus13km_2threads_gnu,hercules,gnu,133.47826086956522,10.01940146900509,122,180,23091.739130434784,149702.6411989128,1012,1016352,46
conus13km_2threads_gnu,ursa,gnu,70.9,1.7985254731448896,67,76,905.02,1.3475601535170338,902,908,50
