test_name,machine,compiler,core_mean,core_std,core_min,core_max,mem_mean,mem_std,mem_min,mem_max,n_hashes
conus13km_debug_2threads_intel,acorn,intel,816.0697674418604,12.85152455072783,798,843,1204.2790697674418,7.3430419977507055,1194,1219,43
conus13km_debug_2threads_intel,derecho,intel,1357.340909090909,13.271657476652676,1335,1404,1152.3181818181818,7.2425510322362365,1138,1166,44
conus13km_debug_2threads_intel,gaeac6,intel,776.4418604651163,5.704227027395271,764,794,6338.488372093023,0.6680495071208906,6337,6339,43
conus13km_debug_2threads_intel,hercules,intel,1286.108695652174,60.109983737541775,1253,1668,31068.130434782608,201362.2349995824,1335,1367084,46
conus13km_debug_2threads_intel,orion,intel,1312.7333333333333,25.09835199225782,1296,1466,28933.6,185634.66420026583,1224,1246536,45
conus13km_debug_2threads_intel,ursa,intel,503.62,4.619788845779843,495,513,1815.72,13.835830444235452,1789,1839,50
conus13km_debug_2threads_intel,wcoss2,intel,806.2291666666666,8.473336360490745,796,833,1113.8541666666667,21.258279571842355,1101,1220,48
