test_name,machine,compiler,core_mean,core_std,core_min,core_max,mem_mean,mem_std,mem_min,mem_max,n_hashes
conus13km_restart_gnu,derecho,gnu,138.22727272727272,4.724324173956982,122,146,587.5454545454545,0.7611052384081337,586,589,44
conus13km_restart_gnu,hercules,gnu,154.8913043478261,14.606282150529228,128,175,17189.608695652172,111620.03499620748,674,757776,46
conus13km_restart_gnu,ursa,gnu,103.34,2.4876019105367506,98,109,579.18,3.13433910619973,571,583,50
