test_name,machine,compiler,core_mean,core_std,core_min,core_max,mem_mean,mem_std,mem_min,mem_max,n_hashes
conus13km_2threads_intel,acorn,intel,84.56818181818181,7.898771547916381,70,112,1142.340909090909,5.850633763397247,1135,1157,44
conus13km_2threads_intel,derecho,intel,116.5,4.054856404993433,110,135,1111.5,5.415309907599777,1100,1127,44
conus13km_2threads_intel,gaeac6,intel,58.18604651162791,1.6655588787964075,56,65,6338.441860465116,0.6287677132369783,6337,6339,43
conus13km_2threads_intel,hera,intel,93.0,1.1547005383792515,92,94,1280.75,4.5734742446707495,1276,1286,4
conus13km_2threads_intel,hercules,intel,82.17391304347827,2.8071681881773594,78,94,30160.652173913044,195519.70609602582,1303,1327412,46
conus13km_2threads_intel,orion,intel,92.57777777777778,8.965816113765584,88,147,27909.51111111111,179061.2475374408,1202,1202396,45
conus13km_2threads_intel,ursa,intel,50.56,1.680136048913046,47,57,1782.24,8.0090764837432,1768,1795,50
conus13km_2threads_intel,wcoss2,intel,82.5,6.6492680768222,75,107,1059.9583333333333,28.61331213274119,1042,1141,48
