test_name,machine,compiler,core_mean,core_std,core_min,core_max,mem_mean,mem_std,mem_min,mem_max,n_hashes
conus13km_control_intel,acorn,intel,180.4090909090909,7.01930289329521,169,200,1017.3181818181819,1.914118016248416,1013,1021,44
conus13km_control_intel,derecho,intel,165.4090909090909,4.150192944902118,157,175,988.1363636363636,1.9717883405787944,983,992,44
conus13km_control_intel,gaeac6,intel,114.27906976744185,1.296985174408578,112,117,6338.53488372093,0.6305265074788922,6338,6341,43
conus13km_control_intel,hera,intel,175.33333333333334,0.5773502691896278,175,176,1445.0,1.7320508075688772,1444,1447,3
conus13km_control_intel,hercules,intel,159.7826086956522,12.312438233985194,147,197,34099.63043478261,221139.5828775581,1473,1501336,46
conus13km_control_intel,orion,intel,225.46666666666667,3.8293127795514943,220,239,30145.044444444444,193471.7602987291,1281,1299152,45
conus13km_control_intel,ursa,intel,117.76,6.616491455724361,111,145,1766.36,8.886495142538896,1746,1784,50
conus13km_control_intel,wcoss2,intel,184.79166666666666,7.434703941317059,178,212,1025.4375,3.619722864670718,1016,1030,48
