test_name,machine,compiler,core_mean,core_std,core_min,core_max,mem_mean,mem_std,mem_min,mem_max,n_hashes
conus13km_control_intel,acorn,intel,180.5952380952381,7.153575001898119,169,200,1017.6666666666666,1.7343961719574905,1015,1021,42
conus13km_control_intel,derecho,intel,167.3181818181818,9.69961094226411,157,224,988.2045454545455,2.029773105140303,983,992,44
conus13km_control_intel,gaeac6,intel,114.09302325581395,1.3941024333543002,112,117,6338.53488372093,0.6305265074787073,6338,6341,43
conus13km_control_intel,hercules,intel,159.34782608695653,12.390349992912228,147,197,34099.52173913043,221139.59926533478,1473,1501336,46
conus13km_control_intel,orion,intel,225.51111111111112,3.957858823233401,220,239,30144.466666666667,193471.848377648,1281,1299152,45
conus13km_control_intel,ursa,intel,117.86,6.676214251706868,111,145,1766.04,8.96241585506855,1746,1784,50
conus13km_control_intel,wcoss2,intel,185.72916666666666,8.39640141593937,178,212,1026.4583333333333,2.3786133394144375,1016,1030,48
