test_name,machine,compiler,core_mean,core_std,core_min,core_max,mem_mean,mem_std,mem_min,mem_max,n_hashes
conus13km_debug_gnu,derecho,gnu,607.5227272727273,13.625367306956244,582,645,947.5454545454545,2.376772733307251,943,953,44
conus13km_debug_gnu,hercules,gnu,542.4782608695652,19.932931022065826,509,631,23883.760869565216,154936.7888203566,1012,1051872,46
conus13km_debug_gnu,ursa,gnu,430.24,8.301856197654276,418,467,916.24,7.854700919233789,891,924,50
