test_name,machine,compiler,core_mean,core_std,core_min,core_max,mem_mean,mem_std,mem_min,mem_max,n_hashes
conus13km_radar_tten_debug_gnu,derecho,gnu,609.5,10.93000989382302,589,638,1016.4318181818181,2.2965872281291393,1013,1021,44
conus13km_radar_tten_debug_gnu,hercules,gnu,547.4130434782609,26.58368429189983,523,697,25443.739130434784,165045.77965016384,1080,1120504,46
conus13km_radar_tten_debug_gnu,ursa,gnu,430.28,8.597674104081884,416,469,986.84,4.941948719165058,975,992,50
