test_name,machine,compiler,core_mean,core_std,core_min,core_max,mem_mean,mem_std,mem_min,mem_max,n_hashes
conus13km_decomp_gnu,derecho,gnu,235.47727272727272,7.759431279697961,228,273,935.0681818181819,0.7593671561249388,933,937,44
conus13km_decomp_gnu,hera,gnu,299.0,,299,299,1029.0,,1029,1029,1
conus13km_decomp_gnu,hercules,gnu,275.0,21.910930808363435,234,314,23586.369565217392,152999.96492945985,1000,1038724,46
conus13km_decomp_gnu,ursa,gnu,184.02,5.7728781772162545,176,209,906.1,1.6067459827431316,899,908,50
