test_name,machine,compiler,core_mean,core_std,core_min,core_max,mem_mean,mem_std,mem_min,mem_max,n_hashes
conus13km_2threads_intel,acorn,intel,84.45454545454545,7.857612352464756,70,112,1143.0227272727273,5.966919022541238,1135,1157,44
conus13km_2threads_intel,derecho,intel,117.95454545454545,10.313582251494912,112,180,1111.3181818181818,5.450720998916874,1100,1127,44
conus13km_2threads_intel,gaeac6,intel,58.093023255813954,1.7156694304802402,56,65,6338.46511627907,0.6305265074787981,6337,6339,43
conus13km_2threads_intel,hera,intel,92.0,,92,92,1283.0,,1283,1283,1
conus13km_2threads_intel,hercules,intel,82.1304347826087,2.8253510747608264,78,94,30164.58695652174,195519.1134626628,1303,1327412,46
conus13km_2threads_intel,orion,intel,92.73333333333333,8.917296777509529,88,147,27908.0,179061.47788056682,1202,1202396,45
conus13km_2threads_intel,ursa,intel,50.52,1.6442850937072182,47,57,1781.26,7.729640802700676,1768,1794,50
conus13km_2threads_intel,wcoss2,intel,82.33333333333333,6.688616348130774,75,107,1054.8958333333333,21.072559128566947,1042,1134,48
