test_name,machine,compiler,core_mean,core_std,core_min,core_max,mem_mean,mem_std,mem_min,mem_max,n_hashes
conus13km_control_gnu,derecho,gnu,233.13636363636363,8.759289843495747,226,273,929.9090909090909,0.857746691565829,928,933,44
conus13km_control_gnu,hera,gnu,294.0,2.8284271247461903,292,296,1024.5,0.7071067811865476,1024,1025,2
conus13km_control_gnu,hercules,gnu,270.5869565217391,25.337347126727575,228,325,23393.043478260868,151719.66086158255,995,1030036,46
conus13km_control_gnu,ursa,gnu,179.46,3.791558830790683,172,188,902.98,1.0783585409580465,898,905,50
