test_name,machine,compiler,core_mean,core_std,core_min,core_max,mem_mean,mem_std,mem_min,mem_max,n_hashes
conus13km_control_intel,acorn,intel,180.4318181818182,7.016252651415774,169,200,1017.4772727272727,1.8361820394584438,1014,1021,44
conus13km_control_intel,derecho,intel,165.5909090909091,4.260790306745331,157,175,988.1818181818181,1.9915253856082482,983,992,44
conus13km_control_intel,gaeac6,intel,114.20930232558139,1.3373417046493612,112,117,6338.53488372093,0.6305265074788953,6338,6341,43
conus13km_control_intel,hera,intel,175.5,0.7071067811865476,175,176,1445.5,2.1213203435596424,1444,1447,2
conus13km_control_intel,hercules,intel,159.7826086956522,12.312438233985185,147,197,34099.52173913043,221139.59925789858,1473,1501336,46
conus13km_control_intel,orion,intel,225.44444444444446,3.8231088941019715,220,239,30144.844444444443,193471.79078673263,1281,1299152,45
conus13km_control_intel,ursa,intel,117.92,6.645053400378174,111,145,1765.9,8.866930076390137,1746,1784,50
conus13km_control_intel,wcoss2,intel,185.125,7.527608758232677,178,212,1025.7083333333333,3.3767561756077566,1016,1030,48
