test_name,machine,compiler,core_mean,core_std,core_min,core_max,mem_mean,mem_std,mem_min,mem_max,n_hashes
conus13km_control_intel,acorn,intel,180.37777777777777,6.991192149896006,169,200,1017.2444444444444,1.9558252798377753,1013,1021,45
conus13km_control_intel,derecho,intel,165.15555555555557,3.90195496197131,157,175,988.1555555555556,1.9418308553288846,983,992,45
conus13km_control_intel,gaeac6,intel,114.20454545454545,1.3738343127233585,111,117,6338.545454545455,0.6270842625235185,6338,6341,44
conus13km_control_intel,hera,intel,175.6,0.8944271909999143,175,177,1439.0,8.306623862918075,1430,1447,5
conus13km_control_intel,hercules,intel,159.72340425531914,12.159630514372898,147,197,33406.085106382976,218774.35830899916,1473,1501336,47
conus13km_control_intel,orion,intel,225.45652173913044,3.7930141736802225,220,239,29518.195652173912,191357.23160920426,1281,1299152,46
conus13km_control_intel,ursa,intel,117.84,6.584955022857882,111,145,1766.46,8.93562007487162,1746,1784,50
conus13km_control_intel,wcoss2,intel,184.9591836734694,7.4636876041981575,178,212,1025.0,3.963373983531358,1016,1030,49
