test_name,machine,compiler,core_mean,core_std,core_min,core_max,mem_mean,mem_std,mem_min,mem_max,n_hashes
conus13km_control_intel,acorn,intel,180.47727272727272,7.006603650456315,169,200,1017.6136363636364,1.794253217603211,1014,1021,44
conus13km_control_intel,derecho,intel,166.97727272727272,9.765836599187477,157,224,988.2045454545455,2.0067275855325155,983,992,44
conus13km_control_intel,gaeac6,intel,114.18604651162791,1.367232414030485,112,117,6338.53488372093,0.6305265074788828,6338,6341,43
conus13km_control_intel,hera,intel,175.0,,175,175,1444.0,,1444,1444,1
conus13km_control_intel,hercules,intel,159.69565217391303,12.368184210963575,147,197,34099.0,221139.67791531418,1473,1501336,46
conus13km_control_intel,orion,intel,225.4,3.8518000514517383,220,239,30144.666666666668,193471.81788934814,1281,1299152,45
conus13km_control_intel,ursa,intel,117.88,6.662842440562068,111,145,1765.7,8.769729942552727,1746,1784,50
conus13km_control_intel,wcoss2,intel,185.14583333333334,7.525812554796265,178,212,1025.9583333333333,3.155261282186504,1016,1030,48
