test_name,machine,compiler,core_mean,core_std,core_min,core_max,mem_mean,mem_std,mem_min,mem_max,n_hashes
conus13km_debug_qr_gnu,derecho,gnu,609.2954545454545,15.117492633023287,590,671,657.25,2.5346436839625435,652,662,44
conus13km_debug_qr_gnu,hera,gnu,657.6666666666666,9.018499505645787,649,667,768.3333333333334,3.51188458428426,765,772,3
conus13km_debug_qr_gnu,hercules,gnu,540.9782608695652,16.883244988824224,509,596,17588.08695652174,114072.74944327335,738,774448,46
conus13km_debug_qr_gnu,ursa,gnu,427.26,5.185576542838092,417,443,648.24,2.386697829766516,638,651,50
