test_name,machine,compiler,core_mean,core_std,core_min,core_max,mem_mean,mem_std,mem_min,mem_max,n_hashes
conus13km_restart_intel,acorn,intel,113.38636363636364,7.012334346062839,101,130,685.75,2.03601297569769,682,690,44
conus13km_restart_intel,derecho,intel,103.1590909090909,3.3684112728660716,97,110,877.3181818181819,1.271745317357172,875,880,44
conus13km_restart_intel,gaeac6,intel,69.67441860465117,1.8736383021449645,67,78,6338.46511627907,0.5498414147692039,6337,6339,43
conus13km_restart_intel,hera,intel,101.0,,101,101,1325.0,,1325,1325,1
conus13km_restart_intel,hercules,intel,95.6304347826087,11.507212609011164,87,146,28738.717391304348,186368.37265524105,1240,1265272,46
conus13km_restart_intel,orion,intel,129.9777777777778,3.264748973288123,126,138,27673.17777777778,177701.3624730712,1167,1193240,45
conus13km_restart_intel,ursa,intel,69.36,3.281114793132708,66,79,1544.12,6.823249569954014,1531,1563,50
conus13km_restart_intel,wcoss2,intel,114.64583333333333,4.0396417754249985,108,125,697.3958333333334,3.9450458203704617,684,702,48
