test_name,machine,compiler,core_mean,core_std,core_min,core_max,mem_mean,mem_std,mem_min,mem_max,n_hashes
conus13km_restart_gnu,derecho,gnu,137.4090909090909,4.463381666239196,122,146,587.5681818181819,0.6611381051492677,586,589,44
conus13km_restart_gnu,hera,gnu,163.0,1.7320508075688772,162,165,724.3333333333334,10.016652800877829,713,732,3
conus13km_restart_gnu,hercules,gnu,150.67391304347825,15.292778757492165,128,173,17198.630434782608,111618.67359747825,674,757776,46
conus13km_restart_gnu,ursa,gnu,102.84,2.4273946728867943,98,108,579.14,3.030524976411343,571,583,50
