test_name,machine,compiler,core_mean,core_std,core_min,core_max,mem_mean,mem_std,mem_min,mem_max,n_hashes
conus13km_decomp_gnu,derecho,gnu,235.63636363636363,7.713144652010169,228,273,935.1363636363636,0.8238003001097288,933,937,44
conus13km_decomp_gnu,hercules,gnu,277.7826086956522,21.264381322847797,234,314,23584.760869565216,153000.20747454124,1000,1038724,46
conus13km_decomp_gnu,ursa,gnu,184.16,5.7155712839611,176,209,906.2,1.3248026422136854,899,908,50
