test_name,machine,compiler,core_mean,core_std,core_min,core_max,mem_mean,mem_std,mem_min,mem_max,n_hashes
conus13km_radar_tten_debug_intel,acorn,intel,1455.590909090909,19.582049423373658,1427,1501,1161.840909090909,9.152311137321224,1144,1171,44
conus13km_radar_tten_debug_intel,derecho,intel,1263.909090909091,13.336116693275354,1237,1317,1104.2727272727273,4.127973974384066,1097,1110,44
conus13km_radar_tten_debug_intel,gaeac6,intel,852.2325581395348,11.667694939655933,833,896,6338.488372093023,0.5057805388589286,6338,6339,43
conus13km_radar_tten_debug_intel,hera,intel,1373.0,,1373,1373,1532.0,,1532,1532,1
conus13km_radar_tten_debug_intel,hercules,intel,1189.1739130434783,48.58820357422213,1117,1326,36623.97826086957,237497.9074929563,1568,1612396,46
conus13km_radar_tten_debug_intel,orion,intel,1372.2444444444445,50.1693294370337,1330,1679,32524.555555555555,208697.01851036627,1391,1401396,45
conus13km_radar_tten_debug_intel,ursa,intel,898.98,9.974436713674738,875,925,1871.0,8.549973147111405,1852,1887,50
conus13km_radar_tten_debug_intel,wcoss2,intel,1450.1041666666667,10.308516585057076,1436,1471,1168.0625,10.175912840018858,1145,1178,48
