test_name,machine,compiler,core_mean,core_std,core_min,core_max,mem_mean,mem_std,mem_min,mem_max,n_hashes
conus13km_control_gnu,derecho,gnu,232.29545454545453,6.234113000649125,226,261,929.9090909090909,0.8844439014426723,928,933,44
conus13km_control_gnu,hercules,gnu,273.80434782608694,24.682535044680563,228,325,23391.521739130436,151719.89030208695,995,1030036,46
conus13km_control_gnu,ursa,gnu,179.48,3.7210926637541317,172,188,902.96,1.0682810911908527,898,905,50
