test_name,machine,compiler,core_mean,core_std,core_min,core_max,mem_mean,mem_std,mem_min,mem_max,n_hashes
conus13km_control_gnu,derecho,gnu,232.45454545454547,6.184957541372731,226,261,929.9318181818181,0.873318378043879,928,933,44
conus13km_control_gnu,hercules,gnu,275.39130434782606,24.478088397466863,228,325,23390.739130434784,151720.00829912312,995,1030036,46
conus13km_control_gnu,ursa,gnu,179.66,3.6678971342930295,172,188,903.08,0.8040712731125585,902,905,50
