test_name,machine,compiler,core_mean,core_std,core_min,core_max,mem_mean,mem_std,mem_min,mem_max,n_hashes
conus13km_debug_qr_intel,acorn,intel,1455.9545454545455,19.01646110115773,1429,1505,805.6363636363636,8.072609183373372,788,813,44
conus13km_debug_qr_intel,derecho,intel,1265.7727272727273,14.614207226330214,1240,1322,741.4090909090909,1.8212975417897919,735,746,44
conus13km_debug_qr_intel,gaeac6,intel,851.1395348837209,6.534091532835167,837,863,6338.372093023256,0.6908674951843062,6337,6339,43
conus13km_debug_qr_intel,hera,intel,1399.0,32.526911934581186,1376,1422,1184.0,25.45584412271571,1166,1202,2
conus13km_debug_qr_intel,hercules,intel,1201.0434782608695,65.99560811035147,1108,1527,26832.41304347826,174185.8466107171,1129,1182536,46
conus13km_debug_qr_intel,orion,intel,1370.6222222222223,23.838747001171395,1324,1444,24272.17777777778,155801.66876094413,1018,1046196,45
conus13km_debug_qr_intel,ursa,intel,899.54,10.00858814891959,877,925,1426.62,5.731723393642136,1418,1442,50
conus13km_debug_qr_intel,wcoss2,intel,1451.3958333333333,10.266117754967816,1436,1473,837.375,11.719460084869533,802,847,48
