test_name,machine,compiler,core_mean,core_std,core_min,core_max,mem_mean,mem_std,mem_min,mem_max,n_hashes
conus13km_restart_gnu,derecho,gnu,137.06666666666666,4.266145801540303,122,145,587.5111111111111,0.6260344973875117,586,589,45
conus13km_restart_gnu,hera,gnu,163.4,1.9493588689617933,162,166,725.2,7.259476565152624,713,732,5
conus13km_restart_gnu,hercules,gnu,149.61702127659575,15.605953701530726,128,173,16850.59574468085,110424.54031238976,674,757776,47
conus13km_restart_gnu,ursa,gnu,102.8,2.432769480846627,98,108,579.24,2.924631496061603,571,583,50
