test_name,machine,compiler,core_mean,core_std,core_min,core_max,mem_mean,mem_std,mem_min,mem_max,n_hashes
conus13km_restart_intel,acorn,intel,113.0909090909091,6.646622439405488,101,130,685.7045454545455,2.097390909151876,682,690,44
conus13km_restart_intel,derecho,intel,103.0,3.2990484886149427,97,110,877.3636363636364,1.2956260781803237,875,880,44
conus13km_restart_intel,gaeac6,intel,69.65116279069767,1.9009235966990496,67,78,6338.488372093023,0.5508475298185203,6337,6339,43
conus13km_restart_intel,hera,intel,101.5,0.7071067811865476,101,102,1311.0,19.79898987322333,1297,1325,2
conus13km_restart_intel,hercules,intel,95.58695652173913,11.532709206535646,87,146,28738.82608695652,186368.35628308245,1240,1265272,46
conus13km_restart_intel,orion,intel,129.88888888888889,3.2906356267874535,126,138,27673.71111111111,177701.28114832367,1168,1193240,45
conus13km_restart_intel,ursa,intel,69.38,3.2694629153887123,66,79,1544.28,6.937152271116239,1531,1563,50
conus13km_restart_intel,wcoss2,intel,114.64583333333333,4.039641775425002,108,125,697.0208333333334,4.421848960214597,683,702,48
