test_name,machine,compiler,core_mean,core_std,core_min,core_max,mem_mean,mem_std,mem_min,mem_max,n_hashes
conus13km_debug_qr_gnu,derecho,gnu,610.1590909090909,14.924528245153333,590,671,657.5681818181819,2.6711005246311874,652,663,44
conus13km_debug_qr_gnu,hercules,gnu,542.5217391304348,15.67126050441065,514,596,17585.934782608696,114073.07402214743,738,774448,46
conus13km_debug_qr_gnu,ursa,gnu,427.34,5.1965844355613715,417,443,648.38,1.850427418909763,638,651,50
