test_name,machine,compiler,core_mean,core_std,core_min,core_max,mem_mean,mem_std,mem_min,mem_max,n_hashes
conus13km_restart_intel,acorn,intel,113.57142857142857,7.119683663645689,101,130,685.8571428571429,1.9947666722339008,683,690,42
conus13km_restart_intel,derecho,intel,103.36363636363636,3.403766102223675,97,110,877.2727272727273,1.3182729428297566,875,880,44
conus13km_restart_intel,gaeac6,intel,69.6046511627907,1.9041250319556322,67,78,6338.46511627907,0.5498414147686185,6337,6339,43
conus13km_restart_intel,hercules,intel,95.78260869565217,11.43855671446992,87,146,28739.0,186368.3300713938,1240,1265272,46
conus13km_restart_intel,orion,intel,130.15555555555557,3.274943133132619,126,138,27672.88888888889,177701.4065175858,1167,1193240,45
conus13km_restart_intel,ursa,intel,69.4,3.2513733362117274,66,79,1544.22,6.5692232324340205,1531,1563,50
conus13km_restart_intel,wcoss2,intel,114.60416666666667,4.003932021301769,108,125,698.0,2.759895156812288,684,702,48
