test_name,machine,compiler,core_mean,core_std,core_min,core_max,mem_mean,mem_std,mem_min,mem_max,n_hashes
conus13km_control_gnu,derecho,gnu,232.97727272727272,8.751049468927194,226,273,929.8636363636364,0.904534033733256,928,933,44
conus13km_control_gnu,hera,gnu,297.0,5.5677643628300215,292,303,1024.0,1.0,1023,1025,3
conus13km_control_gnu,hercules,gnu,269.4347826086956,25.86688331001463,228,325,23393.869565217392,151719.53630148678,995,1030036,46
conus13km_control_gnu,ursa,gnu,179.34,3.8365056379737013,172,188,903.0,1.0690449676497085,898,905,50
