test_name,machine,compiler,core_mean,core_std,core_min,core_max,mem_mean,mem_std,mem_min,mem_max,n_hashes
conus13km_control_gnu,derecho,gnu,232.8,8.66707458247487,226,273,929.8444444444444,0.8778992372174801,928,933,45
conus13km_control_gnu,hera,gnu,295.0,4.847679857416329,291,303,1023.8,0.8366600265340688,1023,1025,5
conus13km_control_gnu,hercules,gnu,267.4255319148936,26.608060793064933,228,325,22918.82978723404,150096.68454037842,995,1030036,47
conus13km_control_gnu,ursa,gnu,179.86,5.921286401877648,172,211,903.06,1.0768434597167231,898,905,50
