test_name,machine,compiler,core_mean,core_std,core_min,core_max,mem_mean,mem_std,mem_min,mem_max,n_hashes
conus13km_decomp_intel,acorn,intel,181.0909090909091,6.014780947965481,172,195,1025.659090909091,2.684522232996145,1020,1029,44
conus13km_decomp_intel,derecho,intel,165.0,3.3131169894898673,161,175,1004.4545454545455,5.662830853641639,993,1012,44
conus13km_decomp_intel,gaeac6,intel,115.02325581395348,2.6048340783739468,112,126,6338.604651162791,0.5830761970837953,6337,6339,43
conus13km_decomp_intel,hera,intel,178.33333333333334,0.5773502691896278,178,179,1473.6666666666667,2.886751345948145,1472,1477,3
conus13km_decomp_intel,hercules,intel,159.1086956521739,8.927431535241539,149,188,34788.260869565216,225551.92094843803,1517,1531300,46
conus13km_decomp_intel,orion,intel,228.9777777777778,6.264941735522761,224,260,31117.444444444445,199760.94535885038,1334,1341376,45
conus13km_decomp_intel,ursa,intel,116.94,4.925609876255042,111,138,1810.58,7.194357199236281,1794,1829,50
conus13km_decomp_intel,wcoss2,intel,183.29166666666666,5.511914882666355,176,199,1033.1041666666667,3.871552458603169,1022,1038,48
