test_name,machine,compiler,core_mean,core_std,core_min,core_max,mem_mean,mem_std,mem_min,mem_max,n_hashes
conus13km_debug_qr_intel,acorn,intel,1456.2954545454545,19.07827151433346,1429,1505,805.6590909090909,8.08657567398451,788,813,44
conus13km_debug_qr_intel,derecho,intel,1267.090909090909,15.559067022035546,1240,1322,741.4318181818181,1.8095062576310563,735,746,44
conus13km_debug_qr_intel,gaeac6,intel,851.1860465116279,6.525611863132939,837,863,6338.3488372093025,0.6860418191554665,6337,6339,43
conus13km_debug_qr_intel,hera,intel,1376.0,,1376,1376,1202.0,,1202,1202,1
conus13km_debug_qr_intel,hercules,intel,1200.1521739130435,66.46468315037838,1108,1527,26832.456521739132,174185.8400587279,1129,1182536,46
conus13km_debug_qr_intel,orion,intel,1370.6222222222223,23.838747001171377,1324,1444,24272.51111111111,155801.6179274176,1018,1046196,45
conus13km_debug_qr_intel,ursa,intel,899.44,9.998285567321734,877,925,1426.7,5.807279035479368,1418,1442,50
conus13km_debug_qr_intel,wcoss2,intel,1451.5625,10.174867347140946,1436,1473,837.7291666666666,10.984979267324361,802,847,48
