test_name,machine,compiler,core_mean,core_std,core_min,core_max,mem_mean,mem_std,mem_min,mem_max,n_hashes
conus13km_2threads_intel,acorn,intel,84.4090909090909,7.877900150563028,70,112,1142.3863636363637,5.839783004454198,1135,1157,44
conus13km_2threads_intel,derecho,intel,116.52272727272727,4.049051777389749,110,135,1111.3636363636363,5.452078370893938,1100,1127,44
conus13km_2threads_intel,gaeac6,intel,58.16279069767442,1.675172095752431,56,65,6338.46511627907,0.6305265074786335,6337,6339,43
conus13km_2threads_intel,hera,intel,92.66666666666667,1.1547005383792526,92,94,1282.3333333333333,4.041451884327406,1278,1286,3
conus13km_2threads_intel,hercules,intel,82.15217391304348,2.820302515722956,78,94,30161.782608695652,195519.53583436363,1303,1327412,46
conus13km_2threads_intel,orion,intel,92.66666666666667,8.939188492759893,88,147,27908.977777777778,179061.32883183414,1202,1202396,45
conus13km_2threads_intel,ursa,intel,50.58,1.6548013013467118,47,57,1781.76,7.947686096324775,1768,1794,50
conus13km_2threads_intel,wcoss2,intel,82.39583333333333,6.632414224075297,75,107,1058.2708333333333,26.591263629591552,1042,1141,48
