test_name,machine,compiler,core_mean,core_std,core_min,core_max,mem_mean,mem_std,mem_min,mem_max,n_hashes
conus13km_debug_qr_intel,acorn,intel,1456.1363636363637,19.350609519984822,1429,1505,805.5,8.216545983987228,788,813,44
conus13km_debug_qr_intel,derecho,intel,1265.0681818181818,14.757572320791148,1240,1322,741.3409090909091,1.8670108159547856,735,746,44
conus13km_debug_qr_intel,gaeac6,intel,851.2325581395348,6.75361352766527,837,863,6338.372093023256,0.6908674951845384,6337,6339,43
conus13km_debug_qr_intel,hera,intel,1378.75,30.609094509094298,1351,1422,1176.25,19.224550276491065,1158,1202,4
conus13km_debug_qr_intel,hercules,intel,1200.4565217391305,66.0335626856993,1108,1527,26833.565217391304,174185.67310502665,1129,1182536,46
conus13km_debug_qr_intel,orion,intel,1369.9333333333334,23.726088441360766,1324,1444,24271.333333333332,155801.79737526661,1018,1046196,45
conus13km_debug_qr_intel,ursa,intel,899.34,10.120921955261277,877,925,1426.6,5.55124549363584,1418,1442,50
conus13km_debug_qr_intel,wcoss2,intel,1451.1041666666667,10.331195443450902,1436,1473,836.7708333333334,12.03936731096057,802,847,48
