test_name,machine,compiler,core_mean,core_std,core_min,core_max,mem_mean,mem_std,mem_min,mem_max,n_hashes
conus13km_debug_gnu,derecho,gnu,607.3636363636364,14.15871973763443,582,645,947.5227272727273,2.4062770275245597,943,953,44
conus13km_debug_gnu,hera,gnu,677.5,7.7781745930520225,672,683,1027.5,2.1213203435596424,1026,1029,2
conus13km_debug_gnu,hercules,gnu,541.0217391304348,20.68009147888089,509,631,23886.108695652172,154936.43482527183,1012,1051872,46
conus13km_debug_gnu,ursa,gnu,429.54,8.480975107586989,418,467,916.76,7.74744197415231,891,924,50
