test_name,machine,compiler,core_mean,core_std,core_min,core_max,mem_mean,mem_std,mem_min,mem_max,n_hashes
conus13km_debug_decomp_gnu,derecho,gnu,613.5111111111111,19.45229855806043,585,675,953.0444444444445,2.1315333315325953,949,957,45
conus13km_debug_decomp_gnu,hera,gnu,676.6,12.19836054558153,662,692,1032.0,1.5811388300841986,1030,1034,5
conus13km_debug_decomp_gnu,hercules,gnu,555.0425531914893,35.13078511654298,518,760,23413.893617021276,153324.3470137215,1018,1052188,47
conus13km_debug_decomp_gnu,ursa,gnu,442.84,6.065492896841325,434,462,920.94,5.984367390228027,910,926,50
