test_name,machine,compiler,core_mean,core_std,core_min,core_max,mem_mean,mem_std,mem_min,mem_max,n_hashes
conus13km_debug_intel,acorn,intel,1454.9302325581396,19.968302678229435,1426,1503,1093.5116279069769,9.0773713759186,1074,1102,43
conus13km_debug_intel,derecho,intel,1266.9772727272727,18.415727146721498,1239,1325,1032.9318181818182,4.862757028647674,1025,1040,44
conus13km_debug_intel,gaeac6,intel,850.2558139534884,7.094911064430756,832,867,6338.46511627907,0.5498414147690706,6337,6339,43
conus13km_debug_intel,hercules,intel,1193.1739130434783,51.673463788518944,1107,1331,35009.717391304344,226999.20154423083,1514,1541124,46
conus13km_debug_intel,orion,intel,1371.3777777777777,31.35811399193697,1320,1470,30965.71111111111,198729.06123283232,1312,1334456,45
conus13km_debug_intel,ursa,intel,900.5,8.723063494821833,885,926,3593802.8,25399304.18197021,1780,179602001,50
conus13km_debug_intel,wcoss2,intel,1448.4375,10.95621119866653,1434,1481,1101.1458333333333,9.367189417784465,1084,1109,48
