test_name,machine,compiler,core_mean,core_std,core_min,core_max,mem_mean,mem_std,mem_min,mem_max,n_hashes
conus13km_debug_decomp_gnu,derecho,gnu,614.5227272727273,19.04399879393572,585,675,953.1590909090909,2.2302693738460304,949,957,44
conus13km_debug_decomp_gnu,hera,gnu,675.6666666666666,15.176736583776297,662,692,1031.6666666666667,2.0816659994661553,1030,1034,3
conus13km_debug_decomp_gnu,hercules,gnu,556.2608695652174,34.92623005555739,523,760,23899.065217391304,154982.10896464463,1018,1052188,46
conus13km_debug_decomp_gnu,ursa,gnu,442.92,5.999455757629608,434,462,921.2,5.869325309764028,910,926,50
