test_name,machine,compiler,core_mean,core_std,core_min,core_max,mem_mean,mem_std,mem_min,mem_max,n_hashes
conus13km_restart_gnu,derecho,gnu,137.75,4.666182145389688,122,146,587.6136363636364,0.7222673952732727,586,589,44
conus13km_restart_gnu,hera,gnu,162.0,,162,162,728.0,,728,728,1
conus13km_restart_gnu,hercules,gnu,152.15217391304347,15.016979118176504,128,173,17195.0,111619.22152727797,674,757776,46
conus13km_restart_gnu,ursa,gnu,102.92,2.431426892730661,98,108,579.12,3.1209626981535226,571,583,50
