test_name,machine,compiler,core_mean,core_std,core_min,core_max,mem_mean,mem_std,mem_min,mem_max,n_hashes
conus13km_debug_2threads_gnu,derecho,gnu,612.9318181818181,12.846857777560649,590,661,1079.2272727272727,130.96721827295733,1055,1928,44
conus13km_debug_2threads_gnu,hercules,gnu,561.6521739130435,20.97110964192229,546,690,23458.978260869564,152074.4613135273,1030,1032456,46
conus13km_debug_2threads_gnu,ursa,gnu,247.06,3.593701973947058,240,256,920.62,5.999625838673746,893,926,50
