test_name,machine,compiler,core_mean,core_std,core_min,core_max,mem_mean,mem_std,mem_min,mem_max,n_hashes
conus13km_debug_2threads_gnu,derecho,gnu,613.5227272727273,12.151157732885833,598,661,1079.2954545454545,130.95633562116598,1055,1928,44
conus13km_debug_2threads_gnu,hercules,gnu,562.1521739130435,20.860347702763566,546,690,23459.67391304348,152074.35648378715,1030,1032456,46
conus13km_debug_2threads_gnu,ursa,gnu,246.92,3.439506371797081,240,255,920.68,6.035405740211612,893,926,50
