test_name,machine,compiler,core_mean,core_std,core_min,core_max,mem_mean,mem_std,mem_min,mem_max,n_hashes
conus13km_decomp_intel,acorn,intel,181.20454545454547,5.947755275046146,172,195,1025.659090909091,2.6845222329960925,1020,1029,44
conus13km_decomp_intel,derecho,intel,166.5,9.510092558178199,161,224,1003.7045454545455,5.708335583812602,993,1012,44
conus13km_decomp_intel,gaeac6,intel,114.90697674418605,2.6350562792252425,112,126,6338.604651162791,0.5830761970838804,6337,6339,43
conus13km_decomp_intel,hera,intel,179.0,,179,179,1477.0,,1477,1477,1
conus13km_decomp_intel,hercules,intel,159.04347826086956,8.986301975140043,149,188,34787.586956521736,225552.0225148933,1517,1531300,46
conus13km_decomp_intel,orion,intel,228.88888888888889,6.285706086837103,224,260,31117.28888888889,199760.9690754999,1334,1341376,45
conus13km_decomp_intel,ursa,intel,116.96,4.915448367449425,111,138,1811.16,6.8492812076323055,1794,1829,50
conus13km_decomp_intel,wcoss2,intel,183.20833333333334,5.592389712371224,176,199,1033.7083333333333,3.235168010589035,1023,1038,48
