test_name,machine,compiler,core_mean,core_std,core_min,core_max,mem_mean,mem_std,mem_min,mem_max,n_hashes
conus13km_restart_gnu,derecho,gnu,137.9090909090909,4.654670981394052,122,146,587.5909090909091,0.7255529348785397,586,589,44
conus13km_restart_gnu,hercules,gnu,153.1086956521739,14.844719616183118,128,173,17193.17391304348,111619.49708188765,674,757776,46
conus13km_restart_gnu,ursa,gnu,103.12,2.5123369070834998,98,109,579.16,3.1321896885242975,571,583,50
