test_name,machine,compiler,core_mean,core_std,core_min,core_max,mem_mean,mem_std,mem_min,mem_max,n_hashes
conus13km_debug_intel,acorn,intel,1454.8636363636363,19.73969075544248,1426,1503,1093.590909090909,8.986600313847639,1074,1102,44
conus13km_debug_intel,derecho,intel,1266.5681818181818,18.63654540209411,1239,1325,1033.1818181818182,4.780156304113397,1025,1040,44
conus13km_debug_intel,gaeac6,intel,850.3255813953489,7.097017919126896,832,867,6338.46511627907,0.5498414147690927,6337,6339,43
conus13km_debug_intel,hera,intel,1355.0,,1355,1355,1463.0,,1463,1463,1
conus13km_debug_intel,hercules,intel,1194.304347826087,51.04937460285863,1107,1331,35009.86956521739,226999.1786080693,1514,1541124,46
conus13km_debug_intel,orion,intel,1371.2888888888888,31.445929222181782,1320,1470,30966.733333333334,198728.90549901483,1312,1334456,45
conus13km_debug_intel,ursa,intel,900.7,8.685549810472791,885,926,3593803.16,25399304.130019486,1780,179602001,50
conus13km_debug_intel,wcoss2,intel,1448.0416666666667,10.909606021580215,1434,1481,1100.8958333333333,9.313087527280162,1084,1109,48
