test_name,machine,compiler,core_mean,core_std,core_min,core_max,mem_mean,mem_std,mem_min,mem_max,n_hashes
conus13km_debug_decomp_intel,acorn,intel,1487.0238095238096,20.81449787333191,1458,1557,1100.904761904762,8.897271502310744,1082,1111,42
conus13km_debug_decomp_intel,derecho,intel,1292.590909090909,22.62774401380595,1267,1410,1046.2272727272727,2.709703805693078,1040,1050,44
conus13km_debug_decomp_intel,gaeac6,intel,871.2325581395348,8.957139236391853,849,892,6338.418604651163,0.62612025847503,6337,6339,43
conus13km_debug_decomp_intel,hercules,intel,1230.8695652173913,78.00985940412411,1153,1554,35869.760869565216,232570.3515961649,1539,1578948,46
conus13km_debug_decomp_intel,orion,intel,1408.0666666666666,25.52218286475156,1367,1504,32239.71111111111,207009.72937374687,1354,1390044,45
conus13km_debug_decomp_intel,ursa,intel,929.02,12.088939117209275,903,951,1842.32,7.654370500250379,1818,1858,50
conus13km_debug_decomp_intel,wcoss2,intel,1481.8125,10.113517918155424,1465,1505,1107.2291666666667,8.877989956840377,1092,1116,48
