test_name,machine,compiler,core_mean,core_std,core_min,core_max,mem_mean,mem_std,mem_min,mem_max,n_hashes
conus13km_debug_2threads_gnu,derecho,gnu,613.9545454545455,13.944999179425036,590,661,1079.1363636363637,130.98155220880335,1055,1928,44
conus13km_debug_2threads_gnu,hera,gnu,687.0,,687,687,1017.0,,1017,1017,1
conus13km_debug_2threads_gnu,hercules,gnu,561.1304347826087,20.80235958373973,546,690,23458.608695652172,152074.51700670057,1030,1032456,46
conus13km_debug_2threads_gnu,ursa,gnu,247.0,3.6533462435841195,240,256,920.68,6.018474957688746,893,926,50
