test_name,machine,compiler,core_mean,core_std,core_min,core_max,mem_mean,mem_std,mem_min,mem_max,n_hashes
conus13km_restart_gnu,derecho,gnu,137.5681818181818,4.5718945605897785,122,146,587.5909090909091,0.6927592896553599,586,589,44
conus13km_restart_gnu,hera,gnu,162.0,0.0,162,162,730.0,2.8284271247461903,728,732,2
conus13km_restart_gnu,hercules,gnu,151.3695652173913,15.057458389120569,128,173,17196.804347826088,111618.94921415439,674,757776,46
conus13km_restart_gnu,ursa,gnu,102.88,2.4297476143393513,98,108,579.16,3.0396025518922065,571,583,50
