test_name,machine,compiler,core_mean,core_std,core_min,core_max,mem_mean,mem_std,mem_min,mem_max,n_hashes
conus13km_restart_intel,acorn,intel,113.60975609756098,7.20374225240079,101,130,685.8780487804878,2.0148836436779756,683,690,41
conus13km_restart_intel,derecho,intel,103.5909090909091,3.506261388113549,97,110,877.25,1.3316365172048712,875,880,44
conus13km_restart_intel,gaeac6,intel,69.6046511627907,1.9041250319556342,67,78,6338.441860465116,0.5478236413033428,6337,6339,43
conus13km_restart_intel,hercules,intel,95.34782608695652,11.304310665119145,87,146,28739.456521739132,186368.26127711125,1240,1265272,46
conus13km_restart_intel,orion,intel,130.13333333333333,3.286335345030998,126,138,27672.933333333334,177701.3997424536,1167,1193240,45
conus13km_restart_intel,ursa,intel,69.36,3.2561401965504895,66,79,1544.06,6.59749488635726,1531,1563,50
conus13km_restart_intel,wcoss2,intel,114.64583333333333,4.071120831257044,108,125,698.4166666666666,2.0088456866835815,696,704,48
