test_name,machine,compiler,core_mean,core_std,core_min,core_max,mem_mean,mem_std,mem_min,mem_max,n_hashes
conus13km_debug_qr_gnu,derecho,gnu,608.5555555555555,15.218940883522752,590,671,657.1777777777778,2.4053811726748218,652,662,45
conus13km_debug_qr_gnu,hera,gnu,660.2,7.395944834840234,649,667,768.6,2.607680962081067,765,772,5
conus13km_debug_qr_gnu,hercules,gnu,539.8085106382979,17.629814541765843,509,596,17231.14893617021,112852.54845612723,738,774448,47
conus13km_debug_qr_gnu,ursa,gnu,427.0,5.221619109284855,417,443,648.24,2.378131662478263,638,651,50
