test_name,machine,compiler,core_mean,core_std,core_min,core_max,mem_mean,mem_std,mem_min,mem_max,n_hashes
conus13km_radar_tten_debug_intel,acorn,intel,1453.7333333333333,19.367733241375753,1427,1501,1161.8,9.31421201468725,1144,1171,45
conus13km_radar_tten_debug_intel,derecho,intel,1260.7333333333333,11.298431105890085,1237,1287,1104.888888888889,3.785271830170653,1099,1110,45
conus13km_radar_tten_debug_intel,gaeac6,intel,851.6363636363636,11.769275943607832,833,896,6338.545454545455,0.5036862005093397,6338,6339,44
conus13km_radar_tten_debug_intel,hera,intel,1359.2,16.97645428232881,1341,1381,1530.0,2.1213203435596326,1527,1532,5
conus13km_radar_tten_debug_intel,hercules,intel,1187.936170212766,47.991124295028094,1117,1326,35878.59574468085,234957.80008487555,1568,1612396,47
conus13km_radar_tten_debug_intel,orion,intel,1372.6304347826087,50.48535923992757,1330,1679,31848.652173913044,206416.04553191082,1391,1401396,46
conus13km_radar_tten_debug_intel,ursa,intel,898.52,10.62964664300282,875,925,1871.32,9.067637002898135,1852,1887,50
conus13km_radar_tten_debug_intel,wcoss2,intel,1449.4489795918366,9.846871805489316,1436,1471,1167.204081632653,10.551420899253184,1145,1178,49
