test_name,machine,compiler,core_mean,core_std,core_min,core_max,mem_mean,mem_std,mem_min,mem_max,n_hashes
conus13km_2threads_gnu,derecho,gnu,143.75,6.302915530613314,139,181,1042.0681818181818,0.8733183780438766,1040,1044,44
conus13km_2threads_gnu,hera,gnu,148.66666666666666,2.886751345948133,147,152,1013.6666666666666,1.5275252316519312,1012,1015,3
conus13km_2threads_gnu,hercules,gnu,132.04347826086956,10.254444070177865,122,180,23090.5,149702.8279248592,1012,1016352,46
conus13km_2threads_gnu,ursa,gnu,70.74,1.7474179201768316,67,76,904.92,1.8052078855921514,897,908,50
