test_name,machine,compiler,core_mean,core_std,core_min,core_max,mem_mean,mem_std,mem_min,mem_max,n_hashes
conus13km_control_intel,acorn,intel,180.3409090909091,7.067591220915496,169,200,1017.3181818181819,1.9141180162484348,1013,1021,44
conus13km_control_intel,derecho,intel,165.1590909090909,3.946992860736657,157,175,988.1590909090909,1.96413401023154,983,992,44
conus13km_control_intel,gaeac6,intel,114.27906976744185,1.2969851744085807,112,117,6338.53488372093,0.6305265074789961,6338,6341,43
conus13km_control_intel,hera,intel,175.75,0.9574271077563369,175,177,1441.25,7.632168761236874,1430,1447,4
conus13km_control_intel,hercules,intel,159.82608695652175,12.273375607072024,147,197,34099.63043478261,221139.5828775581,1473,1501336,46
conus13km_control_intel,orion,intel,225.44444444444446,3.8349798835288085,220,239,30145.088888888888,193471.75352276553,1281,1299152,45
conus13km_control_intel,ursa,intel,117.78,6.6063976413714585,111,145,1766.34,8.886150655339383,1746,1784,50
conus13km_control_intel,wcoss2,intel,184.89583333333334,7.529345662093804,178,212,1025.1875,3.77931801795654,1016,1030,48
