test_name,machine,compiler,core_mean,core_std,core_min,core_max,mem_mean,mem_std,mem_min,mem_max,n_hashes
cpld_debug_pdlib_p8_intel,acorn,intel,1464.4,42.88796775061481,1432,1564,1961.8,2.5298221281347675,1959,1967,10
cpld_debug_pdlib_p8_intel,derecho,intel,1395.6,16.405960976290157,1383,1431,1894.5,1.5811388300841536,1892,1897,10
cpld_debug_pdlib_p8_intel,gaeac6,intel,978.7,6.566751268490554,974,996,6338.9,0.5676462121972679,6338,6340,10
cpld_debug_pdlib_p8_intel,hercules,intel,1351.090909090909,41.28063600637602,1306,1406,2066.2727272727275,3.71728150913835,2058,2071,11
cpld_debug_pdlib_p8_intel,orion,intel,1733.4,35.09099282975302,1673,1801,1998.4,4.9710271686152305,1991,2006,10
cpld_debug_pdlib_p8_intel,ursa,intel,1165.7272727272727,17.199365738834146,1148,1212,2185.3636363636365,7.433340127731611,2178,2198,11
cpld_debug_pdlib_p8_intel,wcoss2,intel,1444.0,19.607254893137,1429,1490,1873.5,2.7988092706244556,1870,1879,10
