test_name,machine,compiler,core_mean,core_std,core_min,core_max,mem_mean,mem_std,mem_min,mem_max,n_hashes
cpld_restart_p8_intel,acorn,intel,277.8333333333333,12.526064779114597,249,305,2610.9333333333334,897.6520688895052,1359,3237,30
cpld_restart_p8_intel,derecho,intel,288.72727272727275,16.26974325103333,266,327,1459.939393939394,104.23469293916104,1321,1539,33
cpld_restart_p8_intel,gaeac6,intel,169.42424242424244,11.222272227111326,154,202,6338.727272727273,0.4522670168665573,6338,6339,33
cpld_restart_p8_intel,hercules,intel,285.8529411764706,55.762555239559454,243,555,52110.882352941175,292945.82928928296,1706,1710024,34
cpld_restart_p8_intel,orion,intel,536.6969696969697,34.47506784663815,493,610,47933.51515151515,265659.2075009025,1524,1527784,33
cpld_restart_p8_intel,ursa,intel,230.94117647058823,25.185302564008275,202,331,2179.294117647059,113.9613250217503,2010,2303,34
cpld_restart_p8_intel,wcoss2,intel,286.8787878787879,25.744850912072653,250,379,1542.5151515151515,461.04745696702156,1263,3258,33
