test_name,machine,compiler,core_mean,core_std,core_min,core_max,mem_mean,mem_std,mem_min,mem_max,n_hashes
cpld_debug_gfsv17_intel,acorn,intel,1220.2727272727273,12.94058629986896,1197,1259,1935.5681818181818,4.1337956389712005,1929,1944,44
cpld_debug_gfsv17_intel,derecho,intel,1124.7045454545455,11.508499478806929,1092,1159,1871.090909090909,2.8186932632824546,1862,1877,44
cpld_debug_gfsv17_intel,gaeac6,intel,772.6279069767442,7.084601866738026,757,802,6338.767441860465,0.7183714817732304,6338,6340,43
cpld_debug_gfsv17_intel,hera,intel,1312.3333333333333,10.263202878893736,1301,1321,1930.6666666666667,6.506407098647684,1924,1937,3
cpld_debug_gfsv17_intel,hercules,intel,1102.1739130434783,55.13067480403107,1023,1350,45315.782608695656,293813.58204487513,1987,1994736,46
cpld_debug_gfsv17_intel,orion,intel,1367.0444444444445,29.50574332039251,1303,1412,45147.688888888886,289805.43447597756,1922,1946020,45
cpld_debug_gfsv17_intel,ursa,intel,805.54,15.509325700154381,790,882,2084.12,9.375695892539671,2055,2109,50
cpld_debug_gfsv17_intel,wcoss2,intel,1248.7916666666667,297.237132809088,567,3158,1863.8958333333333,26.57645701322675,1848,1941,48
