test_name,machine,compiler,core_mean,core_std,core_min,core_max,mem_mean,mem_std,mem_min,mem_max,n_hashes
cpld_control_gfsv17_iau_intel,acorn,intel,852.560975609756,11.260658907203915,831,877,1945.5121951219512,4.899601775754366,1935,1961,41
cpld_control_gfsv17_iau_intel,derecho,intel,852.9090909090909,64.59635607183259,820,1151,1888.3181818181818,5.729453593302025,1874,1899,44
cpld_control_gfsv17_iau_intel,gaeac6,intel,564.2325581395348,4.755133613376491,556,577,6338.720930232558,0.6663897542282893,6338,6340,43
cpld_control_gfsv17_iau_intel,hercules,intel,975.8260869565217,150.8552366192799,735,1757,53112.02173913043,344391.6417869818,2306,2338112,46
cpld_control_gfsv17_iau_intel,orion,intel,1451.4888888888888,79.02750448196139,1291,1561,49595.4,318345.22736684064,2113,2137664,45
cpld_control_gfsv17_iau_intel,ursa,intel,605.9,23.92014777102675,519,643,2627.66,59.57283657123322,2529,2850,50
cpld_control_gfsv17_iau_intel,wcoss2,intel,899.0833333333334,13.74979045617248,878,941,1843.6666666666667,5.050103573125093,1828,1857,48
