test_name,machine,compiler,core_mean,core_std,core_min,core_max,mem_mean,mem_std,mem_min,mem_max,n_hashes
cpld_restart_pdlib_p8_intel,acorn,intel,382.14285714285717,4.6716352409168085,378,392,1104.5714285714287,1.8693596482500385,1102,1110,14
cpld_restart_pdlib_p8_intel,derecho,intel,398.7857142857143,14.895423000829023,378,423,1048.9285714285713,4.999450519257597,1040,1055,14
cpld_restart_pdlib_p8_intel,gaeac6,intel,255.64285714285714,3.629094883070661,253,267,6338.571428571428,0.7559289460185185,6338,6340,14
cpld_restart_pdlib_p8_intel,hera,intel,415.5,0.7071067811865476,415,416,1350.0,1.4142135623730951,1349,1351,2
cpld_restart_pdlib_p8_intel,hercules,intel,365.6666666666667,33.04902563220428,341,463,1405.5333333333333,9.070097390142312,1390,1417,15
cpld_restart_pdlib_p8_intel,orion,intel,578.2857142857143,28.399427327456333,557,639,1251.142857142857,7.34697366117653,1234,1258,14
cpld_restart_pdlib_p8_intel,ursa,intel,240.73333333333332,15.026009196754552,230,282,1650.6,18.34121042897668,1622,1677,15
cpld_restart_pdlib_p8_intel,wcoss2,intel,393.7142857142857,4.530725386455524,387,402,1037.4285714285713,46.04465104775884,1007,1112,14
