test_name,machine,compiler,core_mean,core_std,core_min,core_max,mem_mean,mem_std,mem_min,mem_max,n_hashes
cpld_control_nowave_noaero_p8_gnu,derecho,gnu,535.5454545454545,11.78442732052463,525,568,1632.7272727272727,9.788676203561927,1615,1651,11
cpld_control_nowave_noaero_p8_gnu,hercules,gnu,513.6666666666666,17.395575891762228,497,565,1626.1666666666667,8.343024667712564,1611,1635,12
cpld_control_nowave_noaero_p8_gnu,ursa,gnu,538.1666666666666,268.01283325221345,411,1221,1553.4166666666667,5.230302152463144,1544,1558,12
