test_name,machine,compiler,core_mean,core_std,core_min,core_max,mem_mean,mem_std,mem_min,mem_max,n_hashes
cpld_control_c48_5deg_intel,acorn,intel,363.8333333333333,8.861857611426787,348,394,2889.3571428571427,2.903500230558104,2885,2894,42
cpld_control_c48_5deg_intel,derecho,intel,321.72727272727275,17.740196947549496,304,353,2852.4772727272725,1.663404135872956,2850,2856,44
cpld_control_c48_5deg_intel,gaeac6,intel,244.74418604651163,3.559648345766034,238,249,6337.697674418605,0.5133866880557004,6337,6339,43
cpld_control_c48_5deg_intel,hercules,intel,344.39130434782606,32.52587227346499,315,430,69662.43478260869,451782.38928427343,3035,3067188,46
cpld_control_c48_5deg_intel,orion,intel,510.44444444444446,49.22377269145264,455,656,70657.17777777778,453537.2194833573,3029,3045468,45
cpld_control_c48_5deg_intel,ursa,intel,514.72,407.0401394236701,241,1432,3032.06,2.831383883170459,3025,3038,50
cpld_control_c48_5deg_intel,wcoss2,intel,370.9791666666667,11.929740385849094,360,435,2896.6666666666665,1.9928951818082583,2890,2901,48
