test_name,machine,compiler,core_mean,core_std,core_min,core_max,mem_mean,mem_std,mem_min,mem_max,n_hashes
cpld_control_p8_lnd_intel,acorn,intel,483.3863636363636,24.809240503818742,431,517,2434.409090909091,638.3335979258923,1994,3361,44
cpld_control_p8_lnd_intel,gaeac6,intel,299.8139534883721,24.736955017172072,269,396,6338.7441860465115,0.49246818876295073,6337,6339,43
cpld_control_p8_lnd_intel,hera,intel,734.0,1.4142135623730951,733,735,2117.5,3.5355339059327378,2115,2120,2
cpld_control_p8_lnd_intel,hercules,intel,506.39130434782606,59.03162175605341,368,710,48867.80434782609,316695.6546991393,2140,2150108,46
cpld_control_p8_lnd_intel,orion,intel,916.8,235.61540310815454,423,1106,48293.22222222222,309902.3714277456,2061,2080984,45
cpld_control_p8_lnd_intel,ursa,intel,434.08,36.06617500639396,316,495,2356.54,106.9978466310115,2272,2558,50
