test_name,machine,compiler,core_mean,core_std,core_min,core_max,mem_mean,mem_std,mem_min,mem_max,n_hashes
cpld_restart_p8_lnd_intel,acorn,intel,275.65909090909093,17.915750095374612,239,302,2010.6136363636363,893.3744030336729,1370,3242,44
cpld_restart_p8_lnd_intel,gaeac6,intel,164.72093023255815,19.531812367319098,144,270,6338.581395348837,0.5447829685617613,6337,6339,43
cpld_restart_p8_lnd_intel,hera,intel,364.3333333333333,10.408329997330657,356,376,1733.6666666666667,0.5773502691896093,1733,1734,3
cpld_restart_p8_lnd_intel,hercules,intel,264.89130434782606,39.95398923810547,193,408,38369.0,248209.64163464718,1676,1685212,46
cpld_restart_p8_lnd_intel,orion,intel,471.0,111.0622266201168,220,619,34952.97777777778,223824.5926592243,1500,1503048,45
cpld_restart_p8_lnd_intel,ursa,intel,219.44,14.86697476877894,175,254,2126.22,115.02214338720985,2008,2323,50
