test_name,machine,compiler,core_mean,core_std,core_min,core_max,mem_mean,mem_std,mem_min,mem_max,n_hashes
cpld_control_c48_5deg_intel,acorn,intel,363.53333333333336,8.497593242153366,348,394,2889.0444444444443,2.6367641632359082,2885,2893,45
cpld_control_c48_5deg_intel,derecho,intel,317.0888888888889,15.806819906469343,304,353,2851.9777777777776,1.6987815003289228,2849,2856,45
cpld_control_c48_5deg_intel,gaeac6,intel,244.1590909090909,3.436758761135427,238,249,6337.727272727273,0.5440432764779187,6337,6339,44
cpld_control_c48_5deg_intel,hera,intel,424.4,4.449719092257399,419,430,3088.2,2.280350850198286,3085,3091,5
cpld_control_c48_5deg_intel,hercules,intel,339.59574468085106,31.924271517661836,315,430,68244.70212765958,446950.42213329085,3035,3067188,47
cpld_control_c48_5deg_intel,orion,intel,507.45652173913044,49.811068168403075,455,656,69187.13043478261,448580.4218017154,3029,3045468,46
cpld_control_c48_5deg_intel,ursa,intel,556.18,421.2171232250171,241,1432,3031.8,2.920721185751587,3023,3037,50
cpld_control_c48_5deg_intel,wcoss2,intel,370.734693877551,11.593416792523685,360,435,2895.612244897959,3.371549634630453,2888,2901,49
