test_name,machine,compiler,core_mean,core_std,core_min,core_max,mem_mean,mem_std,mem_min,mem_max,n_hashes
cpld_2threads_p8_intel,acorn,intel,451.9310344827586,17.784284865502464,415,499,3063.551724137931,699.9716109654988,2112,3569,29
cpld_2threads_p8_intel,derecho,intel,883.84375,39.82227401925356,840,990,2131.9375,44.206945520563465,2066,2174,32
cpld_2threads_p8_intel,gaeac6,intel,356.28125,18.25665477431139,332,389,6338.8125,0.4709290748599192,6337,6339,32
cpld_2threads_p8_intel,hercules,intel,681.3030303030303,39.222510157182796,628,790,69286.33333333333,384670.5836512641,2205,2212088,33
cpld_2threads_p8_intel,orion,intel,741.875,44.36269138698387,666,872,69666.5625,381394.8701538516,2152,2159740,32
cpld_2threads_p8_intel,ursa,intel,785.030303030303,46.65798755872679,673,860,2850.5151515151515,171.41964611956695,2622,2990,33
cpld_2threads_p8_intel,wcoss2,intel,460.09375,26.132860755958625,423,541,2135.03125,271.5033991796954,2021,3601,32
