test_name,machine,compiler,core_mean,core_std,core_min,core_max,mem_mean,mem_std,mem_min,mem_max,n_hashes
cpld_control_p8_mixedmode_intel,acorn,intel,395.75,4.464676173400858,389,404,3322.9375,1.123610252712222,3321,3326,16
cpld_control_p8_mixedmode_intel,derecho,intel,394.8125,17.39432378679896,374,435,1978.375,1.4548768561863374,1976,1982,16
cpld_control_p8_mixedmode_intel,gaeac6,intel,246.25,15.842979517754857,239,303,6338.6875,0.4787135538782515,6338,6339,16
cpld_control_p8_mixedmode_intel,hera,intel,691.5,5.74456264653804,688,700,2207.5,1.7320508075688772,2206,2210,4
cpld_control_p8_mixedmode_intel,hercules,intel,487.4117647058824,27.751258583011634,459,569,2156.9411764705883,6.368580966699871,2146,2166,17
cpld_control_p8_mixedmode_intel,orion,intel,981.75,34.649675323154206,948,1052,2099.5625,3.6872528165740706,2094,2109,16
cpld_control_p8_mixedmode_intel,ursa,intel,400.52941176470586,11.451624595766004,382,425,2178.470588235294,6.6154898444750465,2169,2195,17
cpld_control_p8_mixedmode_intel,wcoss2,intel,410.125,9.337201579345562,393,435,2464.375,702.1143188019075,1927,3345,16
