test_name,machine,compiler,core_mean,core_std,core_min,core_max,mem_mean,mem_std,mem_min,mem_max,n_hashes
cpld_restart_pdlib_p8_intel,acorn,intel,382.15384615384613,4.862203784399176,378,392,1104.4615384615386,1.898042176181574,1102,1110,13
cpld_restart_pdlib_p8_intel,derecho,intel,399.6923076923077,15.096272251699617,378,423,1048.7692307692307,5.166459880063647,1040,1055,13
cpld_restart_pdlib_p8_intel,gaeac6,intel,255.76923076923077,3.745082245510906,253,267,6338.461538461538,0.66022529177356,6338,6340,13
cpld_restart_pdlib_p8_intel,hera,intel,415.0,,415,415,1351.0,,1351,1351,1
cpld_restart_pdlib_p8_intel,hercules,intel,366.92857142857144,33.91950717556148,341,463,1405.2857142857142,9.359721983285368,1390,1417,14
cpld_restart_pdlib_p8_intel,orion,intel,579.5384615384615,29.153660103594163,557,639,1251.076923076923,7.6426602966673896,1234,1258,13
cpld_restart_pdlib_p8_intel,ursa,intel,241.14285714285714,15.506113647189627,230,282,1649.142857142857,18.11016349948349,1622,1677,14
cpld_restart_pdlib_p8_intel,wcoss2,intel,393.61538461538464,4.699972722233992,387,402,1032.2307692307693,43.439908391082426,1007,1112,13
