test_name,machine,compiler,core_mean,core_std,core_min,core_max,mem_mean,mem_std,mem_min,mem_max,n_hashes
cpld_restart_c48_5deg_intel,acorn,intel,80.81818181818181,8.076013082890006,67,97,2303.681818181818,4.604208021045209,2294,2314,44
cpld_restart_c48_5deg_intel,derecho,intel,70.20454545454545,15.366195978782482,54,109,2268.2727272727275,4.172800277565118,2253,2277,44
cpld_restart_c48_5deg_intel,gaeac6,intel,47.093023255813954,2.6530660922642846,45,60,6337.627906976744,0.5783085275571923,6337,6339,43
cpld_restart_c48_5deg_intel,hera,intel,77.0,,77,77,2511.0,,2511,2511,1
cpld_restart_c48_5deg_intel,hercules,intel,68.1304347826087,22.199708402141155,57,137,56198.36956521739,364351.8354591622,2459,2473632,46
cpld_restart_c48_5deg_intel,orion,intel,104.24444444444444,33.33790877688884,84,220,57325.53333333333,367921.5782243177,2459,2470572,45
cpld_restart_c48_5deg_intel,ursa,intel,237.28,382.20862131051103,50,1261,2458.48,5.953013299744774,2444,2468,50
cpld_restart_c48_5deg_intel,wcoss2,intel,92.54166666666667,7.696250353486826,81,117,2314.7916666666665,5.094671113905671,2305,2328,48
