test_name,machine,compiler,core_mean,core_std,core_min,core_max,mem_mean,mem_std,mem_min,mem_max,n_hashes
cpld_warmstart_c12_9deg_intel,acorn,intel,47.20454545454545,8.851696842859331,33,70,2040.4772727272727,2.2359497889651565,2034,2044,44
cpld_warmstart_c12_9deg_intel,derecho,intel,34.97727272727273,12.537364873465304,26,62,2004.7954545454545,1.3043673589860374,2001,2007,44
cpld_warmstart_c12_9deg_intel,gaeac6,intel,22.441860465116278,2.0389344273698606,20,34,6337.581395348837,0.7938021265832792,6336,6339,43
cpld_warmstart_c12_9deg_intel,hera,intel,33.0,0.0,33,33,2185.0,3.4641016151377544,2181,2187,3
cpld_warmstart_c12_9deg_intel,hercules,intel,38.52173913043478,26.057832373766697,24,117,49068.52173913043,318127.37003566767,2152,2159808,46
cpld_warmstart_c12_9deg_intel,orion,intel,78.26666666666667,39.43429518025694,37,157,50140.11111111111,321830.3356140696,2151,2161068,45
cpld_warmstart_c12_9deg_intel,ursa,intel,72.56,221.1154615736737,25,1154,2138.54,1.7286304594404622,2135,2142,50
cpld_warmstart_c12_9deg_intel,wcoss2,intel,55.270833333333336,9.64859064415315,47,109,2048.9583333333335,3.2678858630899517,2039,2052,48
