test_name,machine,compiler,core_mean,core_std,core_min,core_max,mem_mean,mem_std,mem_min,mem_max,n_hashes
cpld_debug_p8_intel,derecho,intel,773.7647058823529,20.650452209832796,754,822,2032.1176470588234,4.794298083937531,2026,2043,17
cpld_debug_p8_intel,gaeac6,intel,515.1764705882352,9.560565452142779,501,535,6338.764705882353,0.43723731609743854,6338,6339,17
cpld_debug_p8_intel,hera,intel,800.6,9.813256340277674,793,817,2306.6,4.037325847637236,2300,2311,5
cpld_debug_p8_intel,hercules,intel,773.8333333333334,62.31820619633893,689,911,2280.5555555555557,3.7919763932968102,2273,2288,18
cpld_debug_p8_intel,orion,intel,854.9411764705883,32.26350606380855,809,901,2209.0588235294117,5.390623667945292,2202,2220,17
cpld_debug_p8_intel,ursa,intel,549.6111111111111,14.167647024902243,533,585,2376.5555555555557,15.515541438950518,2334,2398,18
