test_name,machine,compiler,core_mean,core_std,core_min,core_max,mem_mean,mem_std,mem_min,mem_max,n_hashes
cpld_control_gefs_intel,acorn,intel,1096.340909090909,70.38827306590828,1003,1172,4089.7272727272725,7.8484589995791785,4075,4106,44
cpld_control_gefs_intel,hera,intel,932.0,,932,932,3052.0,,3052,3052,1
cpld_control_gefs_intel,hercules,intel,1016.2666666666667,83.58865734274978,879,1169,3115.311111111111,42.2109541051213,3079,3197,45
cpld_control_gefs_intel,orion,intel,1221.3333333333333,59.491023005003186,1118,1325,70635.17777777778,453468.6128969121,3001,3044996,45
cpld_control_gefs_intel,ursa,intel,1209.0,110.66625686343268,800,1424,3207.3,16.467965191577914,3180,3247,50
cpld_control_gefs_intel,wcoss2,intel,1064.375,50.839599660275,982,1162,2951.9583333333335,300.2769613974725,2857,4108,48
