test_name,machine,compiler,core_mean,core_std,core_min,core_max,mem_mean,mem_std,mem_min,mem_max,n_hashes
cpld_restart_gfsv17_iau_intel,acorn,intel,388.6363636363636,9.188189864220936,371,413,1933.7045454545455,1.7196476850438172,1930,1936,44
cpld_restart_gfsv17_iau_intel,derecho,intel,408.02272727272725,15.66434053773186,386,454,1885.340909090909,6.41924135856022,1865,1905,44
cpld_restart_gfsv17_iau_intel,gaeac6,intel,256.5813953488372,2.8471586349128533,252,266,6338.627906976744,0.6554989308027828,6338,6340,43
cpld_restart_gfsv17_iau_intel,hera,intel,478.5,13.228756555322953,467,494,2206.0,6.377042156569717,2197,2211,4
cpld_restart_gfsv17_iau_intel,hercules,intel,444.0869565217391,38.79337061747452,328,550,50307.239130434784,326191.60307757667,2189,2214552,46
cpld_restart_gfsv17_iau_intel,orion,intel,645.4888888888889,51.04348512530639,555,774,48326.8,310175.3362058892,2068,2082808,45
cpld_restart_gfsv17_iau_intel,ursa,intel,277.18,13.505388191536067,235,322,2358.74,33.969259813026525,2319,2486,50
cpld_restart_gfsv17_iau_intel,wcoss2,intel,411.5625,12.824355568397225,396,476,1850.9791666666667,31.183390002639676,1822,1935,48
