test_name,machine,compiler,core_mean,core_std,core_min,core_max,mem_mean,mem_std,mem_min,mem_max,n_hashes
cpld_2threads_p8_intel,acorn,intel,451.93333333333334,17.474973895364712,415,499,3080.3,693.8877555061622,2112,3569,30
cpld_2threads_p8_intel,derecho,intel,885.2424242424242,40.010178629186285,840,990,2132.818181818182,43.80386294712959,2066,2174,33
cpld_2threads_p8_intel,gaeac6,intel,356.3333333333333,17.971621147427587,332,389,6338.787878787879,0.4846116845975972,6337,6339,33
cpld_2threads_p8_intel,hercules,intel,680.7352941176471,38.76526782191524,628,790,67318.64705882352,378971.1271171158,2205,2212088,34
cpld_2threads_p8_intel,orion,intel,740.2121212121212,44.69672637324626,666,872,67624.75757575757,375571.47646495246,2152,2159740,33
cpld_2threads_p8_intel,ursa,intel,784.2647058823529,46.16197360909336,673,860,2854.176470588235,170.14707908306596,2622,2990,34
cpld_2threads_p8_intel,wcoss2,intel,460.5151515151515,25.834958404409626,423,541,2179.4848484848485,369.6249045664504,2021,3602,33
