test_name,machine,compiler,core_mean,core_std,core_min,core_max,mem_mean,mem_std,mem_min,mem_max,n_hashes
cpld_mpi_gfsv17_intel,acorn,intel,919.4634146341464,9.085971497246819,898,939,1873.5121951219512,2.6563315984598264,1868,1879,41
cpld_mpi_gfsv17_intel,derecho,intel,870.9545454545455,17.14772280692111,850,948,1829.75,2.910486253628149,1819,1834,44
cpld_mpi_gfsv17_intel,gaeac6,intel,607.1627906976744,19.308190012282047,598,721,6338.53488372093,0.5498414147691261,6338,6340,43
cpld_mpi_gfsv17_intel,hercules,intel,941.7391304347826,89.58879760887977,759,1181,43770.0,283802.5288155285,1916,1926768,46
cpld_mpi_gfsv17_intel,orion,intel,1568.3777777777777,125.4564917137863,1341,1725,43720.08888888889,280695.6325462464,1855,1884840,45
cpld_mpi_gfsv17_intel,ursa,intel,991.08,97.67247225669415,614,1052,1997.86,15.724684870792002,1975,2046,50
cpld_mpi_gfsv17_intel,wcoss2,intel,988.9375,15.314304604908257,968,1051,1793.6041666666667,4.456597229417389,1786,1804,48
