test_name,machine,compiler,core_mean,core_std,core_min,core_max,mem_mean,mem_std,mem_min,mem_max,n_hashes
cpld_restart_gfsv17_iau_intel,acorn,intel,388.5581395348837,9.269258781640456,371,413,1933.953488372093,1.5728876745547515,1930,1936,43
cpld_restart_gfsv17_iau_intel,derecho,intel,408.25,15.62217416307331,386,454,1885.4318181818182,6.503658102203654,1865,1905,44
cpld_restart_gfsv17_iau_intel,gaeac6,intel,256.3720930232558,3.1016374770046427,252,266,6338.581395348837,0.6630577845799753,6338,6340,43
cpld_restart_gfsv17_iau_intel,hercules,intel,437.4347826086956,46.50096877075097,325,550,50310.17391304348,326191.1608378201,2189,2214552,46
cpld_restart_gfsv17_iau_intel,orion,intel,640.2888888888889,55.58107191801499,555,774,48328.8,310175.03131484264,2068,2082808,45
cpld_restart_gfsv17_iau_intel,ursa,intel,276.92,13.460205899507736,235,322,2358.62,33.89773937438708,2319,2486,50
cpld_restart_gfsv17_iau_intel,wcoss2,intel,412.1458333333333,12.378755967009768,400,476,1843.1666666666667,20.058778874325345,1822,1935,48
