test_name,machine,compiler,core_mean,core_std,core_min,core_max,mem_mean,mem_std,mem_min,mem_max,n_hashes
cpld_warmstart_c48_5deg_intel,acorn,intel,128.25,8.089973697027984,112,149,2897.25,4.965579195238725,2889,2906,44
cpld_warmstart_c48_5deg_intel,derecho,intel,109.61363636363636,14.765163130940959,98,139,2858.090909090909,1.762901701782666,2855,2864,44
cpld_warmstart_c48_5deg_intel,gaeac6,intel,77.3953488372093,2.969203315334979,74,94,6337.6511627906975,0.896653060533078,6337,6341,43
cpld_warmstart_c48_5deg_intel,hera,intel,130.0,1.4142135623730951,129,131,3075.5,6.363961030678928,3071,3080,2
cpld_warmstart_c48_5deg_intel,hercules,intel,116.65217391304348,34.58015962388732,97,259,68924.06521739131,446871.1337426735,3028,3033864,46
cpld_warmstart_c48_5deg_intel,orion,intel,179.48888888888888,41.1143760647285,143,265,70371.64444444445,451699.40537355724,3026,3033128,45
cpld_warmstart_c48_5deg_intel,ursa,intel,132.6,173.56525562215404,79,1257,3019.42,1.8192844522963119,3014,3024,50
cpld_warmstart_c48_5deg_intel,wcoss2,intel,138.66666666666666,15.801068282405733,125,218,2902.8125,1.2489357171335176,2900,2905,48
