test_name,machine,compiler,core_mean,core_std,core_min,core_max,mem_mean,mem_std,mem_min,mem_max,n_hashes
cpld_restart_c24_5deg_intel,acorn,intel,43.93181818181818,7.29573856908942,31,65,1452.590909090909,3.2011493707524292,1448,1458,44
cpld_restart_c24_5deg_intel,derecho,intel,32.84090909090909,12.541917033502667,24,61,1423.0681818181818,1.6760658153354384,1419,1426,44
cpld_restart_c24_5deg_intel,gaeac6,intel,21.069767441860463,2.0283156140855643,19,31,6337.581395348837,0.7632186898584383,6336,6341,43
cpld_restart_c24_5deg_intel,hera,intel,32.666666666666664,0.5773502691896247,32,33,1577.3333333333333,1.1547005383792186,1576,1578,3
cpld_restart_c24_5deg_intel,hercules,intel,30.565217391304348,18.50363588765197,22,96,35203.65217391304,228246.85843350663,1532,1549596,46
cpld_restart_c24_5deg_intel,orion,intel,48.84444444444444,25.19916625204056,34,125,35925.044444444444,230594.35097274918,1538,1548424,45
cpld_restart_c24_5deg_intel,ursa,intel,172.08,392.0081132021716,24,1253,1532.56,2.01180191340396,1527,1537,50
cpld_restart_c24_5deg_intel,wcoss2,intel,52.791666666666664,7.13981444819191,43,83,1462.6666666666667,5.170840226934045,1453,1470,48
