test_name,machine,compiler,core_mean,core_std,core_min,core_max,mem_mean,mem_std,mem_min,mem_max,n_hashes
cpld_regional_atm_fbh_intel,derecho,intel,489.3181818181818,30.357385008006148,448,526,774.8636363636364,1.9480569817714057,772,780,44
cpld_regional_atm_fbh_intel,gaeac6,intel,372.8837209302326,11.625524672902555,361,390,6337.581395348837,0.5447829685617378,6337,6339,43
cpld_regional_atm_fbh_intel,hercules,intel,554.7608695652174,39.769996944994034,502,651,24521.260869565216,158995.71104116613,1066,1079440,46
cpld_regional_atm_fbh_intel,orion,intel,794.8444444444444,58.03132208931963,720,867,24960.11111111111,160157.74226669356,1072,1075456,45
cpld_regional_atm_fbh_intel,ursa,intel,886.28,557.5363094243554,340,1798,1133.54,3.929012962200919,1124,1142,50
