test_name,machine,compiler,core_mean,core_std,core_min,core_max,mem_mean,mem_std,mem_min,mem_max,n_hashes
cpld_restart_c24_5deg_intel,acorn,intel,43.926829268292686,7.541187717801615,31,65,1452.780487804878,3.3429941304309896,1448,1458,41
cpld_restart_c24_5deg_intel,derecho,intel,36.93181818181818,15.9379578033987,25,80,1423.2272727272727,1.6119270045744056,1420,1426,44
cpld_restart_c24_5deg_intel,gaeac6,intel,21.11627906976744,2.129266611117116,19,31,6337.604651162791,0.7283227595523731,6337,6341,43
cpld_restart_c24_5deg_intel,hercules,intel,33.76086956521739,22.988098159805016,22,108,35204.434782608696,228246.74046543505,1540,1549596,46
cpld_restart_c24_5deg_intel,orion,intel,50.044444444444444,25.89134249438635,34,125,35925.48888888889,230594.28322287987,1538,1548424,45
cpld_restart_c24_5deg_intel,ursa,intel,164.26,369.8565529984812,24,1253,1532.86,2.0604140657763916,1527,1537,50
cpld_restart_c24_5deg_intel,wcoss2,intel,54.229166666666664,9.623197998394925,43,91,1463.8333333333333,4.132555406089065,1457,1470,48
