test_name,machine,compiler,core_mean,core_std,core_min,core_max,mem_mean,mem_std,mem_min,mem_max,n_hashes
cpld_warmstart_c24_9deg_intel,acorn,intel,54.75,8.089973697027986,40,71,2112.0227272727275,2.6805816477775672,2107,2118,44
cpld_warmstart_c24_9deg_intel,derecho,intel,42.81818181818182,14.578213638728382,32,76,2074.6136363636365,1.7942532176032595,2072,2080,44
cpld_warmstart_c24_9deg_intel,gaeac6,intel,26.72093023255814,1.6665559210160803,24,32,6337.604651162791,0.849076105280341,6336,6341,43
cpld_warmstart_c24_9deg_intel,hera,intel,41.0,,41,41,2254.0,,2254,2254,1
cpld_warmstart_c24_9deg_intel,hercules,intel,47.84782608695652,27.367431894542374,30,123,50725.217391304344,328876.5046320182,2222,2232784,46
cpld_warmstart_c24_9deg_intel,orion,intel,85.04444444444445,41.05537034717181,43,167,51794.64444444444,332451.47553488944,2225,2232388,45
cpld_warmstart_c24_9deg_intel,ursa,intel,61.9,163.01173740136701,29,1168,2208.12,2.5765029297362165,2193,2211,50
cpld_warmstart_c24_9deg_intel,wcoss2,intel,62.729166666666664,13.562682818978955,53,139,2119.875,3.455646012209952,2109,2125,48
