test_name,machine,compiler,core_mean,core_std,core_min,core_max,mem_mean,mem_std,mem_min,mem_max,n_hashes
cpld_debug_p8_intel,derecho,intel,775.1428571428571,21.404015233873015,755,822,2032.0,4.690415759823433,2026,2043,14
cpld_debug_p8_intel,gaeac6,intel,513.6428571428571,6.709432428788891,501,524,6338.785714285715,0.4258153136261737,6338,6339,14
cpld_debug_p8_intel,hera,intel,799.5,3.5355339059327378,797,802,2307.5,0.7071067811865476,2307,2308,2
cpld_debug_p8_intel,hercules,intel,776.0,68.22441959131227,689,911,2280.3333333333335,4.064948895596273,2273,2288,15
cpld_debug_p8_intel,orion,intel,855.2142857142857,34.74783572989959,809,901,2209.214285714286,5.63203162453661,2202,2220,14
cpld_debug_p8_intel,ursa,intel,552.0,14.302846869467217,536,585,2375.0666666666666,16.148713644775313,2334,2398,15
