test_name,machine,compiler,core_mean,core_std,core_min,core_max,mem_mean,mem_std,mem_min,mem_max,n_hashes
cpld_dcp_gefs_intel,hera,intel,963.8,25.093823941360547,934,992,3057.0,13.982131454109538,3034,3069,5
cpld_dcp_gefs_intel,hercules,intel,957.0869565217391,72.48320145215456,812,1101,3194.6304347826085,54.14521983442171,3131,3321,46
cpld_dcp_gefs_intel,orion,intel,1281.5,89.5213816793384,1119,1542,68657.63043478261,444953.75925926195,3039,3020876,46
cpld_dcp_gefs_intel,ursa,intel,1907.74,254.690833789374,905,2076,3435.4,15.098317246417567,3398,3466,50
