test_name,machine,compiler,core_mean,core_std,core_min,core_max,mem_mean,mem_std,mem_min,mem_max,n_hashes
cpld_warmstart_c24_9deg_intel,acorn,intel,54.57142857142857,8.024787383074646,40,71,2112.0714285714284,2.6995289303864225,2107,2118,42
cpld_warmstart_c24_9deg_intel,derecho,intel,43.93181818181818,14.68490401465606,32,76,2074.681818181818,1.7490559217290698,2072,2080,44
cpld_warmstart_c24_9deg_intel,gaeac6,intel,26.651162790697676,1.7166373681766909,24,32,6337.604651162791,0.8490761052804175,6336,6341,43
cpld_warmstart_c24_9deg_intel,hercules,intel,51.54347826086956,30.76268050865032,30,132,50725.97826086957,328876.38995704346,2222,2232784,46
cpld_warmstart_c24_9deg_intel,orion,intel,85.4,40.78680713617623,43,167,51794.933333333334,332451.4314906082,2225,2232388,45
cpld_warmstart_c24_9deg_intel,ursa,intel,61.98,162.99661821958273,29,1168,2208.1,2.5813301427988233,2193,2211,50
cpld_warmstart_c24_9deg_intel,wcoss2,intel,62.645833333333336,13.559152649313148,53,139,2120.3333333333335,2.754750892960766,2111,2125,48
