test_name,machine,compiler,core_mean,core_std,core_min,core_max,mem_mean,mem_std,mem_min,mem_max,n_hashes
cpld_restart_gfsv17_intel,acorn,intel,385.02222222222224,30.87032179418876,363,577,1071.3555555555556,3.2970755330605503,1064,1079,45
cpld_restart_gfsv17_intel,derecho,intel,400.73333333333335,11.989389248225054,383,442,1023.1555555555556,6.045116569879678,1009,1032,45
cpld_restart_gfsv17_intel,gaeac6,intel,252.4318181818182,3.4667706793091355,248,266,6338.772727272727,0.8314637237366543,6338,6342,44
cpld_restart_gfsv17_intel,hera,intel,413.4,9.864076236526161,408,431,1367.8,2.683281572999756,1365,1371,5
cpld_restart_gfsv17_intel,hercules,intel,368.2340425531915,45.99679231063526,318,580,30076.787234042553,196962.84028950808,1325,1351656,47
cpld_restart_gfsv17_intel,orion,intel,609.9130434782609,77.03010265458465,554,963,27909.630434782608,180944.48146573806,1210,1228456,46
cpld_restart_gfsv17_intel,ursa,intel,229.76,4.312109195542914,220,243,1506.58,51.72063496934906,1462,1715,50
cpld_restart_gfsv17_intel,wcoss2,intel,392.40816326530614,27.73980170512138,377,574,990.1632653061224,33.26368574159591,969,1077,49
