test_name,machine,compiler,core_mean,core_std,core_min,core_max,mem_mean,mem_std,mem_min,mem_max,n_hashes
cpld_restart_c24_9deg_intel,acorn,intel,44.857142857142854,7.250135166347836,31,57,1453.0238095238096,2.849801835114086,1448,1457,42
cpld_restart_c24_9deg_intel,derecho,intel,35.72727272727273,14.446957732956912,24,61,1423.7272727272727,1.8472309429110614,1419,1427,44
cpld_restart_c24_9deg_intel,gaeac6,intel,20.697674418604652,1.3720836383109043,19,25,6337.674418604651,0.6803686057171284,6336,6339,43
cpld_restart_c24_9deg_intel,hercules,intel,33.19565217391305,22.161648118833472,23,100,35268.45652173913,228689.2465533579,1540,1552596,46
cpld_restart_c24_9deg_intel,orion,intel,44.17777777777778,18.93924363576723,34,110,35925.822222222225,230597.28157471737,1539,1548444,45
cpld_restart_c24_9deg_intel,ursa,intel,151.24,348.51402103379263,23,1258,1533.02,2.0252487879421794,1529,1537,50
cpld_restart_c24_9deg_intel,wcoss2,intel,53.4375,9.455171386994886,42,93,1463.5,5.161230267324187,1454,1471,48
