test_name,machine,compiler,core_mean,core_std,core_min,core_max,mem_mean,mem_std,mem_min,mem_max,n_hashes
cpld_control_pdlib_p8_gnu,derecho,gnu,699.4,12.234611325486144,688,734,1588.6666666666667,10.13245610238042,1573,1609,15
cpld_control_pdlib_p8_gnu,hera,gnu,1065.3333333333333,12.74100990241096,1057,1080,1598.6666666666667,4.932882862316234,1593,1602,3
cpld_control_pdlib_p8_gnu,hercules,gnu,835.875,10.32069119132371,825,865,1587.125,6.323237567364748,1572,1596,16
cpld_control_pdlib_p8_gnu,ursa,gnu,603.125,272.78731031092093,529,1626,1560.3125,8.615635012386885,1540,1573,16
