test_name,machine,compiler,core_mean,core_std,core_min,core_max,mem_mean,mem_std,mem_min,mem_max,n_hashes
cpld_control_qr_p8_intel,acorn,intel,497.42857142857144,4.767103389404799,491,505,3373.214285714286,1.3688047244315955,3371,3376,14
cpld_control_qr_p8_intel,derecho,intel,495.85714285714283,6.0746274701498315,488,511,2032.7142857142858,1.8575654633281222,2029,2036,14
cpld_control_qr_p8_intel,gaeac6,intel,314.5,14.815532390029048,307,364,6338.785714285715,0.42581531362630454,6338,6339,14
cpld_control_qr_p8_intel,hera,intel,674.0,4.242640687119285,671,677,2292.0,1.4142135623730951,2291,2293,2
cpld_control_qr_p8_intel,hercules,intel,505.3333333333333,29.310326475412033,472,547,2279.0,4.956957592256383,2271,2289,15
cpld_control_qr_p8_intel,orion,intel,996.1428571428571,55.16946918061048,942,1151,2204.8571428571427,6.310639890231089,2191,2216,14
cpld_control_qr_p8_intel,ursa,intel,414.4,11.356558834938882,400,436,2357.5333333333333,5.343442799579844,2349,2370,15
cpld_control_qr_p8_intel,wcoss2,intel,509.64285714285717,7.217576227058962,502,522,2401.1428571428573,658.5488542292012,1994,3406,14
