test_name,machine,compiler,core_mean,core_std,core_min,core_max,mem_mean,mem_std,mem_min,mem_max,n_hashes
cpld_mpi_gfsv17_intel,acorn,intel,919.2272727272727,8.933510563807408,898,939,1873.5227272727273,2.5653200205065043,1868,1879,44
cpld_mpi_gfsv17_intel,derecho,intel,874.3863636363636,29.788569611389576,850,1032,1829.6136363636363,2.8951917564392726,1819,1834,44
cpld_mpi_gfsv17_intel,gaeac6,intel,607.5116279069767,19.24326981053659,598,721,6338.581395348837,0.5447829685617951,6338,6340,43
cpld_mpi_gfsv17_intel,hera,intel,1238.0,,1238,1238,1865.0,,1865,1865,1
cpld_mpi_gfsv17_intel,hercules,intel,952.0434782608696,78.71014519438869,765,1181,43769.239130434784,283802.64348664583,1916,1926768,46
cpld_mpi_gfsv17_intel,orion,intel,1583.5111111111112,114.96553282342381,1341,1725,43719.88888888889,280695.66302607255,1855,1884840,45
cpld_mpi_gfsv17_intel,ursa,intel,992.86,98.30647828840875,614,1052,1998.38,15.535200319905522,1975,2046,50
cpld_mpi_gfsv17_intel,wcoss2,intel,984.5625,21.21812377652051,921,1051,1799.125,21.038591693018187,1786,1880,48
