test_name,machine,compiler,core_mean,core_std,core_min,core_max,mem_mean,mem_std,mem_min,mem_max,n_hashes
cpld_control_gfsv17_iau_intel,acorn,intel,852.1162790697674,11.17865589996356,831,877,1945.4883720930231,4.9056434606493715,1935,1961,43
cpld_control_gfsv17_iau_intel,derecho,intel,852.75,64.61122553485797,820,1151,1888.4545454545455,5.658722616372783,1874,1899,44
cpld_control_gfsv17_iau_intel,gaeac6,intel,564.8139534883721,4.701852795661576,556,577,6338.697674418605,0.6375131640445573,6338,6340,43
cpld_control_gfsv17_iau_intel,hercules,intel,985.5217391304348,143.42891993061846,735,1757,53111.065217391304,344391.78592020273,2306,2338112,46
cpld_control_gfsv17_iau_intel,orion,intel,1459.0666666666666,71.66760394031223,1299,1561,49594.97777777778,318345.2917259303,2113,2137664,45
cpld_control_gfsv17_iau_intel,ursa,intel,606.18,23.913696869350492,519,643,2629.2,59.37325722469155,2529,2850,50
cpld_control_gfsv17_iau_intel,wcoss2,intel,898.0416666666666,14.334838284838895,874,941,1848.0208333333333,21.353647935232082,1828,1947,48
