test_name,machine,compiler,core_mean,core_std,core_min,core_max,mem_mean,mem_std,mem_min,mem_max,n_hashes
cpld_restart_c192_p8_intel,hera,intel,520.0,6.964194138592054,510,527,2813.4,12.01249349635615,2795,2828,5
cpld_restart_c192_p8_intel,hercules,intel,342.1489361702128,46.04769678581595,271,546,61825.234042553195,404134.1085568122,2746,2773480,47
cpld_restart_c192_p8_intel,orion,intel,526.5869565217391,82.82634473186968,325,707,60032.5,388528.573237642,2625,2637876,46
cpld_restart_c192_p8_intel,ursa,intel,750.22,156.52988108814685,198,925,3317.68,162.81546333822462,3117,3491,50
