test_name,machine,compiler,core_mean,core_std,core_min,core_max,mem_mean,mem_std,mem_min,mem_max,n_hashes
cpld_control_pdlib_p8_intel,acorn,intel,787.8666666666667,5.5144830954065105,780,797,1922.1333333333334,1.302013093343584,1920,1924,15
cpld_control_pdlib_p8_intel,derecho,intel,780.6,16.723806812018466,764,818,1879.3333333333333,5.2326811847228365,1874,1892,15
cpld_control_pdlib_p8_intel,gaeac6,intel,523.8666666666667,2.199567056967183,521,529,6338.6,0.6324555320336673,6338,6340,15
cpld_control_pdlib_p8_intel,hera,intel,911.6666666666666,2.8867513459481207,910,915,2123.0,7.810249675906654,2118,2132,3
cpld_control_pdlib_p8_intel,hercules,intel,750.3125,16.36956016513575,732,784,2090.25,4.654746681256423,2082,2097,16
cpld_control_pdlib_p8_intel,orion,intel,1235.8666666666666,43.42130264984607,1188,1305,2017.8,4.143842247411052,2009,2024,15
cpld_control_pdlib_p8_intel,ursa,intel,494.75,12.551228359540485,485,539,2162.5625,10.714281746030993,2149,2182,16
cpld_control_pdlib_p8_intel,wcoss2,intel,805.2,8.554029960868048,790,826,1863.5333333333333,43.70496321384808,1830,1925,15
