test_name,machine,compiler,core_mean,core_std,core_min,core_max,mem_mean,mem_std,mem_min,mem_max,n_hashes
cpld_control_p8_mixedmode_intel,acorn,intel,395.1666666666667,4.914419106213383,389,404,3322.6666666666665,0.7784989441615179,3321,3324,12
cpld_control_p8_mixedmode_intel,derecho,intel,397.6666666666667,18.74873733122184,382,435,1977.8333333333333,1.02985730108888,1976,1979,12
cpld_control_p8_mixedmode_intel,gaeac6,intel,248.0,18.130837617916956,239,303,6338.583333333333,0.5149286505444928,6338,6339,12
cpld_control_p8_mixedmode_intel,hercules,intel,492.84615384615387,29.73731145056144,459,569,2159.5384615384614,4.557327151876555,2149,2166,13
cpld_control_p8_mixedmode_intel,orion,intel,984.0833333333334,35.19157526592084,948,1052,2099.75,3.8168287645873837,2095,2109,12
cpld_control_p8_mixedmode_intel,ursa,intel,401.2307692307692,12.936729662436884,382,425,2179.3076923076924,6.8845795730339425,2171,2195,13
cpld_control_p8_mixedmode_intel,wcoss2,intel,409.9166666666667,5.567083998146984,398,417,2171.5,545.8285611635015,1927,3340,12
