test_name,machine,compiler,core_mean,core_std,core_min,core_max,mem_mean,mem_std,mem_min,mem_max,n_hashes
cpld_control_c12_9deg_intel,acorn,intel,54.54545454545455,8.606256635550416,40,77,2038.6136363636363,2.3448697994391114,2035,2043,44
cpld_control_c12_9deg_intel,derecho,intel,41.63636363636363,12.33088561124937,34,70,2004.0227272727273,1.4057793727396173,2000,2006,44
cpld_control_c12_9deg_intel,gaeac6,intel,28.558139534883722,1.160917649788415,27,33,6337.511627906977,0.5057805388588771,6337,6338,43
cpld_control_c12_9deg_intel,hera,intel,41.75,0.5000000000000006,41,42,2185.0,1.4142135623731218,2184,2187,4
cpld_control_c12_9deg_intel,hercules,intel,48.58695652173913,28.650054168617803,31,127,49231.19565217391,319218.1685690921,2152,2167208,46
cpld_control_c12_9deg_intel,orion,intel,84.84444444444445,41.03211356284664,47,183,50276.24444444444,322742.0211942544,2148,2167184,45
cpld_control_c12_9deg_intel,ursa,intel,90.7,215.3055019818896,31,1034,2137.74,1.7356995884150557,2132,2143,50
cpld_control_c12_9deg_intel,wcoss2,intel,63.020833333333336,10.321408413157851,55,116,2050.375,4.235739529492063,2039,2055,48
