test_name,machine,compiler,core_mean,core_std,core_min,core_max,mem_mean,mem_std,mem_min,mem_max,n_hashes
cpld_restart_c192_p8_intel,hercules,intel,334.19565217391306,53.33442480767196,234,546,63089.086956521736,408505.91283167095,2746,2773480,46
cpld_restart_c192_p8_intel,orion,intel,513.7555555555556,93.22971520915311,325,707,61286.91111111111,392824.6724153979,2625,2637876,45
cpld_restart_c192_p8_intel,ursa,intel,752.0,158.02996357575708,198,925,3283.6,162.56038124653944,3117,3490,50
