test_name,machine,compiler,core_mean,core_std,core_min,core_max,mem_mean,mem_std,mem_min,mem_max,n_hashes
cpld_debug_p8_intel,derecho,intel,779.8,23.42742931788387,758,822,2033.1,4.931756504757944,2029,2043,10
cpld_debug_p8_intel,gaeac6,intel,516.2,4.962078417580909,508,524,6338.7,0.48304589153947136,6338,6339,10
cpld_debug_p8_intel,hercules,intel,803.7272727272727,57.40921687166776,709,911,2280.5454545454545,4.083225106790875,2275,2288,11
cpld_debug_p8_intel,orion,intel,866.0,33.98038649966575,813,901,2207.6,4.247875285886417,2202,2213,10
cpld_debug_p8_intel,ursa,intel,555.6363636363636,15.02180233708809,538,585,2372.6363636363635,18.38082004303793,2334,2398,11
