test_name,machine,compiler,core_mean,core_std,core_min,core_max,mem_mean,mem_std,mem_min,mem_max,n_hashes
cpld_control_c12_9deg_intel,acorn,intel,54.95348837209303,9.469131524445237,40,77,2038.139534883721,2.155628240641048,2035,2043,43
cpld_control_c12_9deg_intel,derecho,intel,45.04545454545455,15.4422473142404,34,96,2004.659090909091,1.7379911126994956,2001,2011,44
cpld_control_c12_9deg_intel,gaeac6,intel,28.41860465116279,1.1998523349529882,27,33,6337.604651162791,0.5407021398021794,6337,6339,43
cpld_control_c12_9deg_intel,hercules,intel,50.34782608695652,29.88586986171398,31,127,49231.36956521739,319218.1423605953,2152,2167208,46
cpld_control_c12_9deg_intel,orion,intel,87.0,41.43011640648076,47,183,50276.51111111111,322741.9805405791,2148,2167184,45
cpld_control_c12_9deg_intel,ursa,intel,91.42,215.16534600731825,31,1034,2137.84,1.7304004491117593,2132,2143,50
cpld_control_c12_9deg_intel,wcoss2,intel,62.583333333333336,10.149590356125866,55,116,2051.2291666666665,2.6112651481147933,2041,2055,48
