test_name,machine,compiler,core_mean,core_std,core_min,core_max,mem_mean,mem_std,mem_min,mem_max,n_hashes
cpld_control_nowave_noaero_p8_intel,acorn,intel,435.4117647058824,5.43206709652749,424,445,1986.4117647058824,1.460257833800787,1984,1989,17
cpld_control_nowave_noaero_p8_intel,derecho,intel,439.8235294117647,16.474356186652816,414,478,1932.5294117647059,0.7174300539794175,1931,1934,17
cpld_control_nowave_noaero_p8_intel,gaeac6,intel,278.7647058823529,7.909878410607095,273,307,6338.705882352941,0.46966821831358263,6338,6339,17
cpld_control_nowave_noaero_p8_intel,hera,intel,369.2,4.324349662087928,364,376,2188.6,9.889388252060934,2171,2194,5
cpld_control_nowave_noaero_p8_intel,hercules,intel,360.1111111111111,18.651254141364102,347,400,2172.9444444444443,5.994823475026714,2164,2183,18
cpld_control_nowave_noaero_p8_intel,orion,intel,408.6470588235294,32.74702501081316,387,507,2101.705882352941,3.1377680340163367,2092,2105,17
cpld_control_nowave_noaero_p8_intel,ursa,intel,395.6111111111111,345.5747367687784,287,1754,3002.8333333333335,10.25699187641974,2991,3027,18
cpld_control_nowave_noaero_p8_intel,wcoss2,intel,443.5882352941176,6.856190847779581,435,456,1928.5294117647059,51.276356207148325,1881,1993,17
