test_name,machine,compiler,core_mean,core_std,core_min,core_max,mem_mean,mem_std,mem_min,mem_max,n_hashes
cpld_control_sfs_intel,acorn,intel,722.3953488372093,24.0229449196703,668,766,2195.5116279069766,2.640094632351963,2190,2201,43
cpld_control_sfs_intel,derecho,intel,653.8333333333334,19.11394404990387,614,700,2162.1111111111113,5.680934419003305,2151,2175,36
cpld_control_sfs_intel,gaeac6,intel,443.4186046511628,10.746500112748844,427,477,6338.627906976744,0.6554989308027042,6338,6340,43
cpld_control_sfs_intel,hercules,intel,635.2826086956521,61.450852283567315,542,876,52546.36956521739,340731.843757284,2302,2313264,46
cpld_control_sfs_intel,orion,intel,818.6222222222223,43.280947356087346,747,949,51712.555555555555,331953.5574543082,2219,2229040,45
cpld_control_sfs_intel,ursa,intel,520.32,25.673332467757263,490,622,2398.54,9.708422600389587,2375,2426,50
cpld_control_sfs_intel,wcoss2,intel,729.625,14.459959389013289,696,776,2105.7708333333335,19.998127128620833,2096,2200,48
