test_name,machine,compiler,core_mean,core_std,core_min,core_max,mem_mean,mem_std,mem_min,mem_max,n_hashes
cpld_control_qr_p8_intel,acorn,intel,498.8235294117647,5.670486025439606,491,510,3373.5882352941176,1.5024489812224404,3371,3376,17
cpld_control_qr_p8_intel,derecho,intel,495.94117647058823,7.075226040870483,482,511,2032.6470588235295,1.9020113193205552,2029,2036,17
cpld_control_qr_p8_intel,gaeac6,intel,313.5882352941176,13.509528227927731,307,364,6338.823529411765,0.3929526239968284,6338,6339,17
cpld_control_qr_p8_intel,hera,intel,680.6,13.22119510483072,667,699,2286.8,7.823042886243226,2276,2293,5
cpld_control_qr_p8_intel,hercules,intel,517.2777777777778,44.69742136996477,472,635,2278.1111111111113,5.312459150169695,2269,2289,18
cpld_control_qr_p8_intel,orion,intel,992.5882352941177,51.89660251828799,942,1151,2203.1176470588234,6.890957416618292,2191,2216,17
cpld_control_qr_p8_intel,ursa,intel,415.1111111111111,12.058138032484836,400,439,2357.5555555555557,6.270587009037431,2347,2370,18
cpld_control_qr_p8_intel,wcoss2,intel,511.0,8.15475321515005,502,526,2578.470588235294,712.9418908339463,1994,3408,17
