test_name,machine,compiler,core_mean,core_std,core_min,core_max,mem_mean,mem_std,mem_min,mem_max,n_hashes
cpld_control_noaero_p8_agrid_intel,acorn,intel,332.6666666666667,23.07399165530514,303,373,1989.1333333333334,1.7786613965665616,1985,1992,45
cpld_control_noaero_p8_agrid_intel,derecho,intel,349.4888888888889,22.575753508236367,316,387,1929.1777777777777,1.4347772853603202,1926,1935,45
cpld_control_noaero_p8_agrid_intel,gaeac6,intel,211.0681818181818,12.594568277861242,197,227,6338.545454545455,0.6270842625233829,6338,6340,44
cpld_control_noaero_p8_agrid_intel,hera,intel,256.2,6.140032573203493,250,264,2176.0,11.510864433221366,2156,2184,5
cpld_control_noaero_p8_agrid_intel,hercules,intel,278.06382978723406,39.88701666027876,239,399,47462.382978723406,310691.9499915403,2133,2132140,47
cpld_control_noaero_p8_agrid_intel,orion,intel,313.2173913043478,40.77249238476479,268,404,47380.434782608696,307182.2098058163,2054,2085500,46
cpld_control_noaero_p8_agrid_intel,ursa,intel,232.38,20.591151259802857,203,287,2177.0,13.176974351543091,2151,2217,50
cpld_control_noaero_p8_agrid_intel,wcoss2,intel,340.0816326530612,21.384219975149403,309,411,1907.408163265306,33.919585276151466,1880,1991,49
