test_name,machine,compiler,core_mean,core_std,core_min,core_max,mem_mean,mem_std,mem_min,mem_max,n_hashes
cpld_control_pdlib_p8_gnu,derecho,gnu,699.0625,11.896603156643758,688,734,1587.6875,10.543362841143198,1573,1609,16
cpld_control_pdlib_p8_gnu,hera,gnu,1068.75,12.446552400832427,1057,1080,1599.5,4.358898943540656,1593,1602,4
cpld_control_pdlib_p8_gnu,hercules,gnu,836.3529411764706,10.185413445649797,825,865,1586.6470588235295,6.431768579389586,1572,1596,17
cpld_control_pdlib_p8_gnu,ursa,gnu,599.1176470588235,264.6414750074478,529,1626,1561.0588235294117,8.891502883619388,1540,1573,17
