test_name,machine,compiler,core_mean,core_std,core_min,core_max,mem_mean,mem_std,mem_min,mem_max,n_hashes
cpld_restart_gfsv17_iau_intel,acorn,intel,388.54545454545456,9.161229087476993,371,413,1933.9545454545455,1.5545065089145975,1930,1936,44
cpld_restart_gfsv17_iau_intel,derecho,intel,408.27272727272725,15.62252940298548,386,454,1885.4318181818182,6.503658102203651,1865,1905,44
cpld_restart_gfsv17_iau_intel,gaeac6,intel,256.4651162790698,3.026461372384954,252,266,6338.581395348837,0.6630577845796075,6338,6340,43
cpld_restart_gfsv17_iau_intel,hera,intel,468.0,,468,468,2206.0,,2206,2206,1
cpld_restart_gfsv17_iau_intel,hercules,intel,438.32608695652175,46.06037310980547,325,550,50309.34782608696,326191.2853456263,2189,2214552,46
cpld_restart_gfsv17_iau_intel,orion,intel,641.9333333333333,54.2298978256627,555,774,48328.13333333333,310175.1329483511,2068,2082808,45
cpld_restart_gfsv17_iau_intel,ursa,intel,277.06,13.518558672115491,235,322,2358.26,33.934997887618174,2319,2486,50
cpld_restart_gfsv17_iau_intel,wcoss2,intel,411.875,12.567477446238055,397,476,1845.0,23.57062723147409,1822,1935,48
