test_name,machine,compiler,core_mean,core_std,core_min,core_max,mem_mean,mem_std,mem_min,mem_max,n_hashes
cpld_debug_gfsv17_intel,acorn,intel,1220.595238095238,13.08519834758292,1197,1259,1935.2619047619048,3.9820299015765412,1929,1944,42
cpld_debug_gfsv17_intel,derecho,intel,1126.5,10.341831964023283,1106,1159,1871.2727272727273,3.0527428487564934,1862,1878,44
cpld_debug_gfsv17_intel,gaeac6,intel,773.6279069767442,6.195325641212453,766,802,6338.790697674419,0.6746476870641187,6338,6340,43
cpld_debug_gfsv17_intel,hercules,intel,1103.1739130434783,55.316987283524455,1011,1350,45316.260869565216,293813.5099686674,1987,1994736,46
cpld_debug_gfsv17_intel,orion,intel,1367.5777777777778,29.981425226060566,1293,1412,45148.822222222225,289805.2616660562,1935,1946020,45
cpld_debug_gfsv17_intel,ursa,intel,806.54,15.670341152531904,790,882,2084.7,8.990357646514743,2055,2109,50
cpld_debug_gfsv17_intel,wcoss2,intel,1251.7916666666667,297.5655807090178,567,3158,1856.8125,12.59289946840186,1848,1939,48
