test_name,machine,compiler,core_mean,core_std,core_min,core_max,mem_mean,mem_std,mem_min,mem_max,n_hashes
cpld_debug_pdlib_p8_intel,acorn,intel,1457.6153846153845,39.33094299559922,1432,1564,1961.3076923076924,2.428463690779892,1959,1967,13
cpld_debug_pdlib_p8_intel,derecho,intel,1390.7692307692307,17.19570608298215,1366,1431,1895.1538461538462,1.863963243832494,1892,1898,13
cpld_debug_pdlib_p8_intel,gaeac6,intel,977.6153846153846,6.103802933942936,972,996,6338.846153846154,0.554700196224967,6338,6340,13
cpld_debug_pdlib_p8_intel,hera,intel,1640.0,,1640,1640,1976.0,,1976,1976,1
cpld_debug_pdlib_p8_intel,hercules,intel,1347.857142857143,37.7274785449894,1306,1406,2066.5714285714284,3.631365196012832,2058,2072,14
cpld_debug_pdlib_p8_intel,orion,intel,1729.8461538461538,33.41119112374913,1673,1801,1998.2307692307693,4.3234601527373195,1991,2006,13
cpld_debug_pdlib_p8_intel,ursa,intel,1166.5,16.31775814164528,1148,1212,2184.5714285714284,6.824326235712089,2178,2198,14
cpld_debug_pdlib_p8_intel,wcoss2,intel,1445.6153846153845,18.391748428477673,1429,1490,1893.0,37.19094871963695,1870,1963,13
