test_name,machine,compiler,core_mean,core_std,core_min,core_max,mem_mean,mem_std,mem_min,mem_max,n_hashes
cpld_control_gefs_intel,acorn,intel,1102.5853658536585,68.82367892293922,1007,1172,4088.609756097561,6.884322947031563,4075,4104,41
cpld_control_gefs_intel,hercules,intel,1012.6222222222223,86.23153000890544,875,1169,3121.0222222222224,46.82922984287455,3079,3198,45
cpld_control_gefs_intel,orion,intel,1225.1333333333334,62.25227268578589,1118,1347,70634.08888888889,453468.7788987754,3001,3044996,45
cpld_control_gefs_intel,ursa,intel,1207.48,110.52051984189379,800,1424,3204.94,14.12684519282489,3180,3236,50
cpld_control_gefs_intel,wcoss2,intel,1069.2083333333333,53.16732252424562,982,1162,2875.25,13.110820608233306,2857,2913,48
