test_name,machine,compiler,core_mean,core_std,core_min,core_max,mem_mean,mem_std,mem_min,mem_max,n_hashes
cpld_control_sfs_intel,acorn,intel,721.2954545454545,23.860621978144916,668,766,2195.681818181818,2.6305249920149705,2190,2201,44
cpld_control_sfs_intel,derecho,intel,652.7894736842105,19.12993676927826,614,700,2162.1052631578946,5.525319967177245,2151,2175,38
cpld_control_sfs_intel,gaeac6,intel,442.6511627906977,10.917185493153246,427,477,6338.627906976744,0.6554989308027268,6338,6340,43
cpld_control_sfs_intel,hera,intel,687.0,21.213203435596427,672,702,2218.5,7.7781745930520225,2213,2224,2
cpld_control_sfs_intel,hercules,intel,631.6304347826087,62.888387444442515,542,876,52546.19565217391,340731.8699708104,2302,2313264,46
cpld_control_sfs_intel,orion,intel,816.6222222222223,44.44163122409647,747,949,51712.51111111111,331953.5642296992,2221,2229040,45
cpld_control_sfs_intel,ursa,intel,519.66,25.8950866035254,490,622,2398.46,9.787976797884188,2375,2426,50
cpld_control_sfs_intel,wcoss2,intel,728.7916666666666,14.983619898016217,696,776,2109.625,27.469615709616978,2096,2200,48
