test_name,machine,compiler,core_mean,core_std,core_min,core_max,mem_mean,mem_std,mem_min,mem_max,n_hashes
cpld_control_p8_intel,acorn,intel,492.0,16.594997420727097,458,532,2955.676470588235,628.198034814454,1993,3358,34
cpld_control_p8_intel,derecho,intel,492.94594594594594,17.15605812330825,464,543,1992.6756756756756,32.892125074125055,1942,2028,37
cpld_control_p8_intel,gaeac6,intel,307.43243243243245,17.05471674825952,289,380,6338.7027027027025,0.4633731916229254,6338,6339,37
cpld_control_p8_intel,hera,intel,730.25,10.04572877727976,721,744,2272.75,13.985111130532074,2253,2286,4
cpld_control_p8_intel,hercules,intel,529.921052631579,38.008805223759595,477,637,59624.55263157895,353772.63002001855,2180,2183036,38
cpld_control_p8_intel,orion,intel,1060.1081081081081,39.47557879653335,1004,1187,59084.54054054054,346233.4573240844,2095,2108220,37
cpld_control_p8_intel,ursa,intel,450.7894736842105,27.32107185457907,397,537,2422.1315789473683,104.72903803745342,2260,2533,38
cpld_control_p8_intel,wcoss2,intel,502.0810810810811,26.51454357557413,461,565,2178.6216216216217,534.6260038231998,1898,3378,37
