test_name,machine,compiler,core_mean,core_std,core_min,core_max,mem_mean,mem_std,mem_min,mem_max,n_hashes
cpld_control_c24_5deg_intel,acorn,intel,83.31818181818181,8.248390194661177,67,108,2114.2954545454545,3.6445534096820578,2108,2120,44
cpld_control_c24_5deg_intel,derecho,intel,63.09090909090909,12.55651073925522,56,97,2076.681818181818,1.639238723944867,2072,2080,44
cpld_control_c24_5deg_intel,gaeac6,intel,45.325581395348834,1.0170201625701412,44,48,6337.6511627906975,0.48224282217043246,6337,6338,43
cpld_control_c24_5deg_intel,hera,intel,71.0,0.816496580927726,70,72,2257.0,3.1622776601683196,2254,2261,4
cpld_control_c24_5deg_intel,hercules,intel,67.32608695652173,24.180850410398072,53,149,50922.434782608696,330192.99746829225,2225,2241716,46
cpld_control_c24_5deg_intel,orion,intel,117.31111111111112,41.75786383328525,80,214,51891.37777777778,333072.78739422496,2221,2236560,45
cpld_control_c24_5deg_intel,ursa,intel,159.6,318.6970284115736,48,1152,2211.5,2.2610273987633946,2205,2217,50
cpld_control_c24_5deg_intel,wcoss2,intel,87.16666666666667,9.865765724632494,76,128,2123.0833333333335,4.906935314877923,2111,2129,48
