test_name,machine,compiler,core_mean,core_std,core_min,core_max,mem_mean,mem_std,mem_min,mem_max,n_hashes
cpld_s2sa_p8_intel,acorn,intel,499.4,4.516635916254489,492,506,3345.866666666667,1.9223002094464334,3343,3349,15
cpld_s2sa_p8_intel,derecho,intel,507.4,18.011107683871103,482,552,1996.9333333333334,2.6583202716501955,1992,2001,15
cpld_s2sa_p8_intel,gaeac6,intel,319.6666666666667,10.748200292319153,314,355,6338.466666666666,0.516397779494205,6338,6339,15
cpld_s2sa_p8_intel,hera,intel,427.0,5.291502622129181,421,431,2268.6666666666665,7.234178138070199,2264,2277,3
cpld_s2sa_p8_intel,hercules,intel,452.8125,45.89294608107001,400,532,2245.75,4.538722287164197,2235,2252,16
cpld_s2sa_p8_intel,orion,intel,484.1333333333333,29.722205904164035,457,543,2168.0666666666666,8.835534316987756,2148,2177,15
cpld_s2sa_p8_intel,ursa,intel,416.75,255.27148946432177,328,1350,3136.625,28.795543636704153,3093,3179,16
cpld_s2sa_p8_intel,wcoss2,intel,513.5333333333333,8.201625855076957,504,533,2421.266666666667,674.6614459613554,1950,3346,15
