test_name,machine,compiler,core_mean,core_std,core_min,core_max,mem_mean,mem_std,mem_min,mem_max,n_hashes
cpld_control_ciceC_p8_intel,acorn,intel,491.80645161290323,17.596248378255183,454,540,2917.032258064516,645.1697701055629,1993,3358,31
cpld_control_ciceC_p8_intel,derecho,intel,492.7647058823529,18.914574825249574,464,543,1990.764705882353,30.87124662356041,1945,2025,34
cpld_control_ciceC_p8_intel,gaeac6,intel,306.2647058823529,14.462718683880121,289,348,6338.823529411765,0.5758044825625206,6338,6341,34
cpld_control_ciceC_p8_intel,hera,intel,679.0,,679,679,2284.0,,2284,2284,1
cpld_control_ciceC_p8_intel,hercules,intel,506.25714285714287,37.59172535447198,456,608,64701.94285714286,369563.94324049965,2178,2188604,35
cpld_control_ciceC_p8_intel,orion,intel,998.4117647058823,67.88141069544415,944,1331,64246.64705882353,362014.71275064535,2097,2113052,34
cpld_control_ciceC_p8_intel,ursa,intel,415.34285714285716,25.908144139885984,377,488,2415.3714285714286,105.85925331592428,2259,2526,35
cpld_control_ciceC_p8_intel,wcoss2,intel,499.94117647058823,27.463409460226078,459,557,2072.176470588235,412.2861958741498,1898,3376,34
