test_name,machine,compiler,core_mean,core_std,core_min,core_max,mem_mean,mem_std,mem_min,mem_max,n_hashes
cpld_warmstart_c24_5deg_intel,acorn,intel,58.29545454545455,7.309056330316951,41,73,2113.25,2.2217215198192584,2110,2119,44
cpld_warmstart_c24_5deg_intel,derecho,intel,40.22727272727273,13.018526398878972,32,74,2076.5,1.5173416165768456,2074,2079,44
cpld_warmstart_c24_5deg_intel,gaeac6,intel,26.72093023255814,1.181717503010501,25,30,6337.511627906977,0.5508475298187808,6337,6339,43
cpld_warmstart_c24_5deg_intel,hera,intel,42.0,1.4142135623730947,41,44,2255.0,2.708012801545362,2253,2259,4
cpld_warmstart_c24_5deg_intel,hercules,intel,45.73913043478261,25.972151566722978,30,110,50754.30434782609,329068.65753428487,2226,2234088,46
cpld_warmstart_c24_5deg_intel,orion,intel,85.42222222222222,38.8478903656117,46,165,51815.86666666667,332575.08606503234,2224,2233220,45
cpld_warmstart_c24_5deg_intel,ursa,intel,59.02,160.1199155225195,29,1153,2209.36,2.537554664134129,2195,2212,50
cpld_warmstart_c24_5deg_intel,wcoss2,intel,62.6875,12.857907989729137,54,131,2120.75,3.669888977392504,2111,2125,48
