test_name,machine,compiler,core_mean,core_std,core_min,core_max,mem_mean,mem_std,mem_min,mem_max,n_hashes
cpld_control_c192_p8_intel,gaeac6,intel,320.4186046511628,21.13925772240511,303,424,6338.767441860465,0.4274625743755712,6338,6339,43
cpld_control_c192_p8_intel,hera,intel,850.0,8.48528137423857,844,856,2642.0,4.242640687119285,2639,2645,2
cpld_control_c192_p8_intel,hercules,intel,880.0,161.59180397257504,422,1148,58829.80434782609,380151.46849144925,2560,2581092,46
cpld_control_c192_p8_intel,orion,intel,919.4888888888889,164.05232289262062,558,1224,53013.42222222222,339000.7543480136,2268,2276564,45
cpld_control_c192_p8_intel,ursa,intel,1117.28,232.50543465230479,349,1386,3400.24,169.6800783226827,3222,3586,50
