test_name,machine,compiler,core_mean,core_std,core_min,core_max,mem_mean,mem_std,mem_min,mem_max,n_hashes
cpld_restart_c24_5deg_intel,acorn,intel,44.09090909090909,7.338392770672581,31,65,1452.7272727272727,3.2804114628730745,1448,1458,44
cpld_restart_c24_5deg_intel,derecho,intel,34.61363636363637,14.349809024077086,24,75,1423.159090909091,1.6836171168631036,1420,1426,44
cpld_restart_c24_5deg_intel,gaeac6,intel,21.046511627906977,2.03485682627378,19,31,6337.604651162791,0.7283227595523277,6337,6341,43
cpld_restart_c24_5deg_intel,hera,intel,33.0,,33,33,1578.0,,1578,1578,1
cpld_restart_c24_5deg_intel,hercules,intel,30.565217391304348,18.5024348835054,22,96,35204.32608695652,228246.75684589488,1540,1549596,46
cpld_restart_c24_5deg_intel,orion,intel,49.044444444444444,25.615119430413426,34,125,35924.91111111111,230594.371306652,1538,1548424,45
cpld_restart_c24_5deg_intel,ursa,intel,172.12,391.99274462256915,24,1253,1532.62,1.9471591027517063,1527,1537,50
cpld_restart_c24_5deg_intel,wcoss2,intel,53.416666666666664,7.846488124411127,43,83,1463.125,4.8537110171803,1453,1470,48
