test_name,machine,compiler,core_mean,core_std,core_min,core_max,mem_mean,mem_std,mem_min,mem_max,n_hashes
cpld_debug_p8_gnu,derecho,gnu,419.52941176470586,13.388977028972485,401,455,1666.4117647058824,6.624375664255219,1653,1676,17
cpld_debug_p8_gnu,hera,gnu,415.6,6.693280212272608,410,426,1682.8,3.8340579025361574,1679,1688,5
cpld_debug_p8_gnu,hercules,gnu,363.8333333333333,31.838286238242084,321,411,1714.0,12.009799919967305,1686,1731,18
cpld_debug_p8_gnu,ursa,gnu,284.3888888888889,6.011155207454268,278,304,1598.611111111111,7.585891617600861,1582,1606,18
