test_name,machine,compiler,core_mean,core_std,core_min,core_max,mem_mean,mem_std,mem_min,mem_max,n_hashes
cpld_restart_pdlib_p8_intel,acorn,intel,382.2,4.507137197189113,378,392,1104.6,1.80475562255472,1102,1110,15
cpld_restart_pdlib_p8_intel,derecho,intel,398.26666666666665,14.493676782192521,378,423,1049.0666666666666,4.84718867955825,1040,1055,15
cpld_restart_pdlib_p8_intel,gaeac6,intel,256.53333333333336,4.911599487316687,253,269,6338.533333333334,0.7432233529572503,6338,6340,15
cpld_restart_pdlib_p8_intel,hera,intel,415.3333333333333,0.5773502691896216,415,416,1351.3333333333333,2.5166114784236133,1349,1354,3
cpld_restart_pdlib_p8_intel,hercules,intel,364.375,32.34372685184357,341,463,1405.8125,8.833411949335673,1390,1417,16
cpld_restart_pdlib_p8_intel,orion,intel,577.2666666666667,27.649507013602236,557,639,1250.2666666666667,7.8509932644280696,1234,1258,15
cpld_restart_pdlib_p8_intel,ursa,intel,240.3125,14.613777745675483,230,282,1651.9375,18.50934448686222,1622,1677,16
cpld_restart_pdlib_p8_intel,wcoss2,intel,393.1333333333333,4.911599487316681,385,402,1042.0,47.7717788777312,1007,1112,15
