test_name,machine,compiler,core_mean,core_std,core_min,core_max,mem_mean,mem_std,mem_min,mem_max,n_hashes
cpld_restart_gefs_intel,acorn,intel,490.6136363636364,24.077603130624446,459,526,3894.5454545454545,8.012938796763347,3879,3921,44
cpld_restart_gefs_intel,hera,intel,304.3333333333333,4.1633319989322635,301,309,2731.3333333333335,3.055050463303881,2728,2734,3
cpld_restart_gefs_intel,hercules,intel,356.0444444444444,45.42924346295193,274,550,2806.777777777778,44.27183020268032,2759,2921,45
cpld_restart_gefs_intel,orion,intel,428.0444444444444,29.75044350743178,346,492,62702.57777777778,402459.5217246579,2686,2702488,45
cpld_restart_gefs_intel,ursa,intel,382.26,27.41354499110962,308,432,2922.56,16.653932550234433,2889,2970,50
cpld_restart_gefs_intel,wcoss2,intel,442.9583333333333,35.420848730976154,397,582,2722.2708333333335,409.88637447745134,2565,3916,48
