test_name,machine,compiler,core_mean,core_std,core_min,core_max,mem_mean,mem_std,mem_min,mem_max,n_hashes
cpld_control_gfsv17_iau_intel,acorn,intel,851.8863636363636,11.064747938135012,831,877,1945.1136363636363,4.861887417458569,1935,1961,44
cpld_control_gfsv17_iau_intel,derecho,intel,845.6363636363636,45.37138269729824,820,1125,1888.3181818181818,5.338638129940305,1874,1897,44
cpld_control_gfsv17_iau_intel,gaeac6,intel,565.2093023255813,4.833209224358437,556,577,6338.6511627906975,0.6504108932136439,6338,6340,43
cpld_control_gfsv17_iau_intel,hera,intel,1083.5,3.5355339059327378,1081,1086,2250.5,2.1213203435596424,2249,2252,2
cpld_control_gfsv17_iau_intel,hercules,intel,994.6521739130435,135.56633757706214,742,1757,53109.67391304348,344391.99558339553,2306,2338112,46
cpld_control_gfsv17_iau_intel,orion,intel,1466.4222222222222,63.93408853473768,1305,1561,49593.8,318345.4712646453,2113,2137664,45
cpld_control_gfsv17_iau_intel,ursa,intel,606.06,23.930520176510313,519,643,2630.26,59.28857480190269,2529,2850,50
cpld_control_gfsv17_iau_intel,wcoss2,intel,894.6458333333334,13.738421946812279,857,936,1851.8333333333333,28.409867429748516,1828,1947,48
