test_name,machine,compiler,core_mean,core_std,core_min,core_max,mem_mean,mem_std,mem_min,mem_max,n_hashes
cpld_control_pdlib_p8_intel,acorn,intel,787.4285714285714,5.445029995174677,780,797,1922.0,1.2403473458921057,1920,1924,14
cpld_control_pdlib_p8_intel,derecho,intel,780.7142857142857,17.349034871975213,764,818,1879.7142857142858,5.209880722517268,1874,1892,14
cpld_control_pdlib_p8_intel,gaeac6,intel,523.8571428571429,2.2822776362202846,521,529,6338.642857142857,0.6333236937766725,6338,6340,14
cpld_control_pdlib_p8_intel,hera,intel,912.5,3.5355339059327378,910,915,2118.5,0.7071067811865476,2118,2119,2
cpld_control_pdlib_p8_intel,hercules,intel,751.4,16.334888167005328,732,784,2090.6,4.5950283692580705,2082,2097,15
cpld_control_pdlib_p8_intel,orion,intel,1234.2142857142858,44.568320193105464,1188,1305,2017.642857142857,4.253634515729659,2009,2024,14
cpld_control_pdlib_p8_intel,ursa,intel,491.8,4.427188724235731,485,501,2163.4666666666667,10.43939425354517,2150,2182,15
cpld_control_pdlib_p8_intel,wcoss2,intel,806.2857142857143,7.730345513509828,792,826,1859.2142857142858,41.90131000601035,1830,1925,14
