test_name,machine,compiler,core_mean,core_std,core_min,core_max,mem_mean,mem_std,mem_min,mem_max,n_hashes
cpld_control_sfs_intel,acorn,intel,720.3409090909091,24.01641220016613,668,766,2195.818181818182,2.6437528582445236,2190,2201,44
cpld_control_sfs_intel,derecho,intel,653.2564102564103,19.10045183912773,614,700,2162.0,5.491620410847993,2151,2175,39
cpld_control_sfs_intel,gaeac6,intel,442.25581395348837,10.841044193372612,427,477,6338.604651162791,0.6597089864811045,6338,6340,43
cpld_control_sfs_intel,hera,intel,691.0,16.522711641858304,672,702,2219.3333333333335,5.68624070307731,2213,2224,3
cpld_control_sfs_intel,hercules,intel,629.695652173913,64.32378843362775,540,876,52546.0,340731.89946003654,2302,2313264,46
cpld_control_sfs_intel,orion,intel,816.2222222222222,44.307237705947244,747,949,51712.444444444445,331953.57439287665,2221,2229040,45
cpld_control_sfs_intel,ursa,intel,519.26,26.122013548666885,490,622,2398.3,9.777629611328436,2375,2426,50
cpld_control_sfs_intel,wcoss2,intel,728.1458333333334,15.287304680589157,696,776,2111.7708333333335,30.33587833217292,2096,2200,48
