test_name,machine,compiler,core_mean,core_std,core_min,core_max,mem_mean,mem_std,mem_min,mem_max,n_hashes
cpld_control_c24_9deg_intel,acorn,intel,79.16666666666667,10.640274768748762,64,98,2112.2619047619046,4.126414162970871,2104,2119,42
cpld_control_c24_9deg_intel,derecho,intel,67.02272727272727,14.316178255067468,56,98,2074.7727272727275,2.04443244371452,2071,2081,44
cpld_control_c24_9deg_intel,gaeac6,intel,45.23255813953488,1.1092084114857508,44,47,6337.720930232558,0.7012092071268029,6336,6339,43
cpld_control_c24_9deg_intel,hercules,intel,72.43478260869566,26.66054277509747,53,139,50805.282608695656,329413.052458572,2224,2236424,46
cpld_control_c24_9deg_intel,orion,intel,115.4,37.843817797026574,80,214,51916.71111111111,333250.0466113056,2223,2237748,45
cpld_control_c24_9deg_intel,ursa,intel,196.26,344.03771803186265,48,1151,2210.24,2.2638237473759535,2206,2216,50
cpld_control_c24_9deg_intel,wcoss2,intel,86.25,9.452006428897246,78,121,2123.0416666666665,4.176725447164414,2110,2129,48
