test_name,machine,compiler,core_mean,core_std,core_min,core_max,mem_mean,mem_std,mem_min,mem_max,n_hashes
cpld_warmstart_c48_5deg_intel,acorn,intel,128.11363636363637,8.006439004895503,112,149,2897.4772727272725,4.948519329233304,2889,2906,44
cpld_warmstart_c48_5deg_intel,derecho,intel,108.77272727272727,14.212447273614966,98,139,2858.090909090909,1.7629017017827118,2855,2864,44
cpld_warmstart_c48_5deg_intel,gaeac6,intel,77.34883720930233,2.975164828809071,74,94,6337.6511627906975,0.8966530605330598,6337,6341,43
cpld_warmstart_c48_5deg_intel,hera,intel,130.0,1.0,129,131,3076.3333333333335,4.725815626252588,3071,3080,3
cpld_warmstart_c48_5deg_intel,hercules,intel,116.58695652173913,34.613148488821096,97,259,68923.95652173914,446871.15012485324,3028,3033864,46
cpld_warmstart_c48_5deg_intel,orion,intel,180.82222222222222,40.9763173779512,143,265,70371.48888888888,451699.4290900261,3026,3033128,45
cpld_warmstart_c48_5deg_intel,ursa,intel,132.54,173.58221130528514,79,1257,3019.56,1.6556643650801524,3015,3024,50
cpld_warmstart_c48_5deg_intel,wcoss2,intel,138.625,15.80011446228401,125,218,2902.8125,1.2489357171335813,2900,2905,48
