test_name,machine,compiler,core_mean,core_std,core_min,core_max,mem_mean,mem_std,mem_min,mem_max,n_hashes
cpld_restart_c48_5deg_intel,acorn,intel,80.26666666666667,7.932671222688655,67,97,2303.9333333333334,4.773982518915299,2294,2314,45
cpld_restart_c48_5deg_intel,derecho,intel,67.84444444444445,14.00155114062132,54,109,2267.7555555555555,3.7668141564045747,2253,2273,45
cpld_restart_c48_5deg_intel,gaeac6,intel,47.09090909090909,2.613188214175575,45,60,6337.613636363636,0.5793303708998697,6337,6339,44
cpld_restart_c48_5deg_intel,hera,intel,77.8,0.8366600265340757,77,79,2514.4,2.607680962081067,2511,2517,5
cpld_restart_c48_5deg_intel,hercules,intel,67.85106382978724,22.03355023141266,57,137,55055.14893617021,360454.94602220214,2459,2473632,47
cpld_restart_c48_5deg_intel,orion,intel,103.67391304347827,32.82414717370673,84,220,56132.108695652176,363900.6238089509,2459,2470572,46
cpld_restart_c48_5deg_intel,ursa,intel,212.28,355.2361697892412,50,1261,2458.44,5.8350104489003956,2444,2468,50
cpld_restart_c48_5deg_intel,wcoss2,intel,93.53061224489795,9.802427507205227,81,134,2314.183673469388,5.510117472234577,2305,2328,49
