test_name,machine,compiler,core_mean,core_std,core_min,core_max,mem_mean,mem_std,mem_min,mem_max,n_hashes
cpld_restart_gefs_intel,acorn,intel,490.0444444444444,23.8145825794689,459,526,3895.088888888889,8.338907226811672,3879,3921,45
cpld_restart_gefs_intel,hera,intel,318.0,29.782545223670866,301,371,2726.0,7.74596669241486,2716,2734,5
cpld_restart_gefs_intel,hercules,intel,353.67391304347825,46.63048804654456,274,550,2805.4565217391305,42.566918047672665,2759,2921,46
cpld_restart_gefs_intel,orion,intel,426.2608695652174,31.193613863958095,346,492,61399.32608695652,398060.7757364615,2686,2702488,46
cpld_restart_gefs_intel,ursa,intel,383.12,27.611473509897213,308,432,2923.82,17.19835065656365,2889,2970,50
cpld_restart_gefs_intel,wcoss2,intel,444.6326530612245,36.200077047311545,397,582,2773.4897959183672,469.0541512114645,2565,3916,49
