test_name,machine,compiler,core_mean,core_std,core_min,core_max,mem_mean,mem_std,mem_min,mem_max,n_hashes
cpld_control_c24_9deg_intel,acorn,intel,79.17073170731707,10.772424144602713,64,98,2112.1951219512193,4.1546330294931835,2104,2119,41
cpld_control_c24_9deg_intel,derecho,intel,67.72727272727273,14.522418333372418,56,98,2074.8863636363635,2.1910590949852087,2071,2081,44
cpld_control_c24_9deg_intel,gaeac6,intel,45.16279069767442,1.0895659371235764,44,47,6337.7441860465115,0.7268006622570395,6336,6339,43
cpld_control_c24_9deg_intel,hercules,intel,72.43478260869566,26.66054277509747,53,139,50805.565217391304,329413.0098724532,2224,2236424,46
cpld_control_c24_9deg_intel,orion,intel,115.33333333333333,37.902986210012045,80,214,51916.91111111111,333250.01612233627,2223,2237748,45
cpld_control_c24_9deg_intel,ursa,intel,174.3,315.94388871495283,48,1151,2210.2,2.2314999074018576,2206,2216,50
cpld_control_c24_9deg_intel,wcoss2,intel,86.20833333333333,9.435014761307972,78,121,2123.25,3.738813101006293,2118,2129,48
