test_name,machine,compiler,core_mean,core_std,core_min,core_max,mem_mean,mem_std,mem_min,mem_max,n_hashes
cpld_control_nowave_noaero_p8_intel,acorn,intel,433.0,4.795831523312715,424,440,1986.2727272727273,1.4893561757289335,1984,1989,11
cpld_control_nowave_noaero_p8_intel,derecho,intel,442.54545454545456,19.371957239079567,414,478,1932.6363636363637,0.5045249791094893,1932,1933,11
cpld_control_nowave_noaero_p8_intel,gaeac6,intel,279.45454545454544,9.862693712811286,273,307,6338.818181818182,0.4045199174778271,6338,6339,11
cpld_control_nowave_noaero_p8_intel,hercules,intel,362.6666666666667,20.71597246453846,349,400,2173.5833333333335,5.632024233763322,2164,2181,12
cpld_control_nowave_noaero_p8_intel,orion,intel,412.90909090909093,36.28899156894427,388,507,2102.818181818182,1.6011359603845163,2100,2105,11
cpld_control_nowave_noaero_p8_intel,ursa,intel,416.3333333333333,421.30043983606356,289,1754,3004.0,11.449493835576668,2991,3027,12
cpld_control_nowave_noaero_p8_intel,wcoss2,intel,441.54545454545456,5.6809090181701825,435,452,1895.3636363636363,27.73904370115428,1881,1978,11
