test_name,machine,compiler,core_mean,core_std,core_min,core_max,mem_mean,mem_std,mem_min,mem_max,n_hashes
cpld_debug_pdlib_p8_gnu,derecho,gnu,527.0,10.562737740350688,513,561,1597.6,8.78147400578548,1585,1610,15
cpld_debug_pdlib_p8_gnu,hera,gnu,655.0,4.358898943540674,652,660,1534.3333333333333,5.131601439446915,1530,1540,3
cpld_debug_pdlib_p8_gnu,hercules,gnu,569.0,35.5940069861955,527,616,1589.75,10.54197957374867,1572,1608,16
cpld_debug_pdlib_p8_gnu,ursa,gnu,391.6875,2.725649769626806,388,398,1566.3125,9.177644941196343,1550,1585,16
