test_name,machine,compiler,core_mean,core_std,core_min,core_max,mem_mean,mem_std,mem_min,mem_max,n_hashes
cpld_restart_gfsv17_intel,acorn,intel,385.5238095238095,31.925399396044842,363,577,1071.095238095238,3.62114066255719,1064,1079,42
cpld_restart_gfsv17_intel,derecho,intel,399.6363636363636,11.590073758400269,383,442,1022.7727272727273,6.294566266394339,1009,1032,44
cpld_restart_gfsv17_intel,gaeac6,intel,251.46511627906978,2.930535764516374,246,260,6338.697674418605,0.8028189537033716,6338,6342,43
cpld_restart_gfsv17_intel,hercules,intel,369.0869565217391,47.34217104675589,318,580,30707.58695652174,199091.2909865529,1325,1351656,46
cpld_restart_gfsv17_intel,orion,intel,611.0444444444445,77.26605615885565,547,963,28505.82222222222,182943.421199423,1212,1228456,45
cpld_restart_gfsv17_intel,ursa,intel,230.1,4.581462203092737,220,243,1506.36,51.714980263686385,1462,1715,50
cpld_restart_gfsv17_intel,wcoss2,intel,392.8541666666667,28.29328886919054,377,574,978.5208333333334,15.132028289090828,969,1077,48
