test_name,machine,compiler,core_mean,core_std,core_min,core_max,mem_mean,mem_std,mem_min,mem_max,n_hashes
cpld_decomp_p8_intel,acorn,intel,484.3529411764706,17.372709969760184,449,531,2945.5,627.491120304189,1984,3347,34
cpld_decomp_p8_intel,derecho,intel,476.94594594594594,17.671298050080388,450,534,1988.8918918918919,36.408777775408815,1932,2025,37
cpld_decomp_p8_intel,gaeac6,intel,301.13513513513516,21.346561214295747,282,405,6338.675675675676,0.4745789978761037,6338,6339,37
cpld_decomp_p8_intel,hera,intel,682.75,8.84590300647707,671,692,2255.0,3.1622776601683795,2252,2259,4
cpld_decomp_p8_intel,hercules,intel,511.7894736842105,39.76019868807883,455,629,59218.92105263158,351371.77942576923,2161,2168220,38
cpld_decomp_p8_intel,orion,intel,992.7297297297297,32.46335425320942,937,1043,58933.24324324324,345406.7586060596,2064,2103176,37
cpld_decomp_p8_intel,ursa,intel,413.2894736842105,21.06605812962905,370,468,2390.6315789473683,103.34419557769905,2231,2491,38
cpld_decomp_p8_intel,wcoss2,intel,495.6756756756757,27.04425802073134,453,544,2173.108108108108,533.6066374620387,1897,3370,37
