test_name,machine,compiler,core_mean,core_std,core_min,core_max,mem_mean,mem_std,mem_min,mem_max,n_hashes
cpld_control_gefs_intel,acorn,intel,1090.1363636363637,70.97119982833856,1003,1172,4090.4772727272725,8.697737306303939,4075,4108,44
cpld_control_gefs_intel,hera,intel,926.0,5.291502622129181,922,932,3043.3333333333335,8.504900548115438,3035,3052,3
cpld_control_gefs_intel,hercules,intel,1016.2222222222222,83.63445595101474,879,1169,3111.4444444444443,38.525408118630956,3079,3195,45
cpld_control_gefs_intel,orion,intel,1224.2,56.6951978085046,1127,1325,70635.91111111111,453468.5010990701,3001,3044996,45
cpld_control_gefs_intel,ursa,intel,1210.74,110.35394077647595,800,1424,3209.26,17.342657094633473,3180,3248,50
cpld_control_gefs_intel,wcoss2,intel,1060.625,49.54758082850713,982,1162,3003.3958333333335,379.2901959558498,2857,4109,48
