test_name,machine,compiler,core_mean,core_std,core_min,core_max,mem_mean,mem_std,mem_min,mem_max,n_hashes
cpld_restart_c24_9deg_intel,acorn,intel,45.22727272727273,7.287656452869663,31,57,1452.9318181818182,2.8480734187748373,1448,1457,44
cpld_restart_c24_9deg_intel,derecho,intel,34.63636363636363,14.305781737483185,24,61,1423.5,1.7849500025569045,1419,1427,44
cpld_restart_c24_9deg_intel,gaeac6,intel,20.72093023255814,1.3684468324022858,19,25,6337.697674418605,0.7082804032077858,6336,6339,43
cpld_restart_c24_9deg_intel,hera,intel,32.0,,32,32,1577.0,,1577,1577,1
cpld_restart_c24_9deg_intel,hercules,intel,30.347826086956523,18.682395030026825,23,100,35268.086956521736,228689.30225923227,1538,1552596,46
cpld_restart_c24_9deg_intel,orion,intel,44.17777777777778,18.93924363576723,34,110,35925.62222222222,230597.3120727883,1537,1548444,45
cpld_restart_c24_9deg_intel,ursa,intel,151.8,348.3262603845271,23,1258,1532.88,2.0764962640692937,1529,1537,50
cpld_restart_c24_9deg_intel,wcoss2,intel,52.520833333333336,7.460504755421964,42,74,1462.9791666666667,5.5101051591826185,1453,1471,48
