test_name,machine,compiler,core_mean,core_std,core_min,core_max,mem_mean,mem_std,mem_min,mem_max,n_hashes
cpld_restart_c12_9deg_intel,acorn,intel,40.68181818181818,6.920722933311357,28,52,1395.75,1.5268907455470364,1393,1400,44
cpld_restart_c12_9deg_intel,derecho,intel,31.40909090909091,13.836786462884028,21,57,1362.25,1.7134895714967655,1359,1366,44
cpld_restart_c12_9deg_intel,gaeac6,intel,18.162790697674417,0.8978872704229621,17,21,6337.627906976744,0.7245115206270218,6337,6340,43
cpld_restart_c12_9deg_intel,hera,intel,29.0,,29,29,1527.0,,1527,1527,1
cpld_restart_c12_9deg_intel,hercules,intel,29.0,21.17335852223523,20,96,34166.63043478261,221518.94110540615,1490,1503920,46
cpld_restart_c12_9deg_intel,orion,intel,45.22222222222222,25.389590645209566,30,128,34931.955555555556,224218.67410145875,1493,1505612,45
cpld_restart_c12_9deg_intel,ursa,intel,136.74,332.17759019622537,21,1248,1491.6,2.7774602993176654,1486,1496,50
cpld_restart_c12_9deg_intel,wcoss2,intel,50.375,6.99125593684483,41,71,1406.1041666666667,3.012312205382286,1396,1409,48
