test_name,machine,compiler,core_mean,core_std,core_min,core_max,mem_mean,mem_std,mem_min,mem_max,n_hashes
cpld_control_noaero_p8_intel,acorn,intel,274.57142857142856,5.996335877520873,262,281,1915.9285714285713,1.1411388181101116,1914,1918,14
cpld_control_noaero_p8_intel,derecho,intel,290.7142857142857,12.874713268971925,280,320,1871.642857142857,1.2157392722216434,1870,1874,14
cpld_control_noaero_p8_intel,gaeac6,intel,174.5,8.733225679508735,169,201,6338.642857142857,0.6333236937766041,6338,6340,14
cpld_control_noaero_p8_intel,hera,intel,659.0,19.79898987322333,645,673,2103.5,6.363961030678928,2099,2108,2
cpld_control_noaero_p8_intel,hercules,intel,452.26666666666665,13.51436625366114,438,497,2045.7333333333333,4.605379876787983,2038,2053,15
cpld_control_noaero_p8_intel,orion,intel,952.1428571428571,36.07653646785516,916,1055,1990.7857142857142,4.870295701472393,1986,2001,14
cpld_control_noaero_p8_intel,ursa,intel,391.53333333333336,13.238831771220106,373,413,2087.266666666667,12.372011423639455,2068,2105,15
cpld_control_noaero_p8_intel,wcoss2,intel,290.14285714285717,4.469678062010954,282,296,1850.0,45.04698401925221,1820,1924,14
