test_name,machine,compiler,core_mean,core_std,core_min,core_max,mem_mean,mem_std,mem_min,mem_max,n_hashes
cpld_control_c48_5deg_intel,acorn,intel,363.52272727272725,8.595533281245904,348,394,2889.068181818182,2.662379834805306,2885,2893,44
cpld_control_c48_5deg_intel,derecho,intel,317.3181818181818,15.913681005002077,304,353,2852.0,1.7117922064727142,2849,2856,44
cpld_control_c48_5deg_intel,gaeac6,intel,244.1860465116279,3.472722370770794,238,249,6337.7441860465115,0.5386501318691062,6337,6339,43
cpld_control_c48_5deg_intel,hera,intel,424.25,5.1234753829798,419,430,3088.0,2.581988897471611,3085,3091,4
cpld_control_c48_5deg_intel,hercules,intel,340.04347826086956,32.12749360610982,315,430,69662.04347826086,451782.44826253166,3035,3067188,46
cpld_control_c48_5deg_intel,orion,intel,508.5111111111111,49.85188161955479,455,656,70656.86666666667,453537.26691538014,3029,3045468,45
cpld_control_c48_5deg_intel,ursa,intel,556.1,421.277030865313,241,1432,3031.9,3.045572229332471,3023,3038,50
cpld_control_c48_5deg_intel,wcoss2,intel,370.5625,11.65260677620468,360,435,2895.7708333333335,3.2172380339938975,2888,2901,48
