test_name,machine,compiler,core_mean,core_std,core_min,core_max,mem_mean,mem_std,mem_min,mem_max,n_hashes
cpld_restart_gfsv17_iau_intel,acorn,intel,388.5,9.184162303079267,371,413,1933.8636363636363,1.607987462216963,1930,1936,44
cpld_restart_gfsv17_iau_intel,derecho,intel,408.27272727272725,15.62252940298548,386,454,1885.340909090909,6.494875195528898,1865,1905,44
cpld_restart_gfsv17_iau_intel,gaeac6,intel,256.5348837209302,2.95480913257807,252,266,6338.604651162791,0.6597089864809605,6338,6340,43
cpld_restart_gfsv17_iau_intel,hera,intel,481.0,18.384776310850235,468,494,2201.5,6.363961030678928,2197,2206,2
cpld_restart_gfsv17_iau_intel,hercules,intel,441.19565217391306,42.91108096477199,325,550,50308.5,326191.41310244007,2189,2214552,46
cpld_restart_gfsv17_iau_intel,orion,intel,643.7555555555556,52.630856640444904,555,774,48327.88888888889,310175.1702139983,2068,2082808,45
cpld_restart_gfsv17_iau_intel,ursa,intel,277.14,13.517954802440197,235,322,2358.6,33.9152605468272,2319,2486,50
cpld_restart_gfsv17_iau_intel,wcoss2,intel,411.5208333333333,12.77295944203227,396,476,1847.0208333333333,26.418473213839558,1822,1935,48
