test_name,machine,compiler,core_mean,core_std,core_min,core_max,mem_mean,mem_std,mem_min,mem_max,n_hashes
cpld_restart_gfsv17_intel,acorn,intel,385.25,31.212791802288756,363,577,1071.2727272727273,3.426053641115044,1064,1079,44
cpld_restart_gfsv17_intel,derecho,intel,400.25,11.408126438517808,383,442,1023.0909090909091,6.12208423932607,1009,1032,44
cpld_restart_gfsv17_intel,gaeac6,intel,252.27906976744185,3.4179190368754493,248,266,6338.767441860465,0.8405556354584897,6338,6342,43
cpld_restart_gfsv17_intel,hera,intel,409.0,1.0,408,410,1368.3333333333333,3.055050463303918,1365,1371,3
cpld_restart_gfsv17_intel,hercules,intel,368.39130434782606,46.629736940602186,318,580,30702.67391304348,199092.0311019844,1325,1351656,46
cpld_restart_gfsv17_intel,orion,intel,610.1333333333333,77.22946917525006,554,963,28503.68888888889,182943.74642133503,1210,1228456,45
cpld_restart_gfsv17_intel,ursa,intel,229.72,4.323830501312652,220,243,1506.16,51.84646092265198,1462,1715,50
cpld_restart_gfsv17_intel,wcoss2,intel,391.9166666666667,28.054531498291905,377,574,986.5625,29.277764600460973,969,1077,48
