test_name,machine,compiler,core_mean,core_std,core_min,core_max,mem_mean,mem_std,mem_min,mem_max,n_hashes
cpld_mpi_pdlib_p8_intel,acorn,intel,913.5333333333333,4.206570823751583,907,921,1890.1333333333334,1.3557637102737332,1887,1892,15
cpld_mpi_pdlib_p8_intel,derecho,intel,879.4,16.339260343461966,862,909,1838.4,1.5491933384829453,1835,1840,15
cpld_mpi_pdlib_p8_intel,gaeac6,intel,607.5333333333333,4.8970350602127,604,623,6338.8,0.8618916073712789,6338,6340,15
cpld_mpi_pdlib_p8_intel,hera,intel,1071.6666666666667,4.932882862316234,1066,1075,1932.0,4.58257569495584,1928,1937,3
cpld_mpi_pdlib_p8_intel,hercules,intel,805.5625,14.066360581188038,788,840,1994.9375,5.297405025104287,1985,2005,16
cpld_mpi_pdlib_p8_intel,orion,intel,1413.2666666666667,44.64057517977282,1368,1508,1933.4666666666667,3.3988793671416606,1928,1937,15
cpld_mpi_pdlib_p8_intel,ursa,intel,708.5,7.702813338860903,697,729,2097.3125,8.545710424924748,2087,2118,16
cpld_mpi_pdlib_p8_intel,wcoss2,intel,932.2666666666667,10.22927637900634,912,949,1834.1333333333334,42.478341820385616,1800,1893,15
