test_name,machine,compiler,core_mean,core_std,core_min,core_max,mem_mean,mem_std,mem_min,mem_max,n_hashes
cpld_control_c192_p8_intel,gaeac6,intel,320.86046511627904,20.96434773535761,303,424,6338.767441860465,0.4274625743756473,6338,6339,43
cpld_control_c192_p8_intel,hera,intel,842.6666666666666,14.04753833713697,828,856,2640.6666666666665,3.7859388972001424,2638,2645,3
cpld_control_c192_p8_intel,hercules,intel,889.9347826086956,147.42974254032748,422,1148,58835.782608695656,380150.56758453033,2560,2581092,46
cpld_control_c192_p8_intel,orion,intel,928.4,159.92020737628104,558,1224,53022.02222222222,338999.4427301995,2268,2276564,45
cpld_control_c192_p8_intel,ursa,intel,1117.46,232.47709652385817,349,1386,3407.22,169.62844028965816,3222,3586,50
