test_name,machine,compiler,core_mean,core_std,core_min,core_max,mem_mean,mem_std,mem_min,mem_max,n_hashes
cpld_restart_qr_p8_intel,acorn,intel,286.0,4.760952285695237,280,296,3252.5625,1.314977819838343,3250,3255,16
cpld_restart_qr_p8_intel,derecho,intel,302.375,16.640813281407453,274,333,1388.875,2.552776266472784,1385,1393,16
cpld_restart_qr_p8_intel,gaeac6,intel,172.4375,3.3460175333272417,169,183,6338.625,0.5000000000000218,6338,6339,16
cpld_restart_qr_p8_intel,hera,intel,361.5,3.6968455021364646,357,365,1870.25,14.314910641239317,1849,1880,4
cpld_restart_qr_p8_intel,hercules,intel,287.1764705882353,35.791471215426526,259,407,1834.6470588235295,3.9834215266304844,1827,1841,17
cpld_restart_qr_p8_intel,orion,intel,527.0625,30.723430255534065,501,588,1765.0625,3.4731109973625234,1758,1769,16
cpld_restart_qr_p8_intel,ursa,intel,226.76470588235293,6.8422347570503765,217,241,1989.764705882353,10.917471157305078,1968,2010,17
cpld_restart_qr_p8_intel,wcoss2,intel,299.9375,8.80506483035001,287,326,2052.125,987.7716250901993,1307,3289,16
