test_name,machine,compiler,core_mean,core_std,core_min,core_max,mem_mean,mem_std,mem_min,mem_max,n_hashes
cpld_s2sa_p8_intel,acorn,intel,499.15384615384613,4.8105119936474185,492,506,3345.6923076923076,2.0159619451027337,3343,3349,13
cpld_s2sa_p8_intel,derecho,intel,509.2307692307692,17.912536792955233,492,552,1996.3846153846155,2.399252020195078,1992,2001,13
cpld_s2sa_p8_intel,gaeac6,intel,320.15384615384613,11.524221982749738,314,355,6338.384615384615,0.5063696835417223,6338,6339,13
cpld_s2sa_p8_intel,hera,intel,421.0,,421,421,2265.0,,2265,2265,1
cpld_s2sa_p8_intel,hercules,intel,458.2142857142857,46.65120753887474,400,532,2245.785714285714,4.838603921803184,2235,2252,14
cpld_s2sa_p8_intel,orion,intel,482.53846153846155,29.40979254323119,457,543,2169.076923076923,8.230649412020298,2148,2177,13
cpld_s2sa_p8_intel,ursa,intel,428.5,272.027925602671,328,1350,3141.1428571428573,27.545367173941457,3098,3179,14
cpld_s2sa_p8_intel,wcoss2,intel,513.4615384615385,8.818686453731697,504,533,2279.6923076923076,606.7763707516668,1950,3346,13
