test_name,machine,compiler,core_mean,core_std,core_min,core_max,mem_mean,mem_std,mem_min,mem_max,n_hashes
cpld_decomp_p8_intel,acorn,intel,483.71875,17.6894982058337,449,531,2920.5,638.8898637985394,1984,3347,32
cpld_decomp_p8_intel,derecho,intel,476.2857142857143,17.88455039572265,450,534,1987.5428571428572,36.993912740232496,1932,2025,35
cpld_decomp_p8_intel,gaeac6,intel,301.3142857142857,21.951512648631418,282,405,6338.714285714285,0.45834924851403624,6338,6339,35
cpld_decomp_p8_intel,hera,intel,681.5,14.849242404917497,671,692,2254.5,2.1213203435596424,2253,2256,2
cpld_decomp_p8_intel,hercules,intel,509.8333333333333,39.16886518652284,455,629,62385.0,361000.28724586905,2161,2168220,36
cpld_decomp_p8_intel,orion,intel,992.9714285714285,32.664502872371415,937,1043,62177.142857142855,355138.59234265995,2064,2103176,35
cpld_decomp_p8_intel,ursa,intel,413.4166666666667,21.650965006536904,370,468,2385.722222222222,103.97626408014231,2231,2486,36
cpld_decomp_p8_intel,wcoss2,intel,494.8857142857143,27.356869691683123,453,544,2104.8285714285716,461.1937506409341,1897,3370,35
