test_name,machine,compiler,core_mean,core_std,core_min,core_max,mem_mean,mem_std,mem_min,mem_max,n_hashes
cpld_restart_pdlib_p8_intel,acorn,intel,381.9166666666667,4.999242366841628,378,392,1104.4166666666667,1.9752253419585115,1102,1110,12
cpld_restart_pdlib_p8_intel,derecho,intel,399.3333333333333,15.709483721239177,378,423,1048.6666666666667,5.382350506023978,1040,1055,12
cpld_restart_pdlib_p8_intel,gaeac6,intel,254.83333333333334,1.6966991126265942,253,258,6338.416666666667,0.6685579234215234,6338,6340,12
cpld_restart_pdlib_p8_intel,hercules,intel,367.46153846153845,35.24347548274097,341,463,1404.923076923077,9.638996649561422,1390,1417,13
cpld_restart_pdlib_p8_intel,orion,intel,580.6666666666666,30.15213947884156,557,639,1250.9166666666667,7.959652040514099,1234,1258,12
cpld_restart_pdlib_p8_intel,ursa,intel,241.76923076923077,15.953859753227148,230,282,1647.8461538461538,18.160608258197026,1622,1677,13
cpld_restart_pdlib_p8_intel,wcoss2,intel,393.5833333333333,4.907477288111822,387,402,1026.0,38.83297567789514,1007,1112,12
