test_name,machine,compiler,core_mean,core_std,core_min,core_max,mem_mean,mem_std,mem_min,mem_max,n_hashes
cpld_warmstart_c48_5deg_intel,acorn,intel,128.5121951219512,8.402743454430562,112,149,2896.6585365853657,4.942720688535814,2889,2906,41
cpld_warmstart_c48_5deg_intel,derecho,intel,113.79545454545455,19.718459708530883,98,196,2858.5,2.2874785549890104,2855,2867,44
cpld_warmstart_c48_5deg_intel,gaeac6,intel,77.4186046511628,2.94580054718363,74,94,6337.6511627906975,0.9228248796942281,6337,6341,43
cpld_warmstart_c48_5deg_intel,hercules,intel,117.84782608695652,34.64933373821805,97,259,68925.08695652174,446870.9797577335,3028,3033864,46
cpld_warmstart_c48_5deg_intel,orion,intel,180.24444444444444,40.70411837302527,143,265,70372.13333333333,451699.33084034803,3026,3033128,45
cpld_warmstart_c48_5deg_intel,ursa,intel,128.34,171.77329744254698,79,1257,3019.58,1.9906926289251925,3014,3025,50
cpld_warmstart_c48_5deg_intel,wcoss2,intel,139.125,16.10157254114865,125,218,2902.5625,1.4128024059642097,2900,2905,48
