test_name,machine,compiler,core_mean,core_std,core_min,core_max,mem_mean,mem_std,mem_min,mem_max,n_hashes
cpld_control_p8.v2.sfc_intel,acorn,intel,491.75,17.819887404155374,450,535,2930.71875,639.0406233932034,1993,3357,32
cpld_control_p8.v2.sfc_intel,derecho,intel,494.9428571428571,18.521756455176554,467,543,1991.7714285714285,31.349158647389057,1945,2028,35
cpld_control_p8.v2.sfc_intel,gaeac6,intel,307.1142857142857,14.620234625484015,288,354,6338.771428571428,0.42604296149809834,6338,6339,35
cpld_control_p8.v2.sfc_intel,hera,intel,675.5,26.16295090390226,657,694,2283.0,0.0,2283,2283,2
cpld_control_p8.v2.sfc_intel,hercules,intel,506.25,40.31545254968267,456,631,63104.02777777778,365216.2252248845,2182,2193532,36
cpld_control_p8.v2.sfc_intel,orion,intel,995.4857142857143,32.96020008913733,939,1058,62389.142857142855,356305.10400457954,2103,2110092,35
cpld_control_p8.v2.sfc_intel,ursa,intel,415.27777777777777,25.39810016641976,369,488,2416.3888888888887,104.88722590825884,2263,2537,36
cpld_control_p8.v2.sfc_intel,wcoss2,intel,499.8285714285714,25.897405859508428,458,569,2110.0,461.9987904236777,1899,3376,35
