test_name,machine,compiler,core_mean,core_std,core_min,core_max,mem_mean,mem_std,mem_min,mem_max,n_hashes
cpld_control_c192_p8_intel,gaeac6,intel,321.3720930232558,20.78578183440141,303,424,6338.767441860465,0.42746257437580154,6338,6339,43
cpld_control_c192_p8_intel,hera,intel,848.5,16.360521589077365,828,866,2639.75,3.5939764421412566,2637,2645,4
cpld_control_c192_p8_intel,hercules,intel,899.7608695652174,130.7595222421864,422,1148,58841.97826086957,380149.63368041685,2560,2581092,46
cpld_control_c192_p8_intel,orion,intel,934.5111111111111,156.16506742171333,558,1224,53030.822222222225,338998.1004397899,2268,2276564,45
cpld_control_c192_p8_intel,ursa,intel,1119.04,231.99287110792434,349,1386,3413.88,169.50620240292457,3222,3586,50
