test_name,machine,compiler,core_mean,core_std,core_min,core_max,mem_mean,mem_std,mem_min,mem_max,n_hashes
cpld_debug_pdlib_p8_gnu,derecho,gnu,529.3636363636364,11.182778968330966,518,561,1596.4545454545455,9.543203197707125,1585,1608,11
cpld_debug_pdlib_p8_gnu,hercules,gnu,572.0833333333334,37.7466635089859,527,616,1587.1666666666667,9.897964284119066,1572,1599,12
cpld_debug_pdlib_p8_gnu,ursa,gnu,392.3333333333333,2.7413776673693704,388,398,1567.0833333333333,10.219930024074014,1550,1585,12
