test_name,machine,compiler,core_mean,core_std,core_min,core_max,mem_mean,mem_std,mem_min,mem_max,n_hashes
cpld_control_c24_9deg_intel,acorn,intel,78.81818181818181,9.970357758206996,64,98,2112.159090909091,4.1536936872327885,2104,2119,44
cpld_control_c24_9deg_intel,derecho,intel,63.79545454545455,12.90318068855919,56,98,2074.2272727272725,1.327064190516351,2071,2076,44
cpld_control_c24_9deg_intel,gaeac6,intel,45.46511627906977,1.1201368370767462,44,48,6337.697674418605,0.8028189537032172,6336,6339,43
cpld_control_c24_9deg_intel,hera,intel,74.0,4.760952285695232,71,81,2254.0,0.816496580927726,2253,2255,4
cpld_control_c24_9deg_intel,hercules,intel,69.19565217391305,24.11326934395472,53,128,50804.934782608696,329413.1048795993,2224,2236424,46
cpld_control_c24_9deg_intel,orion,intel,115.42222222222222,38.569588166237025,80,214,51916.13333333333,333250.13469230034,2223,2237748,45
cpld_control_c24_9deg_intel,ursa,intel,185.62,340.19513547974435,48,1151,2210.38,2.1560545977714476,2207,2216,50
cpld_control_c24_9deg_intel,wcoss2,intel,86.625,9.357270469442351,78,121,2121.3541666666665,5.9268217715784175,2108,2129,48
