test_name,machine,compiler,core_mean,core_std,core_min,core_max,mem_mean,mem_std,mem_min,mem_max,n_hashes
cpld_debug_pdlib_p8_intel,acorn,intel,1454.6666666666667,37.24756303949227,1432,1564,1961.2,2.274077520980527,1959,1967,15
cpld_debug_pdlib_p8_intel,derecho,intel,1387.0666666666666,19.136601678707915,1352,1431,1895.2,1.7402791237531536,1892,1898,15
cpld_debug_pdlib_p8_intel,gaeac6,intel,975.5333333333333,7.890923055426838,961,996,6338.8,0.5606119105811038,6338,6340,15
cpld_debug_pdlib_p8_intel,hera,intel,1647.6666666666667,15.044378795195644,1638,1665,1973.6666666666667,2.081665999466142,1972,1976,3
cpld_debug_pdlib_p8_intel,hercules,intel,1340.375,40.74452928512811,1280,1406,2066.125,3.879432948254174,2058,2072,16
cpld_debug_pdlib_p8_intel,orion,intel,1725.5333333333333,35.174801586741985,1665,1801,1998.6,4.188419408662036,1991,2006,15
cpld_debug_pdlib_p8_intel,ursa,intel,1167.1875,15.415225157832326,1148,1212,2185.1875,8.00182270902486,2177,2202,16
cpld_debug_pdlib_p8_intel,wcoss2,intel,1446.7333333333333,17.34715566090909,1429,1490,1902.0666666666666,41.93100909600821,1870,1963,15
