test_name,machine,compiler,core_mean,core_std,core_min,core_max,mem_mean,mem_std,mem_min,mem_max,n_hashes
cpld_control_pdlib_p8_gnu,derecho,gnu,699.8571428571429,12.562809232977127,688,734,1588.0714285714287,10.239172785955839,1573,1609,14
cpld_control_pdlib_p8_gnu,hera,gnu,1058.0,1.4142135623730951,1057,1059,1597.5,6.363961030678928,1593,1602,2
cpld_control_pdlib_p8_gnu,hercules,gnu,836.1333333333333,10.629249850339983,825,865,1586.7333333333333,6.341097997155012,1572,1596,15
cpld_control_pdlib_p8_gnu,ursa,gnu,607.6,281.75313409335587,529,1626,1560.0666666666666,8.859753839426814,1540,1573,15
