test_name,machine,compiler,core_mean,core_std,core_min,core_max,mem_mean,mem_std,mem_min,mem_max,n_hashes
cpld_restart_p8_intel,acorn,intel,278.52941176470586,12.053505196509523,249,305,2684.676470588235,866.1006912065004,1359,3239,34
cpld_restart_p8_intel,derecho,intel,289.56756756756755,15.58585637425541,266,327,1468.1081081081081,101.1181332742889,1321,1541,37
cpld_restart_p8_intel,gaeac6,intel,169.2972972972973,10.593144703756053,154,202,6338.675675675676,0.47457899787619373,6338,6339,37
cpld_restart_p8_intel,hera,intel,360.25,9.03234926989282,350,372,1871.5,9.746794344808984,1858,1881,4
cpld_restart_p8_intel,hercules,intel,284.92105263157896,52.95759730553807,243,555,46830.36842105263,277097.700591318,1706,1710024,38
cpld_restart_p8_intel,orion,intel,533.8918918918919,33.549121352779785,493,610,42942.7027027027,250887.16453062065,1524,1527784,37
cpld_restart_p8_intel,ursa,intel,230.5,23.958015078183887,202,331,2188.157894736842,110.77845588082533,2010,2303,38
cpld_restart_p8_intel,wcoss2,intel,288.1081081081081,24.752983864783044,250,379,1728.3243243243244,694.0391060889731,1263,3262,37
