test_name,machine,compiler,core_mean,core_std,core_min,core_max,mem_mean,mem_std,mem_min,mem_max,n_hashes
cpld_restart_c192_p8_intel,hercules,intel,333.32608695652175,53.97656048810079,234,546,63085.54347826087,408506.44673839776,2746,2773480,46
cpld_restart_c192_p8_intel,orion,intel,509.4,97.2327105453715,325,707,61282.73333333333,392825.3093008276,2625,2637876,45
cpld_restart_c192_p8_intel,ursa,intel,749.78,156.53770361501162,198,925,3276.9,161.5796069674485,3117,3490,50
