test_name,machine,compiler,core_mean,core_std,core_min,core_max,mem_mean,mem_std,mem_min,mem_max,n_hashes
cpld_restart_qr_p8_intel,acorn,intel,285.7,5.250396810400783,280,296,3252.0,0.9428090415821232,3250,3253,10
cpld_restart_qr_p8_intel,derecho,intel,308.4,16.84042754801671,292,333,1389.7,1.3374935098492489,1387,1391,10
cpld_restart_qr_p8_intel,gaeac6,intel,172.4,4.195235392680603,169,183,6338.7,0.4830458915395421,6338,6339,10
cpld_restart_qr_p8_intel,hercules,intel,295.3636363636364,41.8169169769191,259,407,1836.090909090909,2.5866791627314805,1833,1841,11
cpld_restart_qr_p8_intel,orion,intel,534.2,35.45200198076893,508,588,1766.8,1.9888578520235032,1764,1769,10
cpld_restart_qr_p8_intel,ursa,intel,227.0,8.378544026261363,217,241,1990.5454545454545,12.094326243025163,1968,2010,11
cpld_restart_qr_p8_intel,wcoss2,intel,295.8,4.289522117905445,287,303,1311.3,3.529242915351046,1307,1319,10
