test_name,machine,compiler,core_mean,core_std,core_min,core_max,mem_mean,mem_std,mem_min,mem_max,n_hashes
cpld_control_p8_lnd_intel,acorn,intel,481.7674418604651,24.426602603077676,431,517,2381.3488372093025,614.6861717177285,1994,3359,43
cpld_control_p8_lnd_intel,gaeac6,intel,299.0232558139535,24.734291188062343,269,396,6338.720930232558,0.5035862528546935,6337,6339,43
cpld_control_p8_lnd_intel,hercules,intel,502.0652173913044,63.49607238034074,367,710,48864.97826086957,316696.0805052686,2140,2150108,46
cpld_control_p8_lnd_intel,orion,intel,890.0222222222222,255.8603568789471,420,1106,48290.333333333336,309902.8116864001,2061,2080984,45
cpld_control_p8_lnd_intel,ursa,intel,433.58,36.200738519921856,316,495,2347.48,102.56888974175916,2272,2558,50
