test_name,machine,compiler,core_mean,core_std,core_min,core_max,mem_mean,mem_std,mem_min,mem_max,n_hashes
cpld_restart_p8_lnd_intel,acorn,intel,274.5238095238095,17.71761985782089,239,302,1863.047619047619,828.8572783785048,1370,3239,42
cpld_restart_p8_lnd_intel,gaeac6,intel,163.69767441860466,19.501568781487602,144,270,6338.558139534884,0.5478236413035938,6337,6339,43
cpld_restart_p8_lnd_intel,hercules,intel,262.0869565217391,43.13329525343839,193,408,38348.36956521739,248212.74684246702,1676,1685212,46
cpld_restart_p8_lnd_intel,orion,intel,449.2888888888889,125.19160264864958,220,619,34931.08888888889,223827.9250317917,1499,1503048,45
cpld_restart_p8_lnd_intel,ursa,intel,218.56,15.465775249939224,175,254,2108.4,105.98671460833836,2008,2323,50
