test_name,machine,compiler,core_mean,core_std,core_min,core_max,mem_mean,mem_std,mem_min,mem_max,n_hashes
cpld_debug_noaero_p8_intel,derecho,intel,369.4,11.5437057679561,355,391,1897.0666666666666,2.1536237457121388,1894,1900,15
cpld_debug_noaero_p8_intel,gaeac6,intel,235.53333333333333,2.587515815456611,232,242,6338.866666666667,0.6399404734223052,6338,6340,15
cpld_debug_noaero_p8_intel,hera,intel,390.0,4.58257569495584,385,394,2114.0,15.588457268119896,2096,2123,3
cpld_debug_noaero_p8_intel,hercules,intel,337.6875,41.38553491257544,305,450,2070.3125,5.14741035214145,2061,2080,16
cpld_debug_noaero_p8_intel,orion,intel,428.06666666666666,29.020846366181736,399,480,2017.9333333333334,4.300609037710628,2010,2024,15
cpld_debug_noaero_p8_intel,ursa,intel,275.0625,7.844052948996881,268,300,2110.875,15.96193388450584,2070,2135,16
