test_name,machine,compiler,core_mean,core_std,core_min,core_max,mem_mean,mem_std,mem_min,mem_max,n_hashes
cpld_control_c192_p8_intel,gaeac6,intel,319.4418604651163,21.53325481953256,301,424,6338.767441860465,0.4274625743756113,6338,6339,43
cpld_control_c192_p8_intel,hercules,intel,857.6086956521739,183.60192183221577,416,1148,58817.086956521736,380153.3851636338,2560,2581092,46
cpld_control_c192_p8_intel,orion,intel,903.0,178.0591066318864,558,1224,52996.37777777778,339003.3528628299,2268,2276564,45
cpld_control_c192_p8_intel,ursa,intel,1126.0,235.3461194036718,349,1386,3386.38,168.84601002700896,3222,3586,50
