test_name,machine,compiler,core_mean,core_std,core_min,core_max,mem_mean,mem_std,mem_min,mem_max,n_hashes
cpld_control_p8.v2.sfc_intel,acorn,intel,492.74285714285713,17.495113363354918,450,535,2967.2571428571428,622.0928313011672,1993,3358,35
cpld_control_p8.v2.sfc_intel,derecho,intel,494.9736842105263,17.83177674084722,467,543,1993.7631578947369,30.84874539524889,1945,2028,38
cpld_control_p8.v2.sfc_intel,gaeac6,intel,307.2105263157895,14.042710708400614,288,354,6338.789473684211,0.41315495011235287,6338,6339,38
cpld_control_p8.v2.sfc_intel,hera,intel,682.2,14.855975228843107,657,694,2282.8,2.167948338867917,2280,2286,5
cpld_control_p8.v2.sfc_intel,hercules,intel,509.4102564102564,40.9767058016329,456,631,58422.94871794872,350888.20537848544,2182,2193532,39
cpld_control_p8.v2.sfc_intel,orion,intel,993.8157894736842,32.78995830397021,939,1058,57635.44736842105,341951.1345413138,2103,2110092,38
cpld_control_p8.v2.sfc_intel,ursa,intel,415.35897435897436,24.925665465948494,369,488,2421.4615384615386,102.722376528564,2263,2537,39
cpld_control_p8.v2.sfc_intel,wcoss2,intel,500.94736842105266,25.26181539818446,458,569,2209.9210526315787,561.9318695636462,1899,3376,38
