test_name,machine,compiler,core_mean,core_std,core_min,core_max,mem_mean,mem_std,mem_min,mem_max,n_hashes
cpld_control_ciceC_p8_intel,acorn,intel,491.96875,17.334441522680407,454,540,2930.78125,639.426241521862,1993,3358,32
cpld_control_ciceC_p8_intel,derecho,intel,492.62857142857143,18.65173973006228,464,543,1991.3428571428572,30.60559623677346,1945,2025,35
cpld_control_ciceC_p8_intel,gaeac6,intel,306.25714285714287,14.248514591606622,289,348,6338.828571428571,0.5680572819974363,6338,6341,35
cpld_control_ciceC_p8_intel,hera,intel,675.0,5.656854249492381,671,679,2284.0,0.0,2284,2284,2
cpld_control_ciceC_p8_intel,hercules,intel,505.8611111111111,37.126927292178806,456,608,62967.25,364394.8728511323,2178,2188604,36
cpld_control_ciceC_p8_intel,orion,intel,997.3714285714286,67.15832291037685,944,1331,62473.02857142857,356805.55480718607,2097,2113052,35
cpld_control_ciceC_p8_intel,ursa,intel,415.0833333333333,25.58277880584067,377,488,2417.6388888888887,105.21926840861623,2259,2526,36
cpld_control_ciceC_p8_intel,wcoss2,intel,500.22857142857146,27.10989152481792,459,557,2109.4285714285716,462.1154226657515,1898,3376,35
