test_name,machine,compiler,core_mean,core_std,core_min,core_max,mem_mean,mem_std,mem_min,mem_max,n_hashes
cpld_mpi_gfsv17_intel,acorn,intel,918.9090909090909,8.920366510924199,898,939,1873.7272727272727,2.275896310668264,1869,1879,44
cpld_mpi_gfsv17_intel,derecho,intel,872.2727272727273,27.61391933837383,850,1032,1829.4772727272727,2.8488156361094035,1819,1834,44
cpld_mpi_gfsv17_intel,gaeac6,intel,607.7209302325581,19.19365666716277,598,721,6338.604651162791,0.5407021398021898,6338,6340,43
cpld_mpi_gfsv17_intel,hera,intel,1231.6666666666667,12.74100990241096,1217,1240,1870.3333333333333,6.110100926607781,1865,1877,3
cpld_mpi_gfsv17_intel,hercules,intel,959.9130434782609,68.37570266531702,765,1181,43768.54347826087,283802.7483172624,1916,1926768,46
cpld_mpi_gfsv17_intel,orion,intel,1595.7111111111112,106.43918925894268,1353,1725,43719.75555555556,280695.6833495983,1855,1884840,45
cpld_mpi_gfsv17_intel,ursa,intel,993.9,98.65984647323576,614,1052,1998.56,15.23711901634845,1975,2046,50
cpld_mpi_gfsv17_intel,wcoss2,intel,980.8333333333334,22.23504358261003,921,1028,1802.5416666666667,25.760730739382165,1786,1880,48
