test_name,machine,compiler,core_mean,core_std,core_min,core_max,mem_mean,mem_std,mem_min,mem_max,n_hashes
cpld_control_gfsv17_iau_intel,acorn,intel,851.6444444444444,10.958922383062108,831,877,1944.4666666666667,4.9295030175463195,1935,1961,45
cpld_control_gfsv17_iau_intel,derecho,intel,845.1777777777778,45.03397146442433,820,1125,1888.0,5.1917767146272,1874,1897,45
cpld_control_gfsv17_iau_intel,gaeac6,intel,566.6363636363636,8.20122199939118,558,611,6338.704545454545,0.6675029990193384,6338,6340,44
cpld_control_gfsv17_iau_intel,hera,intel,1093.0,12.42980289465603,1081,1113,2249.2,2.280350850198342,2247,2252,5
cpld_control_gfsv17_iau_intel,hercules,intel,1001.936170212766,125.72803710966245,751,1757,52027.34042553192,340708.84396889486,2306,2338112,47
cpld_control_gfsv17_iau_intel,orion,intel,1473.1304347826087,59.3736225367805,1305,1561,48561.47826086957,314866.2817742541,2113,2137664,46
cpld_control_gfsv17_iau_intel,ursa,intel,606.78,24.0478180095494,519,643,2630.66,59.26337272665784,2529,2850,50
cpld_control_gfsv17_iau_intel,wcoss2,intel,892.6530612244898,14.970180109704962,857,936,1857.6122448979593,35.478759095249806,1828,1947,49
