test_name,machine,compiler,core_mean,core_std,core_min,core_max,mem_mean,mem_std,mem_min,mem_max,n_hashes
cpld_control_p8_gnu,derecho,gnu,582.2666666666667,11.0613010515211,565,610,1661.9333333333334,11.335574008193813,1643,1679,15
cpld_control_p8_gnu,hera,gnu,672.0,3.605551275463989,668,675,1671.0,1.0,1670,1672,3
cpld_control_p8_gnu,hercules,gnu,641.375,18.35165750915524,611,675,1712.25,6.4549722436790145,1703,1723,16
cpld_control_p8_gnu,ursa,gnu,459.9375,2.768122107133278,456,466,1588.6875,9.748290448415402,1562,1597,16
