test_name,machine,compiler,core_mean,core_std,core_min,core_max,mem_mean,mem_std,mem_min,mem_max,n_hashes
cpld_warmstart_c24_9deg_intel,acorn,intel,54.977777777777774,8.144961880844134,40,71,2111.9555555555557,2.5933091842764373,2107,2118,45
cpld_warmstart_c24_9deg_intel,derecho,intel,40.28888888888889,12.650228568222895,32,68,2074.488888888889,1.5612090626735962,2072,2077,45
cpld_warmstart_c24_9deg_intel,gaeac6,intel,26.84090909090909,1.554336496718684,25,32,6337.568181818182,0.6611381051492798,6336,6339,44
cpld_warmstart_c24_9deg_intel,hera,intel,40.8,0.44721359549995765,40,41,2252.0,1.8708286933869402,2249,2254,5
cpld_warmstart_c24_9deg_intel,hercules,intel,48.59574468085106,27.89394478039375,30,123,49693.617021276594,325358.99193970964,2222,2232784,47
cpld_warmstart_c24_9deg_intel,orion,intel,85.6304347826087,40.819580647664765,43,167,50717.04347826087,328818.0520532395,2225,2232388,46
cpld_warmstart_c24_9deg_intel,ursa,intel,62.0,162.99467876627887,29,1168,2208.3,1.446318337951197,2206,2211,50
cpld_warmstart_c24_9deg_intel,wcoss2,intel,62.97959183673469,13.480680305407386,53,139,2118.8979591836733,4.514997683458088,2108,2125,49
