test_name,machine,compiler,core_mean,core_std,core_min,core_max,mem_mean,mem_std,mem_min,mem_max,n_hashes
cpld_restart_pdlib_p8_intel,acorn,intel,381.9,5.506561742341791,378,392,1104.5,2.12132034355964,1102,1110,10
cpld_restart_pdlib_p8_intel,derecho,intel,401.4,16.419500601419035,378,423,1047.8,5.5136195008360875,1040,1055,10
cpld_restart_pdlib_p8_intel,gaeac6,intel,255.0,1.8257418583505514,253,258,6338.5,0.7071067811866012,6338,6340,10
cpld_restart_pdlib_p8_intel,hercules,intel,371.45454545454544,37.10084537140262,341,463,1403.6363636363637,9.89214564462866,1390,1417,11
cpld_restart_pdlib_p8_intel,orion,intel,585.1,31.29944976442166,564,639,1251.7,8.08359106118339,1234,1258,10
cpld_restart_pdlib_p8_intel,ursa,intel,243.8181818181818,16.59408437858613,231,282,1647.1818181818182,18.00454488076935,1622,1677,11
cpld_restart_pdlib_p8_intel,wcoss2,intel,393.4,5.3995884616844245,387,402,1009.4,2.0110804171997656,1007,1012,10
