test_name,machine,compiler,core_mean,core_std,core_min,core_max,mem_mean,mem_std,mem_min,mem_max,n_hashes
cpld_2threads_p8_intel,acorn,intel,452.3225806451613,17.317403763794374,415,499,3095.967741935484,687.779542386026,2112,3569,31
cpld_2threads_p8_intel,derecho,intel,888.5882352941177,43.96494309144355,840,999,2133.735294117647,43.465283132514685,2066,2174,34
cpld_2threads_p8_intel,gaeac6,intel,356.4117647058824,17.703137278988613,332,389,6338.794117647059,0.4785971776630666,6337,6339,34
cpld_2threads_p8_intel,hera,intel,707.0,,707,707,2320.0,,2320,2320,1
cpld_2threads_p8_intel,hercules,intel,680.2285714285714,38.3084123108948,628,790,65463.05714285714,373517.78545739513,2205,2212088,35
cpld_2threads_p8_intel,orion,intel,738.8823529411765,44.6920538702842,666,872,65702.85294117648,370006.9711399086,2152,2159740,34
cpld_2threads_p8_intel,ursa,intel,786.2,46.89713398994217,673,860,2857.9142857142856,169.07853577702937,2622,2990,35
cpld_2threads_p8_intel,wcoss2,intel,460.88235294117646,25.5304508688865,423,541,2221.470588235294,438.65450167074215,2021,3607,34
