test_name,machine,compiler,core_mean,core_std,core_min,core_max,mem_mean,mem_std,mem_min,mem_max,n_hashes
cpld_restart_pdlib_p8_intel,acorn,intel,382.1875,4.354595273960603,378,392,1104.5625,1.750000000000004,1102,1110,16
cpld_restart_pdlib_p8_intel,derecho,intel,398.25,14.002380749953437,378,423,1049.3125,4.784959073318477,1040,1055,16
cpld_restart_pdlib_p8_intel,gaeac6,intel,256.4375,4.760514678057407,253,269,6338.5625,0.7274384280932247,6338,6340,16
cpld_restart_pdlib_p8_intel,hera,intel,416.75,2.8722813232690183,415,421,1353.25,4.349329450233324,1349,1359,4
cpld_restart_pdlib_p8_intel,hercules,intel,363.2352941176471,31.667272956012305,341,463,1405.8235294117646,8.553035236961527,1390,1417,17
cpld_restart_pdlib_p8_intel,orion,intel,576.6875,26.812232904652582,557,639,1250.0625,7.6286193595783125,1234,1258,16
cpld_restart_pdlib_p8_intel,ursa,intel,240.05882352941177,14.18833406462548,230,282,1651.4117647058824,18.05221185730933,1622,1677,17
cpld_restart_pdlib_p8_intel,wcoss2,intel,393.875,5.596129614891592,385,405,1045.9375,48.76538218859754,1007,1112,16
