test_name,machine,compiler,core_mean,core_std,core_min,core_max,mem_mean,mem_std,mem_min,mem_max,n_hashes
cpld_restart_c192_p8_intel,hercules,intel,331.17391304347825,56.32023687916807,224,546,63081.52173913043,408507.0527175613,2746,2773480,46
cpld_restart_c192_p8_intel,orion,intel,505.24444444444447,100.9563712149406,325,707,61278.688888888886,392825.92578426475,2625,2637876,45
cpld_restart_c192_p8_intel,ursa,intel,745.56,154.63269976539473,198,925,3270.62,160.41577229187874,3117,3490,50
