test_name,machine,compiler,core_mean,core_std,core_min,core_max,mem_mean,mem_std,mem_min,mem_max,n_hashes
cpld_control_c12_9deg_intel,acorn,intel,55.06818181818182,9.389250972608972,40,77,2038.2272727272727,2.2084787604860057,2035,2043,44
cpld_control_c12_9deg_intel,derecho,intel,44.47727272727273,15.37664891723454,34,96,2004.409090909091,1.5894738315906014,2000,2010,44
cpld_control_c12_9deg_intel,gaeac6,intel,28.41860465116279,1.1998523349529893,27,33,6337.604651162791,0.5407021398022067,6337,6339,43
cpld_control_c12_9deg_intel,hera,intel,41.0,,41,41,2187.0,,2187,2187,1
cpld_control_c12_9deg_intel,hercules,intel,48.65217391304348,28.61174381365056,31,127,49231.5,319218.12269820564,2152,2167208,46
cpld_control_c12_9deg_intel,orion,intel,86.95555555555555,41.4728583509502,47,183,50276.48888888889,322741.98392880516,2148,2167184,45
cpld_control_c12_9deg_intel,ursa,intel,90.7,215.30550198188956,31,1034,2137.86,1.7144047577715362,2132,2143,50
cpld_control_c12_9deg_intel,wcoss2,intel,62.541666666666664,10.156139183792599,55,116,2051.0416666666665,3.059400117345595,2040,2055,48
