test_name,machine,compiler,core_mean,core_std,core_min,core_max,mem_mean,mem_std,mem_min,mem_max,n_hashes
cpld_debug_gfsv17_intel,acorn,intel,1220.0227272727273,13.094448737455274,1197,1259,1935.409090909091,3.949201755186859,1929,1944,44
cpld_debug_gfsv17_intel,derecho,intel,1126.090909090909,10.231774907560538,1106,1159,1871.409090909091,3.0140614785028075,1862,1878,44
cpld_debug_gfsv17_intel,gaeac6,intel,773.3255813953489,6.3871930276905715,764,802,6338.767441860465,0.6844256995509783,6338,6340,43
cpld_debug_gfsv17_intel,hera,intel,1315.0,,1315,1315,1924.0,,1924,1924,1
cpld_debug_gfsv17_intel,hercules,intel,1101.195652173913,56.27812662333284,1011,1350,45316.239130434784,293813.5132453301,1987,1994736,46
cpld_debug_gfsv17_intel,orion,intel,1367.2444444444445,29.1268039281811,1303,1412,45148.28888888889,289805.34297654964,1935,1946020,45
cpld_debug_gfsv17_intel,ursa,intel,805.9,15.475128168669055,790,882,2084.1,9.350870307634791,2055,2109,50
cpld_debug_gfsv17_intel,wcoss2,intel,1251.8125,297.6048112349879,567,3158,1860.2708333333333,21.16273278348628,1848,1941,48
