test_name,machine,compiler,core_mean,core_std,core_min,core_max,mem_mean,mem_std,mem_min,mem_max,n_hashes
cpld_control_p8_mixedmode_intel,acorn,intel,395.42857142857144,4.636216722124355,389,404,3322.785714285714,0.8017837257372804,3321,3324,14
cpld_control_p8_mixedmode_intel,derecho,intel,395.7142857142857,18.369827148085783,374,435,1978.0714285714287,1.141138818110144,1976,1980,14
cpld_control_p8_mixedmode_intel,gaeac6,intel,246.92857142857142,16.899996748813,239,303,6338.642857142857,0.49724515809887687,6338,6339,14
cpld_control_p8_mixedmode_intel,hera,intel,688.0,0.0,688,688,2208.5,2.1213203435596424,2207,2210,2
cpld_control_p8_mixedmode_intel,hercules,intel,489.6666666666667,28.870812415375667,459,569,2158.0,5.903993805649098,2146,2166,15
cpld_control_p8_mixedmode_intel,orion,intel,980.7142857142857,33.6141649890651,948,1052,2099.714285714286,3.5176165756981357,2095,2109,14
cpld_control_p8_mixedmode_intel,ursa,intel,401.2,12.072400637108474,382,425,2179.4,6.423172335936754,2171,2195,15
cpld_control_p8_mixedmode_intel,wcoss2,intel,408.85714285714283,6.882051827953439,393,417,2339.0714285714284,658.433626616488,1927,3345,14
