test_name,machine,compiler,core_mean,core_std,core_min,core_max,mem_mean,mem_std,mem_min,mem_max,n_hashes
cpld_restart_c24_5deg_intel,acorn,intel,44.111111111111114,7.199186261535593,31,61,1452.5555555555557,3.173437737014406,1448,1458,45
cpld_restart_c24_5deg_intel,derecho,intel,31.955555555555556,11.935347722313129,24,61,1423.0444444444445,1.6645441029623576,1419,1426,45
cpld_restart_c24_5deg_intel,gaeac6,intel,21.34090909090909,2.6931712250351434,19,33,6337.590909090909,0.7569271360030956,6336,6341,44
cpld_restart_c24_5deg_intel,hera,intel,32.8,0.44721359549995765,32,33,1576.8,3.033150177620609,1572,1580,5
cpld_restart_c24_5deg_intel,hercules,intel,30.5531914893617,18.301589988706137,22,96,34487.59574468085,225805.65009718263,1532,1549596,47
cpld_restart_c24_5deg_intel,orion,intel,48.56521739130435,24.989466379890768,34,125,35177.760869565216,228074.11868359178,1538,1548424,46
cpld_restart_c24_5deg_intel,ursa,intel,172.06,392.0157436446988,24,1253,1532.58,1.83046776669179,1529,1537,50
cpld_restart_c24_5deg_intel,wcoss2,intel,52.87755102040816,7.090582525026959,43,83,1462.204081632653,5.442807148876634,1453,1470,49
