test_name,machine,compiler,core_mean,core_std,core_min,core_max,mem_mean,mem_std,mem_min,mem_max,n_hashes
cpld_control_p8_intel,acorn,intel,492.1142857142857,16.363106688651804,458,532,2967.1428571428573,622.5975067908522,1993,3358,35
cpld_control_p8_intel,derecho,intel,493.2105263157895,17.001045905404403,464,543,1993.1842105263158,32.59568472778865,1942,2028,38
cpld_control_p8_intel,gaeac6,intel,307.5263157894737,16.832620907044895,289,380,6338.710526315789,0.4596058673939381,6338,6339,38
cpld_control_p8_intel,hera,intel,726.4,12.239281024635389,711,744,2275.4,13.483323032546494,2253,2286,5
cpld_control_p8_intel,hercules,intel,531.4615384615385,38.719535497598585,477,637,58153.35897435898,349207.5760907594,2180,2183036,39
cpld_control_p8_intel,orion,intel,1059.921052631579,38.95554054820126,1004,1187,57587.34210526316,341647.2633681321,2095,2108220,38
cpld_control_p8_intel,ursa,intel,450.43589743589746,27.04946236628361,397,537,2424.769230769231,104.64638740425367,2260,2533,39
cpld_control_p8_intel,wcoss2,intel,502.39473684210526,26.225157587122624,461,565,2210.1052631578946,561.9308791519858,1898,3378,38
