test_name,machine,compiler,core_mean,core_std,core_min,core_max,mem_mean,mem_std,mem_min,mem_max,n_hashes
cpld_warmstart_c12_9deg_intel,acorn,intel,46.785714285714285,8.953908301272456,33,70,2040.3333333333333,2.1715080369346484,2034,2044,42
cpld_warmstart_c12_9deg_intel,derecho,intel,38.18181818181818,14.870405645415213,26,82,2004.909090909091,1.4112205144415573,2001,2008,44
cpld_warmstart_c12_9deg_intel,gaeac6,intel,22.325581395348838,2.0554333366836266,20,34,6337.581395348837,0.7938021265831853,6336,6339,43
cpld_warmstart_c12_9deg_intel,hercules,intel,41.23913043478261,27.737006794059806,24,117,49068.45652173913,318127.37986764614,2152,2159808,46
cpld_warmstart_c12_9deg_intel,orion,intel,77.26666666666667,39.671606516958235,37,157,50140.066666666666,321830.3423947582,2151,2161068,45
cpld_warmstart_c12_9deg_intel,ursa,intel,72.54,221.11971178249922,25,1154,2138.68,1.621790393864704,2135,2142,50
cpld_warmstart_c12_9deg_intel,wcoss2,intel,55.833333333333336,10.007089685399608,47,109,2049.6666666666665,1.8140507550352312,2041,2052,48
