test_name,machine,compiler,core_mean,core_std,core_min,core_max,mem_mean,mem_std,mem_min,mem_max,n_hashes
cpld_control_p8.v2.sfc_intel,acorn,intel,491.3103448275862,18.65687052358973,450,535,2886.655172413793,656.2599265024528,1993,3357,29
cpld_control_p8.v2.sfc_intel,derecho,intel,494.28125,19.245836374185867,467,543,1989.15625,31.47770268188327,1945,2015,32
cpld_control_p8.v2.sfc_intel,gaeac6,intel,307.1875,15.304305740331651,288,354,6338.78125,0.42001344064524954,6338,6339,32
cpld_control_p8.v2.sfc_intel,hercules,intel,507.6666666666667,41.83424633797849,456,631,68636.09090909091,381456.1785412222,2182,2193532,33
cpld_control_p8.v2.sfc_intel,orion,intel,997.875,33.357061447122376,939,1058,68033.09375,372633.21475528966,2103,2110092,32
cpld_control_p8.v2.sfc_intel,ursa,intel,415.93939393939394,26.41606920268819,369,488,2411.060606060606,107.99332716478911,2263,2537,33
cpld_control_p8.v2.sfc_intel,wcoss2,intel,498.78125,26.87334015879535,458,569,1991.4375,254.57630043257265,1899,3372,32
