test_name,machine,compiler,core_mean,core_std,core_min,core_max,mem_mean,mem_std,mem_min,mem_max,n_hashes
cpld_control_pdlib_p8_gnu,derecho,gnu,699.25,12.635627839925096,688,734,1589.5833333333333,9.99507454457018,1573,1609,12
cpld_control_pdlib_p8_gnu,hercules,gnu,837.5384615384615,10.72858630494085,825,865,1586.5384615384614,6.5142841077049205,1572,1596,13
cpld_control_pdlib_p8_gnu,ursa,gnu,619.0,302.5827710451032,530,1626,1559.0,8.841191473249884,1540,1573,13
