test_name,machine,compiler,core_mean,core_std,core_min,core_max,mem_mean,mem_std,mem_min,mem_max,n_hashes
cpld_restart_pdlib_p8_intel,acorn,intel,382.29411764705884,4.239173060314254,378,392,1104.5294117647059,1.6999134926086543,1102,1110,17
cpld_restart_pdlib_p8_intel,derecho,intel,397.94117647058823,13.617408840503089,378,423,1049.4705882352941,4.678643594285889,1040,1055,17
cpld_restart_pdlib_p8_intel,gaeac6,intel,256.29411764705884,4.647105360898775,253,269,6338.529411764706,0.7174300539794987,6338,6340,17
cpld_restart_pdlib_p8_intel,hera,intel,418.0,3.7416573867739435,415,423,1352.6,4.037325847637284,1349,1359,5
cpld_restart_pdlib_p8_intel,hercules,intel,362.6666666666667,30.81634402104717,341,463,1406.0,8.331372318284782,1390,1417,18
cpld_restart_pdlib_p8_intel,orion,intel,576.1176470588235,26.066938717802067,557,639,1250.1764705882354,7.401311489506814,1234,1258,17
cpld_restart_pdlib_p8_intel,ursa,intel,239.66666666666666,13.864894306039519,230,282,1651.7222222222222,17.56267953412302,1622,1677,18
cpld_restart_pdlib_p8_intel,wcoss2,intel,395.11764705882354,7.457230995325761,385,415,1049.4705882352941,49.41295079108653,1007,1112,17
