test_name,machine,compiler,core_mean,core_std,core_min,core_max,mem_mean,mem_std,mem_min,mem_max,n_hashes
cpld_control_gefs_intel,acorn,intel,1098.139534883721,70.19075417180748,1003,1172,4089.3488372093025,7.524195008137885,4075,4105,43
cpld_control_gefs_intel,hercules,intel,1016.3333333333334,83.51945881050713,879,1169,3117.4,43.92938548501316,3079,3198,45
cpld_control_gefs_intel,orion,intel,1220.9555555555555,59.74147164527696,1118,1325,70634.62222222223,453468.69759054785,3001,3044996,45
cpld_control_gefs_intel,ursa,intel,1207.32,110.42061327820409,800,1424,3206.24,15.884223979426077,3180,3247,50
cpld_control_gefs_intel,wcoss2,intel,1066.3125,51.50300807162174,982,1162,2926.4583333333335,247.3170037716977,2857,4100,48
