test_name,machine,compiler,core_mean,core_std,core_min,core_max,mem_mean,mem_std,mem_min,mem_max,n_hashes
cpld_warmstart_c48_5deg_intel,acorn,intel,127.93181818181819,7.771138395767595,112,149,2897.7727272727275,4.8793043555058535,2889,2906,44
cpld_warmstart_c48_5deg_intel,derecho,intel,107.97727272727273,13.739247188956133,98,139,2858.0454545454545,1.7381431612639722,2855,2864,44
cpld_warmstart_c48_5deg_intel,gaeac6,intel,77.37209302325581,2.968270747293091,74,94,6337.6511627906975,0.8966530605331582,6337,6341,43
cpld_warmstart_c48_5deg_intel,hera,intel,130.5,1.2909944487358056,129,132,3077.5,4.509249752822861,3071,3081,4
cpld_warmstart_c48_5deg_intel,hercules,intel,116.52173913043478,34.64405617157615,97,259,68923.76086956522,446871.1796136026,3028,3033864,46
cpld_warmstart_c48_5deg_intel,orion,intel,180.82222222222222,40.9763173779512,143,265,70371.51111111112,451699.42570206325,3026,3033128,45
cpld_warmstart_c48_5deg_intel,ursa,intel,132.64,173.60860977427103,79,1257,3019.52,1.7171404801504806,3015,3024,50
cpld_warmstart_c48_5deg_intel,wcoss2,intel,139.04166666666666,15.965332566897285,125,218,2902.8333333333335,1.2434224104383083,2900,2905,48
