test_name,machine,compiler,core_mean,core_std,core_min,core_max,mem_mean,mem_std,mem_min,mem_max,n_hashes
cpld_control_pdlib_p8_gnu,derecho,gnu,698.2352941176471,12.013166796086194,685,734,1588.2941176470588,10.51049895272787,1573,1609,17
cpld_control_pdlib_p8_gnu,hera,gnu,1069.4,10.876580344943006,1057,1080,1600.4,4.277849927241462,1593,1604,5
cpld_control_pdlib_p8_gnu,hercules,gnu,836.1666666666666,9.912855586679003,825,865,1587.0555555555557,6.475948463100334,1572,1596,18
cpld_control_pdlib_p8_gnu,ursa,gnu,595.4444444444445,257.21248305225873,529,1626,1561.611111111111,8.938606871904462,1540,1573,18
