test_name,machine,compiler,core_mean,core_std,core_min,core_max,mem_mean,mem_std,mem_min,mem_max,n_hashes
cpld_control_gefs_intel,acorn,intel,1087.5454545454545,70.74074992384926,1003,1172,4090.909090909091,8.938597210108849,4075,4108,44
cpld_control_gefs_intel,hera,intel,936.5,21.439838307848003,922,968,3044.0,7.071067811865513,3035,3052,4
cpld_control_gefs_intel,hercules,intel,1017.2,82.49424222332128,879,1169,3109.6,36.36019301878962,3079,3193,45
cpld_control_gefs_intel,orion,intel,1225.3555555555556,55.7751800272371,1127,1325,70636.44444444444,453468.4197837895,3001,3044996,45
cpld_control_gefs_intel,ursa,intel,1209.38,110.50549713909795,800,1424,3209.8,18.08821919010774,3180,3248,50
cpld_control_gefs_intel,wcoss2,intel,1060.375,49.426336764496604,982,1162,3029.2708333333335,410.6465446866936,2857,4109,48
