test_name,machine,compiler,core_mean,core_std,core_min,core_max,mem_mean,mem_std,mem_min,mem_max,n_hashes
cpld_restart_c12_9deg_intel,acorn,intel,40.595238095238095,7.054006036390967,28,52,1395.6904761904761,1.5220027761600083,1393,1400,42
cpld_restart_c12_9deg_intel,derecho,intel,32.54545454545455,14.088515107282191,21,57,1362.4772727272727,1.8361820394584232,1359,1368,44
cpld_restart_c12_9deg_intel,gaeac6,intel,18.11627906976744,0.93118721777712,17,21,6337.627906976744,0.7245115206270653,6337,6340,43
cpld_restart_c12_9deg_intel,hercules,intel,32.47826086956522,25.896150834039478,20,116,34167.065217391304,221518.8755702976,1494,1503920,46
cpld_restart_c12_9deg_intel,orion,intel,45.266666666666666,25.364076242519925,30,128,34932.6,224218.5758428997,1494,1505612,45
cpld_restart_c12_9deg_intel,ursa,intel,134.4,332.5874443860822,21,1248,1491.76,2.7668592671258874,1486,1496,50
cpld_restart_c12_9deg_intel,wcoss2,intel,50.458333333333336,7.835973600612981,41,78,1406.4583333333333,2.2499014950856973,1397,1409,48
