test_name,machine,compiler,core_mean,core_std,core_min,core_max,mem_mean,mem_std,mem_min,mem_max,n_hashes
cpld_2threads_p8_intel,acorn,intel,452.34375,17.036222084230584,415,499,3110.46875,681.5498932994208,2112,3569,32
cpld_2threads_p8_intel,derecho,intel,889.8571428571429,43.959301269096954,840,999,2134.4857142857145,43.05083959594716,2066,2174,35
cpld_2threads_p8_intel,gaeac6,intel,356.45714285714286,17.44292011633585,332,389,6338.8,0.4727889717037929,6337,6339,35
cpld_2threads_p8_intel,hera,intel,732.5,36.062445840513924,707,758,2325.0,7.0710678118654755,2320,2330,2
cpld_2threads_p8_intel,hercules,intel,679.7777777777778,37.85393816923991,628,790,63710.666666666664,368293.26532774314,2205,2212088,36
cpld_2threads_p8_intel,orion,intel,737.5142857142857,44.76761659724939,666,872,63891.25714285715,364682.60467759066,2152,2159740,35
cpld_2threads_p8_intel,ursa,intel,786.25,46.223293447599104,673,860,2861.0555555555557,167.70807024528312,2622,2990,36
cpld_2threads_p8_intel,wcoss2,intel,461.0857142857143,25.180958525618273,423,541,2260.942857142857,491.2133203104535,2021,3607,35
