test_name,machine,compiler,core_mean,core_std,core_min,core_max,mem_mean,mem_std,mem_min,mem_max,n_hashes
cpld_restart_p8_lnd_intel,acorn,intel,276.46666666666664,18.328566873500055,239,302,2079.266666666667,913.4533724478572,1370,3242,45
cpld_restart_p8_lnd_intel,gaeac6,intel,165.13636363636363,19.31211321170997,144,270,6338.568181818182,0.5454985887785129,6337,6339,44
cpld_restart_p8_lnd_intel,hera,intel,361.8,9.176055797563569,352,376,1731.8,2.6832815729997455,1728,1734,5
cpld_restart_p8_lnd_intel,hercules,intel,266.0425531914894,38.1016703084789,193,408,37598.8085106383,245553.6579870281,1676,1685212,47
cpld_restart_p8_lnd_intel,orion,intel,476.80434782608694,106.31203957433092,220,619,34236.36956521739,221377.03417888263,1500,1503048,46
cpld_restart_p8_lnd_intel,ursa,intel,220.26,14.814237498199539,175,254,2135.42,117.75798252763872,2008,2323,50
