test_name,machine,compiler,core_mean,core_std,core_min,core_max,mem_mean,mem_std,mem_min,mem_max,n_hashes
cpld_restart_c192_p8_intel,hera,intel,521.6666666666666,5.507570547286103,516,527,2807.3333333333335,10.969655114602844,2795,2816,3
cpld_restart_c192_p8_intel,hercules,intel,338.89130434782606,48.65398385463965,234,546,63101.04347826087,408504.11063243664,2746,2773480,46
cpld_restart_c192_p8_intel,orion,intel,523.1777777777778,86.15875645070163,325,707,61299.822222222225,392822.7040342575,2625,2637876,45
cpld_restart_c192_p8_intel,ursa,intel,753.88,157.05681280663887,198,925,3303.6,163.56412959385656,3117,3491,50
