test_name,machine,compiler,core_mean,core_std,core_min,core_max,mem_mean,mem_std,mem_min,mem_max,n_hashes
cpld_control_noaero_p8_intel,acorn,intel,274.26666666666665,5.897537823613549,262,281,1915.9333333333334,1.0997835284835626,1914,1918,15
cpld_control_noaero_p8_intel,derecho,intel,290.8666666666667,12.420413304985734,280,320,1871.6,1.1832159566199338,1870,1874,15
cpld_control_noaero_p8_intel,gaeac6,intel,174.2,8.495376894018806,169,201,6338.6,0.6324555320336037,6338,6340,15
cpld_control_noaero_p8_intel,hera,intel,663.3333333333334,15.885003409925133,645,673,2102.6666666666665,4.725815626252588,2099,2108,3
cpld_control_noaero_p8_intel,hercules,intel,452.3125,13.057405306313086,438,497,2045.9375,4.523549491273405,2038,2053,16
cpld_control_noaero_p8_intel,orion,intel,955.6,37.25357125737842,916,1055,1990.8,4.693460496112826,1986,2001,15
cpld_control_noaero_p8_intel,ursa,intel,391.875,12.862736878285281,373,413,2086.875,12.054736275284721,2068,2105,16
cpld_control_noaero_p8_intel,wcoss2,intel,289.73333333333335,4.5898438608156,282,296,1854.8666666666666,47.32390918924995,1820,1924,15
