test_name,machine,compiler,core_mean,core_std,core_min,core_max,mem_mean,mem_std,mem_min,mem_max,n_hashes
cpld_mpi_p8_intel,acorn,intel,401.82758620689657,13.838530489483855,377,432,2829.5172413793102,647.8879213418704,1949,3293,29
cpld_mpi_p8_intel,derecho,intel,401.59375,18.874559383876598,373,436,1931.3125,29.867921620619725,1891,1966,32
cpld_mpi_p8_intel,gaeac6,intel,246.3125,15.557256371431697,230,302,6338.40625,0.6148367210472446,6337,6339,32
cpld_mpi_p8_intel,hercules,intel,432.3030303030303,38.35156845593546,388,538,64533.393939393936,358624.8983054874,2057,2062248,33
cpld_mpi_p8_intel,orion,intel,850.5,39.0731324239477,785,935,64500.5625,353332.8545554722,1993,2000792,32
cpld_mpi_p8_intel,ursa,intel,668.3333333333334,55.90095407653314,534,722,2253.939393939394,61.35549048065027,2165,2318,33
cpld_mpi_p8_intel,wcoss2,intel,412.40625,24.25916438073691,376,467,1944.15625,253.40928380974466,1856,3322,32
