test_name,machine,compiler,core_mean,core_std,core_min,core_max,mem_mean,mem_std,mem_min,mem_max,n_hashes
cpld_debug_gfsv17_intel,acorn,intel,1220.2045454545455,12.992984771674095,1197,1259,1935.4545454545455,3.9910046846921063,1929,1944,44
cpld_debug_gfsv17_intel,derecho,intel,1125.1818181818182,11.404349898934898,1092,1159,1871.25,2.8376619920976247,1862,1877,44
cpld_debug_gfsv17_intel,gaeac6,intel,772.953488372093,6.855493064731078,757,802,6338.7441860465115,0.6932677369090304,6338,6340,43
cpld_debug_gfsv17_intel,hera,intel,1318.0,4.242640687119285,1315,1321,1927.5,4.949747468305833,1924,1931,2
cpld_debug_gfsv17_intel,hercules,intel,1102.0434782608695,55.17203660540729,1023,1350,45316.065217391304,293813.5394564535,1987,1994736,46
cpld_debug_gfsv17_intel,orion,intel,1366.7111111111112,29.49855329443537,1303,1412,45147.62222222222,289805.4446379258,1922,1946020,45
cpld_debug_gfsv17_intel,ursa,intel,805.64,15.46260795913674,790,882,2084.06,9.359945054783816,2055,2109,50
cpld_debug_gfsv17_intel,wcoss2,intel,1248.8541666666667,297.23233906579685,567,3158,1862.125,24.115524266295736,1848,1941,48
