test_name,machine,compiler,core_mean,core_std,core_min,core_max,mem_mean,mem_std,mem_min,mem_max,n_hashes
cpld_control_p8.v2.sfc_intel,acorn,intel,491.3,18.332466019191983,450,535,2902.3,650.5143932781724,1993,3357,30
cpld_control_p8.v2.sfc_intel,derecho,intel,494.5151515151515,18.99032847945438,467,543,1990.3333333333333,31.71126245778738,1945,2028,33
cpld_control_p8.v2.sfc_intel,gaeac6,intel,307.1515151515151,15.0646963380473,288,354,6338.757575757576,0.43519413988928946,6338,6339,33
cpld_control_p8.v2.sfc_intel,hercules,intel,506.94117647058823,41.41214956878366,456,631,66683.70588235294,375804.5496400401,2182,2193532,34
cpld_control_p8.v2.sfc_intel,orion,intel,996.6060606060606,33.631216334251334,939,1058,66037.66666666667,366943.6946329152,2103,2110092,33
cpld_control_p8.v2.sfc_intel,ursa,intel,415.5882352941176,26.093210131627373,369,488,2413.5,107.29151735794242,2263,2537,34
cpld_control_p8.v2.sfc_intel,wcoss2,intel,499.09090909090907,26.509860944047364,458,569,2033.3030303030303,347.3091638627324,1899,3373,33
