test_name,machine,compiler,core_mean,core_std,core_min,core_max,mem_mean,mem_std,mem_min,mem_max,n_hashes
cpld_warmstart_c12_9deg_intel,acorn,intel,46.81395348837209,8.848609828811929,33,70,2040.3255813953488,2.1461031155335917,2034,2044,43
cpld_warmstart_c12_9deg_intel,derecho,intel,37.59090909090909,14.82505450292845,26,82,2004.9545454545455,1.3801675910124813,2001,2008,44
cpld_warmstart_c12_9deg_intel,gaeac6,intel,22.3953488372093,2.0602766213224046,20,34,6337.558139534884,0.7958919997739595,6336,6339,43
cpld_warmstart_c12_9deg_intel,hercules,intel,40.130434782608695,27.33301519786581,24,117,49068.52173913043,318127.37003783305,2152,2159808,46
cpld_warmstart_c12_9deg_intel,orion,intel,77.26666666666667,39.671606516958235,37,157,50140.044444444444,321830.34578245186,2151,2161068,45
cpld_warmstart_c12_9deg_intel,ursa,intel,72.54,221.11971178249922,25,1154,2138.62,1.6646382214052255,2135,2142,50
cpld_warmstart_c12_9deg_intel,wcoss2,intel,55.479166666666664,9.719446581157369,47,109,2049.5416666666665,2.1133651025644578,2041,2052,48
