test_name,machine,compiler,core_mean,core_std,core_min,core_max,mem_mean,mem_std,mem_min,mem_max,n_hashes
cpld_control_gfsv17_intel,acorn,intel,793.1860465116279,9.472405572562758,775,810,1898.2325581395348,1.8877702808986225,1893,1904,43
cpld_control_gfsv17_intel,derecho,intel,780.8181818181819,33.04561521578062,753,959,1865.4772727272727,4.546854963975116,1851,1872,44
cpld_control_gfsv17_intel,gaeac6,intel,530.8372093023256,34.88070160429017,515,698,6338.720930232558,0.6296477244629838,6338,6340,43
cpld_control_gfsv17_intel,hercules,intel,916.1521739130435,128.2949669734735,692,1558,46037.239130434784,298536.2757285534,2004,2026792,46
cpld_control_gfsv17_intel,orion,intel,1342.4444444444443,71.32529691349312,1182,1449,45643.6,293008.92029140744,1953,1967528,45
cpld_control_gfsv17_intel,ursa,intel,567.78,23.993442981832526,482,639,2061.1,24.204275216901443,2046,2173,50
cpld_control_gfsv17_intel,wcoss2,intel,833.0208333333334,10.028660170865045,816,874,1817.75,18.303005217723083,1806,1903,48
