test_name,machine,compiler,core_mean,core_std,core_min,core_max,mem_mean,mem_std,mem_min,mem_max,n_hashes
cpld_control_p8.v2.sfc_intel,acorn,intel,491.17857142857144,18.985478995759205,450,535,2869.964285714286,662.0044467872835,1993,3357,28
cpld_control_p8.v2.sfc_intel,derecho,intel,494.48387096774195,19.529244682000957,467,543,1988.3225806451612,31.636884693633927,1945,2015,31
cpld_control_p8.v2.sfc_intel,gaeac6,intel,307.2258064516129,15.555727085587812,288,354,6338.774193548387,0.42502371850332443,6338,6339,31
cpld_control_p8.v2.sfc_intel,hercules,intel,508.59375,42.157813629266876,456,631,70710.53125,387370.69971931446,2182,2193532,32
cpld_control_p8.v2.sfc_intel,orion,intel,999.1290322580645,33.13280543055366,939,1058,70157.06451612903,378595.9030023027,2103,2110092,31
cpld_control_p8.v2.sfc_intel,ursa,intel,415.34375,26.612644793466604,369,488,2409.6875,109.428261225511,2263,2537,32
cpld_control_p8.v2.sfc_intel,wcoss2,intel,498.4516129032258,27.251713964051785,458,569,1946.9032258064517,37.25887351912258,1899,1984,31
