test_name,machine,compiler,core_mean,core_std,core_min,core_max,mem_mean,mem_std,mem_min,mem_max,n_hashes
cpld_debug_pdlib_p8_gnu,derecho,gnu,528.75,10.87219138235459,518,561,1596.5,9.100449539345957,1585,1608,12
cpld_debug_pdlib_p8_gnu,hercules,gnu,574.6153846153846,37.27496582054876,527,616,1587.0,9.495613022162726,1572,1599,13
cpld_debug_pdlib_p8_gnu,ursa,gnu,392.0,2.88675134594813,388,398,1566.6153846153845,9.929236808020217,1550,1585,13
