test_name,machine,compiler,core_mean,core_std,core_min,core_max,mem_mean,mem_std,mem_min,mem_max,n_hashes
cpld_warmstart_c48_5deg_intel,acorn,intel,128.47619047619048,8.302917780524568,112,149,2896.7619047619046,4.927818118127384,2889,2906,42
cpld_warmstart_c48_5deg_intel,derecho,intel,113.0,19.6314887065961,98,196,2858.2954545454545,1.8749207171397981,2855,2864,44
cpld_warmstart_c48_5deg_intel,gaeac6,intel,77.4186046511628,2.9458005471836306,74,94,6337.604651162791,0.9034203494477611,6337,6341,43
cpld_warmstart_c48_5deg_intel,hercules,intel,117.8695652173913,34.63819901377487,97,259,68924.71739130435,446871.03544946166,3028,3033864,46
cpld_warmstart_c48_5deg_intel,orion,intel,180.26666666666668,40.68470787096123,143,265,70372.02222222222,451699.34777829866,3026,3033128,45
cpld_warmstart_c48_5deg_intel,ursa,intel,128.32,171.77862355428306,79,1257,3019.48,1.8321393762148732,3014,3024,50
cpld_warmstart_c48_5deg_intel,wcoss2,intel,139.10416666666666,16.107669091029265,125,218,2902.625,1.408560454219841,2900,2905,48
