test_name,machine,compiler,core_mean,core_std,core_min,core_max,mem_mean,mem_std,mem_min,mem_max,n_hashes
cpld_debug_noaero_p8_intel,derecho,intel,367.90909090909093,12.541567250184857,355,391,1897.1818181818182,2.358736179320685,1894,1900,11
cpld_debug_noaero_p8_intel,gaeac6,intel,235.54545454545453,2.9787123514578013,232,242,6339.0,0.6324555320338188,6338,6340,11
cpld_debug_noaero_p8_intel,hercules,intel,336.4166666666667,46.22564879004519,305,450,2070.3333333333335,4.978742691471238,2063,2080,12
cpld_debug_noaero_p8_intel,orion,intel,434.8181818181818,30.059335261506305,403,480,2018.5454545454545,3.615622667359953,2011,2023,11
cpld_debug_noaero_p8_intel,ursa,intel,275.1666666666667,8.54754971091751,268,300,2109.4166666666665,17.05850005839981,2070,2135,12
