test_name,machine,compiler,core_mean,core_std,core_min,core_max,mem_mean,mem_std,mem_min,mem_max,n_hashes
cpld_restart_p8_lnd_intel,acorn,intel,275.52272727272725,17.834495756836937,239,302,1968.1136363636363,877.77608035967,1370,3242,44
cpld_restart_p8_lnd_intel,gaeac6,intel,164.41860465116278,19.548757795317265,144,270,6338.604651162791,0.5407021398021391,6337,6339,43
cpld_restart_p8_lnd_intel,hera,intel,368.5,10.606601717798213,361,376,1733.5,0.7071067811865476,1733,1734,2
cpld_restart_p8_lnd_intel,hercules,intel,263.9130434782609,40.59711324546038,193,408,38363.80434782609,248210.42380220856,1676,1685212,46
cpld_restart_p8_lnd_intel,orion,intel,466.46666666666664,113.73246118533058,220,619,34947.57777777778,223825.41492508366,1500,1503048,45
cpld_restart_p8_lnd_intel,ursa,intel,218.9,15.075659527996836,175,254,2121.8,113.4233536043485,2008,2323,50
