test_name,machine,compiler,core_mean,core_std,core_min,core_max,mem_mean,mem_std,mem_min,mem_max,n_hashes
cpld_control_noaero_p8_agrid_intel,acorn,intel,333.0681818181818,23.18118496005371,303,373,1989.2045454545455,1.7331185154464213,1985,1992,44
cpld_control_noaero_p8_agrid_intel,derecho,intel,349.79545454545456,22.74180613540208,316,387,1929.1818181818182,1.451105869756993,1926,1935,44
cpld_control_noaero_p8_agrid_intel,gaeac6,intel,211.34883720930233,12.603634624923991,197,227,6338.558139534884,0.6287677132370453,6338,6340,43
cpld_control_noaero_p8_agrid_intel,hera,intel,257.5,6.244997998398391,250,264,2175.75,13.275918047351787,2156,2184,4
cpld_control_noaero_p8_agrid_intel,hercules,intel,278.8478260869565,39.95996184588567,239,399,48447.782608695656,314050.84901241446,2133,2132140,46
cpld_control_noaero_p8_agrid_intel,orion,intel,314.1111111111111,40.77500472226842,268,404,48386.88888888889,310576.5951759011,2054,2085500,45
cpld_control_noaero_p8_agrid_intel,ursa,intel,232.78,20.320181985365345,203,287,2177.34,13.079989390247132,2151,2217,50
cpld_control_noaero_p8_agrid_intel,wcoss2,intel,340.2916666666667,21.559377022276248,309,411,1905.6875,32.04462065255177,1880,1991,48
