test_name,machine,compiler,core_mean,core_std,core_min,core_max,mem_mean,mem_std,mem_min,mem_max,n_hashes
cpld_restart_qr_p8_intel,acorn,intel,286.70588235294116,5.451659218558527,280,298,3252.705882352941,1.4037764192684934,3250,3255,17
cpld_restart_qr_p8_intel,derecho,intel,301.94117647058823,16.21137944560585,274,333,1389.0,2.5248762345905305,1385,1393,17
cpld_restart_qr_p8_intel,gaeac6,intel,172.41176470588235,3.241504734097493,169,183,6338.64705882353,0.4925921830719441,6338,6339,17
cpld_restart_qr_p8_intel,hera,intel,365.2,8.87130204648675,357,380,1873.0,13.838352503098047,1849,1884,5
cpld_restart_qr_p8_intel,hercules,intel,286.22222222222223,34.95805142563189,259,407,1834.0555555555557,4.607822277800038,1824,1841,18
cpld_restart_qr_p8_intel,orion,intel,529.7058823529412,31.681549650155898,501,588,1764.764705882353,3.579968780672354,1758,1769,17
cpld_restart_qr_p8_intel,ursa,intel,226.77777777777777,6.638174408459315,217,241,1989.5555555555557,10.628608575981993,1968,2010,18
cpld_restart_qr_p8_intel,wcoss2,intel,300.6470588235294,9.013470311640436,287,326,2124.705882352941,1002.1315884594375,1307,3289,17
