test_name,machine,compiler,core_mean,core_std,core_min,core_max,mem_mean,mem_std,mem_min,mem_max,n_hashes
cpld_control_c24_5deg_intel,acorn,intel,83.02272727272727,8.362398221617607,67,108,2113.909090909091,3.6967501869928743,2108,2120,44
cpld_control_c24_5deg_intel,derecho,intel,64.47727272727273,13.482958471092044,56,97,2076.909090909091,1.852944630985225,2072,2081,44
cpld_control_c24_5deg_intel,gaeac6,intel,45.18604651162791,0.9575716796118638,44,48,6337.627906976744,0.48908348756344355,6337,6338,43
cpld_control_c24_5deg_intel,hera,intel,71.0,0.0,71,71,2259.5,2.1213203435596424,2258,2261,2
cpld_control_c24_5deg_intel,hercules,intel,67.3695652173913,24.15814442437551,53,149,50922.95652173913,330192.91883234004,2225,2241716,46
cpld_control_c24_5deg_intel,orion,intel,115.77777777777777,41.87095374692064,80,214,51891.91111111111,333072.70608988265,2221,2236560,45
cpld_control_c24_5deg_intel,ursa,intel,138.64,289.00072452419596,48,1152,2211.62,2.0592251366145273,2206,2217,50
cpld_control_c24_5deg_intel,wcoss2,intel,86.6875,9.607524201197503,76,128,2123.6458333333335,4.4025601030529895,2111,2129,48
