test_name,machine,compiler,core_mean,core_std,core_min,core_max,mem_mean,mem_std,mem_min,mem_max,n_hashes
cpld_control_c12_9deg_intel,acorn,intel,54.82222222222222,8.70811765718132,40,77,2038.7111111111112,2.4085286174364593,2035,2043,45
cpld_control_c12_9deg_intel,derecho,intel,41.51111111111111,12.21887924897411,34,70,2004.0,1.3980505908390233,2000,2006,45
cpld_control_c12_9deg_intel,gaeac6,intel,28.568181818181817,1.1492713014396987,27,33,6337.5,0.5057805388588809,6337,6338,44
cpld_control_c12_9deg_intel,hera,intel,41.8,0.44721359549995865,41,42,2184.6,1.5165750888103138,2183,2187,5
cpld_control_c12_9deg_intel,hercules,intel,49.744680851063826,29.42748499728604,31,127,48229.765957446805,315803.9756587602,2152,2167208,47
cpld_control_c12_9deg_intel,orion,intel,84.8695652173913,40.57399752750915,47,183,49230.434782608696,319214.66600627184,2148,2167184,46
cpld_control_c12_9deg_intel,ursa,intel,90.82,215.27435651147258,31,1034,2137.8,1.726149424799159,2132,2143,50
cpld_control_c12_9deg_intel,wcoss2,intel,62.95918367346939,10.22244096680083,55,116,2050.1632653061224,4.445723313737871,2039,2055,49
