test_name,machine,compiler,core_mean,core_std,core_min,core_max,mem_mean,mem_std,mem_min,mem_max,n_hashes
cpld_regional_atm_fbh_intel,derecho,intel,493.6363636363636,27.889391922703872,448,526,774.5681818181819,1.5759489909217552,772,778,44
cpld_regional_atm_fbh_intel,gaeac6,intel,372.9767441860465,11.69144655210038,361,390,6337.6511627906975,0.5293176618570715,6337,6339,43
cpld_regional_atm_fbh_intel,hera,intel,683.0,0.0,683,683,1176.3333333333333,2.081665999466101,1174,1178,3
cpld_regional_atm_fbh_intel,hercules,intel,562.1086956521739,35.95257880466045,504,651,24522.260869565216,158995.56033304622,1066,1079440,46
cpld_regional_atm_fbh_intel,orion,intel,805.8222222222222,54.50408195259284,720,867,24960.244444444445,160157.72196581657,1072,1075456,45
cpld_regional_atm_fbh_intel,ursa,intel,874.48,557.8610843102028,340,1798,1133.68,3.72766819930123,1124,1140,50
