test_name,machine,compiler,core_mean,core_std,core_min,core_max,mem_mean,mem_std,mem_min,mem_max,n_hashes
cpld_control_c24_5deg_intel,acorn,intel,83.02439024390245,8.338128701567424,67,108,2113.756097560976,3.7066189971783867,2108,2120,41
cpld_control_c24_5deg_intel,derecho,intel,67.97727272727273,16.972602596556438,56,129,2077.1363636363635,2.0864001387825817,2072,2082,44
cpld_control_c24_5deg_intel,gaeac6,intel,45.04651162790697,0.9988919664187199,44,48,6337.674418604651,0.47413732351553317,6337,6338,43
cpld_control_c24_5deg_intel,hercules,intel,70.54347826086956,26.72718675950192,53,149,50923.586956521736,330192.8238141785,2227,2241716,46
cpld_control_c24_5deg_intel,orion,intel,117.08888888888889,41.46675679616045,80,214,51892.333333333336,333072.6417194222,2221,2236560,45
cpld_control_c24_5deg_intel,ursa,intel,138.4,289.0696547652874,48,1152,2211.78,1.8437982093314382,2209,2217,50
cpld_control_c24_5deg_intel,wcoss2,intel,86.66666666666667,9.970879585889707,76,128,2124.6458333333335,2.824584950368028,2119,2129,48
