test_name,machine,compiler,core_mean,core_std,core_min,core_max,mem_mean,mem_std,mem_min,mem_max,n_hashes
cpld_control_sfs_intel,acorn,intel,722.952380952381,24.03143508493786,668,766,2195.5238095238096,2.6708735689601726,2190,2201,42
cpld_control_sfs_intel,derecho,intel,654.5142857142857,18.94476713186707,614,700,2161.9142857142856,5.63795659985501,2151,2175,35
cpld_control_sfs_intel,gaeac6,intel,443.5581395348837,10.633062376562844,427,477,6338.627906976744,0.6554989308027507,6338,6340,43
cpld_control_sfs_intel,hercules,intel,637.6086956521739,59.84553385763478,548,876,52546.45652173913,340731.8306520512,2302,2313264,46
cpld_control_sfs_intel,orion,intel,819.0,42.89257193585771,747,949,51712.57777777778,331953.55406630225,2219,2229040,45
cpld_control_sfs_intel,ursa,intel,520.54,25.56880273828612,490,622,2398.22,9.92068546018877,2375,2426,50
cpld_control_sfs_intel,wcoss2,intel,730.1458333333334,14.51923094987768,696,776,2103.8125,14.666006795278289,2096,2200,48
