test_name,machine,compiler,core_mean,core_std,core_min,core_max,mem_mean,mem_std,mem_min,mem_max,n_hashes
cpld_2threads_p8_intel,acorn,intel,453.65714285714284,16.864412333708657,415,499,3149.7714285714287,663.70156678126,2112,3587,35
cpld_2threads_p8_intel,derecho,intel,889.8947368421053,42.59538705749165,840,999,2137.5526315789475,42.63908711082343,2066,2180,38
cpld_2threads_p8_intel,gaeac6,intel,356.63157894736844,16.73226540393299,332,389,6338.789473684211,0.47407917783462905,6337,6339,38
cpld_2threads_p8_intel,hera,intel,726.4,19.32097306038182,707,758,2328.4,8.173126696680995,2320,2338,5
cpld_2threads_p8_intel,hercules,intel,679.6923076923077,37.09103583443388,628,790,58992.692307692305,353844.1103769132,2205,2212088,39
cpld_2threads_p8_intel,orion,intel,735.8684210526316,43.88693769383149,666,872,59027.55263157895,349990.849258037,2152,2159740,38
cpld_2threads_p8_intel,ursa,intel,789.025641025641,46.826941851149165,673,860,2869.974358974359,163.9787353318278,2622,2990,39
cpld_2threads_p8_intel,wcoss2,intel,462.2894736842105,24.53338364818474,423,541,2367.0526315789475,597.1892699823707,2021,3607,38
