test_name,machine,compiler,core_mean,core_std,core_min,core_max,mem_mean,mem_std,mem_min,mem_max,n_hashes
cpld_debug_p8_intel,derecho,intel,777.0,22.43779279373409,755,822,2032.5,4.908249086070215,2026,2043,12
cpld_debug_p8_intel,gaeac6,intel,515.6666666666666,4.677476657214654,508,524,6338.75,0.4522670168664575,6338,6339,12
cpld_debug_p8_intel,hercules,intel,789.3076923076923,63.17750735742459,704,911,2280.846153846154,3.8045182315713904,2275,2288,13
cpld_debug_p8_intel,orion,intel,862.5,31.94455423784381,813,901,2208.4166666666665,5.107184482014878,2202,2219,12
cpld_debug_p8_intel,ursa,intel,553.3076923076923,14.957632474117318,536,585,2374.3846153846152,17.332716951565235,2334,2398,13
