test_name,machine,compiler,core_mean,core_std,core_min,core_max,mem_mean,mem_std,mem_min,mem_max,n_hashes
cpld_decomp_p8_intel,acorn,intel,482.8965517241379,18.33876617517074,449,531,2876.5172413793102,656.1572449110512,1984,3347,29
cpld_decomp_p8_intel,derecho,intel,476.5625,18.661565643269718,450,534,1985.375,37.99724098642753,1932,2025,32
cpld_decomp_p8_intel,gaeac6,intel,301.53125,22.971208311499907,282,405,6338.71875,0.45680340939912006,6338,6339,32
cpld_decomp_p8_intel,hercules,intel,511.030303030303,40.45096170711277,455,629,67852.63636363637,377052.87343917513,2161,2168220,33
cpld_decomp_p8_intel,orion,intel,996.40625,31.966574654806085,937,1043,67802.90625,371413.19331608154,2064,2103176,32
cpld_decomp_p8_intel,ursa,intel,413.24242424242425,22.59843786502496,370,468,2378.6969696969695,105.81188639765524,2231,2486,33
cpld_decomp_p8_intel,wcoss2,intel,493.75,28.33327008215583,453,544,1986.375,253.58382847594234,1897,3365,32
