test_name,machine,compiler,core_mean,core_std,core_min,core_max,mem_mean,mem_std,mem_min,mem_max,n_hashes
cpld_mpi_p8_intel,acorn,intel,403.6857142857143,13.323511788809823,377,432,2909.114285714286,614.1719806770246,1949,3296,35
cpld_mpi_p8_intel,derecho,intel,402.2368421052632,17.922406647223738,373,436,1935.0,28.711048819649957,1891,1966,38
cpld_mpi_p8_intel,gaeac6,intel,246.21052631578948,14.245260747685858,230,302,6338.473684210527,0.6034514291235208,6337,6339,38
cpld_mpi_p8_intel,hera,intel,672.2,15.352524222420241,657,693,2044.8,19.715476154534,2010,2056,5
cpld_mpi_p8_intel,hercules,intel,432.6666666666667,36.43403074724548,388,538,54931.46153846154,329886.5213654096,2057,2062248,39
cpld_mpi_p8_intel,orion,intel,846.421052631579,37.73279567077278,785,935,54641.42105263158,324239.9441299382,1993,2000792,38
cpld_mpi_p8_intel,ursa,intel,669.974358974359,55.99928908359236,534,728,2262.153846153846,59.74398822939939,2165,2319,39
cpld_mpi_p8_intel,wcoss2,intel,413.63157894736844,22.569317910673764,376,467,2162.2105263157896,560.5750984188318,1856,3326,38
