test_name,machine,compiler,core_mean,core_std,core_min,core_max,mem_mean,mem_std,mem_min,mem_max,n_hashes
cpld_restart_gefs_intel,acorn,intel,494.1951219512195,23.837176334661642,459,526,3892.390243902439,5.171450709329493,3879,3902,41
cpld_restart_gefs_intel,hercules,intel,360.75555555555553,42.59916535436919,274,550,2816.288888888889,53.38523043204769,2759,2921,45
cpld_restart_gefs_intel,orion,intel,433.4222222222222,28.635236469719747,346,494,62700.08888888889,402459.9011327273,2686,2702488,45
cpld_restart_gefs_intel,ursa,intel,381.74,29.34718983174382,308,432,2919.08,13.178275257996038,2889,2944,50
cpld_restart_gefs_intel,wcoss2,intel,440.9375,33.950155108848826,397,582,2584.5,9.58056543438602,2565,2627,48
