test_name,machine,compiler,core_mean,core_std,core_min,core_max,mem_mean,mem_std,mem_min,mem_max,n_hashes
cpld_control_gfsv17_intel,acorn,intel,792.7272727272727,9.015138782776877,775,810,1898.2272727272727,1.853515031069755,1893,1904,44
cpld_control_gfsv17_intel,derecho,intel,780.3409090909091,32.82649467492237,753,959,1865.5681818181818,4.32621929189013,1851,1872,44
cpld_control_gfsv17_intel,gaeac6,intel,531.0930232558139,34.78903354403536,515,698,6338.7441860465115,0.6580281965232517,6338,6340,43
cpld_control_gfsv17_intel,hera,intel,1013.5,3.5355339059327378,1011,1016,2081.0,9.899494936611665,2074,2088,2
cpld_control_gfsv17_intel,hercules,intel,923.2608695652174,121.61020329681928,700,1558,46036.69565217391,298536.35762655025,2004,2026792,46
cpld_control_gfsv17_intel,orion,intel,1348.5333333333333,65.1336388442324,1187,1449,45643.08888888889,293008.9982170747,1953,1967528,45
cpld_control_gfsv17_intel,ursa,intel,567.66,23.968184694528304,482,639,2061.1,24.210176642503544,2046,2173,50
cpld_control_gfsv17_intel,wcoss2,intel,831.5625,11.964319738644209,798,874,1821.2916666666667,24.07873462192123,1807,1903,48
