test_name,machine,compiler,core_mean,core_std,core_min,core_max,mem_mean,mem_std,mem_min,mem_max,n_hashes
cpld_debug_pdlib_p8_gnu,derecho,gnu,529.8,11.688550903436328,518,561,1595.8,9.79569066250848,1585,1608,10
cpld_debug_pdlib_p8_gnu,hercules,gnu,575.5454545454545,37.537617495956354,527,616,1587.6363636363637,10.23985085118652,1572,1599,11
cpld_debug_pdlib_p8_gnu,ursa,gnu,392.45454545454544,2.8412545244534666,388,398,1566.909090909091,10.700042480799263,1550,1585,11
