test_name,machine,compiler,core_mean,core_std,core_min,core_max,mem_mean,mem_std,mem_min,mem_max,n_hashes
cpld_control_c48_5deg_intel,acorn,intel,364.0681818181818,8.73218512644184,348,394,2889.318181818182,2.8429654291409308,2885,2894,44
cpld_control_c48_5deg_intel,derecho,intel,320.15909090909093,17.39412247941104,304,353,2852.2954545454545,1.6646746375937462,2849,2856,44
cpld_control_c48_5deg_intel,gaeac6,intel,244.53488372093022,3.547962777018606,238,249,6337.720930232558,0.5488334553244721,6337,6339,43
cpld_control_c48_5deg_intel,hera,intel,427.0,,427,427,3089.0,,3089,3089,1
cpld_control_c48_5deg_intel,hercules,intel,342.5869565217391,32.23564354834327,315,430,69662.04347826086,451782.44826292514,3035,3067188,46
cpld_control_c48_5deg_intel,orion,intel,510.4222222222222,49.255128431135766,455,656,70657.08888888889,453537.23303484253,3029,3045468,45
cpld_control_c48_5deg_intel,ursa,intel,523.84,406.27854926372464,241,1432,3031.96,2.92044167752699,3025,3038,50
cpld_control_c48_5deg_intel,wcoss2,intel,370.5208333333333,11.463150180327283,360,435,2896.3333333333335,2.529261378459746,2888,2901,48
