test_name,machine,compiler,core_mean,core_std,core_min,core_max,mem_mean,mem_std,mem_min,mem_max,n_hashes
cpld_control_nowave_noaero_p8_intel,acorn,intel,432.3,4.423422506008964,424,439,1986.3,1.5670212364724558,1984,1989,10
cpld_control_nowave_noaero_p8_intel,derecho,intel,442.5,20.41921752772237,414,478,1932.6,0.5163977794943063,1932,1933,10
cpld_control_nowave_noaero_p8_intel,gaeac6,intel,279.7,10.360716405946281,273,307,6338.8,0.421637021355621,6338,6339,10
cpld_control_nowave_noaero_p8_intel,hercules,intel,359.27272727272725,17.889052010047433,349,398,2173.3636363636365,5.8527382868658755,2164,2181,11
cpld_control_nowave_noaero_p8_intel,orion,intel,415.4,37.24752042455682,388,507,2102.9,1.6633299933166403,2100,2105,10
cpld_control_nowave_noaero_p8_intel,ursa,intel,427.8181818181818,439.88903559461863,289,1754,3003.7272727272725,11.967379906152425,2991,3027,11
cpld_control_nowave_noaero_p8_intel,wcoss2,intel,441.0,5.6764621219754705,435,452,1887.1,4.508017549014423,1881,1895,10
