test_name,machine,compiler,core_mean,core_std,core_min,core_max,mem_mean,mem_std,mem_min,mem_max,n_hashes
cpld_restart_gefs_intel,acorn,intel,492.7906976744186,24.13706706798726,459,526,3893.3488372093025,6.9140427183351,3879,3921,43
cpld_restart_gefs_intel,hercules,intel,358.8,44.24908833164609,274,550,2812.311111111111,49.58134831779076,2759,2921,45
cpld_restart_gefs_intel,orion,intel,431.73333333333335,30.80466316529483,346,494,62701.35555555556,402459.7080457053,2686,2702488,45
cpld_restart_gefs_intel,ursa,intel,381.74,28.683928515843874,308,432,2920.38,15.162911249196828,2889,2966,50
cpld_restart_gefs_intel,wcoss2,intel,442.625,35.32982887746044,397,582,2639.375,267.80587006739245,2565,3911,48
