test_name,machine,compiler,core_mean,core_std,core_min,core_max,mem_mean,mem_std,mem_min,mem_max,n_hashes
cpld_control_ciceC_p8_intel,acorn,intel,492.2121212121212,17.118625776762844,454,540,2943.6969696969695,633.7142733937991,1993,3358,33
cpld_control_ciceC_p8_intel,derecho,intel,493.02777777777777,18.538741074704106,464,543,1991.8055555555557,30.29268600498846,1945,2025,36
cpld_control_ciceC_p8_intel,gaeac6,intel,306.25,14.043554698559353,289,348,6338.833333333333,0.5606119105814527,6338,6341,36
cpld_control_ciceC_p8_intel,hera,intel,670.3333333333334,9.018499505645803,661,679,2281.0,5.196152422706632,2275,2284,3
cpld_control_ciceC_p8_intel,hercules,intel,507.05405405405406,37.31989783982234,456,608,61326.24324324324,359436.81892019213,2178,2188604,37
cpld_control_ciceC_p8_intel,orion,intel,997.5,66.19646084626748,944,1331,60798.36111111111,351814.9114842026,2097,2113052,36
cpld_control_ciceC_p8_intel,ursa,intel,415.4864864864865,25.343881161185863,377,488,2420.054054054054,104.7825647991395,2259,2526,37
cpld_control_ciceC_p8_intel,wcoss2,intel,500.3333333333333,26.727193214830034,459,557,2144.6388888888887,502.0764968908211,1898,3377,36
