test_name,machine,compiler,core_mean,core_std,core_min,core_max,mem_mean,mem_std,mem_min,mem_max,n_hashes
cpld_control_noaero_p8_intel,acorn,intel,273.1818181818182,6.030226891555272,262,280,1916.090909090909,1.221027882936762,1914,1918,11
cpld_control_noaero_p8_intel,derecho,intel,292.3636363636364,14.0802892532272,280,320,1871.8181818181818,1.2504544628399885,1870,1874,11
cpld_control_noaero_p8_intel,gaeac6,intel,175.1818181818182,9.714094726923163,169,201,6338.727272727273,0.6466697906827966,6338,6340,11
cpld_control_noaero_p8_intel,hercules,intel,452.9166666666667,15.156506753526578,438,497,2046.0833333333333,4.832810839052208,2038,2053,12
cpld_control_noaero_p8_intel,orion,intel,957.1818181818181,38.77581251713027,922,1055,1990.6363636363637,5.390226846297448,1986,2001,11
cpld_control_noaero_p8_intel,ursa,intel,394.25,13.287896064395676,373,413,2085.75,12.388594461328987,2068,2104,12
cpld_control_noaero_p8_intel,wcoss2,intel,289.8181818181818,4.915652180905033,282,296,1830.8181818181818,27.290357937623934,1820,1913,11
