test_name,machine,compiler,core_mean,core_std,core_min,core_max,mem_mean,mem_std,mem_min,mem_max,n_hashes
cpld_control_gfsv17_intel,acorn,intel,793.2439024390244,9.699949710706925,775,810,1898.2439024390244,1.9336557062320807,1893,1904,41
cpld_control_gfsv17_intel,derecho,intel,781.0454545454545,33.01441161382687,753,959,1864.9772727272727,4.819961576434751,1851,1872,44
cpld_control_gfsv17_intel,gaeac6,intel,531.5348837209302,35.11162393147326,515,698,6338.697674418605,0.6375131640444526,6338,6340,43
cpld_control_gfsv17_intel,hercules,intel,908.9130434782609,134.53901971579458,692,1558,46037.47826086957,298536.2396876347,2004,2026792,46
cpld_control_gfsv17_intel,orion,intel,1336.6444444444444,76.33334656609658,1182,1449,45644.26666666667,293008.81865734473,1953,1967528,45
cpld_control_gfsv17_intel,ursa,intel,567.68,23.9995238047996,482,639,2061.12,24.230727666855294,2044,2173,50
cpld_control_gfsv17_intel,wcoss2,intel,833.4583333333334,9.635833683711162,820,874,1814.0625,3.5214011355491746,1806,1821,48
