test_name,machine,compiler,core_mean,core_std,core_min,core_max,mem_mean,mem_std,mem_min,mem_max,n_hashes
cpld_control_ciceC_p8_intel,acorn,intel,491.41379310344826,17.967266350185913,454,540,2886.7241379310344,656.680336266748,1993,3356,29
cpld_control_ciceC_p8_intel,derecho,intel,492.53125,19.457123042648796,464,543,1989.375,31.305724510012105,1945,2025,32
cpld_control_ciceC_p8_intel,gaeac6,intel,306.3125,14.92008280700016,289,348,6338.8125,0.5922891621606317,6338,6341,32
cpld_control_ciceC_p8_intel,hercules,intel,507.8484848484849,38.141284400994905,456,608,68486.81818181818,380598.31296866114,2178,2188604,33
cpld_control_ciceC_p8_intel,orion,intel,1000.09375,69.64812915765422,944,1331,68125.46875,373156.4967886093,2097,2113052,32
cpld_control_ciceC_p8_intel,ursa,intel,415.75757575757575,26.597732872171516,377,488,2410.3636363636365,107.0230168532154,2259,2526,33
cpld_control_ciceC_p8_intel,wcoss2,intel,498.90625,27.987738530730127,459,557,1990.8125,254.5075494792551,1898,3372,32
