test_name,machine,compiler,core_mean,core_std,core_min,core_max,mem_mean,mem_std,mem_min,mem_max,n_hashes
cpld_debug_p8_intel,derecho,intel,773.7333333333333,21.335639756274563,754,822,2031.8,4.585692033768889,2026,2043,15
cpld_debug_p8_intel,gaeac6,intel,514.8,7.866747376502855,501,531,6338.8,0.41403933560529516,6338,6339,15
cpld_debug_p8_intel,hera,intel,797.3333333333334,4.509249752822908,793,802,2307.3333333333335,0.5773502691896586,2307,2308,3
cpld_debug_p8_intel,hercules,intel,774.125,66.33639021432106,689,911,2280.3125,3.9279977936178248,2273,2288,16
cpld_debug_p8_intel,orion,intel,853.5333333333333,34.11088361435951,809,901,2209.4666666666667,5.514483095406499,2202,2220,15
cpld_debug_p8_intel,ursa,intel,551.1875,14.194922801245971,536,585,2374.9375,15.609692501775939,2334,2398,16
