test_name,machine,compiler,core_mean,core_std,core_min,core_max,mem_mean,mem_std,mem_min,mem_max,n_hashes
cpld_control_nowave_noaero_p8_intel,acorn,intel,434.9375,5.234102915814076,424,445,1986.375,1.5000000000000353,1984,1989,16
cpld_control_nowave_noaero_p8_intel,derecho,intel,439.625,16.9936262561389,414,478,1932.625,0.6191391873668658,1932,1934,16
cpld_control_nowave_noaero_p8_intel,gaeac6,intel,278.6875,8.162669089621767,273,307,6338.6875,0.47871355387780556,6338,6339,16
cpld_control_nowave_noaero_p8_intel,hera,intel,370.5,3.696845502136472,368,376,2187.75,11.206396982676202,2171,2194,4
cpld_control_nowave_noaero_p8_intel,hercules,intel,360.8235294117647,18.971146822601575,347,400,2172.3529411764707,5.611830989866191,2164,2181,17
cpld_control_nowave_noaero_p8_intel,orion,intel,409.5625,33.59557262497544,387,507,2101.5625,3.1826351764956433,2092,2105,16
cpld_control_nowave_noaero_p8_intel,ursa,intel,385.4117647058824,353.40664588111696,287,1754,3003.294117647059,10.378852934466952,2991,3027,17
cpld_control_nowave_noaero_p8_intel,wcoss2,intel,442.8125,6.263319141371184,435,456,1924.8125,50.53740363994447,1881,1993,16
