test_name,machine,compiler,core_mean,core_std,core_min,core_max,mem_mean,mem_std,mem_min,mem_max,n_hashes
cpld_restart_qr_p8_intel,acorn,intel,285.38461538461536,4.66437672753931,280,296,3252.076923076923,0.8623164985026355,3250,3253,13
cpld_restart_qr_p8_intel,derecho,intel,306.0769230769231,15.681525959238039,290,333,1389.3076923076924,2.2503560971772028,1385,1393,13
cpld_restart_qr_p8_intel,gaeac6,intel,172.46153846153845,3.688165411497169,169,183,6338.615384615385,0.5063696835417899,6338,6339,13
cpld_restart_qr_p8_intel,hera,intel,360.0,,360,360,1849.0,,1849,1849,1
cpld_restart_qr_p8_intel,hercules,intel,288.7857142857143,38.95594863516911,259,407,1836.0714285714287,2.6447127432871858,1832,1841,14
cpld_restart_qr_p8_intel,orion,intel,527.9230769230769,33.06927460766145,501,588,1765.923076923077,3.0403272428457515,1758,1769,13
cpld_restart_qr_p8_intel,ursa,intel,227.21428571428572,7.495419846901083,217,241,1990.2142857142858,11.402958937375535,1968,2010,14
cpld_restart_qr_p8_intel,wcoss2,intel,298.0769230769231,6.020264923040324,287,311,1766.923076923077,865.8234482790031,1307,3288,13
