test_name,machine,compiler,core_mean,core_std,core_min,core_max,mem_mean,mem_std,mem_min,mem_max,n_hashes
cpld_control_c48_5deg_intel,acorn,intel,364.0,8.823669466675558,348,394,2889.3488372093025,2.8692434786081975,2885,2894,43
cpld_control_c48_5deg_intel,derecho,intel,321.0,17.586993079585636,304,353,2852.3636363636365,1.5861450869283165,2850,2856,44
cpld_control_c48_5deg_intel,gaeac6,intel,244.65116279069767,3.5782658804179817,238,249,6337.720930232558,0.5488334553243883,6337,6339,43
cpld_control_c48_5deg_intel,hercules,intel,342.80434782608694,32.078805439949065,315,430,69662.21739130435,451782.4220504533,3035,3067188,46
cpld_control_c48_5deg_intel,orion,intel,510.3777777777778,49.294241268349225,455,656,70657.2,453537.21609535784,3029,3045468,45
cpld_control_c48_5deg_intel,ursa,intel,514.72,407.04013942367015,241,1432,3032.06,2.8313838831704725,3025,3038,50
cpld_control_c48_5deg_intel,wcoss2,intel,370.5833333333333,11.490668431075193,360,435,2896.5208333333335,2.2120519340346023,2890,2901,48
