test_name,machine,compiler,core_mean,core_std,core_min,core_max,mem_mean,mem_std,mem_min,mem_max,n_hashes
cpld_control_gefs_intel,acorn,intel,1086.3111111111111,70.42075566395765,1003,1172,4091.2444444444445,9.118302163420179,4075,4108,45
cpld_control_gefs_intel,hera,intel,945.8,27.878306978724524,922,983,3044.4,6.18869937870635,3035,3052,5
cpld_control_gefs_intel,hercules,intel,1016.0217391304348,81.96299683541072,879,1169,3109.608695652174,35.95396949858687,3079,3193,46
cpld_control_gefs_intel,orion,intel,1225.4347826086957,55.15459169921619,1127,1325,69167.15217391304,448512.29383745097,3001,3044996,46
cpld_control_gefs_intel,ursa,intel,1209.42,110.50128635321083,800,1424,3210.86,19.31269012851392,3180,3258,50
cpld_control_gefs_intel,wcoss2,intel,1060.734693877551,48.97353686354655,982,1162,3051.265306122449,434.5359965675171,2857,4109,49
