test_name,machine,compiler,core_mean,core_std,core_min,core_max,mem_mean,mem_std,mem_min,mem_max,n_hashes
cpld_control_nowave_noaero_p8_gnu,derecho,gnu,535.4166666666666,11.244864147555083,525,568,1633.0833333333333,9.414286371190652,1615,1651,12
cpld_control_nowave_noaero_p8_gnu,hercules,gnu,512.2307692307693,17.441109703579816,495,565,1625.6153846153845,8.231428202712465,1611,1635,13
cpld_control_nowave_noaero_p8_gnu,ursa,gnu,528.4615384615385,258.9776745154607,411,1221,1551.5384615384614,8.422345126857353,1529,1558,13
