test_name,machine,compiler,core_mean,core_std,core_min,core_max,mem_mean,mem_std,mem_min,mem_max,n_hashes
cpld_mpi_gfsv17_intel,acorn,intel,919.3953488372093,8.968568221675348,898,939,1873.5348837209303,2.5943972344202217,1868,1879,43
cpld_mpi_gfsv17_intel,derecho,intel,874.4772727272727,29.75910150897646,850,1032,1829.6136363636363,2.895191756439293,1819,1834,44
cpld_mpi_gfsv17_intel,gaeac6,intel,607.4651162790698,19.25437345150358,598,721,6338.581395348837,0.5447829685617569,6338,6340,43
cpld_mpi_gfsv17_intel,hercules,intel,948.0652173913044,83.40381077728945,765,1181,43769.54347826087,283802.5976158394,1916,1926768,46
cpld_mpi_gfsv17_intel,orion,intel,1579.6666666666667,117.03612495915313,1341,1725,43719.73333333333,280695.6867400579,1855,1884840,45
cpld_mpi_gfsv17_intel,ursa,intel,992.36,98.11483484329234,614,1052,1998.3,15.557988957707956,1975,2046,50
cpld_mpi_gfsv17_intel,wcoss2,intel,986.5,19.46409678946824,929,1051,1797.375,17.94391380254573,1786,1880,48
