test_name,machine,compiler,core_mean,core_std,core_min,core_max,mem_mean,mem_std,mem_min,mem_max,n_hashes
cpld_control_noaero_p8_intel,acorn,intel,273.5833333333333,5.915439480074515,262,280,1916.0,1.2060453783110288,1914,1918,12
cpld_control_noaero_p8_intel,derecho,intel,291.4166666666667,13.820000877077549,280,320,1871.6666666666667,1.302677894557874,1870,1874,12
cpld_control_noaero_p8_intel,gaeac6,intel,174.75,9.382042809150217,169,201,6338.666666666667,0.6513389472788963,6338,6340,12
cpld_control_noaero_p8_intel,hercules,intel,452.7692307692308,14.520983932191859,438,497,2045.6153846153845,4.925079720817735,2038,2053,13
cpld_control_noaero_p8_intel,orion,intel,956.5833333333334,37.02936999766864,922,1055,1990.8333333333333,5.184475660931216,1986,2001,12
cpld_control_noaero_p8_intel,ursa,intel,393.38461538461536,13.099226831753997,373,413,2085.3076923076924,11.967905799711488,2068,2104,13
cpld_control_noaero_p8_intel,wcoss2,intel,289.9166666666667,4.699290726623898,282,296,1837.8333333333333,35.60345573966179,1820,1915,12
