test_name,machine,compiler,core_mean,core_std,core_min,core_max,mem_mean,mem_std,mem_min,mem_max,n_hashes
cpld_control_p8_mixedmode_intel,acorn,intel,396.3529411764706,4.986747142057989,389,406,3322.8823529411766,1.1114378604524353,3321,3326,17
cpld_control_p8_mixedmode_intel,derecho,intel,394.8235294117647,16.842042980728493,374,435,1978.4705882352941,1.4627733530362503,1976,1982,17
cpld_control_p8_mixedmode_intel,gaeac6,intel,245.94117647058823,15.392654856437588,239,303,6338.705882352941,0.46966821831397204,6338,6339,17
cpld_control_p8_mixedmode_intel,hera,intel,684.4,16.637307474468333,656,700,2207.0,1.8708286933869707,2205,2210,5
cpld_control_p8_mixedmode_intel,hercules,intel,486.3888888888889,27.270192494605002,459,569,2157.0,6.18346942400843,2146,2166,18
cpld_control_p8_mixedmode_intel,orion,intel,980.6470588235294,33.85620544388908,948,1052,2099.0,4.257346591481671,2090,2109,17
cpld_control_p8_mixedmode_intel,ursa,intel,400.1666666666667,11.215797682156127,382,425,2178.722222222222,6.506155958742223,2169,2195,18
cpld_control_p8_mixedmode_intel,wcoss2,intel,410.88235294117646,9.564794515181548,393,435,2515.8823529411766,712.2186183287529,1927,3345,17
