test_name,machine,compiler,core_mean,core_std,core_min,core_max,mem_mean,mem_std,mem_min,mem_max,n_hashes
cpld_control_noaero_p8_agrid_intel,acorn,intel,335.4186046511628,23.41167042934694,303,373,1989.0232558139535,1.7926884850498588,1985,1992,43
cpld_control_noaero_p8_agrid_intel,derecho,intel,356.95454545454544,28.824210225735882,316,482,1929.3636363636363,1.930066983907004,1926,1938,44
cpld_control_noaero_p8_agrid_intel,gaeac6,intel,214.06976744186048,13.46140045929773,197,251,6338.53488372093,0.6305265074787516,6338,6340,43
cpld_control_noaero_p8_agrid_intel,hercules,intel,282.54347826086956,38.57558613178324,239,399,48448.891304347824,314050.6819441182,2133,2132140,46
cpld_control_noaero_p8_agrid_intel,orion,intel,316.8222222222222,40.08530046203114,268,404,48386.955555555556,310576.58501099027,2054,2085500,45
cpld_control_noaero_p8_agrid_intel,ursa,intel,234.9,19.582634956428482,203,287,2177.38,13.316998497393936,2151,2217,50
cpld_control_noaero_p8_agrid_intel,wcoss2,intel,342.3541666666667,20.70408489177133,309,411,1897.8125,20.20180763978543,1880,1991,48
