test_name,machine,compiler,core_mean,core_std,core_min,core_max,mem_mean,mem_std,mem_min,mem_max,n_hashes
cpld_restart_gfsv17_intel,acorn,intel,385.9512195121951,32.20011740623953,363,577,1071.0975609756097,3.6660938207359868,1064,1079,41
cpld_restart_gfsv17_intel,derecho,intel,400.0,11.401754250991376,383,442,1022.7954545454545,6.293516580686379,1009,1032,44
cpld_restart_gfsv17_intel,gaeac6,intel,251.30232558139534,3.035777798827492,246,260,6338.697674418605,0.8028189537033702,6338,6342,43
cpld_restart_gfsv17_intel,hercules,intel,368.1304347826087,47.970179948080336,316,580,30708.5,199091.15343667197,1325,1351656,46
cpld_restart_gfsv17_intel,orion,intel,610.6666666666666,77.52243077153395,547,963,28506.88888888889,182943.25861343186,1212,1228456,45
cpld_restart_gfsv17_intel,ursa,intel,230.26,4.610591179058081,220,243,1505.52,52.01147440121036,1462,1715,50
cpld_restart_gfsv17_intel,wcoss2,intel,392.5,28.128882710715533,377,574,976.3958333333334,4.2763057397878255,969,988,48
