test_name,machine,compiler,core_mean,core_std,core_min,core_max,mem_mean,mem_std,mem_min,mem_max,n_hashes
cpld_restart_p8_lnd_intel,acorn,intel,275.9318181818182,18.181766648975593,239,302,2052.9772727272725,906.6297028424063,1370,3242,44
cpld_restart_p8_lnd_intel,gaeac6,intel,165.02325581395348,19.525914858260773,144,270,6338.558139534884,0.547823641303628,6337,6339,43
cpld_restart_p8_lnd_intel,hera,intel,364.25,8.499999999999996,356,376,1732.75,1.8929694486001063,1730,1734,4
cpld_restart_p8_lnd_intel,hercules,intel,266.19565217391306,38.50807682391227,193,408,38374.19565217391,248208.85931065032,1676,1685212,46
cpld_restart_p8_lnd_intel,orion,intel,476.22222222222223,107.43917706161363,220,619,34958.42222222222,223823.76343803998,1500,1503048,45
cpld_restart_p8_lnd_intel,ursa,intel,219.74,14.885700575809421,175,254,2130.62,116.20967854595844,2008,2323,50
