test_name,machine,compiler,core_mean,core_std,core_min,core_max,mem_mean,mem_std,mem_min,mem_max,n_hashes
cpld_control_c192_p8_intel,gaeac6,intel,318.86046511627904,21.63394752449962,301,424,6338.767441860465,0.4274625743755687,6338,6339,43
cpld_control_c192_p8_intel,hercules,intel,848.9782608695652,192.55157913665448,416,1148,58810.80434782609,380154.3316769955,2560,2581092,46
cpld_control_c192_p8_intel,orion,intel,893.8222222222222,184.88206177906162,558,1224,52988.066666666666,339004.6195290237,2268,2276564,45
cpld_control_c192_p8_intel,ursa,intel,1124.36,235.82333062126438,349,1386,3380.04,167.8742191921908,3222,3586,50
