test_name,machine,compiler,core_mean,core_std,core_min,core_max,mem_mean,mem_std,mem_min,mem_max,n_hashes
cpld_mpi_pdlib_p8_intel,acorn,intel,913.6875,4.110454151712835,907,921,1890.125,1.310216267135558,1887,1892,16
cpld_mpi_pdlib_p8_intel,derecho,intel,878.25,16.44181660685138,861,909,1838.375,1.4999999999999762,1835,1840,16
cpld_mpi_pdlib_p8_intel,gaeac6,intel,607.75,4.809712396114072,604,623,6338.8125,0.8341662504160914,6338,6340,16
cpld_mpi_pdlib_p8_intel,hera,intel,1073.75,5.795112883571216,1066,1080,1925.75,13.047988350699889,1907,1937,4
cpld_mpi_pdlib_p8_intel,hercules,intel,805.0,13.815751879648127,788,840,1994.6470588235295,5.267128919897807,1985,2005,17
cpld_mpi_pdlib_p8_intel,orion,intel,1416.625,45.17060253453933,1368,1508,1933.6875,3.4003676271839067,1928,1937,16
cpld_mpi_pdlib_p8_intel,ursa,intel,708.6470588235294,7.482823468372327,697,729,2097.764705882353,8.48181445626988,2087,2118,17
cpld_mpi_pdlib_p8_intel,wcoss2,intel,931.875,10.005831632936292,912,949,1837.875,43.68199476519661,1800,1894,16
