test_name,machine,compiler,core_mean,core_std,core_min,core_max,mem_mean,mem_std,mem_min,mem_max,n_hashes
cpld_control_p8_mixedmode_intel,acorn,intel,395.6363636363636,4.86359388256724,389,404,3322.7272727272725,0.7862453931069067,3321,3324,11
cpld_control_p8_mixedmode_intel,derecho,intel,398.8181818181818,19.21363152461388,382,435,1977.7272727272727,1.0090499582190289,1976,1979,11
cpld_control_p8_mixedmode_intel,gaeac6,intel,248.8181818181818,18.782002991258313,240,303,6338.636363636364,0.504524979109518,6338,6339,11
cpld_control_p8_mixedmode_intel,hercules,intel,494.5833333333333,30.362831145193216,459,569,2159.3333333333335,4.696871944241882,2149,2166,12
cpld_control_p8_mixedmode_intel,orion,intel,986.5454545454545,35.808835882680256,948,1052,2100.181818181818,3.682884245212685,2095,2109,11
cpld_control_p8_mixedmode_intel,ursa,intel,401.9166666666667,13.262786854636367,382,425,2179.5833333333335,7.115390915388167,2171,2195,12
cpld_control_p8_mixedmode_intel,wcoss2,intel,409.6363636363636,5.7493082587860425,398,417,2065.2727272727275,422.81179995574655,1927,3340,11
