test_name,machine,compiler,core_mean,core_std,core_min,core_max,mem_mean,mem_std,mem_min,mem_max,n_hashes
cpld_dcp_gefs_intel,hera,intel,949.3333333333334,20.792626898334245,934,973,3062.6666666666665,7.7674534651540466,3054,3069,3
cpld_dcp_gefs_intel,hercules,intel,959.0888888888888,72.00467857975438,812,1101,3198.5333333333333,56.66753118770122,3131,3321,45
cpld_dcp_gefs_intel,orion,intel,1279.6888888888889,92.25109563828845,1119,1542,70114.95555555556,449870.6100900245,3039,3020876,45
cpld_dcp_gefs_intel,ursa,intel,1902.4,253.42422286493033,905,2076,3434.22,14.361641086375782,3398,3462,50
