test_name,machine,compiler,core_mean,core_std,core_min,core_max,mem_mean,mem_std,mem_min,mem_max,n_hashes
cpld_regional_atm_fbh_intel,derecho,intel,490.54545454545456,29.839457680599786,448,526,774.5909090909091,1.674961739489188,772,779,44
cpld_regional_atm_fbh_intel,gaeac6,intel,372.5813953488372,11.764014050402755,361,390,6337.604651162791,0.5407021398024051,6337,6339,43
cpld_regional_atm_fbh_intel,hercules,intel,557.5869565217391,38.53977805791868,502,651,24521.391304347828,158995.69137006032,1066,1079440,46
cpld_regional_atm_fbh_intel,orion,intel,799.5111111111111,56.90487366179323,720,867,24959.933333333334,160157.7693801845,1072,1075456,45
cpld_regional_atm_fbh_intel,ursa,intel,893.46,559.5557716909486,340,1798,1133.4,3.785040371283345,1124,1139,50
