test_name,machine,compiler,core_mean,core_std,core_min,core_max,mem_mean,mem_std,mem_min,mem_max,n_hashes
cpld_control_nowave_noaero_p8_gnu,derecho,gnu,536.2857142857143,10.978500468072703,525,568,1634.5,9.889777161680206,1615,1651,14
cpld_control_nowave_noaero_p8_gnu,hera,gnu,593.5,3.5355339059327378,591,596,1642.5,0.7071067811865476,1642,1643,2
cpld_control_nowave_noaero_p8_gnu,hercules,gnu,511.73333333333335,16.875454138509895,495,565,1625.8666666666666,7.927048330753071,1611,1635,15
cpld_control_nowave_noaero_p8_gnu,ursa,gnu,513.4666666666667,243.01054258925438,411,1221,1550.5333333333333,8.245056238798677,1529,1558,15
