test_name,machine,compiler,core_mean,core_std,core_min,core_max,mem_mean,mem_std,mem_min,mem_max,n_hashes
cpld_restart_c24_9deg_intel,acorn,intel,45.13636363636363,7.305910029083683,31,57,1452.659090909091,2.693171225035098,1448,1457,44
cpld_restart_c24_9deg_intel,derecho,intel,32.29545454545455,12.816376779030483,24,60,1423.25,1.893992952026378,1419,1426,44
cpld_restart_c24_9deg_intel,gaeac6,intel,20.837209302325583,1.308038017471014,19,25,6337.674418604651,0.7145071639003109,6336,6339,43
cpld_restart_c24_9deg_intel,hera,intel,32.75,1.5,32,35,1578.5,2.3804761428475927,1577,1582,4
cpld_restart_c24_9deg_intel,hercules,intel,30.282608695652176,18.704322784352716,23,100,35267.913043478264,228689.32846810375,1538,1552596,46
cpld_restart_c24_9deg_intel,orion,intel,43.75555555555555,19.03484311795746,34,110,35925.62222222222,230597.31207229558,1537,1548444,45
cpld_restart_c24_9deg_intel,ursa,intel,163.62,375.61285377149613,23,1271,1532.74,2.0183848867400234,1529,1537,50
cpld_restart_c24_9deg_intel,wcoss2,intel,52.854166666666664,7.833342764442792,42,74,1462.125,5.880458080289572,1452,1471,48
