test_name,machine,compiler,core_mean,core_std,core_min,core_max,mem_mean,mem_std,mem_min,mem_max,n_hashes
cpld_control_gfsv17_iau_intel,acorn,intel,852.0227272727273,11.065321139663801,831,877,1945.340909090909,4.9459552740535875,1935,1961,44
cpld_control_gfsv17_iau_intel,derecho,intel,852.7045454545455,64.61606810947346,820,1151,1888.5227272727273,5.571892235738271,1874,1899,44
cpld_control_gfsv17_iau_intel,gaeac6,intel,565.1860465116279,4.861196276214417,556,577,6338.674418604651,0.6444240777833812,6338,6340,43
cpld_control_gfsv17_iau_intel,hera,intel,1081.0,,1081,1081,2249.0,,2249,2249,1
cpld_control_gfsv17_iau_intel,hercules,intel,989.7608695652174,140.80233343751544,735,1757,53110.45652173913,344391.8776617839,2306,2338112,46
cpld_control_gfsv17_iau_intel,orion,intel,1462.8222222222223,67.389400599288,1305,1561,49594.37777777778,318345.38319576526,2113,2137664,45
cpld_control_gfsv17_iau_intel,ursa,intel,606.08,23.93344513266672,519,643,2630.02,59.20234758169371,2529,2850,50
cpld_control_gfsv17_iau_intel,wcoss2,intel,896.3333333333334,13.98834367840766,859,938,1850.0625,25.201660068590062,1828,1947,48
