test_name,machine,compiler,core_mean,core_std,core_min,core_max,mem_mean,mem_std,mem_min,mem_max,n_hashes
cpld_warmstart_c12_9deg_intel,acorn,intel,47.59090909090909,8.811509866707192,33,70,2040.590909090909,2.1815098443155314,2034,2044,44
cpld_warmstart_c12_9deg_intel,derecho,intel,34.27272727272727,12.076045164192248,26,62,2004.7727272727273,1.273406644410776,2001,2007,44
cpld_warmstart_c12_9deg_intel,gaeac6,intel,22.511627906976745,2.03974896942008,20,34,6337.581395348837,0.7938021265832911,6336,6339,43
cpld_warmstart_c12_9deg_intel,hera,intel,33.25,0.5,33,34,2186.25,3.774917217635375,2181,2190,4
cpld_warmstart_c12_9deg_intel,hercules,intel,38.5,26.067220795474153,24,117,49068.13043478261,318127.4290162223,2151,2159808,46
cpld_warmstart_c12_9deg_intel,orion,intel,77.4888888888889,39.82325852051686,37,157,50139.97777777778,321830.35594425217,2151,2161068,45
cpld_warmstart_c12_9deg_intel,ursa,intel,49.98,156.68550197964154,25,1135,2138.46,1.656280563830275,2135,2141,50
cpld_warmstart_c12_9deg_intel,wcoss2,intel,55.583333333333336,9.651002226278429,47,109,2048.8125,3.5047460223034514,2039,2052,48
