test_name,machine,compiler,core_mean,core_std,core_min,core_max,mem_mean,mem_std,mem_min,mem_max,n_hashes
cpld_control_gfsv17_intel,acorn,intel,792.1136363636364,8.726372509068,775,808,1898.2045454545455,1.8872835832135693,1893,1904,44
cpld_control_gfsv17_intel,derecho,intel,780.6136363636364,32.79691981360508,753,959,1865.6818181818182,4.322858266712015,1851,1872,44
cpld_control_gfsv17_intel,gaeac6,intel,531.2558139534884,34.72826008780844,517,698,6338.720930232558,0.666389754228041,6338,6340,43
cpld_control_gfsv17_intel,hera,intel,1014.6666666666666,3.2145502536643287,1011,1017,2081.0,7.0,2074,2088,3
cpld_control_gfsv17_intel,hercules,intel,927.3913043478261,116.99790658352623,700,1558,46036.65217391304,298536.3641790629,2004,2026792,46
cpld_control_gfsv17_intel,orion,intel,1351.5333333333333,64.44539619638546,1187,1449,45643.0,293009.01176740124,1953,1967528,45
cpld_control_gfsv17_intel,ursa,intel,567.8,23.925053046238084,482,639,2061.06,24.22884939193654,2046,2173,50
cpld_control_gfsv17_intel,wcoss2,intel,830.9583333333334,12.257795319684996,798,874,1822.9583333333333,26.429318289510032,1807,1903,48
