test_name,machine,compiler,core_mean,core_std,core_min,core_max,mem_mean,mem_std,mem_min,mem_max,n_hashes
cpld_warmstart_c24_9deg_intel,acorn,intel,54.56818181818182,8.085006873974807,40,71,2111.8863636363635,2.5809310478964695,2107,2118,44
cpld_warmstart_c24_9deg_intel,derecho,intel,41.13636363636363,13.398352743407917,32,68,2074.4772727272725,1.577289939040047,2072,2077,44
cpld_warmstart_c24_9deg_intel,gaeac6,intel,26.813953488372093,1.5924795573702983,25,32,6337.558139534884,0.7004191119946845,6336,6339,43
cpld_warmstart_c24_9deg_intel,hera,intel,40.666666666666664,0.5773502691896247,40,41,2251.6666666666665,2.516611478423523,2249,2254,3
cpld_warmstart_c24_9deg_intel,hercules,intel,47.73913043478261,27.431883139157375,30,123,50725.065217391304,328876.5275676438,2222,2232784,46
cpld_warmstart_c24_9deg_intel,orion,intel,85.28888888888889,41.18507133671254,43,167,51794.42222222222,332451.50941545307,2225,2232388,45
cpld_warmstart_c24_9deg_intel,ursa,intel,61.86,163.01959441510493,29,1168,2208.34,1.4229890931358848,2206,2211,50
cpld_warmstart_c24_9deg_intel,wcoss2,intel,62.708333333333336,13.541046085070905,53,139,2119.3125,4.110993305448813,2108,2125,48
