test_name,machine,compiler,core_mean,core_std,core_min,core_max,mem_mean,mem_std,mem_min,mem_max,n_hashes
cpld_warmstart_c24_5deg_intel,acorn,intel,58.25,7.266120810164593,41,73,2113.2954545454545,2.278101468374773,2110,2119,44
cpld_warmstart_c24_5deg_intel,derecho,intel,41.02272727272727,13.621953273802456,32,74,2076.4772727272725,1.517167439727165,2074,2079,44
cpld_warmstart_c24_5deg_intel,gaeac6,intel,26.627906976744185,1.155179965652713,25,30,6337.511627906977,0.5508475298187813,6337,6339,43
cpld_warmstart_c24_5deg_intel,hera,intel,42.333333333333336,1.5275252316519456,41,44,2253.6666666666665,0.5773502691896586,2253,2254,3
cpld_warmstart_c24_5deg_intel,hercules,intel,45.71739130434783,25.98432266106987,30,110,50754.260869565216,329068.66408736276,2226,2234088,46
cpld_warmstart_c24_5deg_intel,orion,intel,83.97777777777777,39.00727722832852,46,165,51815.75555555556,332575.1030059469,2224,2233220,45
cpld_warmstart_c24_5deg_intel,ursa,intel,59.0,160.12342178482706,29,1153,2209.34,2.520204073369654,2195,2212,50
cpld_warmstart_c24_5deg_intel,wcoss2,intel,62.291666666666664,12.63557681383955,54,131,2120.9375,3.4357708416881034,2111,2125,48
