test_name,machine,compiler,core_mean,core_std,core_min,core_max,mem_mean,mem_std,mem_min,mem_max,n_hashes
cpld_control_pdlib_p8_intel,acorn,intel,787.875,5.327601086167552,780,797,1922.1875,1.276388133236396,1920,1924,16
cpld_control_pdlib_p8_intel,derecho,intel,779.6875,16.563891450984606,764,818,1879.1875,5.088794880257348,1874,1892,16
cpld_control_pdlib_p8_intel,gaeac6,intel,524.1875,2.4824383174612885,521,529,6338.625,0.6191391873669129,6338,6340,16
cpld_control_pdlib_p8_intel,hera,intel,912.5,2.886751345948129,910,915,2121.5,7.047458170621991,2117,2132,4
cpld_control_pdlib_p8_intel,hercules,intel,749.7647058823529,16.00987746582051,732,784,2090.294117647059,4.510608410768443,2082,2097,17
cpld_control_pdlib_p8_intel,orion,intel,1234.25,42.44447353111285,1188,1305,2018.25,4.389381125701752,2009,2025,16
cpld_control_pdlib_p8_intel,ursa,intel,494.88235294117646,12.164920637540018,485,539,2162.6470588235293,10.379915561256901,2149,2182,17
cpld_control_pdlib_p8_intel,wcoss2,intel,805.625,8.437021591375306,790,826,1867.3125,44.84747298715212,1830,1925,16
