test_name,machine,compiler,core_mean,core_std,core_min,core_max,mem_mean,mem_std,mem_min,mem_max,n_hashes
cpld_warmstart_c24_5deg_intel,acorn,intel,58.46341463414634,7.503657644694385,41,73,2113.4146341463415,2.428740514712303,2110,2119,41
cpld_warmstart_c24_5deg_intel,derecho,intel,44.81818181818182,15.76022772718354,32,88,2076.568181818182,1.5611225429416977,2074,2079,44
cpld_warmstart_c24_5deg_intel,gaeac6,intel,26.558139534883722,1.2012359821568575,24,30,6337.488372093023,0.6314040674128839,6336,6339,43
cpld_warmstart_c24_5deg_intel,hercules,intel,48.26086956521739,27.15423828806161,30,110,50754.82608695652,329068.57889897557,2226,2234088,46
cpld_warmstart_c24_5deg_intel,orion,intel,83.08888888888889,39.09418825804618,46,165,51816.57777777778,332574.97765524377,2224,2233220,45
cpld_warmstart_c24_5deg_intel,ursa,intel,60.66,160.21689508097376,29,1153,2209.26,2.5137174682537378,2195,2212,50
cpld_warmstart_c24_5deg_intel,wcoss2,intel,62.145833333333336,12.852666886653948,54,131,2121.75,1.7564470908562089,2119,2125,48
