test_name,machine,compiler,core_mean,core_std,core_min,core_max,mem_mean,mem_std,mem_min,mem_max,n_hashes
cpld_restart_gfsv17_intel,acorn,intel,385.22727272727275,31.2155772356759,363,577,1071.2045454545455,3.4813760007145818,1064,1079,44
cpld_restart_gfsv17_intel,derecho,intel,400.02272727272725,11.431268086412151,383,442,1023.0454545454545,6.130194220734948,1009,1032,44
cpld_restart_gfsv17_intel,gaeac6,intel,252.2325581395349,3.4353707036562047,248,266,6338.790697674419,0.8326131993647506,6338,6342,43
cpld_restart_gfsv17_intel,hera,intel,409.5,0.7071067811865476,409,410,1367.0,2.8284271247461903,1365,1369,2
cpld_restart_gfsv17_intel,hercules,intel,367.80434782608694,47.085557854336905,318,580,30704.195652173912,199091.80189680448,1325,1351656,46
cpld_restart_gfsv17_intel,orion,intel,610.8888888888889,77.06408850673408,554,963,28504.333333333332,182943.64820273826,1210,1228456,45
cpld_restart_gfsv17_intel,ursa,intel,229.72,4.323830501312656,220,243,1506.28,51.82940619897913,1462,1715,50
cpld_restart_gfsv17_intel,wcoss2,intel,392.0208333333333,28.045168418663597,377,574,984.5833333333334,26.833476498450754,969,1077,48
