test_name,machine,compiler,core_mean,core_std,core_min,core_max,mem_mean,mem_std,mem_min,mem_max,n_hashes
cpld_dcp_gefs_intel,hercules,intel,961.8444444444444,67.66762202639511,818,1101,3214.1555555555556,64.3989538154561,3131,3321,45
cpld_dcp_gefs_intel,orion,intel,1267.2666666666667,103.28983933132483,1111,1542,70113.37777777777,449870.85062651284,3039,3020876,45
cpld_dcp_gefs_intel,ursa,intel,1889.12,249.49202596557697,905,2070,3432.46,14.207227249623744,3398,3454,50
