test_name,machine,compiler,core_mean,core_std,core_min,core_max,mem_mean,mem_std,mem_min,mem_max,n_hashes
cpld_control_qr_p8_intel,acorn,intel,496.8181818181818,4.6436662631628,491,504,3373.0,0.8944271909999126,3371,3374,11
cpld_control_qr_p8_intel,derecho,intel,494.6363636363636,4.822296699140929,488,502,2033.2727272727273,1.420627262226709,2031,2036,11
cpld_control_qr_p8_intel,gaeac6,intel,316.27272727272725,16.40177374000086,307,364,6338.818181818182,0.4045199174779499,6338,6339,11
cpld_control_qr_p8_intel,hercules,intel,509.4166666666667,30.973473499206733,472,547,2279.75,5.189587477036871,2271,2289,12
cpld_control_qr_p8_intel,orion,intel,1007.2727272727273,57.37959726085729,954,1151,2205.181818181818,7.0826291985135335,2191,2216,11
cpld_control_qr_p8_intel,ursa,intel,415.0833333333333,12.183881552976842,400,436,2357.5,4.814750064314773,2353,2370,12
cpld_control_qr_p8_intel,wcoss2,intel,507.8181818181818,6.58510716417252,502,521,2127.3636363636365,423.1111609795405,1994,3403,11
