test_name,machine,compiler,core_mean,core_std,core_min,core_max,mem_mean,mem_std,mem_min,mem_max,n_hashes
cpld_restart_c12_9deg_intel,acorn,intel,40.58139534883721,6.970114975274747,28,52,1395.6976744186047,1.504515168242862,1393,1400,43
cpld_restart_c12_9deg_intel,derecho,intel,31.977272727272727,13.95422522719667,21,57,1362.4545454545455,1.848375093496378,1359,1368,44
cpld_restart_c12_9deg_intel,gaeac6,intel,18.13953488372093,0.9149914219956281,17,21,6337.627906976744,0.7245115206270776,6337,6340,43
cpld_restart_c12_9deg_intel,hercules,intel,31.065217391304348,24.712931544178367,20,116,34166.84782608696,221518.9083299379,1494,1503920,46
cpld_restart_c12_9deg_intel,orion,intel,45.24444444444445,25.377294392962195,30,128,34932.15555555555,224218.64361234906,1493,1505612,45
cpld_restart_c12_9deg_intel,ursa,intel,134.42,332.58057731648023,21,1248,1491.68,2.75858585481179,1486,1496,50
cpld_restart_c12_9deg_intel,wcoss2,intel,50.041666666666664,6.804123697492583,41,71,1406.2916666666667,2.625232174804889,1397,1409,48
