test_name,machine,compiler,core_mean,core_std,core_min,core_max,mem_mean,mem_std,mem_min,mem_max,n_hashes
cpld_debug_noaero_p8_intel,derecho,intel,369.2,12.425779653607261,357,391,1897.0,2.4037008503093045,1894,1900,10
cpld_debug_noaero_p8_intel,gaeac6,intel,234.9,2.1832697191750436,232,239,6339.1,0.5676462121976882,6338,6340,10
cpld_debug_noaero_p8_intel,hercules,intel,330.3636363636364,43.2071122091554,305,450,2070.5454545454545,5.1645645772636914,2063,2080,11
cpld_debug_noaero_p8_intel,orion,intel,437.1,30.664673848293617,403,480,2018.8,3.7058512292499057,2011,2023,10
cpld_debug_noaero_p8_intel,ursa,intel,275.54545454545456,8.85848335059265,268,300,2108.909090909091,17.795811560333828,2070,2135,11
