test_name,machine,compiler,core_mean,core_std,core_min,core_max,mem_mean,mem_std,mem_min,mem_max,n_hashes
cpld_control_c12_9deg_intel,acorn,intel,54.79545454545455,8.992450439388728,40,77,2038.3636363636363,2.252553167334919,2035,2043,44
cpld_control_c12_9deg_intel,derecho,intel,43.06818181818182,13.237363833803874,34,70,2004.25,1.5719192830925364,2000,2010,44
cpld_control_c12_9deg_intel,gaeac6,intel,28.441860465116278,1.1812488464372364,27,33,6337.581395348837,0.5447829685617377,6337,6339,43
cpld_control_c12_9deg_intel,hera,intel,41.5,0.7071067811865476,41,42,2185.5,2.1213203435596424,2184,2187,2
cpld_control_c12_9deg_intel,hercules,intel,48.608695652173914,28.637565275831957,31,127,49231.36956521739,319218.1423560007,2152,2167208,46
cpld_control_c12_9deg_intel,orion,intel,86.95555555555555,41.4728583509502,47,183,50276.48888888889,322741.983928805,2148,2167184,45
cpld_control_c12_9deg_intel,ursa,intel,90.72,215.29998435974423,31,1034,2137.84,1.7304004491116196,2132,2143,50
cpld_control_c12_9deg_intel,wcoss2,intel,62.583333333333336,10.153782092409797,55,116,2050.8125,3.5168666542576847,2039,2055,48
