test_name,machine,compiler,core_mean,core_std,core_min,core_max,mem_mean,mem_std,mem_min,mem_max,n_hashes
cpld_restart_pdlib_p8_intel,acorn,intel,382.0,5.234500931320964,378,392,1104.5454545454545,2.01809991643805,1102,1110,11
cpld_restart_pdlib_p8_intel,derecho,intel,399.90909090909093,16.34291617462774,378,423,1048.2727272727273,5.460602697338602,1040,1055,11
cpld_restart_pdlib_p8_intel,gaeac6,intel,254.9090909090909,1.758098145983063,253,258,6338.454545454545,0.6875516509523633,6338,6340,11
cpld_restart_pdlib_p8_intel,hercules,intel,369.25,36.18921235546707,341,463,1404.5833333333333,9.985975013472496,1390,1417,12
cpld_restart_pdlib_p8_intel,orion,intel,582.5454545454545,30.87835370081649,557,639,1250.7272727272727,8.319746499634556,1234,1258,11
cpld_restart_pdlib_p8_intel,ursa,intel,242.75,16.248776177691877,231,282,1646.0,17.64807483706215,1622,1677,12
cpld_restart_pdlib_p8_intel,wcoss2,intel,393.54545454545456,5.1451654271488,387,402,1018.7272727272727,30.993841030407633,1007,1112,11
