test_name,machine,compiler,core_mean,core_std,core_min,core_max,mem_mean,mem_std,mem_min,mem_max,n_hashes
cpld_mpi_pdlib_p8_intel,acorn,intel,914.2352941176471,4.57615302088862,907,923,1890.1176470588234,1.268973647341438,1887,1892,17
cpld_mpi_pdlib_p8_intel,derecho,intel,877.2941176470588,16.40032280887467,861,909,1838.3529411764705,1.4552137502179705,1835,1840,17
cpld_mpi_pdlib_p8_intel,gaeac6,intel,607.6470588235294,4.676285604924442,604,623,6338.764705882353,0.8313702367706941,6338,6340,17
cpld_mpi_pdlib_p8_intel,hera,intel,1072.2,6.099180272790755,1066,1080,1927.8,12.194260945215175,1907,1937,5
cpld_mpi_pdlib_p8_intel,hercules,intel,805.0555555555555,13.405320375846513,788,840,1994.8333333333333,5.170618349641289,1985,2005,18
cpld_mpi_pdlib_p8_intel,orion,intel,1415.5294117647059,43.96890612560597,1368,1508,1933.8823529411766,3.388996033878961,1928,1937,17
cpld_mpi_pdlib_p8_intel,ursa,intel,708.2777777777778,7.426546624861507,697,729,2097.3333333333335,8.429639584787264,2087,2118,18
cpld_mpi_pdlib_p8_intel,wcoss2,intel,931.8823529411765,9.688152255081917,912,949,1841.1764705882354,44.43145745712944,1800,1894,17
