test_name,machine,compiler,core_mean,core_std,core_min,core_max,mem_mean,mem_std,mem_min,mem_max,n_hashes
cpld_warmstart_c24_5deg_intel,acorn,intel,58.45454545454545,7.238317116036326,41,73,2113.3863636363635,2.3744366195041686,2110,2119,44
cpld_warmstart_c24_5deg_intel,derecho,intel,43.0,15.502437917803405,32,88,2076.590909090909,1.5449570148031342,2074,2079,44
cpld_warmstart_c24_5deg_intel,gaeac6,intel,26.58139534883721,1.1998523349529886,24,30,6337.46511627907,0.5915611794347133,6336,6339,43
cpld_warmstart_c24_5deg_intel,hera,intel,42.0,,42,42,2254.0,,2254,2254,1
cpld_warmstart_c24_5deg_intel,hercules,intel,45.80434782608695,25.938919334310828,30,110,50754.5,329068.62804856786,2226,2234088,46
cpld_warmstart_c24_5deg_intel,orion,intel,82.73333333333333,39.2789557350544,46,165,51816.066666666666,332575.05557511514,2224,2233220,45
cpld_warmstart_c24_5deg_intel,ursa,intel,59.02,160.11991552251948,29,1153,2209.3,2.492846909516456,2195,2212,50
cpld_warmstart_c24_5deg_intel,wcoss2,intel,62.083333333333336,12.608395266871742,54,131,2121.2916666666665,2.8205803939731124,2112,2125,48
