test_name,machine,compiler,core_mean,core_std,core_min,core_max,mem_mean,mem_std,mem_min,mem_max,n_hashes
cpld_debug_noaero_p8_intel,derecho,intel,369.875,11.312971905442591,355,391,1897.125,2.093641166325616,1894,1900,16
cpld_debug_noaero_p8_intel,gaeac6,intel,235.4375,2.528998484248919,232,242,6338.875,0.619139187367006,6338,6340,16
cpld_debug_noaero_p8_intel,hera,intel,389.5,3.872983346207417,385,394,2117.75,14.773286702694158,2096,2129,4
cpld_debug_noaero_p8_intel,hercules,intel,337.88235294117646,40.07942482268985,305,450,2070.705882352941,5.241239188903122,2061,2080,17
cpld_debug_noaero_p8_intel,orion,intel,432.0,32.14965007585619,399,491,2018.3125,4.422951503238536,2010,2024,16
cpld_debug_noaero_p8_intel,ursa,intel,274.94117647058823,7.611427167713803,268,300,2110.5882352941176,15.50023718983611,2070,2135,17
