test_name,machine,compiler,core_mean,core_std,core_min,core_max,mem_mean,mem_std,mem_min,mem_max,n_hashes
cpld_control_qr_p8_intel,acorn,intel,497.53333333333336,4.611579628139002,491,505,3373.3333333333335,1.397276262011495,3371,3376,15
cpld_control_qr_p8_intel,derecho,intel,496.53333333333336,6.41278484933103,488,511,2032.5333333333333,1.9223002094465043,2029,2036,15
cpld_control_qr_p8_intel,gaeac6,intel,314.1333333333333,14.347058766105862,307,364,6338.8,0.4140393356054526,6338,6339,15
cpld_control_qr_p8_intel,hera,intel,682.3333333333334,14.742229591663971,671,699,2292.3333333333335,1.1547005383792186,2291,2293,3
cpld_control_qr_p8_intel,hercules,intel,513.4375,43.0425661409726,472,635,2278.5625,5.098610921940699,2271,2289,16
cpld_control_qr_p8_intel,orion,intel,997.5333333333333,53.4346953455025,942,1151,2204.266666666667,6.496885700820322,2191,2216,15
cpld_control_qr_p8_intel,ursa,intel,415.9375,12.577592509432518,400,439,2358.3125,6.030132668524088,2349,2370,16
cpld_control_qr_p8_intel,wcoss2,intel,509.3333333333333,7.057586259446205,502,522,2468.266666666667,685.779167565381,1994,3408,15
