test_name,machine,compiler,core_mean,core_std,core_min,core_max,mem_mean,mem_std,mem_min,mem_max,n_hashes
cpld_warmstart_c48_5deg_intel,acorn,intel,128.52272727272728,8.145447112840163,112,149,2897.0227272727275,4.971961553686214,2889,2906,44
cpld_warmstart_c48_5deg_intel,derecho,intel,111.81818181818181,19.595054819048656,98,196,2858.181818181818,1.755691439658427,2855,2864,44
cpld_warmstart_c48_5deg_intel,gaeac6,intel,77.44186046511628,2.946364390723523,74,94,6337.627906976744,0.900350614614063,6337,6341,43
cpld_warmstart_c48_5deg_intel,hera,intel,131.0,,131,131,3071.0,,3071,3071,1
cpld_warmstart_c48_5deg_intel,hercules,intel,116.71739130434783,34.547013405874914,97,259,68924.19565217392,446871.11408327514,3028,3033864,46
cpld_warmstart_c48_5deg_intel,orion,intel,180.17777777777778,40.76445024822982,143,265,70371.75555555556,451699.3884331881,3026,3033128,45
cpld_warmstart_c48_5deg_intel,ursa,intel,128.26,171.7938738780892,79,1257,3019.46,1.8093859596614328,3014,3024,50
cpld_warmstart_c48_5deg_intel,wcoss2,intel,138.70833333333334,15.788439526914479,125,218,2902.75,1.3127849234811833,2900,2905,48
