test_name,machine,compiler,core_mean,core_std,core_min,core_max,mem_mean,mem_std,mem_min,mem_max,n_hashes
cpld_mpi_pdlib_p8_intel,acorn,intel,913.4166666666666,4.48144321991625,907,921,1890.0,1.3483997249264954,1887,1892,12
cpld_mpi_pdlib_p8_intel,derecho,intel,882.25,16.96051564396233,866,909,1839.0833333333333,0.6685579234215343,1838,1840,12
cpld_mpi_pdlib_p8_intel,gaeac6,intel,608.0,5.410427642315101,604,623,6338.833333333333,0.8348471099366548,6338,6340,12
cpld_mpi_pdlib_p8_intel,hercules,intel,806.2307692307693,14.394176172755019,788,840,1995.6153846153845,5.650051054908877,1985,2005,13
cpld_mpi_pdlib_p8_intel,orion,intel,1417.5833333333333,48.447644343396504,1368,1508,1933.0,3.6431754380934747,1928,1937,12
cpld_mpi_pdlib_p8_intel,ursa,intel,707.7692307692307,8.348191881617698,697,729,2096.769230769231,6.747269153193902,2087,2109,13
cpld_mpi_pdlib_p8_intel,wcoss2,intel,936.0833333333334,7.089792064309935,921,949,1819.5,33.59247751289781,1800,1891,12
