test_name,machine,compiler,core_mean,core_std,core_min,core_max,mem_mean,mem_std,mem_min,mem_max,n_hashes
cpld_restart_p8_intel,acorn,intel,277.9655172413793,12.726470609999955,249,305,2589.4137931034484,905.6313708142819,1359,3237,29
cpld_restart_p8_intel,derecho,intel,288.46875,16.461067215431896,266,327,1457.53125,104.96573461634212,1321,1539,32
cpld_restart_p8_intel,gaeac6,intel,169.40625,11.401356385069063,154,202,6338.71875,0.45680340939908676,6338,6339,32
cpld_restart_p8_intel,hercules,intel,286.6363636363636,56.436811004553014,243,555,53630.69696969697,297351.74389490776,1706,1710024,33
cpld_restart_p8_intel,orion,intel,537.6875,34.54631066619359,493,610,49375.90625,269778.70652496145,1524,1527784,32
cpld_restart_p8_intel,ursa,intel,230.78787878787878,25.559682088884607,202,331,2176.3333333333335,114.3925988281876,2010,2303,33
cpld_restart_p8_intel,wcoss2,intel,286.25,25.8980631982269,250,379,1488.90625,348.60175627183304,1263,3258,32
