test_name,machine,compiler,core_mean,core_std,core_min,core_max,mem_mean,mem_std,mem_min,mem_max,n_hashes
cpld_warmstart_c12_9deg_intel,acorn,intel,46.72727272727273,8.763995150252965,33,70,2040.3636363636363,2.135970005569757,2034,2044,44
cpld_warmstart_c12_9deg_intel,derecho,intel,36.93181818181818,14.630960685164338,26,82,2004.840909090909,1.3284574341445228,2001,2007,44
cpld_warmstart_c12_9deg_intel,gaeac6,intel,22.3953488372093,2.0602766213224046,20,34,6337.581395348837,0.7938021265832368,6336,6339,43
cpld_warmstart_c12_9deg_intel,hera,intel,33.0,,33,33,2187.0,,2187,2187,1
cpld_warmstart_c12_9deg_intel,hercules,intel,38.56521739130435,26.034722262490607,24,117,49068.65217391304,318127.3503771174,2152,2159808,46
cpld_warmstart_c12_9deg_intel,orion,intel,77.17777777777778,39.74995076548631,37,157,50140.311111111114,321830.3051228185,2151,2161068,45
cpld_warmstart_c12_9deg_intel,ursa,intel,72.54,221.11971178249917,25,1154,2138.56,1.7398099825872517,2135,2142,50
cpld_warmstart_c12_9deg_intel,wcoss2,intel,55.520833333333336,9.730385799207472,47,109,2049.3541666666665,2.596966997990623,2039,2052,48
