test_name,machine,compiler,core_mean,core_std,core_min,core_max,mem_mean,mem_std,mem_min,mem_max,n_hashes
cpld_s2sa_p8_intel,acorn,intel,499.35714285714283,4.683968449889524,492,506,3345.785714285714,1.9681530361295956,3343,3349,14
cpld_s2sa_p8_intel,derecho,intel,507.2857142857143,18.685364784848538,482,552,1996.642857142857,2.499450489058062,1992,2001,14
cpld_s2sa_p8_intel,gaeac6,intel,319.85714285714283,11.127631186563285,314,355,6338.428571428572,0.5135525910129944,6338,6339,14
cpld_s2sa_p8_intel,hera,intel,425.0,5.656854249492381,421,429,2271.0,8.48528137423857,2265,2277,2
cpld_s2sa_p8_intel,hercules,intel,455.06666666666666,46.577840633666526,400,532,2245.6666666666665,4.685336802448875,2235,2252,15
cpld_s2sa_p8_intel,orion,intel,481.2857142857143,28.642165183058804,457,543,2167.8571428571427,9.130314198462147,2148,2177,14
cpld_s2sa_p8_intel,ursa,intel,422.26666666666665,263.24200345110654,328,1350,3137.9333333333334,29.30983907609638,3093,3179,15
cpld_s2sa_p8_intel,wcoss2,intel,513.6428571428571,8.49983839536099,504,533,2355.5,648.3143527641511,1950,3346,14
