test_name,machine,compiler,core_mean,core_std,core_min,core_max,mem_mean,mem_std,mem_min,mem_max,n_hashes
cpld_control_ciceC_p8_intel,acorn,intel,492.8235294117647,17.230119133296625,454,540,2955.8529411764707,628.0512492287189,1993,3358,34
cpld_control_ciceC_p8_intel,derecho,intel,493.05405405405406,18.28014397272801,464,543,1992.4324324324325,30.111404761264378,1945,2025,37
cpld_control_ciceC_p8_intel,gaeac6,intel,306.3243243243243,13.854510003874093,289,348,6338.8378378378375,0.553449461384134,6338,6341,37
cpld_control_ciceC_p8_intel,hera,intel,673.75,10.04572877727976,661,684,2275.75,11.324751652906125,2260,2284,4
cpld_control_ciceC_p8_intel,hercules,intel,506.94736842105266,36.81799454909726,456,608,59771.68421052631,354675.77809006,2178,2188604,38
cpld_control_ciceC_p8_intel,orion,intel,996.918918918919,65.36622402466918,944,1331,59214.2972972973,347027.9747717166,2097,2113052,37
cpld_control_ciceC_p8_intel,ursa,intel,415.39473684210526,25.005447486156484,377,488,2421.7894736842104,103.90904491877355,2259,2526,38
cpld_control_ciceC_p8_intel,wcoss2,intel,501.27027027027026,26.962575553542358,459,557,2177.9189189189187,534.8441817939116,1898,3377,37
