test_name,machine,compiler,core_mean,core_std,core_min,core_max,mem_mean,mem_std,mem_min,mem_max,n_hashes
cpld_control_nowave_noaero_p8_gnu,derecho,gnu,536.4615384615385,11.406251097646596,525,568,1633.2307692307693,9.02915505601933,1615,1651,13
cpld_control_nowave_noaero_p8_gnu,hera,gnu,596.0,,596,596,1642.0,,1642,1642,1
cpld_control_nowave_noaero_p8_gnu,hercules,gnu,512.8571428571429,16.919979736563306,495,565,1626.142857142857,8.1510465855349,1611,1635,14
cpld_control_nowave_noaero_p8_gnu,ursa,gnu,520.5,250.5946005925783,411,1221,1551.0714285714287,8.278464050351822,1529,1558,14
