test_name,machine,compiler,core_mean,core_std,core_min,core_max,mem_mean,mem_std,mem_min,mem_max,n_hashes
cpld_mpi_p8_intel,acorn,intel,403.0,13.41174858100165,377,432,2885.818181818182,625.2906051661827,1949,3296,33
cpld_mpi_p8_intel,derecho,intel,401.94444444444446,18.137482018412978,373,436,1933.888888888889,29.108445291729105,1891,1966,36
cpld_mpi_p8_intel,gaeac6,intel,246.19444444444446,14.645953989207008,230,302,6338.472222222223,0.6087979308724709,6337,6339,36
cpld_mpi_p8_intel,hera,intel,670.0,12.12435565298214,657,681,2052.6666666666665,4.041451884327315,2048,2055,3
cpld_mpi_p8_intel,hercules,intel,432.7837837837838,37.42409735802674,388,538,57786.10810810811,338685.15929676767,2057,2062248,37
cpld_mpi_p8_intel,orion,intel,847.9722222222222,38.16991044647684,785,935,57562.583333333336,333125.04427577293,1993,2000792,36
cpld_mpi_p8_intel,ursa,intel,667.4864864864865,56.433156931020626,534,728,2260.2972972972975,60.77456744435129,2165,2319,37
cpld_mpi_p8_intel,wcoss2,intel,412.80555555555554,22.908288511795984,376,467,2097.5833333333335,500.5767744740631,1856,3326,36
