test_name,machine,compiler,core_mean,core_std,core_min,core_max,mem_mean,mem_std,mem_min,mem_max,n_hashes
cpld_2threads_p8_intel,acorn,intel,452.75757575757575,16.935595470469707,415,499,3124.090909090909,675.3650107366185,2112,3569,33
cpld_2threads_p8_intel,derecho,intel,889.5277777777778,43.37180526636509,840,999,2135.3888888888887,42.776013156760044,2066,2174,36
cpld_2threads_p8_intel,gaeac6,intel,356.52777777777777,17.197152772830254,332,389,6338.805555555556,0.46717659215118,6337,6339,36
cpld_2threads_p8_intel,hera,intel,731.3333333333334,25.579940057266228,707,758,2329.3333333333335,9.018499505645734,2320,2338,3
cpld_2threads_p8_intel,hercules,intel,679.1351351351351,37.52862771136057,628,790,62053.08108108108,363282.0038225109,2205,2212088,37
cpld_2threads_p8_intel,orion,intel,737.9166666666666,44.1894460573692,666,872,62179.86111111111,359581.743437976,2152,2159740,36
cpld_2threads_p8_intel,ursa,intel,785.6756756756756,45.71047415469947,673,860,2863.972972972973,166.31187010594925,2622,2990,37
cpld_2threads_p8_intel,wcoss2,intel,461.44444444444446,24.91178085558769,423,541,2298.25,533.3874161566672,2021,3607,36
