test_name,machine,compiler,core_mean,core_std,core_min,core_max,mem_mean,mem_std,mem_min,mem_max,n_hashes
cpld_control_p8_intel,acorn,intel,491.72727272727275,16.774744273894164,458,532,2943.4848484848485,633.8402855418374,1993,3358,33
cpld_control_p8_intel,derecho,intel,492.80555555555554,17.377850342884276,464,543,1992.0555555555557,33.13862178739858,1942,2028,36
cpld_control_p8_intel,gaeac6,intel,307.44444444444446,17.296480970655686,289,380,6338.722222222223,0.4542567625796699,6338,6339,36
cpld_control_p8_intel,hera,intel,732.0,11.532562594670797,721,744,2268.3333333333335,13.27905619136136,2253,2276,3
cpld_control_p8_intel,hercules,intel,529.972972972973,38.53172321209749,477,637,61175.48648648649,358521.4909981472,2180,2183036,37
cpld_control_p8_intel,orion,intel,1060.8333333333333,39.78477813722937,1004,1187,60664.88888888889,351009.4495976489,2095,2108220,36
cpld_control_p8_intel,ursa,intel,451.0810810810811,27.637915159330568,397,537,2420.5135135135133,105.69101234300909,2260,2533,37
cpld_control_p8_intel,wcoss2,intel,501.19444444444446,26.32849563761061,461,565,2145.3888888888887,501.95670147805595,1898,3378,36
