test_name,machine,compiler,core_mean,core_std,core_min,core_max,mem_mean,mem_std,mem_min,mem_max,n_hashes
cpld_control_c24_5deg_intel,acorn,intel,83.04761904761905,8.237192219209998,67,108,2113.809523809524,3.6774732526300338,2108,2120,42
cpld_control_c24_5deg_intel,derecho,intel,67.25,16.734763983438647,56,129,2077.0454545454545,1.9523932297227684,2072,2082,44
cpld_control_c24_5deg_intel,gaeac6,intel,45.093023255813954,0.9955604664225222,44,48,6337.6511627906975,0.4822428221704119,6337,6338,43
cpld_control_c24_5deg_intel,hercules,intel,70.52173913043478,26.7396826461969,53,149,50923.739130434784,330192.8008788155,2227,2241716,46
cpld_control_c24_5deg_intel,orion,intel,117.08888888888889,41.46675679616045,80,214,51892.24444444444,333072.6552704622,2221,2236560,45
cpld_control_c24_5deg_intel,ursa,intel,138.44,289.05716968609994,48,1152,2211.74,1.882356317524022,2209,2217,50
cpld_control_c24_5deg_intel,wcoss2,intel,86.83333333333333,9.958068114216529,76,128,2124.5416666666665,3.1145392291524683,2114,2129,48
