test_name,machine,compiler,core_mean,core_std,core_min,core_max,mem_mean,mem_std,mem_min,mem_max,n_hashes
cpld_control_sfs_intel,acorn,intel,719.7954545454545,24.017996688001794,668,766,2195.840909090909,2.6408524153984305,2190,2201,44
cpld_control_sfs_intel,derecho,intel,653.35,18.86327322929601,614,700,2161.7,5.743223431542139,2150,2175,40
cpld_control_sfs_intel,gaeac6,intel,441.3255813953488,9.410533435192947,427,468,6338.627906976744,0.6554989308029182,6338,6340,43
cpld_control_sfs_intel,hera,intel,690.0,13.638181696985855,672,702,2215.75,8.539125638299689,2205,2224,4
cpld_control_sfs_intel,hercules,intel,628.4130434782609,65.26580731029632,540,876,52546.065217391304,340731.8896305032,2302,2313264,46
cpld_control_sfs_intel,orion,intel,815.5555555555555,44.04313771517626,747,949,51712.62222222222,331953.5472880265,2221,2229040,45
cpld_control_sfs_intel,ursa,intel,518.82,26.139882734774396,490,622,2398.46,9.887551439531796,2375,2426,50
cpld_control_sfs_intel,wcoss2,intel,728.2291666666666,15.30851464275279,696,776,2113.875,32.962018761766615,2096,2202,48
