test_name,machine,compiler,core_mean,core_std,core_min,core_max,mem_mean,mem_std,mem_min,mem_max,n_hashes
cpld_restart_c12_9deg_intel,acorn,intel,40.48888888888889,6.884178904700196,28,52,1396.0,1.6787441193290642,1393,1400,45
cpld_restart_c12_9deg_intel,derecho,intel,29.11111111111111,12.35501779223586,21,57,1362.0222222222221,1.725331178866094,1358,1366,45
cpld_restart_c12_9deg_intel,gaeac6,intel,18.5,1.691290961448997,17,28,6337.636363636364,0.7182313254002018,6337,6340,44
cpld_restart_c12_9deg_intel,hera,intel,29.4,0.5477225575051665,29,30,1529.6,2.3021728866442825,1527,1532,5
cpld_restart_c12_9deg_intel,hercules,intel,28.829787234042552,20.976507717937775,20,96,33471.40425531915,219149.73225108974,1490,1503920,47
cpld_restart_c12_9deg_intel,orion,intel,45.04347826086956,26.36323746915527,30,131,34204.934782608696,221768.18352358663,1493,1505612,46
cpld_restart_c12_9deg_intel,ursa,intel,136.5,332.2552037337614,21,1248,1491.24,2.803496359322375,1486,1496,50
cpld_restart_c12_9deg_intel,wcoss2,intel,50.95918367346939,7.158791749990212,41,71,1405.3469387755101,4.095480336135622,1395,1409,49
