test_name,machine,compiler,core_mean,core_std,core_min,core_max,mem_mean,mem_std,mem_min,mem_max,n_hashes
cpld_dcp_gefs_intel,hercules,intel,963.7333333333333,66.47843122533672,818,1101,3211.2444444444445,62.86426776489277,3131,3321,45
cpld_dcp_gefs_intel,orion,intel,1269.3777777777777,101.52256553659038,1111,1542,70113.73333333334,449870.79642302956,3039,3020876,45
cpld_dcp_gefs_intel,ursa,intel,1889.46,249.57295853648304,905,2070,3432.76,13.987691382214589,3398,3454,50
