test_name,machine,compiler,core_mean,core_std,core_min,core_max,mem_mean,mem_std,mem_min,mem_max,n_hashes
cpld_debug_p8_gnu,derecho,gnu,421.3333333333333,13.216151734399336,401,455,1666.6666666666667,7.0373155054900005,1653,1676,15
cpld_debug_p8_gnu,hera,gnu,415.3333333333333,9.23760430703402,410,426,1683.6666666666667,4.509249752822867,1679,1688,3
cpld_debug_p8_gnu,hercules,gnu,363.125,33.644959998985485,321,411,1715.4375,11.871359090966244,1686,1731,16
cpld_debug_p8_gnu,ursa,gnu,284.6875,6.332127078109953,278,304,1597.75,7.620148729957097,1582,1606,16
