test_name,machine,compiler,core_mean,core_std,core_min,core_max,mem_mean,mem_std,mem_min,mem_max,n_hashes
cpld_restart_c12_9deg_intel,acorn,intel,40.5,6.936589873256704,28,52,1395.8863636363637,1.6025547785276828,1393,1400,44
cpld_restart_c12_9deg_intel,derecho,intel,30.022727272727273,13.042842885220278,21,57,1362.159090909091,1.829260643859004,1358,1366,44
cpld_restart_c12_9deg_intel,gaeac6,intel,18.232558139534884,0.8684197279658407,17,21,6337.627906976744,0.7245115206272125,6337,6340,43
cpld_restart_c12_9deg_intel,hera,intel,29.333333333333332,0.5773502691896263,29,30,1529.0,2.6457513110645907,1527,1532,3
cpld_restart_c12_9deg_intel,hercules,intel,29.0,21.175457492106275,20,96,34166.413043478264,221518.97386871363,1490,1503920,46
cpld_restart_c12_9deg_intel,orion,intel,43.333333333333336,23.142837101161756,30,128,34931.555555555555,224218.7350812468,1493,1505612,45
cpld_restart_c12_9deg_intel,ursa,intel,136.46,332.2692054614137,21,1248,1491.4,2.8139593719418126,1486,1496,50
cpld_restart_c12_9deg_intel,wcoss2,intel,50.729166666666664,7.073292842177938,41,71,1405.7083333333333,3.695646278858268,1395,1409,48
