test_name,machine,compiler,core_mean,core_std,core_min,core_max,mem_mean,mem_std,mem_min,mem_max,n_hashes
cpld_control_sfs_intel,acorn,intel,723.390243902439,24.159757913502098,668,766,2195.487804878049,2.693714454238822,2190,2201,41
cpld_control_sfs_intel,derecho,intel,655.2647058823529,18.694203968933373,614,700,2161.764705882353,5.651810241133541,2151,2175,34
cpld_control_sfs_intel,gaeac6,intel,443.69767441860466,10.638060339941417,427,477,6338.627906976744,0.6554989308027023,6338,6340,43
cpld_control_sfs_intel,hercules,intel,636.195652173913,60.95521837663282,548,876,52546.67391304348,340731.7978888677,2302,2313264,46
cpld_control_sfs_intel,orion,intel,818.5333333333333,43.305258971000974,747,949,51712.555555555555,331953.55745423975,2219,2229040,45
cpld_control_sfs_intel,ursa,intel,521.02,25.400056242907368,490,622,2397.9,9.723210186277505,2375,2426,50
cpld_control_sfs_intel,wcoss2,intel,730.7083333333334,14.120994379628705,696,776,2101.6875,3.7877532216454384,2096,2113,48
