test_name,machine,compiler,core_mean,core_std,core_min,core_max,mem_mean,mem_std,mem_min,mem_max,n_hashes
cpld_control_ciceC_p8_intel,acorn,intel,491.3,17.66576662205262,454,540,2902.3333333333335,650.8982299462235,1993,3356,30
cpld_control_ciceC_p8_intel,derecho,intel,492.7878787878788,19.207351417747557,464,543,1990.1818181818182,31.159322988327386,1945,2025,33
cpld_control_ciceC_p8_intel,gaeac6,intel,306.27272727272725,14.686883449341638,289,348,6338.818181818182,0.5838742081211834,6338,6341,33
cpld_control_ciceC_p8_intel,hercules,intel,506.9117647058824,37.95401335991727,456,608,66539.05882352941,374959.3526552349,2178,2188604,34
cpld_control_ciceC_p8_intel,orion,intel,999.4848484848485,68.6404223162822,944,1331,66127.18181818182,367458.9973325642,2097,2113052,33
cpld_control_ciceC_p8_intel,ursa,intel,415.3529411764706,26.297692435857936,377,488,2412.970588235294,106.4796140096473,2259,2526,34
cpld_control_ciceC_p8_intel,wcoss2,intel,499.54545454545456,27.790613196152787,459,557,2032.6666666666667,347.21514103890496,1898,3372,33
