test_name,machine,compiler,core_mean,core_std,core_min,core_max,mem_mean,mem_std,mem_min,mem_max,n_hashes
cpld_control_pdlib_p8_gnu,derecho,gnu,701.3,12.918978287774907,690,734,1589.4,10.606077922063765,1573,1609,10
cpld_control_pdlib_p8_gnu,hercules,gnu,838.9090909090909,10.940334048415039,826,865,1585.090909090909,5.957424702915604,1572,1592,11
cpld_control_pdlib_p8_gnu,ursa,gnu,534.8181818181819,3.370999312316195,530,540,1559.8181818181818,9.303958101992745,1540,1573,11
