test_name,machine,compiler,core_mean,core_std,core_min,core_max,mem_mean,mem_std,mem_min,mem_max,n_hashes
cpld_control_p8_lnd_intel,acorn,intel,480.5609756097561,24.3680618643418,431,517,2333.7073170731705,588.8227341018026,1994,3359,41
cpld_control_p8_lnd_intel,gaeac6,intel,298.1860465116279,24.564061838339878,269,396,6338.767441860465,0.4274625743755727,6338,6339,43
cpld_control_p8_lnd_intel,hercules,intel,497.1304347826087,66.58248308031246,367,710,48862.239130434784,316696.4931905754,2140,2150108,46
cpld_control_p8_lnd_intel,orion,intel,863.0444444444445,271.9608891964528,419,1106,48287.88888888889,309903.1842296017,2061,2080984,45
cpld_control_p8_lnd_intel,ursa,intel,432.64,36.36198957310076,316,495,2339.14,98.53063545136072,2272,2558,50
