test_name,machine,compiler,core_mean,core_std,core_min,core_max,mem_mean,mem_std,mem_min,mem_max,n_hashes
cpld_debug_gfsv17_intel,acorn,intel,1220.590909090909,12.726676216767132,1197,1259,1935.590909090909,4.150192944902289,1929,1944,44
cpld_debug_gfsv17_intel,derecho,intel,1124.409090909091,11.692410939277591,1092,1159,1871.0454545454545,2.7361026896149614,1862,1877,44
cpld_debug_gfsv17_intel,gaeac6,intel,772.4186046511628,7.145536595997489,757,802,6338.790697674419,0.7418811204628409,6338,6340,43
cpld_debug_gfsv17_intel,hera,intel,1307.25,13.17510278264775,1292,1321,1931.25,5.439056290693547,1924,1937,4
cpld_debug_gfsv17_intel,hercules,intel,1102.0652173913043,55.11579816830619,1023,1350,45315.52173913043,293813.6213583736,1987,1994736,46
cpld_debug_gfsv17_intel,orion,intel,1367.5111111111112,29.428358480015184,1303,1412,45147.24444444444,289805.50223375956,1922,1946020,45
cpld_debug_gfsv17_intel,ursa,intel,805.42,15.560402387116447,790,882,2084.14,9.376501240345647,2055,2109,50
cpld_debug_gfsv17_intel,wcoss2,intel,1248.625,297.24269223162815,567,3158,1865.625,28.669521959071766,1848,1941,48
