test_name,machine,compiler,core_mean,core_std,core_min,core_max,mem_mean,mem_std,mem_min,mem_max,n_hashes
cpld_control_gfsv17_iau_intel,acorn,intel,851.7045454545455,11.07811491279728,831,877,1944.6136363636363,4.885745326925618,1935,1961,44
cpld_control_gfsv17_iau_intel,derecho,intel,845.5,45.502108307913765,820,1125,1888.1363636363637,5.169638146173056,1874,1897,44
cpld_control_gfsv17_iau_intel,gaeac6,intel,566.6976744186046,8.288071990520113,558,611,6338.697674418605,0.6738264479441922,6338,6340,43
cpld_control_gfsv17_iau_intel,hera,intel,1094.0,14.118545723031552,1081,1113,2248.75,2.3629078131263603,2247,2252,4
cpld_control_gfsv17_iau_intel,hercules,intel,1002.7391304347826,126.99543907516411,751,1757,53107.65217391304,344392.300199333,2306,2338112,46
cpld_control_gfsv17_iau_intel,orion,intel,1471.5777777777778,59.09256563334602,1305,1561,49593.42222222222,318345.5288555824,2113,2137664,45
cpld_control_gfsv17_iau_intel,ursa,intel,606.16,23.88865327099962,519,643,2629.3,59.54324444623139,2529,2850,50
cpld_control_gfsv17_iau_intel,wcoss2,intel,893.0625,14.84874985783062,857,936,1855.8333333333333,33.5732500745366,1828,1947,48
