test_name,machine,compiler,core_mean,core_std,core_min,core_max,mem_mean,mem_std,mem_min,mem_max,n_hashes
cpld_restart_p8_intel,acorn,intel,279.0857142857143,12.322555666389217,249,305,2700.5142857142855,858.3979390986091,1359,3239,35
cpld_restart_p8_intel,derecho,intel,289.2631578947368,15.487892761464058,266,327,1470.0263157894738,100.44078175777891,1321,1541,38
cpld_restart_p8_intel,gaeac6,intel,169.28947368421052,10.449124868921608,154,202,6338.684210526316,0.471069120876019,6338,6339,38
cpld_restart_p8_intel,hera,intel,360.2,7.823042886243178,350,372,1876.4,13.831124321616075,1858,1896,5
cpld_restart_p8_intel,hercules,intel,284.6923076923077,52.27566297304373,243,555,45679.48717948718,273521.8152490787,1706,1710024,39
cpld_restart_p8_intel,orion,intel,533.5,33.180709146422124,493,610,41859.21052631579,247563.68969720707,1524,1527784,38
cpld_restart_p8_intel,ursa,intel,230.28205128205127,23.679825654973317,202,331,2190.102564102564,109.98368177329876,2010,2303,39
cpld_restart_p8_intel,wcoss2,intel,288.6578947368421,24.65028514257475,250,379,1768.5526315789473,728.1261287148072,1263,3262,38
