test_name,machine,compiler,core_mean,core_std,core_min,core_max,mem_mean,mem_std,mem_min,mem_max,n_hashes
cpld_control_pdlib_p8_intel,acorn,intel,786.6923076923077,4.888500373062896,780,794,1921.923076923077,1.255755978254984,1920,1924,13
cpld_control_pdlib_p8_intel,derecho,intel,782.0,17.349351572897497,765,818,1880.1538461538462,5.14532399119422,1875,1892,13
cpld_control_pdlib_p8_intel,gaeac6,intel,523.8461538461538,2.375084343981427,521,529,6338.615384615385,0.6504436355880105,6338,6340,13
cpld_control_pdlib_p8_intel,hera,intel,915.0,,915,915,2119.0,,2119,2119,1
cpld_control_pdlib_p8_intel,hercules,intel,750.5714285714286,16.621183359307942,732,784,2091.214285714286,4.079565803226781,2083,2097,14
cpld_control_pdlib_p8_intel,orion,intel,1237.0,45.10173684756134,1188,1305,2017.6153846153845,4.426030229194519,2009,2024,13
cpld_control_pdlib_p8_intel,ursa,intel,491.85714285714283,4.588566775687704,485,501,2163.4285714285716,10.832389364339654,2150,2182,14
cpld_control_pdlib_p8_intel,wcoss2,intel,806.6923076923077,7.888648124410737,792,826,1854.2307692307693,39.05584430477692,1830,1925,13
