test_name,machine,compiler,core_mean,core_std,core_min,core_max,mem_mean,mem_std,mem_min,mem_max,n_hashes
cpld_restart_gefs_intel,acorn,intel,491.5,24.056619260248507,459,526,3894.1363636363635,7.71163696039158,3879,3921,44
cpld_restart_gefs_intel,hera,intel,305.0,5.656854249492381,301,309,2731.0,4.242640687119285,2728,2734,2
cpld_restart_gefs_intel,hercules,intel,357.3333333333333,44.67763320824985,274,550,2808.4,45.48846007505619,2759,2921,45
cpld_restart_gefs_intel,orion,intel,428.6,29.52379625750294,346,492,62702.177777777775,402459.58270248526,2686,2702488,45
cpld_restart_gefs_intel,ursa,intel,382.16,27.475673841804582,308,432,2922.42,16.516028084060384,2889,2970,50
cpld_restart_gefs_intel,wcoss2,intel,442.625,35.33223770548077,397,582,2694.4375,370.57711783913135,2565,3914,48
