test_name,machine,compiler,core_mean,core_std,core_min,core_max,mem_mean,mem_std,mem_min,mem_max,n_hashes
cpld_control_c192_p8_intel,gaeac6,intel,318.51162790697674,21.686480419863155,301,424,6338.767441860465,0.4274625743754372,6338,6339,43
cpld_control_c192_p8_intel,hercules,intel,839.0652173913044,202.8050407190679,416,1148,58804.413043478264,380155.29451484705,2560,2581092,46
cpld_control_c192_p8_intel,orion,intel,884.7555555555556,190.819781178181,558,1224,52979.555555555555,339005.91646845354,2268,2276564,45
cpld_control_c192_p8_intel,ursa,intel,1128.36,236.9222519506932,349,1386,3373.32,166.71342146917672,3222,3586,50
