test_name,machine,compiler,core_mean,core_std,core_min,core_max,mem_mean,mem_std,mem_min,mem_max,n_hashes
cpld_control_p8_gnu,derecho,gnu,581.3076923076923,11.220402662000907,565,610,1663.7692307692307,10.693875553744533,1643,1679,13
cpld_control_p8_gnu,hera,gnu,668.0,,668,668,1672.0,,1672,1672,1
cpld_control_p8_gnu,hercules,gnu,643.0,18.98177263344214,611,675,1712.0714285714287,6.911131330233567,1703,1723,14
cpld_control_p8_gnu,ursa,gnu,459.7857142857143,2.9398736610366676,456,466,1590.0,6.9059617499887205,1573,1597,14
