test_name,machine,compiler,core_mean,core_std,core_min,core_max,mem_mean,mem_std,mem_min,mem_max,n_hashes
cpld_control_sfs_intel,acorn,intel,719.5777777777778,23.788355525043364,668,766,2195.8444444444444,2.6107779714410606,2190,2201,45
cpld_control_sfs_intel,derecho,intel,653.609756097561,18.700104342998277,614,700,2161.4146341463415,5.958085303837413,2150,2175,41
cpld_control_sfs_intel,gaeac6,intel,441.4318181818182,9.32712405454997,427,468,6338.613636363636,0.6547113367440447,6338,6340,44
cpld_control_sfs_intel,hera,intel,686.4,14.293355099485911,672,702,2215.6,7.4027022093287185,2205,2224,5
cpld_control_sfs_intel,hercules,intel,627.2340425531914,65.05656828315458,540,876,51477.17021276596,337087.59316684125,2302,2313264,47
cpld_control_sfs_intel,orion,intel,815.2173913043479,43.6113711183363,747,949,50636.913043478264,328325.52388356056,2221,2229040,46
cpld_control_sfs_intel,ursa,intel,518.4,26.30511706253119,490,622,2398.84,9.316126023279883,2385,2426,50
cpld_control_sfs_intel,wcoss2,intel,728.0,15.232913925663318,696,776,2115.714285714286,35.06600918268272,2096,2204,49
