test_name,machine,compiler,core_mean,core_std,core_min,core_max,mem_mean,mem_std,mem_min,mem_max,n_hashes
cpld_control_p8.v2.sfc_intel,acorn,intel,491.75757575757575,17.539295708191794,450,535,2943.6060606060605,633.3182424438136,1993,3357,33
cpld_control_p8.v2.sfc_intel,derecho,intel,494.9166666666667,18.255918805378485,467,543,1992.611111111111,31.306117866529284,1945,2028,36
cpld_control_p8.v2.sfc_intel,gaeac6,intel,307.05555555555554,14.414168514633579,288,354,6338.777777777777,0.4216370213558508,6338,6339,36
cpld_control_p8.v2.sfc_intel,hera,intel,680.0,20.074859899884732,657,694,2284.0,1.7320508075688772,2283,2286,3
cpld_control_p8.v2.sfc_intel,hercules,intel,507.7567567567568,40.79447498361989,456,631,61459.54054054054,360246.95886769396,2182,2193532,37
cpld_control_p8.v2.sfc_intel,orion,intel,995.8055555555555,32.54256065475266,939,1058,60716.5,351321.51606474165,2103,2110092,36
cpld_control_p8.v2.sfc_intel,ursa,intel,414.8378378378378,25.18543837828331,369,488,2417.5945945945946,103.67991862229393,2263,2537,37
cpld_control_p8.v2.sfc_intel,wcoss2,intel,500.02777777777777,25.552731037837503,458,569,2145.1666666666665,501.8620470664368,1899,3376,36
