test_name,machine,compiler,core_mean,core_std,core_min,core_max,mem_mean,mem_std,mem_min,mem_max,n_hashes
cpld_restart_c192_p8_intel,hera,intel,518.75,7.36545993132811,510,527,2812.5,13.67479433117729,2795,2828,4
cpld_restart_c192_p8_intel,hercules,intel,342.2608695652174,46.550061359362196,271,546,63105.02173913043,408503.5108865033,2746,2773480,46
cpld_restart_c192_p8_intel,orion,intel,526.7111111111111,83.75793645495288,325,707,61304.02222222222,392822.0635425668,2625,2637876,45
cpld_restart_c192_p8_intel,ursa,intel,751.8,156.68934558676338,198,925,3310.48,163.08958850138524,3117,3491,50
