test_name,machine,compiler,core_mean,core_std,core_min,core_max,mem_mean,mem_std,mem_min,mem_max,n_hashes
cpld_debug_gfsv17_intel,acorn,intel,1221.0487804878048,12.909204505917854,1197,1259,1935.1951219512196,4.0076147032562695,1929,1944,41
cpld_debug_gfsv17_intel,derecho,intel,1126.8181818181818,10.415267700280143,1106,1159,1871.25,3.058537422166193,1862,1878,44
cpld_debug_gfsv17_intel,gaeac6,intel,773.6744186046511,6.167197905943534,766,802,6338.767441860465,0.6844256995510892,6338,6340,43
cpld_debug_gfsv17_intel,hercules,intel,1101.8260869565217,55.279614224343774,1011,1350,45316.413043478264,293813.48703304026,1987,1994736,46
cpld_debug_gfsv17_intel,orion,intel,1366.8222222222223,30.92534183605357,1293,1412,45149.35555555556,289805.1803535951,1936,1946020,45
cpld_debug_gfsv17_intel,ursa,intel,807.34,16.53519437627587,790,882,2084.7,8.990357646514676,2055,2109,50
cpld_debug_gfsv17_intel,wcoss2,intel,1251.5833333333333,297.5818023300722,567,3158,1855.1458333333333,3.482415298619192,1848,1865,48
