test_name,machine,compiler,core_mean,core_std,core_min,core_max,mem_mean,mem_std,mem_min,mem_max,n_hashes
cpld_debug_noaero_p8_intel,derecho,intel,369.64285714285717,11.93963755961399,355,391,1897.0714285714287,2.2348390310054627,1894,1900,14
cpld_debug_noaero_p8_intel,gaeac6,intel,235.5,2.6818478130400476,232,242,6338.928571428572,0.615727926215003,6338,6340,14
cpld_debug_noaero_p8_intel,hera,intel,392.5,2.1213203435596424,391,394,2109.5,19.091883092036785,2096,2123,2
cpld_debug_noaero_p8_intel,hercules,intel,335.0,41.36768925484858,305,450,2070.2,5.307676381565493,2061,2080,15
cpld_debug_noaero_p8_intel,orion,intel,427.57142857142856,30.050506934708554,399,480,2018.5,3.8380684244511794,2011,2024,14
cpld_debug_noaero_p8_intel,ursa,intel,275.4,7.9982140863713145,268,300,2111.3333333333335,16.412828896352856,2070,2135,15
