test_name,machine,compiler,core_mean,core_std,core_min,core_max,mem_mean,mem_std,mem_min,mem_max,n_hashes
cpld_2threads_p8_intel,acorn,intel,453.3235294117647,17.000393200863247,415,499,3137.705882352941,669.7750653362424,2112,3587,34
cpld_2threads_p8_intel,derecho,intel,890.3783783783783,43.07703135814529,840,999,2136.4054054054054,42.62853729829584,2066,2174,37
cpld_2threads_p8_intel,gaeac6,intel,356.56756756756755,16.958348551247123,332,389,6338.810810810811,0.46175016319784196,6337,6339,37
cpld_2threads_p8_intel,hera,intel,728.0,21.924111536540465,707,758,2327.0,8.71779788708133,2320,2338,4
cpld_2threads_p8_intel,hercules,intel,678.7368421052631,37.09934377690663,628,790,60482.52631578947,358469.92462633096,2205,2212088,38
cpld_2threads_p8_intel,orion,intel,736.7297297297297,44.16550227939892,666,872,60561.24324324324,354689.0577201549,2152,2159740,37
cpld_2threads_p8_intel,ursa,intel,787.4473684210526,46.3923906670754,673,860,2866.9210526315787,165.05255208633815,2622,2990,38
cpld_2threads_p8_intel,wcoss2,intel,462.02702702702703,24.817653312026014,423,541,2333.5675675675675,568.1113711500853,2021,3607,37
