test_name,machine,compiler,core_mean,core_std,core_min,core_max,mem_mean,mem_std,mem_min,mem_max,n_hashes
cpld_mpi_pdlib_p8_intel,acorn,intel,913.0909090909091,4.548726095392986,907,921,1890.090909090909,1.3751033019046552,1887,1892,11
cpld_mpi_pdlib_p8_intel,derecho,intel,882.1818181818181,17.786613965666326,866,909,1839.0,0.6324555320336849,1838,1840,11
cpld_mpi_pdlib_p8_intel,gaeac6,intel,608.3636363636364,5.51856371300953,604,623,6338.727272727273,0.7862453931068856,6338,6340,11
cpld_mpi_pdlib_p8_intel,hercules,intel,806.75,14.906526941395366,788,840,1995.9166666666667,5.791189755816909,1985,2005,12
cpld_mpi_pdlib_p8_intel,orion,intel,1420.8181818181818,49.43443775713074,1368,1508,1932.7272727272727,3.6902820784029537,1928,1937,11
cpld_mpi_pdlib_p8_intel,ursa,intel,708.25,8.529361054615988,697,729,2097.25,6.810753529262717,2087,2109,12
cpld_mpi_pdlib_p8_intel,wcoss2,intel,937.4545454545455,5.520210799664037,930,949,1813.0,26.145745351777595,1800,1891,11
