test_name,machine,compiler,core_mean,core_std,core_min,core_max,mem_mean,mem_std,mem_min,mem_max,n_hashes
cpld_restart_c12_9deg_intel,acorn,intel,40.59090909090909,6.929271184932367,28,52,1395.7954545454545,1.533798225936491,1393,1400,44
cpld_restart_c12_9deg_intel,derecho,intel,30.704545454545453,13.496906700657668,21,57,1362.25,1.7134895714965759,1359,1366,44
cpld_restart_c12_9deg_intel,gaeac6,intel,18.186046511627907,0.8798217880557054,17,21,6337.604651162791,0.728322759552482,6337,6340,43
cpld_restart_c12_9deg_intel,hera,intel,29.0,0.0,29,29,1527.5,0.7071067811865476,1527,1528,2
cpld_restart_c12_9deg_intel,hercules,intel,28.97826086956522,21.182266304555363,20,96,34166.608695652176,221518.9443822886,1490,1503920,46
cpld_restart_c12_9deg_intel,orion,intel,45.22222222222222,25.38959064520957,30,128,34931.822222222225,224218.69443016493,1493,1505612,45
cpld_restart_c12_9deg_intel,ursa,intel,136.44,332.27626568067404,21,1248,1491.5,2.815771906346839,1486,1496,50
cpld_restart_c12_9deg_intel,wcoss2,intel,50.6875,7.035340122431743,41,71,1405.9166666666667,3.3443081740652567,1396,1409,48
