test_name,machine,compiler,core_mean,core_std,core_min,core_max,mem_mean,mem_std,mem_min,mem_max,n_hashes
cpld_restart_c48_5deg_intel,acorn,intel,81.09302325581395,7.960659082215227,67,97,2303.6046511627906,4.629818133236321,2294,2314,43
cpld_restart_c48_5deg_intel,derecho,intel,70.8409090909091,15.470817512438423,54,109,2268.3863636363635,4.177547456153549,2253,2277,44
cpld_restart_c48_5deg_intel,gaeac6,intel,47.13953488372093,2.6329541199123985,45,60,6337.627906976744,0.5783085275572503,6337,6339,43
cpld_restart_c48_5deg_intel,hercules,intel,70.02173913043478,24.863618339015197,57,145,56198.5,364351.8157999827,2459,2473632,46
cpld_restart_c48_5deg_intel,orion,intel,104.6,33.202135747295216,84,220,57325.8,367921.5375706422,2459,2470572,45
cpld_restart_c48_5deg_intel,ursa,intel,237.26,382.2185938300069,50,1261,2458.5,5.966744574416361,2444,2468,50
cpld_restart_c48_5deg_intel,wcoss2,intel,92.41666666666667,7.654322470491399,81,117,2314.9166666666665,4.971550266942602,2305,2328,48
