test_name,machine,compiler,core_mean,core_std,core_min,core_max,mem_mean,mem_std,mem_min,mem_max,n_hashes
cpld_debug_pdlib_p8_gnu,derecho,gnu,526.5294117647059,10.272035138294319,513,561,1598.0588235294117,8.627503899124715,1585,1610,17
cpld_debug_pdlib_p8_gnu,hera,gnu,654.2,3.5637059362410985,651,660,1535.8,4.2071367935925545,1530,1540,5
cpld_debug_pdlib_p8_gnu,hercules,gnu,565.4444444444445,34.99953314347834,527,616,1591.1666666666667,10.891172896379208,1572,1608,18
cpld_debug_pdlib_p8_gnu,ursa,gnu,391.3888888888889,2.7894525899598888,387,398,1567.5555555555557,9.53767897663984,1550,1585,18
