test_name,machine,compiler,core_mean,core_std,core_min,core_max,mem_mean,mem_std,mem_min,mem_max,n_hashes
cpld_control_qr_p8_intel,acorn,intel,496.5833333333333,4.501683186892598,491,504,3372.8333333333335,1.0298573010888854,3371,3374,12
cpld_control_qr_p8_intel,derecho,intel,496.0,6.59200617828484,488,511,2033.25,1.356801050599915,2031,2036,12
cpld_control_qr_p8_intel,gaeac6,intel,315.6666666666667,15.778773620585882,307,364,6338.75,0.4522670168665183,6338,6339,12
cpld_control_qr_p8_intel,hercules,intel,506.84615384615387,31.069401222226567,472,547,2279.6923076923076,4.973004044917818,2271,2289,13
cpld_control_qr_p8_intel,orion,intel,1003.75,56.053748556833625,954,1151,2205.1666666666665,6.753225940693876,2191,2216,12
cpld_control_qr_p8_intel,ursa,intel,414.15384615384613,12.137038036839634,400,436,2358.153846153846,5.177614538346183,2353,2370,13
cpld_control_qr_p8_intel,wcoss2,intel,509.0,7.495453167208653,502,522,2233.75,546.4109550678702,1994,3404,12
