test_name,machine,compiler,core_mean,core_std,core_min,core_max,mem_mean,mem_std,mem_min,mem_max,n_hashes
cpld_restart_c24_5deg_intel,acorn,intel,43.84090909090909,7.04782064886161,31,61,1452.4545454545455,3.13609552428187,1448,1458,44
cpld_restart_c24_5deg_intel,derecho,intel,32.11363636363637,12.025584952345923,24,61,1423.0681818181818,1.6760658153353782,1419,1426,44
cpld_restart_c24_5deg_intel,gaeac6,intel,21.069767441860463,2.0283156140855643,19,31,6337.581395348837,0.7632186898585162,6336,6341,43
cpld_restart_c24_5deg_intel,hera,intel,32.75,0.4999999999999994,32,33,1576.0,2.828427124746163,1572,1578,4
cpld_restart_c24_5deg_intel,hercules,intel,30.565217391304348,18.50363588765197,22,96,35203.586956521736,228246.86826441778,1532,1549596,46
cpld_restart_c24_5deg_intel,orion,intel,48.84444444444444,25.199166252040563,34,125,35925.044444444444,230594.35097274923,1538,1548424,45
cpld_restart_c24_5deg_intel,ursa,intel,172.06,392.01574364469866,24,1253,1532.48,1.9922298039726356,1527,1537,50
cpld_restart_c24_5deg_intel,wcoss2,intel,52.770833333333336,7.12573873238905,43,83,1462.3958333333333,5.33052064573514,1453,1470,48
