test_name,machine,compiler,core_mean,core_std,core_min,core_max,mem_mean,mem_std,mem_min,mem_max,n_hashes
cpld_control_gfsv17_iau_intel,acorn,intel,851.7045454545455,11.078114912797355,831,877,1944.7954545454545,4.858842552642988,1935,1961,44
cpld_control_gfsv17_iau_intel,derecho,intel,845.3409090909091,45.49108943253596,820,1125,1888.1363636363637,5.16963814617304,1874,1897,44
cpld_control_gfsv17_iau_intel,gaeac6,intel,566.3953488372093,8.437838627797333,556,611,6338.6511627906975,0.6504108932136266,6338,6340,43
cpld_control_gfsv17_iau_intel,hera,intel,1087.6666666666667,7.637626158259702,1081,1096,2249.3333333333335,2.516611478423636,2247,2252,3
cpld_control_gfsv17_iau_intel,hercules,intel,998.0652173913044,132.5511058127163,742,1757,53108.82608695652,344392.1233234197,2306,2338112,46
cpld_control_gfsv17_iau_intel,orion,intel,1469.2222222222222,61.66216199763212,1305,1561,49593.555555555555,318345.50853011577,2113,2137664,45
cpld_control_gfsv17_iau_intel,ursa,intel,606.04,23.930136409377795,519,643,2630.18,59.33567258248895,2529,2850,50
cpld_control_gfsv17_iau_intel,wcoss2,intel,893.4166666666666,14.41015205573848,857,936,1853.8125,31.1049399169012,1828,1947,48
