test_name,machine,compiler,core_mean,core_std,core_min,core_max,mem_mean,mem_std,mem_min,mem_max,n_hashes
cpld_s2sa_p8_intel,acorn,intel,499.625,4.455333881989096,492,506,3345.8125,1.8697147732563695,3343,3349,16
cpld_s2sa_p8_intel,derecho,intel,507.0625,17.45267410265069,482,552,1997.0625,2.619637379485881,1992,2001,16
cpld_s2sa_p8_intel,gaeac6,intel,319.375,10.449082894366056,314,355,6338.4375,0.5123475382978834,6338,6339,16
cpld_s2sa_p8_intel,hera,intel,426.0,4.760952285695233,421,431,2264.75,9.810708435174243,2253,2277,4
cpld_s2sa_p8_intel,hercules,intel,454.5882352941176,45.03479047293521,400,532,2245.705882352941,4.398361994571955,2235,2252,17
cpld_s2sa_p8_intel,orion,intel,482.6875,29.29099691031358,457,543,2168.4375,8.663861725581777,2148,2177,16
cpld_s2sa_p8_intel,ursa,intel,412.1764705882353,247.88385266443782,328,1350,3134.8823529411766,28.79210471844056,3093,3179,17
cpld_s2sa_p8_intel,wcoss2,intel,515.6875,11.705945782663903,504,548,2478.875,691.3197885204792,1950,3346,16
