test_name,machine,compiler,core_mean,core_std,core_min,core_max,mem_mean,mem_std,mem_min,mem_max,n_hashes
cpld_control_noaero_p8_intel,acorn,intel,274.0769230769231,5.936631177998999,262,280,1916.0,1.154700538379227,1914,1918,13
cpld_control_noaero_p8_intel,derecho,intel,291.2307692307692,13.24860902229517,280,320,1871.6923076923076,1.2506408613597293,1870,1874,13
cpld_control_noaero_p8_intel,gaeac6,intel,174.84615384615384,8.989309890513974,169,201,6338.692307692308,0.6304251719560791,6338,6340,13
cpld_control_noaero_p8_intel,hera,intel,673.0,,673,673,2099.0,,2099,2099,1
cpld_control_noaero_p8_intel,hercules,intel,452.42857142857144,14.00941598581954,438,497,2045.7857142857142,4.774589332780692,2038,2053,14
cpld_control_noaero_p8_intel,orion,intel,954.9230769230769,35.954743633401,922,1055,1991.0,5.000000000000028,1986,2001,13
cpld_control_noaero_p8_intel,ursa,intel,392.0,13.609951110520914,373,413,2086.0,11.786563405975283,2068,2104,14
cpld_control_noaero_p8_intel,wcoss2,intel,290.2307692307692,4.63957336676995,282,296,1844.3076923076924,41.31461528197292,1820,1922,13
