test_name,machine,compiler,core_mean,core_std,core_min,core_max,mem_mean,mem_std,mem_min,mem_max,n_hashes
cpld_control_nowave_noaero_p8_intel,acorn,intel,434.6,5.234500931320966,424,445,1986.3333333333333,1.5430334996209547,1984,1989,15
cpld_control_nowave_noaero_p8_intel,derecho,intel,440.6666666666667,17.05313823932486,414,478,1932.6666666666667,0.6172133998483385,1932,1934,15
cpld_control_nowave_noaero_p8_intel,gaeac6,intel,278.8,8.436316054500836,273,307,6338.733333333334,0.4577377082168448,6338,6339,15
cpld_control_nowave_noaero_p8_intel,hera,intel,371.0,4.358898943540674,368,376,2193.3333333333335,1.1547005383793172,2192,2194,3
cpld_control_nowave_noaero_p8_intel,hercules,intel,361.4375,19.418097229131387,347,400,2172.875,5.352569476428998,2164,2181,16
cpld_control_nowave_noaero_p8_intel,orion,intel,410.73333333333335,34.43517028244454,387,507,2102.2,1.971221521218407,2098,2105,15
cpld_control_nowave_noaero_p8_intel,ursa,intel,385.4375,364.99679793115996,287,1754,3002.5625,10.256502002794743,2991,3027,16
cpld_control_nowave_noaero_p8_intel,wcoss2,intel,441.93333333333334,5.364788195348664,435,452,1920.6,49.317919084823,1881,1993,15
