test_name,machine,compiler,core_mean,core_std,core_min,core_max,mem_mean,mem_std,mem_min,mem_max,n_hashes
cpld_debug_p8_gnu,derecho,gnu,422.2,14.045956318061396,403,455,1666.6,6.535373831014699,1653,1675,10
cpld_debug_p8_gnu,hercules,gnu,370.3636363636364,34.96933721783336,326,411,1713.4545454545455,13.988306805068532,1686,1731,11
cpld_debug_p8_gnu,ursa,gnu,283.8181818181818,4.261881786680195,278,293,1596.7272727272727,8.367686766256364,1582,1605,11
