test_name,machine,compiler,core_mean,core_std,core_min,core_max,mem_mean,mem_std,mem_min,mem_max,n_hashes
cpld_mpi_gfsv17_intel,acorn,intel,919.1590909090909,8.818435187397657,898,939,1873.8181818181818,2.1595943554581867,1869,1879,44
cpld_mpi_gfsv17_intel,derecho,intel,872.0454545454545,27.615259133274243,850,1032,1829.5227272727273,2.84064057927687,1819,1834,44
cpld_mpi_gfsv17_intel,gaeac6,intel,607.7906976744187,19.170361721920642,598,721,6338.604651162791,0.5407021398022644,6338,6340,43
cpld_mpi_gfsv17_intel,hera,intel,1230.25,10.781929326423944,1217,1240,1871.25,5.315072906367327,1865,1877,4
cpld_mpi_gfsv17_intel,hercules,intel,963.5,62.06761545998751,765,1181,43768.30434782609,283802.7843556053,1916,1926768,46
cpld_mpi_gfsv17_intel,orion,intel,1600.8444444444444,101.03531235877067,1353,1725,43719.444444444445,280695.7307722234,1855,1884840,45
cpld_mpi_gfsv17_intel,ursa,intel,994.62,98.81417108979493,614,1052,1998.6,15.22484542999853,1975,2046,50
cpld_mpi_gfsv17_intel,wcoss2,intel,979.7708333333334,23.087474345003745,921,1028,1804.3958333333333,27.813007505928386,1786,1880,48
