test_name,machine,compiler,core_mean,core_std,core_min,core_max,mem_mean,mem_std,mem_min,mem_max,n_hashes
cpld_restart_c24_9deg_intel,acorn,intel,45.25,7.304426819593081,31,57,1452.8636363636363,2.8085493159356067,1448,1457,44
cpld_restart_c24_9deg_intel,derecho,intel,33.81818181818182,13.843431365314505,24,61,1423.3636363636363,1.8935743129455076,1419,1427,44
cpld_restart_c24_9deg_intel,gaeac6,intel,20.74418604651163,1.3643945675614293,19,25,6337.697674418605,0.7082804032076961,6336,6339,43
cpld_restart_c24_9deg_intel,hera,intel,32.0,0.0,32,32,1577.0,0.0,1577,1577,2
cpld_restart_c24_9deg_intel,hercules,intel,30.347826086956523,18.682395030026825,23,100,35267.86956521739,228689.33502370113,1538,1552596,46
cpld_restart_c24_9deg_intel,orion,intel,44.2,18.927613305817125,34,110,35925.48888888889,230597.3324001684,1537,1548444,45
cpld_restart_c24_9deg_intel,ursa,intel,176.74,382.0034090028463,23,1271,1532.86,2.070295256474048,1529,1537,50
cpld_restart_c24_9deg_intel,wcoss2,intel,52.8125,7.709226994392098,42,74,1462.6458333333333,5.681210476849618,1452,1471,48
