test_name,machine,compiler,core_mean,core_std,core_min,core_max,mem_mean,mem_std,mem_min,mem_max,n_hashes
cpld_restart_qr_p8_intel,acorn,intel,285.3636363636364,5.104365333177626,280,296,3252.0,0.8944271909999727,3250,3253,11
cpld_restart_qr_p8_intel,derecho,intel,308.3636363636364,15.97668756202441,292,333,1390.0,1.6124515496596985,1387,1393,11
cpld_restart_qr_p8_intel,gaeac6,intel,172.45454545454547,3.984059145234575,169,183,6338.727272727273,0.4670993664967861,6338,6339,11
cpld_restart_qr_p8_intel,hercules,intel,293.0,40.70291479399568,259,407,1836.25,2.527125567985053,1833,1841,12
cpld_restart_qr_p8_intel,orion,intel,532.4545454545455,34.1273017871722,508,588,1766.8181818181818,1.887759614897073,1764,1769,11
cpld_restart_qr_p8_intel,ursa,intel,226.83333333333334,8.009464098896698,217,241,1990.3333333333333,11.554875659874124,1968,2010,12
cpld_restart_qr_p8_intel,wcoss2,intel,296.54545454545456,4.761588734102019,287,304,1490.909090909091,595.7053725702756,1307,3287,11
