test_name,machine,compiler,core_mean,core_std,core_min,core_max,mem_mean,mem_std,mem_min,mem_max,n_hashes
cpld_restart_p8_lnd_intel,acorn,intel,275.34090909090907,17.713407327624306,239,302,1925.6136363636363,859.7484276691018,1370,3242,44
cpld_restart_p8_lnd_intel,gaeac6,intel,164.25581395348837,19.538841686260547,144,270,6338.581395348837,0.5447829685616784,6337,6339,43
cpld_restart_p8_lnd_intel,hera,intel,361.0,,361,361,1734.0,,1734,1734,1
cpld_restart_p8_lnd_intel,hercules,intel,262.54347826086956,41.64330359493009,193,408,38358.67391304348,248211.19605082317,1676,1685212,46
cpld_restart_p8_lnd_intel,orion,intel,460.15555555555557,119.23543470331666,220,619,34942.08888888889,223826.25063669993,1500,1503048,45
cpld_restart_p8_lnd_intel,ursa,intel,218.22,15.10141228697583,175,254,2117.62,111.3055896427229,2008,2323,50
