test_name,machine,compiler,core_mean,core_std,core_min,core_max,mem_mean,mem_std,mem_min,mem_max,n_hashes
cpld_restart_c24_9deg_intel,acorn,intel,45.04545454545455,7.294325750929726,31,57,1452.7727272727273,2.769129124821626,1448,1457,44
cpld_restart_c24_9deg_intel,derecho,intel,33.11363636363637,13.472134737164758,24,61,1423.1818181818182,1.9201832188831265,1419,1426,44
cpld_restart_c24_9deg_intel,gaeac6,intel,20.790697674418606,1.3373417046493623,19,25,6337.674418604651,0.7145071639003088,6336,6339,43
cpld_restart_c24_9deg_intel,hera,intel,32.0,0.0,32,32,1578.6666666666667,2.886751345948096,1577,1582,3
cpld_restart_c24_9deg_intel,hercules,intel,30.304347826086957,18.697438404726746,23,100,35267.760869565216,228689.35140415406,1538,1552596,46
cpld_restart_c24_9deg_intel,orion,intel,44.422222222222224,19.280806387428274,34,110,35925.51111111111,230597.32901203088,1537,1548444,45
cpld_restart_c24_9deg_intel,ursa,intel,176.72,382.01154165703383,23,1271,1532.82,2.0671384144488587,1529,1537,50
cpld_restart_c24_9deg_intel,wcoss2,intel,52.666666666666664,7.616704300231375,42,74,1462.375,5.825932488598,1452,1471,48
