test_name,machine,compiler,core_mean,core_std,core_min,core_max,mem_mean,mem_std,mem_min,mem_max,n_hashes
cpld_control_c48_5deg_intel,acorn,intel,363.65909090909093,8.677538987251197,348,394,2889.2272727272725,2.78587497310091,2885,2894,44
cpld_control_c48_5deg_intel,derecho,intel,319.25,17.108579379132937,304,353,2852.25,1.7270084364401497,2849,2856,44
cpld_control_c48_5deg_intel,gaeac6,intel,244.3953488372093,3.526360155577412,238,249,6337.7441860465115,0.5386501318692577,6337,6339,43
cpld_control_c48_5deg_intel,hera,intel,424.0,4.242640687119285,421,427,3087.0,2.8284271247461903,3085,3089,2
cpld_control_c48_5deg_intel,hercules,intel,341.19565217391306,31.964994440250063,315,430,69662.02173913043,451782.4515397495,3035,3067188,46
cpld_control_c48_5deg_intel,orion,intel,508.77777777777777,49.717332302861244,455,656,70656.97777777778,453537.2499748,3029,3045468,45
cpld_control_c48_5deg_intel,ursa,intel,532.38,405.1270342467298,241,1432,3031.96,2.9204416775270334,3025,3038,50
cpld_control_c48_5deg_intel,wcoss2,intel,370.3958333333333,11.512693426348067,360,435,2896.1875,2.7955606905359773,2888,2901,48
