test_name,machine,compiler,core_mean,core_std,core_min,core_max,mem_mean,mem_std,mem_min,mem_max,n_hashes
cpld_mpi_pdlib_p8_intel,acorn,intel,912.9,4.7480990348185115,907,921,1890.2,1.398411797560191,1887,1892,10
cpld_mpi_pdlib_p8_intel,derecho,intel,883.6,18.081297888518215,866,909,1839.0,0.6666666666666762,1838,1840,10
cpld_mpi_pdlib_p8_intel,gaeac6,intel,608.2,5.788878225624651,604,623,6338.7,0.8232726023485548,6338,6340,10
cpld_mpi_pdlib_p8_intel,hercules,intel,807.5454545454545,15.364658384511104,788,840,1996.1818181818182,5.9969689313549255,1985,2005,11
cpld_mpi_pdlib_p8_intel,orion,intel,1426.1,48.72701737457588,1381,1508,1932.7,3.8887301554906633,1928,1937,10
cpld_mpi_pdlib_p8_intel,ursa,intel,708.6363636363636,8.834848354926384,697,729,2097.4545454545455,7.104416040233587,2087,2109,11
cpld_mpi_pdlib_p8_intel,wcoss2,intel,938.2,5.20256347070044,930,949,1805.2,3.9944405810520665,1800,1811,10
