test_name,machine,compiler,core_mean,core_std,core_min,core_max,mem_mean,mem_std,mem_min,mem_max,n_hashes
cpld_restart_c24_5deg_intel,acorn,intel,43.97727272727273,7.315128116837772,31,65,1452.659090909091,3.2417564993141124,1448,1458,44
cpld_restart_c24_5deg_intel,derecho,intel,33.47727272727273,12.99282205477878,24,61,1423.1363636363637,1.7332709914523252,1419,1426,44
cpld_restart_c24_5deg_intel,gaeac6,intel,21.046511627906977,2.034856826273779,19,31,6337.558139534884,0.7653920744856861,6336,6341,43
cpld_restart_c24_5deg_intel,hera,intel,33.0,0.0,33,33,1578.0,0.0,1578,1578,2
cpld_restart_c24_5deg_intel,hercules,intel,30.58695652173913,18.495135801317566,22,96,35204.19565217391,228246.7765060556,1540,1549596,46
cpld_restart_c24_5deg_intel,orion,intel,49.06666666666667,25.602201609875806,34,125,35924.88888888889,230594.37469447812,1538,1548424,45
cpld_restart_c24_5deg_intel,ursa,intel,172.1,392.0004295083028,24,1253,1532.54,2.0123090605328358,1527,1537,50
cpld_restart_c24_5deg_intel,wcoss2,intel,52.916666666666664,7.24886882836075,43,83,1462.8958333333333,5.020127926374394,1453,1470,48
