test_name,machine,compiler,core_mean,core_std,core_min,core_max,mem_mean,mem_std,mem_min,mem_max,n_hashes
cpld_decomp_p8_intel,acorn,intel,484.8,17.31847024897714,449,531,2957.0,621.9269391552829,1984,3348,35
cpld_decomp_p8_intel,derecho,intel,477.07894736842104,17.450132159256945,450,534,1989.5526315789473,36.1436304196833,1932,2025,38
cpld_decomp_p8_intel,gaeac6,intel,301.13157894736844,21.05612968803965,282,405,6338.6578947368425,0.48078290821976905,6338,6339,38
cpld_decomp_p8_intel,hera,intel,681.0,8.602325267042628,671,692,2254.2,3.2710854467591974,2251,2259,5
cpld_decomp_p8_intel,hercules,intel,513.2820512820513,40.32561463488823,455,629,57757.846153846156,346837.6837648183,2161,2168220,39
cpld_decomp_p8_intel,orion,intel,991.7894736842105,32.54199606391123,937,1043,57439.47368421053,340831.5393763632,2064,2103176,38
cpld_decomp_p8_intel,ursa,intel,413.28205128205127,20.787076853241388,370,468,2391.6923076923076,102.19026471454684,2231,2491,39
cpld_decomp_p8_intel,wcoss2,intel,495.92105263157896,26.719141411747092,453,544,2204.5263157894738,560.8479457104942,1897,3370,38
