test_name,machine,compiler,core_mean,core_std,core_min,core_max,mem_mean,mem_std,mem_min,mem_max,n_hashes
cpld_mpi_gfsv17_intel,acorn,intel,919.0666666666667,8.739669226110179,898,939,1873.7777777777778,2.1520485894405708,1869,1879,45
cpld_mpi_gfsv17_intel,derecho,intel,872.1555555555556,27.30963495940878,850,1032,1829.5333333333333,2.8090761988435395,1819,1834,45
cpld_mpi_gfsv17_intel,gaeac6,intel,607.6363636363636,18.97377738695723,598,721,6338.613636363636,0.5376914084677212,6338,6340,44
cpld_mpi_gfsv17_intel,hera,intel,1229.2,9.628083921528756,1217,1240,1870.8,4.7116875957558975,1865,1877,5
cpld_mpi_gfsv17_intel,hercules,intel,962.9148936170212,61.520173357035766,765,1181,42877.97872340425,280767.37593482196,1916,1926768,47
cpld_mpi_gfsv17_intel,orion,intel,1600.804347826087,99.90676088015881,1353,1725,42809.782608695656,277627.9283614363,1855,1884840,46
cpld_mpi_gfsv17_intel,ursa,intel,995.78,98.84770599053795,614,1052,1998.9,15.058050934937858,1975,2046,50
cpld_mpi_gfsv17_intel,wcoss2,intel,978.8775510204082,23.68599502964184,921,1028,1805.857142857143,29.36125564980728,1786,1880,49
