test_name,machine,compiler,core_mean,core_std,core_min,core_max,mem_mean,mem_std,mem_min,mem_max,n_hashes
cpld_restart_qr_p8_intel,acorn,intel,285.53333333333336,4.53347338719232,280,296,3252.4666666666667,1.302013093343628,3250,3255,15
cpld_restart_qr_p8_intel,derecho,intel,303.26666666666665,16.82458518557491,274,333,1388.7333333333333,2.5764501233471035,1385,1393,15
cpld_restart_qr_p8_intel,gaeac6,intel,172.33333333333334,3.436498771936897,169,183,6338.6,0.5070925528370929,6338,6339,15
cpld_restart_qr_p8_intel,hera,intel,360.6666666666667,4.041451884327373,357,365,1867.0,15.620499351813308,1849,1877,3
cpld_restart_qr_p8_intel,hercules,intel,288.1875,36.7137008939896,259,407,1835.0625,3.7142742673815947,1827,1841,16
cpld_restart_qr_p8_intel,orion,intel,527.5333333333333,31.741965612614166,501,588,1765.1333333333334,3.583028779970343,1758,1769,15
cpld_restart_qr_p8_intel,ursa,intel,226.9375,7.028216938408582,217,241,1990.5,10.832051206181283,1968,2010,16
cpld_restart_qr_p8_intel,wcoss2,intel,298.2,5.595916878786325,287,311,1969.8666666666666,964.0482995210996,1307,3289,15
