test_name,machine,compiler,core_mean,core_std,core_min,core_max,mem_mean,mem_std,mem_min,mem_max,n_hashes
cpld_restart_c12_9deg_intel,acorn,intel,40.52272727272727,6.959980741632124,28,52,1395.9545454545455,1.6699052396809293,1393,1400,44
cpld_restart_c12_9deg_intel,derecho,intel,29.272727272727273,12.44964487466552,21,57,1362.0454545454545,1.7381431612638885,1358,1366,44
cpld_restart_c12_9deg_intel,gaeac6,intel,18.27906976744186,0.8542772326678892,17,21,6337.6511627906975,0.7199114009715791,6337,6340,43
cpld_restart_c12_9deg_intel,hera,intel,29.25,0.5000000000000002,29,30,1529.0,2.160246899469287,1527,1532,4
cpld_restart_c12_9deg_intel,hercules,intel,29.0,21.17545749210628,20,96,34166.34782608696,221518.9836974818,1490,1503920,46
cpld_restart_c12_9deg_intel,orion,intel,43.13333333333333,23.219897423624342,30,128,34931.444444444445,224218.75202036672,1493,1505612,45
cpld_restart_c12_9deg_intel,ursa,intel,136.44,332.2762042614056,21,1248,1491.32,2.8243836242874116,1486,1496,50
cpld_restart_c12_9deg_intel,wcoss2,intel,50.770833333333336,7.110793663496552,41,71,1405.5208333333333,3.951781625315916,1395,1409,48
