test_name,machine,compiler,core_mean,core_std,core_min,core_max,mem_mean,mem_std,mem_min,mem_max,n_hashes
cpld_restart_qr_p8_intel,acorn,intel,285.3333333333333,4.8679533375916595,280,296,3252.0,0.852802865422496,3250,3253,12
cpld_restart_qr_p8_intel,derecho,intel,306.8333333333333,16.12921309771544,290,333,1389.6666666666667,1.9227505550563992,1386,1393,12
cpld_restart_qr_p8_intel,gaeac6,intel,172.58333333333334,3.824759845897237,169,183,6338.666666666667,0.4923659639172564,6338,6339,12
cpld_restart_qr_p8_intel,hercules,intel,290.9230769230769,39.6830390688968,259,407,1835.923076923077,2.6913917855990173,1832,1841,13
cpld_restart_qr_p8_intel,orion,intel,530.1666666666666,33.490387585187186,505,588,1766.5833333333333,1.9752253419585353,1764,1769,12
cpld_restart_qr_p8_intel,ursa,intel,227.23076923076923,7.8012162102440366,217,241,1989.4615384615386,11.50083609000802,1968,2010,13
cpld_restart_qr_p8_intel,wcoss2,intel,297.75,6.166257152659727,287,311,1640.1666666666667,768.0744321570229,1307,3287,12
