test_name,machine,compiler,core_mean,core_std,core_min,core_max,mem_mean,mem_std,mem_min,mem_max,n_hashes
cpld_decomp_p8_intel,acorn,intel,483.2903225806452,17.81234318927393,449,531,2906.8064516129034,644.6594666620427,1984,3347,31
cpld_decomp_p8_intel,derecho,intel,476.52941176470586,18.0944245457957,450,534,1986.9411764705883,37.37601011220047,1932,2025,34
cpld_decomp_p8_intel,gaeac6,intel,301.44117647058823,22.268596146402015,282,405,6338.705882352941,0.46249729006278234,6338,6339,34
cpld_decomp_p8_intel,hera,intel,692.0,,692,692,2256.0,,2256,2256,1
cpld_decomp_p8_intel,hercules,intel,510.14285714285717,39.696008731907774,455,629,64103.34285714286,366121.2373118518,2161,2168220,35
cpld_decomp_p8_intel,orion,intel,993.8529411764706,32.730425427468894,937,1043,63942.44117647059,360323.4195877441,2064,2103176,34
cpld_decomp_p8_intel,ursa,intel,413.4,21.96681989889725,370,468,2383.6857142857143,104.76325451129475,2231,2486,35
cpld_decomp_p8_intel,wcoss2,intel,494.5882352941176,27.710754554929835,453,544,2067.6470588235293,411.45181847997867,1897,3370,34
