test_name,machine,compiler,core_mean,core_std,core_min,core_max,mem_mean,mem_std,mem_min,mem_max,n_hashes
cpld_control_gfsv17_intel,acorn,intel,793.2380952380952,9.581001332183048,775,810,1898.2380952380952,1.9102997314241545,1893,1904,42
cpld_control_gfsv17_intel,derecho,intel,780.7045454545455,33.06060646431917,753,959,1865.159090909091,4.778552772147174,1851,1872,44
cpld_control_gfsv17_intel,gaeac6,intel,531.6511627906976,35.077386366860516,515,698,6338.697674418605,0.6375131640445044,6338,6340,43
cpld_control_gfsv17_intel,hercules,intel,913.1304347826087,130.63649459399457,692,1558,46037.34782608696,298536.2593490831,2004,2026792,46
cpld_control_gfsv17_intel,orion,intel,1339.6666666666667,73.31129145326432,1182,1449,45643.97777777778,293008.86269953806,1953,1967528,45
cpld_control_gfsv17_intel,ursa,intel,567.54,24.000178570764252,482,639,2060.98,24.27519940438079,2044,2173,50
cpld_control_gfsv17_intel,wcoss2,intel,833.2916666666666,9.73031746728667,820,874,1815.9375,13.307182910792044,1806,1903,48
