test_name,machine,compiler,core_mean,core_std,core_min,core_max,mem_mean,mem_std,mem_min,mem_max,n_hashes
cpld_restart_qr_p8_intel,acorn,intel,285.2142857142857,4.526478873143126,280,296,3252.285714285714,1.1387288073564528,3250,3255,14
cpld_restart_qr_p8_intel,derecho,intel,303.7857142857143,17.33461885906382,274,333,1389.0,2.4494897427831916,1385,1393,14
cpld_restart_qr_p8_intel,gaeac6,intel,172.35714285714286,3.5649391591991013,169,183,6338.571428571428,0.513552591013056,6338,6339,14
cpld_restart_qr_p8_intel,hera,intel,358.5,2.1213203435596424,357,360,1863.0,19.79898987322333,1849,1877,2
cpld_restart_qr_p8_intel,hercules,intel,287.46666666666664,37.88491344409627,259,407,1835.4666666666667,3.4613512362879764,1827,1841,15
cpld_restart_qr_p8_intel,orion,intel,526.1428571428571,32.462658175574205,501,588,1765.642857142857,3.1035251137808655,1758,1769,14
cpld_restart_qr_p8_intel,ursa,intel,227.13333333333333,7.229568912920509,217,241,1990.0,11.019463300386798,1968,2010,15
cpld_restart_qr_p8_intel,wcoss2,intel,298.2142857142857,5.8068735322702,287,311,1875.642857142857,925.9939032149233,1307,3289,14
