test_name,machine,compiler,core_mean,core_std,core_min,core_max,mem_mean,mem_std,mem_min,mem_max,n_hashes
cpld_s2sa_p8_intel,acorn,intel,499.3636363636364,5.239708527632571,492,506,3345.2727272727275,1.8488325554743843,3343,3348,11
cpld_s2sa_p8_intel,derecho,intel,510.1818181818182,19.456711858986782,492,552,1995.8181818181818,2.04049904769306,1992,1998,11
cpld_s2sa_p8_intel,gaeac6,intel,320.8181818181818,12.480530291763904,314,355,6338.454545454545,0.5222329678670351,6338,6339,11
cpld_s2sa_p8_intel,hercules,intel,463.8333333333333,47.135844946154066,404,532,2245.8333333333335,4.468746688916068,2235,2251,12
cpld_s2sa_p8_intel,orion,intel,484.1818181818182,31.339490046323917,457,543,2167.818181818182,8.352462892083922,2148,2176,11
cpld_s2sa_p8_intel,ursa,intel,440.8333333333333,293.53761825928433,332,1350,3144.5,26.729282546573202,3112,3179,12
cpld_s2sa_p8_intel,wcoss2,intel,511.54545454545456,8.14080630359962,504,533,2086.3636363636365,417.82131892168286,1950,3346,11
