test_name,machine,compiler,core_mean,core_std,core_min,core_max,mem_mean,mem_std,mem_min,mem_max,n_hashes
cpld_control_c24_5deg_intel,acorn,intel,82.70454545454545,8.199771821710554,67,108,2113.7272727272725,3.6367864447641285,2108,2120,44
cpld_control_c24_5deg_intel,derecho,intel,66.11363636363636,16.570099028617218,56,129,2076.909090909091,1.85294463098521,2072,2081,44
cpld_control_c24_5deg_intel,gaeac6,intel,45.16279069767442,0.974196434629454,44,48,6337.627906976744,0.4890834875638065,6337,6338,43
cpld_control_c24_5deg_intel,hera,intel,71.0,,71,71,2258.0,,2258,2258,1
cpld_control_c24_5deg_intel,hercules,intel,68.73913043478261,25.093102002660853,53,149,50923.413043478264,330192.8500212887,2227,2241716,46
cpld_control_c24_5deg_intel,orion,intel,116.0,41.708403339026404,80,214,51892.177777777775,333072.66543451074,2221,2236560,45
cpld_control_c24_5deg_intel,ursa,intel,138.36,289.08128649928483,48,1152,2211.7,1.908627030841017,2209,2217,50
cpld_control_c24_5deg_intel,wcoss2,intel,86.60416666666667,9.613243487741787,76,128,2123.9583333333335,3.9997783626543892,2111,2129,48
