test_name,machine,compiler,core_mean,core_std,core_min,core_max,mem_mean,mem_std,mem_min,mem_max,n_hashes
cpld_debug_p8_gnu,derecho,gnu,420.5,13.299797569309666,401,455,1666.9285714285713,7.226705662006396,1653,1676,14
cpld_debug_p8_gnu,hera,gnu,410.0,0.0,410,410,1681.5,3.5355339059327378,1679,1684,2
cpld_debug_p8_gnu,hercules,gnu,365.93333333333334,32.827398545088755,326,411,1715.0,12.153776602944689,1686,1731,15
cpld_debug_p8_gnu,ursa,gnu,284.6666666666667,6.553806600166113,278,304,1597.5333333333333,7.8364228962916425,1582,1606,15
