test_name,machine,compiler,core_mean,core_std,core_min,core_max,mem_mean,mem_std,mem_min,mem_max,n_hashes
cpld_debug_gfsv17_intel,acorn,intel,1220.1860465116279,13.20399617351378,1197,1259,1935.3488372093022,3.975422834235772,1929,1944,43
cpld_debug_gfsv17_intel,derecho,intel,1126.159090909091,10.131560594724156,1106,1159,1871.340909090909,3.0111666735219242,1862,1878,44
cpld_debug_gfsv17_intel,gaeac6,intel,773.5348837209302,6.219588247010238,766,802,6338.790697674419,0.6746476870642242,6338,6340,43
cpld_debug_gfsv17_intel,hercules,intel,1102.4347826086957,55.54603783205939,1011,1350,45316.282608695656,293813.5066922299,1987,1994736,46
cpld_debug_gfsv17_intel,orion,intel,1368.5777777777778,28.13077325706501,1303,1412,45148.51111111111,289805.30909455736,1935,1946020,45
cpld_debug_gfsv17_intel,ursa,intel,806.3,15.708115671817026,790,882,2084.4,9.424241429983118,2055,2109,50
cpld_debug_gfsv17_intel,wcoss2,intel,1251.3958333333333,297.6214030555222,567,3158,1858.5208333333333,17.501355064051836,1848,1941,48
