test_name,machine,compiler,core_mean,core_std,core_min,core_max,mem_mean,mem_std,mem_min,mem_max,n_hashes
cpld_control_noaero_p8_agrid_intel,acorn,intel,333.9318181818182,23.314231333326205,303,373,1989.25,1.780057485353347,1985,1992,44
cpld_control_noaero_p8_agrid_intel,derecho,intel,350.95454545454544,22.486124450688273,316,387,1929.2045454545455,1.4399538987217566,1926,1935,44
cpld_control_noaero_p8_agrid_intel,gaeac6,intel,212.53488372093022,13.84841204100983,197,251,6338.581395348837,0.626120258475074,6338,6340,43
cpld_control_noaero_p8_agrid_intel,hera,intel,258.3333333333333,7.371114795831986,250,264,2182.3333333333335,2.0816659994660873,2180,2184,3
cpld_control_noaero_p8_agrid_intel,hercules,intel,279.3695652173913,39.63688444738879,239,399,48448.086956521736,314050.8031468671,2133,2132140,46
cpld_control_noaero_p8_agrid_intel,orion,intel,316.2888888888889,41.09059957870381,268,404,48386.955555555556,310576.58501274657,2054,2085500,45
cpld_control_noaero_p8_agrid_intel,ursa,intel,233.58,20.11100825570971,203,287,2177.06,13.193087243720049,2151,2217,50
cpld_control_noaero_p8_agrid_intel,wcoss2,intel,340.4791666666667,21.55151135869525,309,411,1903.7708333333333,29.614717145892282,1880,1991,48
