test_name,machine,compiler,core_mean,core_std,core_min,core_max,mem_mean,mem_std,mem_min,mem_max,n_hashes
cpld_debug_p8_intel,derecho,intel,776.6153846153846,21.527263572574125,755,822,2032.2307692307693,4.798504040390197,2026,2043,13
cpld_debug_p8_intel,gaeac6,intel,514.5384615384615,6.050005297730277,501,524,6338.7692307692305,0.43852900965334357,6338,6339,13
cpld_debug_p8_intel,hera,intel,797.0,,797,797,2308.0,,2308,2308,1
cpld_debug_p8_intel,hercules,intel,782.1428571428571,66.35551932623953,689,911,2280.8571428571427,3.655494133853518,2275,2288,14
cpld_debug_p8_intel,orion,intel,858.7692307692307,33.41195855317335,813,901,2209.3076923076924,5.850706729171231,2202,2220,13
cpld_debug_p8_intel,ursa,intel,552.7857142857143,14.502936421123984,536,585,2374.714285714286,16.69835814788882,2334,2398,14
