test_name,machine,compiler,core_mean,core_std,core_min,core_max,mem_mean,mem_std,mem_min,mem_max,n_hashes
cpld_control_p8_gnu,derecho,gnu,581.6470588235294,10.499649854105822,565,610,1660.764705882353,11.244606550279526,1643,1679,17
cpld_control_p8_gnu,hera,gnu,673.6,4.878524367060189,668,681,1670.8,1.9235384061671426,1668,1673,5
cpld_control_p8_gnu,hercules,gnu,637.1666666666666,21.147242901923207,603,675,1713.388888888889,7.013758654068212,1703,1726,18
cpld_control_p8_gnu,ursa,gnu,459.8888888888889,2.6096853289888906,456,466,1590.2222222222222,10.361441845813859,1562,1608,18
