test_name,machine,compiler,core_mean,core_std,core_min,core_max,mem_mean,mem_std,mem_min,mem_max,n_hashes
cpld_control_p8_lnd_intel,acorn,intel,484.34090909090907,25.01064255501644,431,517,2465.25,649.7831883485945,1994,3362,44
cpld_control_p8_lnd_intel,gaeac6,intel,300.3255813953488,24.777794331131172,269,396,6338.7441860465115,0.4924681887629605,6337,6339,43
cpld_control_p8_lnd_intel,hera,intel,730.3333333333334,6.429100507328653,723,735,2117.6666666666665,2.5166114784235907,2115,2120,3
cpld_control_p8_lnd_intel,hercules,intel,509.32608695652175,55.232057658906015,371,710,48869.434782608696,316695.40903669235,2140,2150108,46
cpld_control_p8_lnd_intel,orion,intel,929.5333333333333,227.42177476302405,423,1106,48294.86666666667,309902.12078468496,2061,2080984,45
cpld_control_p8_lnd_intel,ursa,intel,434.84,35.81890961090643,316,495,2360.74,107.88974152592337,2272,2558,50
