test_name,machine,compiler,core_mean,core_std,core_min,core_max,mem_mean,mem_std,mem_min,mem_max,n_hashes
cpld_restart_c48_5deg_intel,acorn,intel,80.45454545454545,7.922457175369283,67,97,2303.909090909091,4.826372231995337,2294,2314,44
cpld_restart_c48_5deg_intel,derecho,intel,67.97727272727273,14.13471503544349,54,109,2267.75,3.8101760931046433,2253,2273,44
cpld_restart_c48_5deg_intel,gaeac6,intel,47.116279069767444,2.6386261064784438,45,60,6337.604651162791,0.5830761970838925,6337,6339,43
cpld_restart_c48_5deg_intel,hera,intel,77.75,0.9574271077563381,77,79,2514.75,2.8722813232690143,2511,2517,4
cpld_restart_c48_5deg_intel,hercules,intel,68.02173913043478,22.245587957500227,57,137,56198.02173913043,364351.88787834026,2459,2473632,46
cpld_restart_c48_5deg_intel,orion,intel,104.06666666666666,33.08556400387555,84,220,57324.8,367921.6900192462,2459,2470572,45
cpld_restart_c48_5deg_intel,ursa,intel,213.58,354.7712163047721,50,1261,2458.36,5.798521979164815,2444,2468,50
cpld_restart_c48_5deg_intel,wcoss2,intel,93.25,9.705230000453476,81,134,2314.3333333333335,5.466856941853944,2305,2328,48
