test_name,machine,compiler,core_mean,core_std,core_min,core_max,mem_mean,mem_std,mem_min,mem_max,n_hashes
cpld_control_gfsv17_intel,acorn,intel,792.1111111111111,8.684422371072941,775,808,1898.2,1.841442122606337,1893,1904,45
cpld_control_gfsv17_intel,derecho,intel,780.6,32.43903372622109,753,959,1866.0666666666666,3.834057902536148,1851,1872,45
cpld_control_gfsv17_intel,gaeac6,intel,531.1818181818181,34.30524587132054,517,698,6338.659090909091,0.6449511183271952,6338,6340,44
cpld_control_gfsv17_intel,hera,intel,1017.4,7.43639697703129,1011,1030,2082.4,5.412947441089742,2074,2088,5
cpld_control_gfsv17_intel,hercules,intel,932.2340425531914,110.99612464170275,700,1558,45099.95744680851,295343.39502812194,2004,2026792,47
cpld_control_gfsv17_intel,orion,intel,1353.2826086956522,62.41462187784671,1187,1449,44692.97826086957,289806.7027322782,1953,1967528,46
cpld_control_gfsv17_intel,ursa,intel,567.74,23.90782469470305,482,639,2061.46,24.214357353454883,2046,2173,50
cpld_control_gfsv17_intel,wcoss2,intel,830.469387755102,12.470134389840448,798,874,1826.2448979591836,30.202463070256393,1807,1903,49
