test_name,machine,compiler,core_mean,core_std,core_min,core_max,mem_mean,mem_std,mem_min,mem_max,n_hashes
cpld_control_p8_gnu,derecho,gnu,581.6666666666666,11.641097521932918,565,610,1663.4166666666667,11.09019495962199,1643,1679,12
cpld_control_p8_gnu,hercules,gnu,642.9230769230769,19.754584018490252,611,675,1712.7692307692307,6.660253325435469,1703,1723,13
cpld_control_p8_gnu,ursa,gnu,459.84615384615387,3.0508510792387584,456,466,1589.6153846153845,7.030154829239298,1573,1597,13
