test_name,machine,compiler,core_mean,core_std,core_min,core_max,mem_mean,mem_std,mem_min,mem_max,n_hashes
cpld_mpi_p8_intel,acorn,intel,402.78125,13.56640626814109,377,432,2873.0625,630.9186306873391,1949,3296,32
cpld_mpi_p8_intel,derecho,intel,401.8857142857143,18.398803395507947,373,436,1933.4285714285713,29.40016578013054,1891,1966,35
cpld_mpi_p8_intel,gaeac6,intel,246.22857142857143,14.85832251296088,230,302,6338.457142857143,0.6108266887564483,6337,6339,35
cpld_mpi_p8_intel,hera,intel,669.0,16.97056274847714,657,681,2055.0,0.0,2055,2055,2
cpld_mpi_p8_intel,hercules,intel,431.47222222222223,37.0825227305734,388,538,59332.305555555555,343356.97745489475,2057,2062248,36
cpld_mpi_p8_intel,orion,intel,847.5142857142857,38.6266986518327,785,935,59148.45714285714,337850.5340731175,1993,2000792,35
cpld_mpi_p8_intel,ursa,intel,668.9444444444445,56.5225337842955,534,728,2258.6944444444443,60.838342911801305,2165,2319,36
cpld_mpi_p8_intel,wcoss2,intel,412.9142857142857,23.23330701002012,376,467,2062.4857142857145,460.7563073794171,1856,3326,35
