test_name,machine,compiler,core_mean,core_std,core_min,core_max,mem_mean,mem_std,mem_min,mem_max,n_hashes
cpld_control_c24_5deg_intel,acorn,intel,83.04545454545455,8.35534794748054,67,108,2114.068181818182,3.719200509691498,2108,2120,44
cpld_control_c24_5deg_intel,derecho,intel,63.81818181818182,13.110040049737,56,97,2076.7727272727275,1.7635012262691323,2072,2081,44
cpld_control_c24_5deg_intel,gaeac6,intel,45.23255813953488,0.9471061011193034,44,48,6337.627906976744,0.4890834875634852,6337,6338,43
cpld_control_c24_5deg_intel,hera,intel,70.66666666666667,0.5773502691896278,70,71,2257.6666666666665,3.511884584284187,2254,2261,3
cpld_control_c24_5deg_intel,hercules,intel,67.3695652173913,24.15814442437551,53,149,50922.80434782609,330192.94176591287,2225,2241716,46
cpld_control_c24_5deg_intel,orion,intel,117.26666666666667,41.79734658824866,80,214,51891.62222222222,333072.75012984563,2221,2236560,45
cpld_control_c24_5deg_intel,ursa,intel,138.68,288.98834380843607,48,1152,2211.66,2.0663484503749556,2206,2217,50
cpld_control_c24_5deg_intel,wcoss2,intel,86.77083333333333,9.636454683401373,76,128,2123.3333333333335,4.682849347799545,2111,2129,48
