test_name,machine,compiler,core_mean,core_std,core_min,core_max,mem_mean,mem_std,mem_min,mem_max,n_hashes
cpld_restart_p8_intel,acorn,intel,278.42424242424244,12.224540643287764,249,305,2667.939393939394,873.9278767221704,1359,3239,33
cpld_restart_p8_intel,derecho,intel,289.52777777777777,15.805037372597555,266,327,1466.0833333333333,101.7889623541906,1321,1539,36
cpld_restart_p8_intel,gaeac6,intel,169.27777777777777,10.742734717303106,154,202,6338.694444444444,0.4671765921510969,6338,6339,36
cpld_restart_p8_intel,hera,intel,363.6666666666667,7.234178138070227,359,372,1868.3333333333333,9.073771725877478,1858,1875,3
cpld_restart_p8_intel,hercules,intel,284.9189189189189,53.68807977484303,243,555,48043.48648648649,280817.59957662725,1706,1710024,37
cpld_restart_p8_intel,orion,intel,534.3611111111111,33.90166685980229,493,610,44086.38888888889,254348.1874261881,1524,1527784,36
cpld_restart_p8_intel,ursa,intel,230.78378378378378,24.22365136153683,202,331,2186.135135135135,111.59280197868252,2010,2303,37
cpld_restart_p8_intel,wcoss2,intel,287.3888888888889,24.708908489250557,250,379,1685.8055555555557,653.1855925033622,1263,3262,36
