test_name,machine,compiler,core_mean,core_std,core_min,core_max,mem_mean,mem_std,mem_min,mem_max,n_hashes
cpld_warmstart_c12_9deg_intel,acorn,intel,47.68888888888889,8.735565294249765,33,70,2040.6666666666667,2.215646837627965,2034,2044,45
cpld_warmstart_c12_9deg_intel,derecho,intel,34.22222222222222,11.942835221642854,26,62,2004.7777777777778,1.2593087730411896,2001,2007,45
cpld_warmstart_c12_9deg_intel,gaeac6,intel,22.5,2.0173664619648233,20,34,6337.590909090909,0.7870516610265103,6336,6339,44
cpld_warmstart_c12_9deg_intel,hera,intel,33.4,0.5477225575051664,33,34,2187.0,3.6742346141747673,2181,2190,5
cpld_warmstart_c12_9deg_intel,hercules,intel,38.234042553191486,25.846716018764777,24,117,48070.17021276596,314724.8949878995,2151,2159808,47
cpld_warmstart_c12_9deg_intel,orion,intel,76.71739130434783,39.72441904671525,37,157,49096.97826086957,318312.98635361245,2151,2161068,46
cpld_warmstart_c12_9deg_intel,ursa,intel,50.1,156.6690584561962,25,1135,2138.38,1.6768532239568261,2135,2141,50
cpld_warmstart_c12_9deg_intel,wcoss2,intel,55.55102040816327,9.552620112849047,47,109,2048.612244897959,3.740634563650458,2039,2052,49
