test_name,machine,compiler,core_mean,core_std,core_min,core_max,mem_mean,mem_std,mem_min,mem_max,n_hashes
cpld_dcp_gefs_intel,hera,intel,937.5,4.949747468305833,934,941,3061.5,10.606601717798213,3054,3069,2
cpld_dcp_gefs_intel,hercules,intel,960.4,70.5135061208457,812,1101,3201.6666666666665,58.25141434100392,3131,3321,45
cpld_dcp_gefs_intel,orion,intel,1277.088888888889,94.5539341574239,1119,1542,70114.53333333334,449870.6744592677,3039,3020876,45
cpld_dcp_gefs_intel,ursa,intel,1898.32,252.6733343223044,905,2076,3433.68,13.792100667277882,3398,3458,50
