test_name,machine,compiler,core_mean,core_std,core_min,core_max,mem_mean,mem_std,mem_min,mem_max,n_hashes
cpld_warmstart_c12_9deg_intel,acorn,intel,46.53658536585366,8.916550793259717,33,70,2040.2926829268292,2.1822454311904163,2034,2044,41
cpld_warmstart_c12_9deg_intel,derecho,intel,39.25,15.64300125845718,26,82,2004.9772727272727,1.4861943965561968,2001,2008,44
cpld_warmstart_c12_9deg_intel,gaeac6,intel,22.25581395348837,2.0481469354820407,20,34,6337.558139534884,0.795891999774036,6336,6339,43
cpld_warmstart_c12_9deg_intel,hercules,intel,41.26086956521739,27.724385401550734,24,117,49068.63043478261,318127.35365785396,2152,2159808,46
cpld_warmstart_c12_9deg_intel,orion,intel,77.24444444444444,39.69208505686765,37,157,50140.15555555555,321830.32884382614,2151,2161068,45
cpld_warmstart_c12_9deg_intel,ursa,intel,72.52,221.12386777089262,25,1154,2138.68,1.621790393864966,2135,2142,50
cpld_warmstart_c12_9deg_intel,wcoss2,intel,55.875,10.007709793911339,47,109,2049.7916666666665,1.352040748053653,2047,2052,48
