test_name,machine,compiler,core_mean,core_std,core_min,core_max,mem_mean,mem_std,mem_min,mem_max,n_hashes
cpld_debug_pdlib_p8_intel,acorn,intel,1455.857142857143,38.35633964820926,1432,1564,1961.2857142857142,2.3346411823982343,1959,1967,14
cpld_debug_pdlib_p8_intel,derecho,intel,1388.0,19.501479233834928,1352,1431,1895.2142857142858,1.8050600428355106,1892,1898,14
cpld_debug_pdlib_p8_intel,gaeac6,intel,976.4285714285714,7.355942503166423,961,996,6338.857142857143,0.53452248382461,6338,6340,14
cpld_debug_pdlib_p8_intel,hera,intel,1639.0,1.4142135623730951,1638,1640,1974.0,2.8284271247461903,1972,1976,2
cpld_debug_pdlib_p8_intel,hercules,intel,1344.4,38.742372521199904,1296,1406,2066.6,3.501020259459088,2058,2072,15
cpld_debug_pdlib_p8_intel,orion,intel,1725.2142857142858,36.48008639376699,1665,1801,1998.5714285714287,4.3450110332564815,1991,2006,14
cpld_debug_pdlib_p8_intel,ursa,intel,1167.2,15.956190021430556,1148,1212,2185.733333333333,7.9683899311741255,2178,2202,15
cpld_debug_pdlib_p8_intel,wcoss2,intel,1446.5,17.977550102622672,1429,1490,1897.7857142857142,39.967638007669244,1870,1963,14
