test_name,machine,compiler,core_mean,core_std,core_min,core_max,mem_mean,mem_std,mem_min,mem_max,n_hashes
cpld_restart_gefs_intel,acorn,intel,492.3636363636364,24.02236449169122,459,526,3893.840909090909,7.572727018925874,3879,3921,44
cpld_restart_gefs_intel,hera,intel,301.0,,301,301,2734.0,,2734,2734,1
cpld_restart_gefs_intel,hercules,intel,357.6,44.5586436875353,274,550,2810.6444444444446,48.467962968784036,2759,2921,45
cpld_restart_gefs_intel,orion,intel,429.6666666666667,29.62953072374064,346,492,62701.64444444444,402459.664004253,2686,2702488,45
cpld_restart_gefs_intel,ursa,intel,382.82,27.695641740688554,308,432,2921.08,15.246063392875936,2889,2966,50
cpld_restart_gefs_intel,wcoss2,intel,442.5416666666667,35.2878487514264,397,582,2666.8958333333335,324.758583958315,2565,3914,48
