test_name,machine,compiler,core_mean,core_std,core_min,core_max,mem_mean,mem_std,mem_min,mem_max,n_hashes
cpld_restart_c48_5deg_intel,acorn,intel,80.5,7.972335889492102,67,97,2303.8863636363635,4.833102470732527,2294,2314,44
cpld_restart_c48_5deg_intel,derecho,intel,68.8409090909091,14.722144658315942,54,109,2267.9545454545455,4.057462521597132,2253,2277,44
cpld_restart_c48_5deg_intel,gaeac6,intel,47.093023255813954,2.644076519751921,45,60,6337.604651162791,0.5830761970839132,6337,6339,43
cpld_restart_c48_5deg_intel,hera,intel,78.0,1.0,77,79,2515.0,3.4641016151377544,2511,2517,3
cpld_restart_c48_5deg_intel,hercules,intel,68.04347826086956,22.236063322389032,57,137,56198.13043478261,364351.87149747973,2459,2473632,46
cpld_restart_c48_5deg_intel,orion,intel,104.02222222222223,33.108972203981814,84,220,57324.955555555556,367921.66630473465,2459,2470572,45
cpld_restart_c48_5deg_intel,ursa,intel,213.56,354.78042418903993,50,1261,2458.42,5.820758068309971,2444,2468,50
cpld_restart_c48_5deg_intel,wcoss2,intel,92.39583333333333,7.623422985390774,81,117,2314.5208333333335,5.327526204627766,2305,2328,48
