test_name,machine,compiler,core_mean,core_std,core_min,core_max,mem_mean,mem_std,mem_min,mem_max,n_hashes
cpld_decomp_p8_intel,acorn,intel,483.90909090909093,17.445206426773158,449,531,2933.3636363636365,633.1549878476546,1984,3347,33
cpld_decomp_p8_intel,derecho,intel,476.80555555555554,17.901028612815118,450,534,1988.1666666666667,36.653200990597625,1932,2025,36
cpld_decomp_p8_intel,gaeac6,intel,301.22222222222223,21.64269736438481,282,405,6338.694444444444,0.4671765921510409,6338,6339,36
cpld_decomp_p8_intel,hera,intel,681.6666666666666,10.503967504392488,671,692,2256.0,3.0,2253,2259,3
cpld_decomp_p8_intel,hercules,intel,511.72972972972974,40.30691190288767,455,629,60759.16216216216,356088.4409159014,2161,2168220,37
cpld_decomp_p8_intel,orion,intel,993.6388888888889,32.44261111367296,937,1043,60510.11111111111,350171.29709082807,2064,2103176,36
cpld_decomp_p8_intel,ursa,intel,413.3783783783784,21.349409764611693,370,468,2388.5675675675675,103.97263008988381,2231,2491,37
cpld_decomp_p8_intel,wcoss2,intel,494.8611111111111,26.963629236200774,453,544,2139.8888888888887,500.87390929841126,1897,3370,36
