test_name,machine,compiler,core_mean,core_std,core_min,core_max,mem_mean,mem_std,mem_min,mem_max,n_hashes
cpld_restart_c192_p8_intel,hera,intel,527.0,,527,527,2811.0,,2811,2811,1
cpld_restart_c192_p8_intel,hercules,intel,334.60869565217394,53.14486627694347,234,546,63093.19565217391,408505.293567476,2746,2773480,46
cpld_restart_c192_p8_intel,orion,intel,517.3111111111111,90.91800057349936,325,707,61291.333333333336,392823.99830111285,2625,2637876,45
cpld_restart_c192_p8_intel,ursa,intel,750.76,157.80866223864584,198,925,3289.9,162.6295715760831,3117,3490,50
