test_name,machine,compiler,core_mean,core_std,core_min,core_max,mem_mean,mem_std,mem_min,mem_max,n_hashes
cpld_control_pdlib_p8_intel,acorn,intel,785.8181818181819,4.771125272264025,780,794,1921.7272727272727,1.2720777563426957,1920,1924,11
cpld_control_pdlib_p8_intel,derecho,intel,784.0,18.03884696980382,766,818,1880.7272727272727,5.349596416383359,1878,1892,11
cpld_control_pdlib_p8_intel,gaeac6,intel,524.0,2.529822128134713,521,529,6338.636363636364,0.6741998624632604,6338,6340,11
cpld_control_pdlib_p8_intel,hercules,intel,750.5833333333334,16.978373052655847,732,784,2091.6666666666665,4.206776639776531,2083,2097,12
cpld_control_pdlib_p8_intel,orion,intel,1243.2727272727273,46.445862913915015,1188,1305,2017.7272727272727,4.818524859143299,2009,2024,11
cpld_control_pdlib_p8_intel,ursa,intel,491.8333333333333,4.509249752822895,485,501,2164.8333333333335,10.91148963527006,2151,2182,12
cpld_control_pdlib_p8_intel,wcoss2,intel,808.4545454545455,6.890045520366849,800,826,1841.7272727272727,26.67992094849948,1830,1922,11
