test_name,machine,compiler,core_mean,core_std,core_min,core_max,mem_mean,mem_std,mem_min,mem_max,n_hashes
cpld_control_gfsv17_iau_intel,acorn,intel,852.3571428571429,11.20065640187008,831,877,1945.6190476190477,4.8887745032899925,1935,1961,42
cpld_control_gfsv17_iau_intel,derecho,intel,853.1136363636364,64.5136422958997,820,1151,1888.2954545454545,5.712408140646831,1874,1899,44
cpld_control_gfsv17_iau_intel,gaeac6,intel,564.4651162790698,4.636032977867177,556,577,6338.697674418605,0.6375131640443971,6338,6340,43
cpld_control_gfsv17_iau_intel,hercules,intel,980.5869565217391,146.54473357032677,735,1757,53111.69565217391,344391.69092808454,2306,2338112,46
cpld_control_gfsv17_iau_intel,orion,intel,1454.8,75.80615230489376,1291,1561,49594.91111111111,318345.3018899463,2113,2137664,45
cpld_control_gfsv17_iau_intel,ursa,intel,606.04,23.923312855020363,519,643,2628.04,59.52497675046046,2529,2850,50
cpld_control_gfsv17_iau_intel,wcoss2,intel,898.7291666666666,13.943258240261159,878,941,1845.875,15.733992202816703,1828,1947,48
