test_name,machine,compiler,core_mean,core_std,core_min,core_max,mem_mean,mem_std,mem_min,mem_max,n_hashes
cpld_control_nowave_noaero_p8_intel,acorn,intel,433.61538461538464,4.628506986391714,424,440,1986.2307692307693,1.589226549501715,1984,1989,13
cpld_control_nowave_noaero_p8_intel,derecho,intel,442.3076923076923,17.81097328140069,414,478,1932.6923076923076,0.6304251719560875,1932,1934,13
cpld_control_nowave_noaero_p8_intel,gaeac6,intel,279.2307692307692,9.019920972989416,273,307,6338.7692307692305,0.4385290096533483,6338,6339,13
cpld_control_nowave_noaero_p8_intel,hera,intel,376.0,,376,376,2194.0,,2194,2194,1
cpld_control_nowave_noaero_p8_intel,hercules,intel,363.35714285714283,20.079101814332486,349,400,2173.3571428571427,5.569244429586787,2164,2181,14
cpld_control_nowave_noaero_p8_intel,orion,intel,409.2307692307692,34.322378137676296,388,507,2102.4615384615386,1.983909634004954,2098,2105,13
cpld_control_nowave_noaero_p8_intel,ursa,intel,398.7857142857143,390.1069239169078,287,1754,3003.214285714286,10.735839126879693,2991,3027,14
cpld_control_nowave_noaero_p8_intel,wcoss2,intel,442.38461538461536,5.590743265113347,435,452,1909.4615384615386,42.773853743876856,1881,1992,13
