test_name,machine,compiler,core_mean,core_std,core_min,core_max,mem_mean,mem_std,mem_min,mem_max,n_hashes
cpld_control_nowave_noaero_p8_gnu,derecho,gnu,536.2941176470588,10.085662508496611,525,568,1635.4705882352941,10.03816247539123,1615,1652,17
cpld_control_nowave_noaero_p8_gnu,hera,gnu,594.0,3.93700393700591,591,600,1632.6,9.607288899580329,1621,1643,5
cpld_control_nowave_noaero_p8_gnu,hercules,gnu,513.6111111111111,21.3683077281145,495,571,1626.7222222222222,7.513169265915708,1611,1635,18
cpld_control_nowave_noaero_p8_gnu,ursa,gnu,567.7222222222222,348.8908148025608,411,1646,1550.8333333333333,8.853380876319328,1529,1568,18
