test_name,machine,compiler,core_mean,core_std,core_min,core_max,mem_mean,mem_std,mem_min,mem_max,n_hashes
cpld_debug_p8_intel,derecho,intel,774.6875,20.962565841677556,754,822,2032.3125,4.881512743675541,2026,2043,16
cpld_debug_p8_intel,gaeac6,intel,513.9375,8.346406412343004,501,531,6338.8125,0.4031128874148413,6338,6339,16
cpld_debug_p8_intel,hera,intel,796.5,4.041451884327394,793,802,2308.25,1.8929694486000612,2307,2311,4
cpld_debug_p8_intel,hercules,intel,773.9411764705883,64.23440529443248,689,911,2280.3529411764707,3.806920942024329,2273,2288,17
cpld_debug_p8_intel,orion,intel,853.8125,32.97315827558327,809,901,2209.4375,5.328774092916077,2202,2220,16
cpld_debug_p8_intel,ursa,intel,550.1176470588235,14.434690648491442,533,585,2375.470588235294,15.273005790686813,2334,2398,17
