test_name,machine,compiler,core_mean,core_std,core_min,core_max,mem_mean,mem_std,mem_min,mem_max,n_hashes
cpld_s2sa_p8_intel,acorn,intel,499.8,5.30827446330517,492,506,3345.1,1.8529256146250406,3343,3348,10
cpld_s2sa_p8_intel,derecho,intel,511.2,20.197909682825003,492,552,1995.7,2.1108186931983206,1992,1998,10
cpld_s2sa_p8_intel,gaeac6,intel,321.5,12.937885796716902,314,355,6338.5,0.5270462766946874,6338,6339,10
cpld_s2sa_p8_intel,hercules,intel,461.09090909090907,48.42200851979302,404,532,2245.7272727272725,4.670993664969278,2235,2251,11
cpld_s2sa_p8_intel,orion,intel,486.0,32.41741644377122,457,543,2169.8,5.432413009990225,2163,2176,10
cpld_s2sa_p8_intel,ursa,intel,450.54545454545456,305.836022612237,332,1350,3147.4545454545455,25.897349811761128,3112,3179,11
cpld_s2sa_p8_intel,wcoss2,intel,509.4,4.168666186896914,504,515,1960.4,6.619835513230113,1950,1969,10
