test_name,machine,compiler,core_mean,core_std,core_min,core_max,mem_mean,mem_std,mem_min,mem_max,n_hashes
cpld_control_p8_lnd_intel,acorn,intel,485.3636363636364,25.575325053371742,431,521,2496.0,659.4863399329357,1994,3362,44
cpld_control_p8_lnd_intel,gaeac6,intel,300.7674418604651,24.776945129833436,269,396,6338.767441860465,0.4799409339810721,6337,6339,43
cpld_control_p8_lnd_intel,hera,intel,730.5,5.2599112793531795,723,735,2107.75,19.939491802283523,2078,2120,4
cpld_control_p8_lnd_intel,hercules,intel,511.5217391304348,52.910716885642906,371,710,48870.69565217391,316695.219057824,2140,2150108,46
cpld_control_p8_lnd_intel,orion,intel,941.9333333333333,215.9382697986543,423,1106,48296.46666666667,309901.87689644017,2061,2080984,45
cpld_control_p8_lnd_intel,ursa,intel,435.84,35.866168471364844,316,495,2364.76,109.42811637354083,2272,2558,50
