test_name,machine,compiler,core_mean,core_std,core_min,core_max,mem_mean,mem_std,mem_min,mem_max,n_hashes
cpld_mpi_p8_intel,acorn,intel,401.96666666666664,13.619163307465042,377,432,2845.0,642.2427836133687,1949,3294,30
cpld_mpi_p8_intel,derecho,intel,401.969696969697,18.702414363667145,373,436,1932.030303030303,29.68531291784377,1891,1966,33
cpld_mpi_p8_intel,gaeac6,intel,246.27272727272728,15.31394937481987,230,302,6338.424242424242,0.6139168831313092,6337,6339,33
cpld_mpi_p8_intel,hercules,intel,431.5,38.05518321723035,388,538,62697.91176470588,353311.5278329574,2057,2062248,34
cpld_mpi_p8_intel,orion,intel,849.6363636363636,38.77645724358576,785,935,62608.69696969697,347937.98285546555,1993,2000792,33
cpld_mpi_p8_intel,ursa,intel,665.9705882352941,56.745302992976484,534,722,2255.8529411764707,61.440354102978766,2165,2319,34
cpld_mpi_p8_intel,wcoss2,intel,412.6666666666667,23.923924566564494,376,467,1985.909090909091,346.0323651441765,1856,3322,33
