test_name,machine,compiler,core_mean,core_std,core_min,core_max,mem_mean,mem_std,mem_min,mem_max,n_hashes
cpld_warmstart_c24_5deg_intel,acorn,intel,58.43181818181818,7.231705795340362,41,73,2113.3636363636365,2.3436297537864137,2110,2119,44
cpld_warmstart_c24_5deg_intel,derecho,intel,41.72727272727273,13.942345797694687,32,74,2076.568181818182,1.5461539270631592,2074,2079,44
cpld_warmstart_c24_5deg_intel,gaeac6,intel,26.558139534883722,1.2208959548001614,24,30,6337.488372093023,0.55084752981863,6337,6339,43
cpld_warmstart_c24_5deg_intel,hera,intel,41.5,0.7071067811865476,41,42,2253.5,0.7071067811865476,2253,2254,2
cpld_warmstart_c24_5deg_intel,hercules,intel,45.73913043478261,25.973007169930774,30,110,50754.36956521739,329068.64770583855,2226,2234088,46
cpld_warmstart_c24_5deg_intel,orion,intel,82.75555555555556,39.25855758219274,46,165,51816.0,332575.0657388903,2224,2233220,45
cpld_warmstart_c24_5deg_intel,ursa,intel,58.98,160.12705287122625,29,1153,2209.3,2.4928469095165213,2195,2212,50
cpld_warmstart_c24_5deg_intel,wcoss2,intel,62.208333333333336,12.596788400786302,54,131,2121.1458333333335,3.1079142854456125,2112,2125,48
