test_name,machine,compiler,core_mean,core_std,core_min,core_max,mem_mean,mem_std,mem_min,mem_max,n_hashes
cpld_debug_noaero_p8_intel,derecho,intel,370.05882352941177,10.979928211487167,355,391,1897.2941176470588,2.1437323142813516,1894,1900,17
cpld_debug_noaero_p8_intel,gaeac6,intel,235.47058823529412,2.452489731345054,232,242,6338.882352941177,0.6002450479988921,6338,6340,17
cpld_debug_noaero_p8_intel,hera,intel,389.8,3.4205262752974135,385,394,2119.6,13.446189051177297,2096,2129,5
cpld_debug_noaero_p8_intel,hercules,intel,340.5,40.43767899314873,305,450,2070.9444444444443,5.1845043125953785,2061,2080,18
cpld_debug_noaero_p8_intel,orion,intel,433.52941176470586,31.76105643523768,399,491,2018.5882352941176,4.430841109899607,2010,2024,17
cpld_debug_noaero_p8_intel,ursa,intel,275.3888888888889,7.62456470417194,268,300,2110.222222222222,15.117405455712952,2070,2135,18
