test_name,machine,compiler,core_mean,core_std,core_min,core_max,mem_mean,mem_std,mem_min,mem_max,n_hashes
cpld_control_p8_mixedmode_intel,acorn,intel,395.73333333333335,4.6208636587093705,389,404,3323.0,1.1338934190276926,3321,3326,15
cpld_control_p8_mixedmode_intel,derecho,intel,395.6,17.707141416469717,374,435,1978.1333333333334,1.1254628677422756,1976,1980,15
cpld_control_p8_mixedmode_intel,gaeac6,intel,246.53333333333333,16.357028487851355,239,303,6338.666666666667,0.4879500364743172,6338,6339,15
cpld_control_p8_mixedmode_intel,hera,intel,688.6666666666666,1.154700538379268,688,690,2208.0,1.7320508075688772,2207,2210,3
cpld_control_p8_mixedmode_intel,hercules,intel,488.375,28.366353308100784,459,569,2157.625,5.897739680024323,2146,2166,16
cpld_control_p8_mixedmode_intel,orion,intel,983.9333333333333,34.707896727374546,948,1052,2099.3333333333335,3.6968455021365205,2094,2109,15
cpld_control_p8_mixedmode_intel,ursa,intel,400.8125,11.765592491101613,382,425,2178.75,6.7280507330627675,2169,2195,16
cpld_control_p8_mixedmode_intel,wcoss2,intel,408.46666666666664,6.801960501698503,393,417,2406.0,685.3900870515794,1927,3345,15
