test_name,machine,compiler,core_mean,core_std,core_min,core_max,mem_mean,mem_std,mem_min,mem_max,n_hashes
cpld_restart_gefs_intel,acorn,intel,490.29545454545456,24.029613073034415,459,526,3894.840909090909,8.265769092420614,3879,3921,44
cpld_restart_gefs_intel,hera,intel,321.0,33.506218328344175,301,371,2727.5,8.062257748298583,2716,2734,4
cpld_restart_gefs_intel,hercules,intel,354.22222222222223,47.007199104783574,274,550,2805.311111111111,43.03636000904664,2759,2921,45
cpld_restart_gefs_intel,orion,intel,426.55555555555554,31.48127549942515,346,492,62702.97777777778,402459.46075048065,2686,2702488,45
cpld_restart_gefs_intel,ursa,intel,382.46,27.618545972455784,308,432,2923.1,16.87317639428486,2889,2970,50
cpld_restart_gefs_intel,wcoss2,intel,443.75,36.04636494200094,397,582,2749.875,443.60595054812114,2565,3916,48
