test_name,machine,compiler,core_mean,core_std,core_min,core_max,mem_mean,mem_std,mem_min,mem_max,n_hashes
cpld_warmstart_c12_9deg_intel,acorn,intel,46.90909090909091,8.767854028815323,33,70,2040.4318181818182,2.203567163769449,2034,2044,44
cpld_warmstart_c12_9deg_intel,derecho,intel,35.68181818181818,12.943118360596344,26,62,2004.8636363636363,1.286620037348834,2001,2007,44
cpld_warmstart_c12_9deg_intel,gaeac6,intel,22.41860465116279,2.049768374133257,20,34,6337.604651162791,0.7910070399937292,6336,6339,43
cpld_warmstart_c12_9deg_intel,hera,intel,33.0,0.0,33,33,2184.0,4.242640687119285,2181,2187,2
cpld_warmstart_c12_9deg_intel,hercules,intel,38.52173913043478,26.0578323737667,24,117,49068.54347826087,318127.3667594795,2152,2159808,46
cpld_warmstart_c12_9deg_intel,orion,intel,77.17777777777778,39.749950765486304,37,157,50140.177777777775,321830.3254492744,2151,2161068,45
cpld_warmstart_c12_9deg_intel,ursa,intel,72.56,221.11546157367377,25,1154,2138.56,1.7398099825869746,2135,2142,50
cpld_warmstart_c12_9deg_intel,wcoss2,intel,55.395833333333336,9.775652741624095,47,109,2049.1666666666665,2.9917143262565613,2039,2052,48
