test_name,machine,compiler,core_mean,core_std,core_min,core_max,mem_mean,mem_std,mem_min,mem_max,n_hashes
cpld_control_pdlib_p8_gnu,derecho,gnu,700.4615384615385,12.86218867206888,688,734,1588.3076923076924,10.617474710625336,1573,1609,13
cpld_control_pdlib_p8_gnu,hera,gnu,1059.0,,1059,1059,1593.0,,1593,1593,1
cpld_control_pdlib_p8_gnu,hercules,gnu,836.6428571428571,10.838727876371019,825,865,1587.0,6.492599337233556,1572,1596,14
cpld_control_pdlib_p8_gnu,ursa,gnu,613.2142857142857,291.51703435422314,530,1626,1559.2142857142858,8.53209841110047,1540,1573,14
