test_name,machine,compiler,core_mean,core_std,core_min,core_max,mem_mean,mem_std,mem_min,mem_max,n_hashes
cpld_restart_c24_5deg_intel,acorn,intel,43.95348837209303,7.367733670966271,31,65,1452.6976744186047,3.313284111837837,1448,1458,43
cpld_restart_c24_5deg_intel,derecho,intel,35.13636363636363,14.484299292828366,24,75,1423.2045454545455,1.6222227853558193,1420,1426,44
cpld_restart_c24_5deg_intel,gaeac6,intel,21.023255813953487,2.0411058171517307,19,31,6337.604651162791,0.7283227595522599,6337,6341,43
cpld_restart_c24_5deg_intel,hercules,intel,32.41304347826087,21.698516167349656,22,108,35204.47826086957,228246.7339099646,1540,1549596,46
cpld_restart_c24_5deg_intel,orion,intel,49.08888888888889,25.59014567280842,34,125,35925.15555555555,230594.33403824872,1538,1548424,45
cpld_restart_c24_5deg_intel,ursa,intel,186.18,400.1197111681779,24,1253,1532.7,2.0025493955536757,1527,1537,50
cpld_restart_c24_5deg_intel,wcoss2,intel,53.520833333333336,7.927838328786474,43,83,1463.375,4.624748411788614,1453,1470,48
