test_name,machine,compiler,core_mean,core_std,core_min,core_max,mem_mean,mem_std,mem_min,mem_max,n_hashes
cpld_debug_p8_gnu,derecho,gnu,420.5,13.195958977404153,401,455,1666.5,6.8313005106397595,1653,1676,16
cpld_debug_p8_gnu,hera,gnu,415.0,7.571877794400371,410,426,1682.5,4.358898943540665,1679,1688,4
cpld_debug_p8_gnu,hercules,gnu,364.05882352941177,32.803335554931174,321,411,1714.9411764705883,11.675136981184066,1686,1731,17
cpld_debug_p8_gnu,ursa,gnu,284.52941176470586,6.165606692155518,278,304,1598.235294117647,7.644682888818104,1582,1606,17
