test_name,machine,compiler,core_mean,core_std,core_min,core_max,mem_mean,mem_std,mem_min,mem_max,n_hashes
cpld_control_p8_gnu,derecho,gnu,581.2857142857143,10.780527826585361,565,610,1662.2857142857142,11.677911901261606,1643,1679,14
cpld_control_p8_gnu,hera,gnu,671.5,4.949747468305833,668,675,1671.5,0.7071067811865476,1671,1672,2
cpld_control_p8_gnu,hercules,gnu,641.7333333333333,18.93774261199301,611,675,1712.2,6.678323142825584,1703,1723,15
cpld_control_p8_gnu,ursa,gnu,459.8666666666667,2.8502297317601455,456,466,1590.4666666666667,6.895823442662981,1573,1597,15
