test_name,machine,compiler,core_mean,core_std,core_min,core_max,mem_mean,mem_std,mem_min,mem_max,n_hashes
cpld_control_c24_5deg_intel,acorn,intel,82.88372093023256,8.209197229836851,67,108,2113.720930232558,3.6795806010710415,2108,2120,43
cpld_control_c24_5deg_intel,derecho,intel,66.72727272727273,16.68638720545588,56,129,2077.090909090909,1.950768266287094,2072,2082,44
cpld_control_c24_5deg_intel,gaeac6,intel,45.13953488372093,0.9899830529775363,44,48,6337.627906976744,0.4890834875637221,6337,6338,43
cpld_control_c24_5deg_intel,hercules,intel,68.78260869565217,25.068717153259858,53,149,50923.608695652176,330192.8205354816,2227,2241716,46
cpld_control_c24_5deg_intel,orion,intel,117.11111111111111,41.44724040721815,80,214,51892.2,333072.66204651893,2221,2236560,45
cpld_control_c24_5deg_intel,ursa,intel,138.46,289.05096012817603,48,1152,2211.76,1.8687549058020003,2209,2217,50
cpld_control_c24_5deg_intel,wcoss2,intel,86.58333333333333,9.611237512663118,76,128,2124.2708333333335,3.5234145873867115,2113,2129,48
