test_name,machine,compiler,core_mean,core_std,core_min,core_max,mem_mean,mem_std,mem_min,mem_max,n_hashes
cpld_debug_pdlib_p8_intel,acorn,intel,1453.5625,36.25459740961595,1432,1564,1961.0,2.3380903889000995,1958,1967,16
cpld_debug_pdlib_p8_intel,derecho,intel,1386.75,18.531055015837676,1352,1431,1895.25,1.6931233465599256,1892,1898,16
cpld_debug_pdlib_p8_intel,gaeac6,intel,975.5625,7.624248596856402,961,996,6338.8125,0.5439056290691033,6338,6340,16
cpld_debug_pdlib_p8_intel,hera,intel,1657.0,22.34576768279246,1638,1685,1974.75,2.753785273643041,1972,1978,4
cpld_debug_pdlib_p8_intel,hercules,intel,1343.235294117647,41.17573528755237,1280,1406,2066.4117647058824,3.9379376507477253,2058,2072,17
cpld_debug_pdlib_p8_intel,orion,intel,1726.625,34.26149442158062,1665,1801,1998.75,4.090639721771278,1991,2006,16
cpld_debug_pdlib_p8_intel,ursa,intel,1167.6470588235295,15.045519168803166,1148,1212,2186.235294117647,8.870804725084856,2177,2203,17
cpld_debug_pdlib_p8_intel,wcoss2,intel,1447.6875,17.1880530214061,1429,1490,1905.5625,42.85474497260095,1870,1963,16
