test_name,machine,compiler,core_mean,core_std,core_min,core_max,mem_mean,mem_std,mem_min,mem_max,n_hashes
cpld_dcp_gefs_intel,hercules,intel,962.6,68.63453940983361,812,1101,3208.0444444444443,61.26357198633852,3131,3321,45
cpld_dcp_gefs_intel,orion,intel,1271.9333333333334,99.22710406848607,1111,1542,70114.06666666667,449870.74560737587,3039,3020876,45
cpld_dcp_gefs_intel,ursa,intel,1893.2,250.9632056940715,905,2076,3432.6,13.807717451646093,3398,3454,50
