test_name,machine,compiler,core_mean,core_std,core_min,core_max,mem_mean,mem_std,mem_min,mem_max,n_hashes
cpld_control_noaero_p8_agrid_intel,acorn,intel,334.47727272727275,23.309334028541507,303,373,1989.159090909091,1.7907148347658775,1985,1992,44
cpld_control_noaero_p8_agrid_intel,derecho,intel,352.0681818181818,22.687357125974824,316,387,1929.2272727272727,1.4283448929416007,1926,1935,44
cpld_control_noaero_p8_agrid_intel,gaeac6,intel,213.04651162790697,13.742449855019265,197,251,6338.581395348837,0.6261202584750674,6338,6340,43
cpld_control_noaero_p8_agrid_intel,hera,intel,262.5,2.1213203435596424,261,264,2181.5,2.1213203435596424,2180,2183,2
cpld_control_noaero_p8_agrid_intel,hercules,intel,280.0217391304348,39.219320142804214,239,399,48448.086956521736,314050.80314686714,2133,2132140,46
cpld_control_noaero_p8_agrid_intel,orion,intel,315.84444444444443,40.96947619628522,268,404,48386.91111111111,310576.5917878187,2054,2085500,45
cpld_control_noaero_p8_agrid_intel,ursa,intel,233.64,20.095445722240374,203,287,2176.98,13.230283752182606,2151,2217,50
cpld_control_noaero_p8_agrid_intel,wcoss2,intel,341.2291666666667,21.126004529391896,309,411,1901.7916666666667,27.06725927800409,1880,1991,48
