test_name,machine,compiler,core_mean,core_std,core_min,core_max,mem_mean,mem_std,mem_min,mem_max,n_hashes
cpld_debug_noaero_p8_intel,derecho,intel,368.46153846153845,11.544229327643787,355,391,1897.2307692307693,2.2417941532712176,1894,1900,13
cpld_debug_noaero_p8_intel,gaeac6,intel,235.53846153846155,2.787333989537451,232,242,6339.0,0.5773502691897563,6338,6340,13
cpld_debug_noaero_p8_intel,hera,intel,394.0,,394,394,2096.0,,2096,2096,1
cpld_debug_noaero_p8_intel,hercules,intel,334.64285714285717,42.90527516940822,305,450,2070.0714285714284,5.4837422050483084,2061,2080,14
cpld_debug_noaero_p8_intel,orion,intel,429.46153846153845,30.399055315956186,399,480,2018.923076923077,3.639174321681974,2011,2024,13
cpld_debug_noaero_p8_intel,ursa,intel,275.64285714285717,8.242545749922192,268,300,2111.5,17.019219904386024,2070,2135,14
