test_name,machine,compiler,core_mean,core_std,core_min,core_max,mem_mean,mem_std,mem_min,mem_max,n_hashes
cpld_control_qr_p8_intel,acorn,intel,498.3125,5.437140792732884,491,510,3373.4375,1.4127396551853388,3371,3376,16
cpld_control_qr_p8_intel,derecho,intel,495.625,7.182153808805084,482,511,2032.6875,1.9568256607747794,2029,2036,16
cpld_control_qr_p8_intel,gaeac6,intel,313.8125,13.919859913088198,307,364,6338.8125,0.4031128874150213,6338,6339,16
cpld_control_qr_p8_intel,hera,intel,684.0,12.489995996796782,671,699,2288.25,8.220908303425716,2276,2293,4
cpld_control_qr_p8_intel,hercules,intel,512.8235294117648,41.75259766487238,472,635,2278.6470588235293,4.949004653344268,2271,2289,17
cpld_control_qr_p8_intel,orion,intel,994.875,52.706577704621765,942,1151,2203.6875,6.690478308760864,2191,2216,16
cpld_control_qr_p8_intel,ursa,intel,415.47058823529414,12.329424393796844,400,439,2357.6470588235293,6.451174083748179,2347,2370,17
cpld_control_qr_p8_intel,wcoss2,intel,510.375,7.9906195003891956,502,526,2526.8125,702.6962566903761,1994,3408,16
