test_name,machine,compiler,core_mean,core_std,core_min,core_max,mem_mean,mem_std,mem_min,mem_max,n_hashes
cpld_control_p8.v2.sfc_intel,acorn,intel,492.29411764705884,17.55256937380122,450,535,2955.764705882353,627.6655188594178,1993,3357,34
cpld_control_p8.v2.sfc_intel,derecho,intel,494.7567567567568,18.026840182543562,467,543,1993.2162162162163,31.086916804282865,1945,2028,37
cpld_control_p8.v2.sfc_intel,gaeac6,intel,307.0810810810811,14.213409901252446,288,354,6338.783783783784,0.41734179538387295,6338,6339,37
cpld_control_p8.v2.sfc_intel,hera,intel,682.5,17.13670524536927,657,694,2283.5,1.7320508075688772,2282,2286,4
cpld_control_p8.v2.sfc_intel,hercules,intel,507.7894736842105,40.239927660147245,456,631,59901.47368421053,355475.18772031984,2182,2193532,38
cpld_control_p8.v2.sfc_intel,orion,intel,994.8378378378378,32.62285626291409,939,1058,59134.40540540541,346541.33530884393,2103,2110092,37
cpld_control_p8.v2.sfc_intel,ursa,intel,415.55263157894734,25.230502098271195,369,488,2418.5263157894738,102.4303947822564,2263,2537,38
cpld_control_p8.v2.sfc_intel,wcoss2,intel,500.7567567567568,25.582552002624126,458,569,2178.4324324324325,534.6156220719364,1899,3376,37
