test_name,machine,compiler,core_mean,core_std,core_min,core_max,mem_mean,mem_std,mem_min,mem_max,n_hashes
cpld_control_p8_mixedmode_intel,acorn,intel,395.46153846153845,4.823819106188661,389,404,3322.6923076923076,0.7510676161988098,3321,3324,13
cpld_control_p8_mixedmode_intel,derecho,intel,397.38461538461536,17.979332864609027,382,435,1978.0,1.1547005383792617,1976,1980,13
cpld_control_p8_mixedmode_intel,gaeac6,intel,247.3846153846154,17.500183149224757,239,303,6338.615384615385,0.5063696835418611,6338,6339,13
cpld_control_p8_mixedmode_intel,hera,intel,688.0,,688,688,2207.0,,2207,2207,1
cpld_control_p8_mixedmode_intel,hercules,intel,490.7142857142857,29.663312153434386,459,569,2158.8571428571427,5.066589550213232,2149,2166,14
cpld_control_p8_mixedmode_intel,orion,intel,982.8461538461538,33.987365676689734,948,1052,2099.769230769231,3.6549930723565245,2095,2109,13
cpld_control_p8_mixedmode_intel,ursa,intel,400.92857142857144,12.480534294001048,382,425,2179.214285714286,6.6237169605612385,2171,2195,14
cpld_control_p8_mixedmode_intel,wcoss2,intel,408.61538461538464,7.100920850359959,393,417,2261.6923076923076,615.509461694861,1927,3344,13
