test_name,machine,compiler,core_mean,core_std,core_min,core_max,mem_mean,mem_std,mem_min,mem_max,n_hashes
cpld_restart_c48_5deg_intel,acorn,intel,80.61363636363636,8.029642492811739,67,97,2303.6363636363635,4.630992204153037,2294,2314,44
cpld_restart_c48_5deg_intel,derecho,intel,69.5,15.098898773951914,54,109,2268.1363636363635,4.146115632907161,2253,2277,44
cpld_restart_c48_5deg_intel,gaeac6,intel,47.06976744186046,2.6582786126973694,45,60,6337.604651162791,0.5830761970839017,6337,6339,43
cpld_restart_c48_5deg_intel,hera,intel,78.0,1.4142135623730951,77,79,2514.0,4.242640687119285,2511,2517,2
cpld_restart_c48_5deg_intel,hercules,intel,68.1304347826087,22.199708402141155,57,137,56198.30434782609,364351.8452882764,2459,2473632,46
cpld_restart_c48_5deg_intel,orion,intel,104.22222222222223,33.35135876262212,84,220,57325.08888888889,367921.645976288,2459,2470572,45
cpld_restart_c48_5deg_intel,ursa,intel,237.28,382.20862131051103,50,1261,2458.32,5.85344831213685,2444,2468,50
cpld_restart_c48_5deg_intel,wcoss2,intel,92.4375,7.626678399162724,81,117,2314.6458333333335,5.216543174846535,2305,2328,48
