test_name,machine,compiler,core_mean,core_std,core_min,core_max,mem_mean,mem_std,mem_min,mem_max,n_hashes
cpld_restart_gfsv17_intel,acorn,intel,385.15909090909093,31.221595970870673,363,577,1071.1136363636363,3.538597206560027,1064,1079,44
cpld_restart_gfsv17_intel,derecho,intel,399.70454545454544,11.5689631813274,383,442,1023.0909090909091,6.030226891555273,1009,1032,44
cpld_restart_gfsv17_intel,gaeac6,intel,252.0,3.511884584284251,246,266,6338.7441860465115,0.8192047030595141,6338,6342,43
cpld_restart_gfsv17_intel,hera,intel,409.0,,409,409,1365.0,,1365,1365,1
cpld_restart_gfsv17_intel,hercules,intel,367.4130434782609,47.37020915064493,318,580,30705.630434782608,199091.58577793158,1325,1351656,46
cpld_restart_gfsv17_intel,orion,intel,611.0888888888888,77.06809923173087,554,963,28504.555555555555,182943.61432314644,1210,1228456,45
cpld_restart_gfsv17_intel,ursa,intel,229.94,4.559851411829029,220,243,1506.6,51.71941568873017,1462,1715,50
cpld_restart_gfsv17_intel,wcoss2,intel,392.6458333333333,28.264321983078258,377,574,982.5625,23.91109975491208,969,1077,48
