test_name,machine,compiler,core_mean,core_std,core_min,core_max,mem_mean,mem_std,mem_min,mem_max,n_hashes
cpld_control_pdlib_p8_intel,acorn,intel,786.1666666666666,4.706539615419728,780,794,1921.8333333333333,1.2673044646258675,1920,1924,12
cpld_control_pdlib_p8_intel,derecho,intel,783.4166666666666,17.31766482963323,766,818,1880.5833333333333,5.124953806148049,1878,1892,12
cpld_control_pdlib_p8_intel,gaeac6,intel,523.8333333333334,2.4802248187443015,521,529,6338.666666666667,0.6513389472789314,6338,6340,12
cpld_control_pdlib_p8_intel,hercules,intel,749.4615384615385,16.75119590066819,732,784,2091.5384615384614,4.054121043567565,2083,2097,13
cpld_control_pdlib_p8_intel,orion,intel,1239.5833333333333,46.09172344029864,1188,1305,2017.5833333333333,4.621261798043983,2009,2024,12
cpld_control_pdlib_p8_intel,ursa,intel,491.46153846153845,4.520608082536848,485,501,2163.6923076923076,11.227827152396943,2150,2182,13
cpld_control_pdlib_p8_intel,wcoss2,intel,807.9166666666666,6.828527504432257,800,826,1848.3333333333333,34.21677773823652,1830,1922,12
