test_name,machine,compiler,core_mean,core_std,core_min,core_max,mem_mean,mem_std,mem_min,mem_max,n_hashes
cpld_regional_atm_fbh_intel,derecho,intel,494.54545454545456,27.313387590136973,448,526,774.6136363636364,1.5879767599920527,772,778,44
cpld_regional_atm_fbh_intel,gaeac6,intel,372.93023255813955,11.735975112848125,361,390,6337.6511627906975,0.5293176618571378,6337,6339,43
cpld_regional_atm_fbh_intel,hera,intel,685.5,5.0,683,693,1177.75,3.3040379335998376,1174,1182,4
cpld_regional_atm_fbh_intel,hercules,intel,563.6086956521739,34.94216062827223,504,651,24522.260869565216,158995.5603330462,1066,1079440,46
cpld_regional_atm_fbh_intel,orion,intel,807.7777777777778,53.77262267636709,720,867,24960.133333333335,160157.73890557227,1072,1075456,45
cpld_regional_atm_fbh_intel,ursa,intel,875.12,557.2956068994154,340,1798,1133.64,3.7239434880299975,1124,1140,50
