test_name,machine,compiler,core_mean,core_std,core_min,core_max,mem_mean,mem_std,mem_min,mem_max,n_hashes
cpld_restart_gefs_intel,acorn,intel,493.5,23.9717821920568,459,526,3892.690476190476,5.466028545515906,3879,3905,42
cpld_restart_gefs_intel,hercules,intel,360.31111111111113,42.70076762255633,274,550,2814.488888888889,52.01906216266168,2759,2921,45
cpld_restart_gefs_intel,orion,intel,432.15555555555557,30.573276771148553,346,494,62700.6,402459.8232290567,2686,2702488,45
cpld_restart_gefs_intel,ursa,intel,381.28,28.879793091010736,308,432,2919.96,14.752322542846073,2889,2966,50
cpld_restart_gefs_intel,wcoss2,intel,441.7083333333333,34.66554996837536,397,582,2612.0208333333335,191.27817434895576,2565,3908,48
