test_name,machine,compiler,core_mean,core_std,core_min,core_max,mem_mean,mem_std,mem_min,mem_max,n_hashes
cpld_2threads_p8_intel,acorn,intel,451.64285714285717,18.04154523585368,415,499,3045.75,706.0994382285451,2112,3569,28
cpld_2threads_p8_intel,derecho,intel,884.2258064516129,40.42087717786389,840,990,2130.8387096774195,44.49127013560716,2066,2174,31
cpld_2threads_p8_intel,gaeac6,intel,356.19354838709677,18.55158457713466,332,389,6338.8387096774195,0.4543694673976842,6337,6339,31
cpld_2threads_p8_intel,hercules,intel,681.875,39.71003773322557,628,790,71377.125,390635.1504966396,2205,2212088,32
cpld_2threads_p8_intel,orion,intel,743.3225806451613,44.32109136500301,666,872,71839.96774193548,387497.8518455281,2152,2159740,31
cpld_2threads_p8_intel,ursa,intel,785.03125,47.40456244205384,673,860,2846.40625,172.5035501037213,2622,2990,32
cpld_2threads_p8_intel,wcoss2,intel,460.06451612903226,26.564306232073854,423,541,2087.7419354838707,47.16917619373596,2021,2135,31
