test_name,machine,compiler,core_mean,core_std,core_min,core_max,mem_mean,mem_std,mem_min,mem_max,n_hashes
cpld_s2sa_p8_intel,acorn,intel,499.25,5.011350752405621,492,506,3345.4166666666665,1.831955405041466,3343,3348,12
cpld_s2sa_p8_intel,derecho,intel,509.6666666666667,18.6368809979925,492,552,1996.0,2.0449494325821655,1992,1998,12
cpld_s2sa_p8_intel,gaeac6,intel,320.5833333333333,11.927495609521369,314,355,6338.416666666667,0.5149286505443439,6338,6339,12
cpld_s2sa_p8_intel,hercules,intel,462.6923076923077,45.316267526839646,404,532,2245.3076923076924,4.679469617107932,2235,2251,13
cpld_s2sa_p8_intel,orion,intel,482.1666666666667,30.685600215835116,457,543,2168.4166666666665,8.22919783269903,2148,2176,12
cpld_s2sa_p8_intel,ursa,intel,432.15384615384613,282.7778415864788,328,1350,3144.4615384615386,25.59171540627738,3112,3179,13
cpld_s2sa_p8_intel,wcoss2,intel,512.4166666666666,8.328028614627877,504,533,2191.1666666666665,538.9882497173138,1950,3346,12
