test_name,machine,compiler,core_mean,core_std,core_min,core_max,mem_mean,mem_std,mem_min,mem_max,n_hashes
cpld_control_c12_9deg_intel,acorn,intel,54.857142857142854,9.562557644835477,40,77,2038.142857142857,2.181646598680209,2035,2043,42
cpld_control_c12_9deg_intel,derecho,intel,45.65909090909091,15.529331859147813,34,96,2004.8181818181818,1.9798135603169285,2001,2011,44
cpld_control_c12_9deg_intel,gaeac6,intel,28.3953488372093,1.2177171241560563,27,33,6337.627906976744,0.5355573782762735,6337,6339,43
cpld_control_c12_9deg_intel,hercules,intel,51.67391304347826,30.402525003197486,31,127,49231.434782608696,319218.1325305561,2152,2167208,46
cpld_control_c12_9deg_intel,orion,intel,87.02222222222223,41.40843616774951,47,183,50276.73333333333,322741.9466635141,2148,2167184,45
cpld_control_c12_9deg_intel,ursa,intel,93.38,215.06865443957423,31,1034,2137.84,1.7304004491115768,2132,2143,50
cpld_control_c12_9deg_intel,wcoss2,intel,62.708333333333336,10.27899807463936,55,116,2051.3958333333335,2.16096494731998,2041,2055,48
