test_name,machine,compiler,core_mean,core_std,core_min,core_max,mem_mean,mem_std,mem_min,mem_max,n_hashes
cpld_control_p8_intel,acorn,intel,491.4193548387097,17.273822571641716,458,532,2916.7741935483873,645.2693861056493,1993,3357,31
cpld_control_p8_intel,derecho,intel,492.61764705882354,17.835977780508973,464,543,1991.0,33.82306905057543,1942,2028,34
cpld_control_p8_intel,gaeac6,intel,307.5882352941176,17.80043861744037,289,380,6338.705882352941,0.4624972900630073,6338,6339,34
cpld_control_p8_intel,hera,intel,721.0,,721,721,2276.0,,2276,2276,1
cpld_control_p8_intel,hercules,intel,528.7428571428571,38.626676896508016,477,637,64542.54285714286,368622.8341176147,2180,2183036,35
cpld_control_p8_intel,orion,intel,1062.1470588235295,40.53814690786569,1004,1187,64104.970588235294,361185.95363988983,2095,2108220,34
cpld_control_p8_intel,ursa,intel,451.25714285714287,28.39153027923361,397,537,2416.5714285714284,107.23456579312638,2260,2533,35
cpld_control_p8_intel,wcoss2,intel,500.8235294117647,27.04482316253975,461,565,2072.970588235294,412.27509830754025,1898,3376,34
