test_name,machine,compiler,core_mean,core_std,core_min,core_max,mem_mean,mem_std,mem_min,mem_max,n_hashes
cpld_mpi_gfsv17_intel,acorn,intel,919.5714285714286,9.001741991693525,898,939,1873.5238095238096,2.624816790243965,1868,1879,42
cpld_mpi_gfsv17_intel,derecho,intel,874.6363636363636,29.72047364883687,850,1032,1829.6818181818182,2.9156572299316044,1819,1834,44
cpld_mpi_gfsv17_intel,gaeac6,intel,607.2790697674419,19.29757643479931,598,721,6338.558139534884,0.5478236413036667,6338,6340,43
cpld_mpi_gfsv17_intel,hercules,intel,945.695652173913,85.25305326958939,765,1181,43769.565217391304,283802.59433961427,1916,1926768,46
cpld_mpi_gfsv17_intel,orion,intel,1573.6666666666667,121.6466567189951,1341,1725,43719.73333333333,280695.68674005795,1855,1884840,45
cpld_mpi_gfsv17_intel,ursa,intel,991.56,97.8061723355882,614,1052,1997.84,15.725139109082638,1975,2046,50
cpld_mpi_gfsv17_intel,wcoss2,intel,987.875,17.553110896010956,929,1051,1795.5416666666667,13.187612390701188,1786,1880,48
