test_name,machine,compiler,core_mean,core_std,core_min,core_max,mem_mean,mem_std,mem_min,mem_max,n_hashes
cpld_restart_c24_9deg_intel,acorn,intel,45.02325581395349,7.245650163383817,31,57,1452.9302325581396,2.881759951977226,1448,1457,43
cpld_restart_c24_9deg_intel,derecho,intel,35.18181818181818,14.387127203701084,24,61,1423.659090909091,1.7776805088494805,1419,1427,44
cpld_restart_c24_9deg_intel,gaeac6,intel,20.697674418604652,1.3720836383109043,19,25,6337.674418604651,0.6803686057172437,6336,6339,43
cpld_restart_c24_9deg_intel,hercules,intel,31.934782608695652,21.000954659690056,23,100,35268.45652173913,228689.24655335792,1540,1552596,46
cpld_restart_c24_9deg_intel,orion,intel,44.17777777777778,18.93924363576723,34,110,35926.0,230597.25446889194,1539,1548444,45
cpld_restart_c24_9deg_intel,ursa,intel,151.26,348.50659877218277,23,1258,1532.94,2.064372217663801,1529,1537,50
cpld_restart_c24_9deg_intel,wcoss2,intel,52.5625,7.445993496433913,42,74,1463.2291666666667,5.36434082458105,1453,1471,48
