test_name,machine,compiler,core_mean,core_std,core_min,core_max,mem_mean,mem_std,mem_min,mem_max,n_hashes
cpld_control_ciceC_p8_intel,acorn,intel,493.0571428571429,17.031014713894024,454,540,2967.342857142857,622.4689428991217,1993,3358,35
cpld_control_ciceC_p8_intel,derecho,intel,493.5263157894737,18.264922580469793,464,543,1993.0,29.9070632532255,1945,2025,38
cpld_control_ciceC_p8_intel,gaeac6,intel,306.3157894736842,13.666105760500443,289,348,6338.815789473684,0.5625839592785978,6338,6341,38
cpld_control_ciceC_p8_intel,hera,intel,679.6,15.709869509324381,661,703,2278.2,11.23387733598692,2260,2288,5
cpld_control_ciceC_p8_intel,hercules,intel,506.97435897435895,36.330708469113944,456,608,58296.846153846156,350099.0517038329,2178,2188604,39
cpld_control_ciceC_p8_intel,orion,intel,995.7631578947369,64.86927986989878,944,1331,57713.55263157895,342431.2750796667,2097,2113052,38
cpld_control_ciceC_p8_intel,ursa,intel,415.6666666666667,24.732605086928558,377,488,2424.2051282051284,103.63655611068475,2259,2526,39
cpld_control_ciceC_p8_intel,wcoss2,intel,501.42105263157896,26.611957867934525,459,557,2209.4473684210525,562.2282741824578,1898,3377,38
