test_name,machine,compiler,core_mean,core_std,core_min,core_max,mem_mean,mem_std,mem_min,mem_max,n_hashes
cpld_control_c24_5deg_intel,acorn,intel,83.33333333333333,8.154753215150043,67,108,2114.3777777777777,3.6449771721998845,2108,2120,45
cpld_control_c24_5deg_intel,derecho,intel,62.93333333333333,12.457929201917947,56,97,2076.6666666666665,1.623688281771993,2072,2080,45
cpld_control_c24_5deg_intel,gaeac6,intel,45.34090909090909,1.0102539818394232,44,48,6337.636363636364,0.486607099562516,6337,6338,44
cpld_control_c24_5deg_intel,hera,intel,71.0,0.7071067811865476,70,72,2257.2,2.7748873851022786,2254,2261,5
cpld_control_c24_5deg_intel,hercules,intel,68.46808510638297,25.1654102358858,53,149,49886.617021276594,326661.4172738011,2225,2241716,47
cpld_control_c24_5deg_intel,orion,intel,116.54347826086956,41.618215307850825,80,214,50812.04347826087,329432.53119231533,2221,2236560,46
cpld_control_c24_5deg_intel,ursa,intel,159.78,318.63582244772607,48,1152,2211.5,2.2610273987635603,2205,2217,50
cpld_control_c24_5deg_intel,wcoss2,intel,87.40816326530613,9.907737648228402,76,128,2122.8367346938776,5.153263281550669,2111,2129,49
