test_name,machine,compiler,core_mean,core_std,core_min,core_max,mem_mean,mem_std,mem_min,mem_max,n_hashes
cpld_control_nowave_noaero_p8_intel,acorn,intel,433.3333333333333,4.716187468965182,424,440,1986.0833333333333,1.5642792899510511,1984,1989,12
cpld_control_nowave_noaero_p8_intel,derecho,intel,442.0,18.566832598137808,414,478,1932.75,0.6215815605080341,1932,1934,12
cpld_control_nowave_noaero_p8_intel,gaeac6,intel,279.3333333333333,9.413079230839427,273,307,6338.75,0.4522670168664185,6338,6339,12
cpld_control_nowave_noaero_p8_intel,hercules,intel,364.2307692307692,20.62019174722457,349,400,2173.846153846154,5.474884379999228,2164,2181,13
cpld_control_nowave_noaero_p8_intel,orion,intel,410.9166666666667,35.28187361890812,388,507,2102.4166666666665,2.06522432562465,2098,2105,12
cpld_control_nowave_noaero_p8_intel,ursa,intel,406.38461538461536,404.9562812743985,287,1754,3003.6923076923076,11.018050458108958,2991,3027,13
cpld_control_nowave_noaero_p8_intel,wcoss2,intel,441.9166666666667,5.567083998146988,435,452,1902.5833333333333,36.40044538522059,1881,1982,12
