test_name,machine,compiler,core_mean,core_std,core_min,core_max,mem_mean,mem_std,mem_min,mem_max,n_hashes
cpld_control_gfsv17_intel,acorn,intel,792.1590909090909,8.778788340980185,775,808,1898.25,1.8315706818986213,1893,1904,44
cpld_control_gfsv17_intel,derecho,intel,780.4772727272727,32.80349430930544,753,959,1866.0227272727273,3.8669057178662514,1851,1872,44
cpld_control_gfsv17_intel,gaeac6,intel,531.3720930232558,34.68773850595924,517,698,6338.674418604651,0.6444240777829633,6338,6340,43
cpld_control_gfsv17_intel,hera,intel,1014.25,2.753785273643056,1011,1017,2082.25,6.238322424070967,2074,2088,4
cpld_control_gfsv17_intel,hercules,intel,931.9565217391304,112.20615085571323,700,1558,46036.45652173913,298536.3936649531,2004,2026792,46
cpld_control_gfsv17_intel,orion,intel,1353.6888888888889,63.05835040306357,1187,1449,45642.444444444445,293009.09645339404,1953,1967528,45
cpld_control_gfsv17_intel,ursa,intel,567.7,23.917588097635676,482,639,2061.52,24.194146703156854,2046,2173,50
cpld_control_gfsv17_intel,wcoss2,intel,830.7916666666666,12.39416186060806,798,874,1824.7291666666667,28.576690086713228,1807,1903,48
