test_name,machine,compiler,core_mean,core_std,core_min,core_max,mem_mean,mem_std,mem_min,mem_max,n_hashes
cpld_control_c24_9deg_intel,acorn,intel,79.25,10.399295593318294,64,98,2112.318181818182,4.107694013154802,2104,2119,44
cpld_control_c24_9deg_intel,derecho,intel,65.88636363636364,14.107916150064536,56,98,2074.4545454545455,1.5319017737431997,2071,2080,44
cpld_control_c24_9deg_intel,gaeac6,intel,45.325581395348834,1.084982559275191,44,47,6337.7441860465115,0.7268006622572897,6336,6339,43
cpld_control_c24_9deg_intel,hera,intel,81.0,,81,81,2253.0,,2253,2253,1
cpld_control_c24_9deg_intel,hercules,intel,69.26086956521739,24.074361450037525,53,128,50805.260869565216,329413.0557344843,2224,2236424,46
cpld_control_c24_9deg_intel,orion,intel,114.55555555555556,38.20670785676941,80,214,51916.48888888889,333250.08048676816,2223,2237748,45
cpld_control_c24_9deg_intel,ursa,intel,196.18,344.0721738477648,48,1151,2210.36,2.1642739273606533,2207,2216,50
cpld_control_c24_9deg_intel,wcoss2,intel,86.14583333333333,9.19294267552349,78,121,2122.4166666666665,4.915599715942937,2109,2129,48
