test_name,machine,compiler,core_mean,core_std,core_min,core_max,mem_mean,mem_std,mem_min,mem_max,n_hashes
cpld_control_p8_lnd_intel,acorn,intel,481.0952380952381,24.31682096099825,431,517,2358.095238095238,602.6907879090486,1994,3359,42
cpld_control_p8_lnd_intel,gaeac6,intel,298.48837209302326,24.629030579517774,269,396,6338.7441860465115,0.4924681887630391,6337,6339,43
cpld_control_p8_lnd_intel,hercules,intel,500.54347826086956,64.59642457313599,367,710,48863.608695652176,316696.286855437,2140,2150108,46
cpld_control_p8_lnd_intel,orion,intel,876.6666666666666,264.46257683357493,419,1106,48288.933333333334,309903.0250624159,2061,2080984,45
cpld_control_p8_lnd_intel,ursa,intel,432.82,36.37597884228951,316,495,2343.44,101.08960664394992,2272,2558,50
