test_name,machine,compiler,core_mean,core_std,core_min,core_max,mem_mean,mem_std,mem_min,mem_max,n_hashes
cpld_dcp_gefs_intel,hera,intel,956.75,22.544400635190975,934,979,3055.5,15.6737572606783,3034,3069,4
cpld_dcp_gefs_intel,hercules,intel,959.0888888888888,72.00467857975435,812,1101,3195.3555555555554,54.5307067604846,3131,3321,45
cpld_dcp_gefs_intel,orion,intel,1281.7333333333333,90.51880768909052,1119,1542,70115.26666666666,449870.5626608512,3039,3020876,45
cpld_dcp_gefs_intel,ursa,intel,1905.2,254.40542928361336,905,2076,3434.76,14.438553831138869,3398,3462,50
