test_name,machine,compiler,core_mean,core_std,core_min,core_max,mem_mean,mem_std,mem_min,mem_max,n_hashes
cpld_control_p8_gnu,derecho,gnu,581.9090909090909,12.177475481022753,565,610,1663.5454545454545,11.622079300741673,1643,1679,11
cpld_control_p8_gnu,hercules,gnu,643.4166666666666,20.549091257648165,611,675,1713.5833333333333,6.2443914229029716,1704,1723,12
cpld_control_p8_gnu,ursa,gnu,459.5833333333333,3.0289011909011543,456,466,1589.9166666666667,7.254570137422856,1573,1597,12
