test_name,machine,compiler,core_mean,core_std,core_min,core_max,mem_mean,mem_std,mem_min,mem_max,n_hashes
cpld_control_pdlib_p8_intel,acorn,intel,788.8823529411765,6.622710481188773,780,805,1922.235294117647,1.2514697241996142,1920,1924,17
cpld_control_pdlib_p8_intel,derecho,intel,779.0588235294117,16.246040241530014,764,818,1879.1176470588234,4.935614867232566,1874,1892,17
cpld_control_pdlib_p8_intel,gaeac6,intel,524.2941176470588,2.443478715948668,521,529,6338.64705882353,0.6063390625908819,6338,6340,17
cpld_control_pdlib_p8_intel,hera,intel,911.6,3.2093613071762466,908,915,2121.6,6.1073725938409895,2117,2132,5
cpld_control_pdlib_p8_intel,hercules,intel,749.1666666666666,15.737740326623586,732,784,2090.0,4.550371671956298,2082,2097,18
cpld_control_pdlib_p8_intel,orion,intel,1233.4705882352941,41.22213854086611,1188,1305,2018.1176470588234,4.2848913775785675,2009,2025,17
cpld_control_pdlib_p8_intel,ursa,intel,495.0,11.812256844680693,485,539,2163.3888888888887,10.550377126735318,2149,2182,18
cpld_control_pdlib_p8_intel,wcoss2,intel,805.8235294117648,8.210018986866332,790,826,1870.6470588235295,45.54797083360389,1830,1925,17
