test_name,machine,compiler,core_mean,core_std,core_min,core_max,mem_mean,mem_std,mem_min,mem_max,n_hashes
cpld_control_noaero_p8_agrid_intel,acorn,intel,335.0,23.303857351130944,303,373,1989.0681818181818,1.7966082679592588,1985,1992,44
cpld_control_noaero_p8_agrid_intel,derecho,intel,355.84090909090907,29.368503284996482,316,482,1929.1818181818182,1.4022030386225073,1926,1935,44
cpld_control_noaero_p8_agrid_intel,gaeac6,intel,213.51162790697674,13.663249444479142,197,251,6338.558139534884,0.6287677132370313,6338,6340,43
cpld_control_noaero_p8_agrid_intel,hera,intel,264.0,,264,264,2183.0,,2183,2183,1
cpld_control_noaero_p8_agrid_intel,hercules,intel,280.9347826086956,38.777084970902344,239,399,48448.717391304344,314050.70815407176,2133,2132140,46
cpld_control_noaero_p8_agrid_intel,orion,intel,316.3333333333333,40.52664667732935,268,404,48387.0,310576.5782362043,2054,2085500,45
cpld_control_noaero_p8_agrid_intel,ursa,intel,234.44,19.84856957782385,203,287,2176.92,13.269329374192854,2151,2217,50
cpld_control_noaero_p8_agrid_intel,wcoss2,intel,342.0833333333333,20.660202603827614,309,411,1899.8333333333333,23.914149050775197,1880,1991,48
