test_name,machine,compiler,core_mean,core_std,core_min,core_max,mem_mean,mem_std,mem_min,mem_max,n_hashes
cpld_control_pdlib_p8_gnu,derecho,gnu,700.0909090909091,12.895383247151223,688,734,1588.909090909091,10.192689001971388,1573,1609,11
cpld_control_pdlib_p8_gnu,hercules,gnu,837.75,11.177290287982077,825,865,1586.0,6.494753127087881,1572,1596,12
cpld_control_pdlib_p8_gnu,ursa,gnu,625.75,315.0134557010657,530,1626,1559.6666666666667,8.886489575175172,1540,1573,12
