test_name,machine,compiler,core_mean,core_std,core_min,core_max,mem_mean,mem_std,mem_min,mem_max,n_hashes
cpld_restart_c12_9deg_intel,acorn,intel,40.53658536585366,7.131260621291336,28,52,1395.658536585366,1.5265935296856323,1393,1400,41
cpld_restart_c12_9deg_intel,derecho,intel,33.20454545454545,14.2609884935035,21,57,1362.5227272727273,1.848803967416885,1359,1368,44
cpld_restart_c12_9deg_intel,gaeac6,intel,18.13953488372093,0.9406531507121145,17,21,6337.604651162791,0.7283227595521549,6337,6340,43
cpld_restart_c12_9deg_intel,hercules,intel,32.47826086956522,25.89615083403948,20,116,34167.086956521736,221518.87229376956,1494,1503920,46
cpld_restart_c12_9deg_intel,orion,intel,43.13333333333333,22.07075399296956,30,115,34932.91111111111,224218.52841367037,1494,1505612,45
cpld_restart_c12_9deg_intel,ursa,intel,134.4,332.5874443860822,21,1248,1491.88,2.730328529234283,1486,1496,50
cpld_restart_c12_9deg_intel,wcoss2,intel,50.645833333333336,8.003960677366097,41,78,1406.625,1.78200222078804,1404,1409,48
