test_name,machine,compiler,core_mean,core_std,core_min,core_max,mem_mean,mem_std,mem_min,mem_max,n_hashes
cpld_restart_gfsv17_intel,acorn,intel,385.30232558139534,31.576464173510576,363,577,1071.1162790697674,3.580431620200562,1064,1079,43
cpld_restart_gfsv17_intel,derecho,intel,399.72727272727275,11.560485296733152,383,442,1022.7954545454545,6.297210698339472,1009,1032,44
cpld_restart_gfsv17_intel,gaeac6,intel,251.53488372093022,2.881375640452892,246,260,6338.697674418605,0.8028189537033837,6338,6342,43
cpld_restart_gfsv17_intel,hercules,intel,368.6521739130435,47.46283570275653,318,580,30707.043478260868,199091.37288312358,1325,1351656,46
cpld_restart_gfsv17_intel,orion,intel,611.6666666666666,76.85020849324056,554,963,28504.844444444443,182943.57028006247,1210,1228456,45
cpld_restart_gfsv17_intel,ursa,intel,229.96,4.5667833541872405,220,243,1506.5,51.70964856873464,1462,1715,50
cpld_restart_gfsv17_intel,wcoss2,intel,392.6041666666667,28.272789401956366,377,574,980.625,20.439453921172753,969,1077,48
