test_name,machine,compiler,core_mean,core_std,core_min,core_max,mem_mean,mem_std,mem_min,mem_max,n_hashes
cpld_regional_atm_fbh_intel,derecho,intel,491.59090909090907,29.147833444411805,448,526,774.5227272727273,1.547520693232615,772,778,44
cpld_regional_atm_fbh_intel,gaeac6,intel,372.83720930232556,11.71472462241259,361,390,6337.627906976744,0.5355573782765276,6337,6339,43
cpld_regional_atm_fbh_intel,hera,intel,683.0,,683,683,1178.0,,1178,1178,1
cpld_regional_atm_fbh_intel,hercules,intel,559.0434782608696,37.727064568638184,502,651,24521.521739130436,158995.67170960477,1066,1079440,46
cpld_regional_atm_fbh_intel,orion,intel,801.5777777777778,56.193047486842936,720,867,24960.044444444444,160157.75243844537,1072,1075456,45
cpld_regional_atm_fbh_intel,ursa,intel,893.56,559.4645822351137,340,1798,1133.64,3.618320729006648,1124,1139,50
