test_name,machine,compiler,core_mean,core_std,core_min,core_max,mem_mean,mem_std,mem_min,mem_max,n_hashes
cpld_control_noaero_p8_intel,acorn,intel,273.2,6.356099432828281,262,280,1916.1,1.2866839377078938,1914,1918,10
cpld_control_noaero_p8_intel,derecho,intel,293.6,14.198591479439074,283,320,1871.7,1.2516655570345951,1870,1874,10
cpld_control_noaero_p8_intel,gaeac6,intel,175.7,10.07802890781063,169,201,6338.8,0.6324555320335711,6338,6340,10
cpld_control_noaero_p8_intel,hercules,intel,454.27272727272725,15.113509910612482,439,497,2046.5454545454545,4.7825440168102205,2038,2053,11
cpld_control_noaero_p8_intel,orion,intel,959.1,40.319419087526,922,1055,1990.1,5.363456596884777,1986,2001,10
cpld_control_noaero_p8_intel,ursa,intel,392.8181818181818,12.929177714133125,373,413,2086.7272727272725,12.49872720792723,2068,2104,11
cpld_control_noaero_p8_intel,wcoss2,intel,289.6,5.12510162500869,282,296,1822.6,1.4298407059684926,1820,1825,10
