test_name,machine,compiler,core_mean,core_std,core_min,core_max,mem_mean,mem_std,mem_min,mem_max,n_hashes
cpld_s2sa_p8_intel,acorn,intel,500.29411764705884,5.120604284192846,492,511,3345.8823529411766,1.8331105033921937,3343,3349,17
cpld_s2sa_p8_intel,derecho,intel,507.1764705882353,16.9050114393545,482,552,1997.1764705882354,2.579614654305076,1992,2001,17
cpld_s2sa_p8_intel,gaeac6,intel,319.05882352941177,10.200922680297685,314,355,6338.411764705882,0.5072996561957909,6338,6339,17
cpld_s2sa_p8_intel,hera,intel,425.2,4.4944410108488455,421,431,2264.4,8.532291603080578,2253,2277,5
cpld_s2sa_p8_intel,hercules,intel,451.94444444444446,45.10702595882012,400,532,2245.6111111111113,4.285939925588356,2235,2252,18
cpld_s2sa_p8_intel,orion,intel,483.1764705882353,28.432453495340592,457,543,2168.705882352941,8.46141762562837,2148,2177,17
cpld_s2sa_p8_intel,ursa,intel,423.8888888888889,245.56295200761213,328,1350,3134.6666666666665,27.947429640834805,3093,3179,18
cpld_s2sa_p8_intel,wcoss2,intel,516.4705882352941,11.785147681821941,504,548,2529.705882352941,701.4107894723572,1950,3346,17
