test_name,machine,compiler,core_mean,core_std,core_min,core_max,mem_mean,mem_std,mem_min,mem_max,n_hashes
cpld_control_p8_mixedmode_intel,acorn,intel,394.8,4.211096452627671,389,404,3322.7,0.8232726023485679,3321,3324,10
cpld_control_p8_mixedmode_intel,derecho,intel,400.0,19.8270298106174,382,435,1977.6,0.9660917830793109,1976,1979,10
cpld_control_p8_mixedmode_intel,gaeac6,intel,249.6,19.608388227717462,240,303,6338.6,0.5163977794943561,6338,6339,10
cpld_control_p8_mixedmode_intel,hercules,intel,496.3636363636364,31.180996543640894,459,569,2158.7272727272725,4.4066066103274935,2149,2163,11
cpld_control_p8_mixedmode_intel,orion,intel,989.3,36.496727402756434,948,1052,2099.3,2.359378449224825,2095,2101,10
cpld_control_p8_mixedmode_intel,ursa,intel,402.6363636363636,13.662157423135834,382,425,2180.2727272727275,7.029806670043131,2171,2195,11
cpld_control_p8_mixedmode_intel,wcoss2,intel,408.9,5.486346689738073,398,414,1937.8,5.533734925185873,1927,1946,10
