test_name,machine,compiler,core_mean,core_std,core_min,core_max,mem_mean,mem_std,mem_min,mem_max,n_hashes
cpld_mpi_pdlib_p8_intel,acorn,intel,913.2857142857143,4.2504039885561555,907,921,1890.0714285714287,1.384768001357058,1887,1892,14
cpld_mpi_pdlib_p8_intel,derecho,intel,879.7142857142857,16.90893515015325,862,909,1838.642857142857,1.2774459408789507,1836,1840,14
cpld_mpi_pdlib_p8_intel,gaeac6,intel,607.7142857142857,5.02958281537379,604,623,6338.857142857143,0.8644378215074904,6338,6340,14
cpld_mpi_pdlib_p8_intel,hera,intel,1070.5,6.363961030678928,1066,1075,1929.5,2.1213203435596424,1928,1931,2
cpld_mpi_pdlib_p8_intel,hercules,intel,806.3333333333334,14.205967894146612,788,840,1995.0666666666666,5.457192719792154,1985,2005,15
cpld_mpi_pdlib_p8_intel,orion,intel,1412.7857142857142,46.28536663822769,1368,1508,1933.2857142857142,3.451389272754998,1928,1937,14
cpld_mpi_pdlib_p8_intel,ursa,intel,708.4,7.962411694957759,697,729,2098.0,8.37513326119993,2087,2118,15
cpld_mpi_pdlib_p8_intel,wcoss2,intel,933.1428571428571,10.01427552475544,912,949,1829.9285714285713,40.71375553925097,1800,1893,14
