test_name,machine,compiler,core_mean,core_std,core_min,core_max,mem_mean,mem_std,mem_min,mem_max,n_hashes
cpld_restart_c24_9deg_intel,acorn,intel,45.0,7.280109889280517,31,57,1453.0731707317073,2.866969165359527,1448,1457,41
cpld_restart_c24_9deg_intel,derecho,intel,36.34090909090909,14.510530549526866,24,61,1423.7954545454545,1.9117694890549173,1419,1427,44
cpld_restart_c24_9deg_intel,gaeac6,intel,20.72093023255814,1.385736548096678,19,25,6337.674418604651,0.6803686057171789,6336,6339,43
cpld_restart_c24_9deg_intel,hercules,intel,33.21739130434783,22.151912928160662,23,100,35268.782608695656,228689.1974035127,1540,1552596,46
cpld_restart_c24_9deg_intel,orion,intel,42.48888888888889,16.11411326957355,34,104,35926.0,230597.25447283435,1539,1548444,45
cpld_restart_c24_9deg_intel,ursa,intel,151.2,348.5286859039858,23,1258,1533.12,2.0467993929797657,1529,1537,50
cpld_restart_c24_9deg_intel,wcoss2,intel,53.333333333333336,9.465128233799556,42,93,1463.7708333333333,4.990371935711688,1457,1471,48
