test_name,machine,compiler,core_mean,core_std,core_min,core_max,mem_mean,mem_std,mem_min,mem_max,n_hashes
cpld_control_sfs_intel,acorn,intel,722.0454545454545,23.85513892805821,668,766,2195.568181818182,2.63604466977642,2190,2201,44
cpld_control_sfs_intel,derecho,intel,653.2432432432432,19.185361035906425,614,700,2162.108108108108,5.601506661325808,2151,2175,37
cpld_control_sfs_intel,gaeac6,intel,443.06976744186045,10.8043098738138,427,477,6338.627906976744,0.655498930802541,6338,6340,43
cpld_control_sfs_intel,hera,intel,672.0,,672,672,2224.0,,2224,2224,1
cpld_control_sfs_intel,hercules,intel,632.8695652173913,62.469053207933726,542,876,52546.282608695656,340731.8568643196,2302,2313264,46
cpld_control_sfs_intel,orion,intel,818.2,43.23014520615743,747,949,51712.46666666667,331953.57100672706,2219,2229040,45
cpld_control_sfs_intel,ursa,intel,520.32,25.67333246775727,490,622,2398.46,9.787976797884168,2375,2426,50
cpld_control_sfs_intel,wcoss2,intel,729.5,14.535356746385052,696,776,2107.6875,24.105403517124678,2096,2200,48
