test_name,machine,compiler,core_mean,core_std,core_min,core_max,mem_mean,mem_std,mem_min,mem_max,n_hashes
cpld_control_noaero_p8_intel,acorn,intel,274.52941176470586,5.789188706749244,262,281,1915.8235294117646,1.074435556329827,1914,1918,17
cpld_control_noaero_p8_intel,derecho,intel,290.29411764705884,11.862570894847968,280,320,1871.4705882352941,1.280510008689096,1869,1874,17
cpld_control_noaero_p8_intel,gaeac6,intel,174.1764705882353,7.954835747185853,169,201,6338.705882352941,0.6859943405700969,6338,6340,17
cpld_control_noaero_p8_intel,hera,intel,663.8,21.85634919193961,638,691,2104.2,4.658325879540873,2099,2110,5
cpld_control_noaero_p8_intel,hercules,intel,452.1666666666667,12.349089035228461,438,497,2045.7777777777778,4.6722655489041935,2038,2053,18
cpld_control_noaero_p8_intel,orion,intel,953.8823529411765,35.18501519280114,916,1055,1991.4705882352941,4.784318747988385,1986,2001,17
cpld_control_noaero_p8_intel,ursa,intel,392.27777777777777,12.150069259330834,373,413,2088.3888888888887,12.209634040326181,2068,2105,18
cpld_control_noaero_p8_intel,wcoss2,intel,289.94117647058823,4.616148126892352,282,296,1862.4705882352941,49.19745629483651,1820,1924,17
