test_name,machine,compiler,core_mean,core_std,core_min,core_max,mem_mean,mem_std,mem_min,mem_max,n_hashes
cpld_control_c12_9deg_intel,acorn,intel,54.68292682926829,9.613633611674217,40,77,2038.0975609756097,2.1886625830490267,2035,2043,41
cpld_control_c12_9deg_intel,derecho,intel,46.40909090909091,15.748485614634,34,96,2004.8181818181818,1.9798135603170248,2001,2011,44
cpld_control_c12_9deg_intel,gaeac6,intel,28.372093023255815,1.2348752744798126,27,33,6337.627906976744,0.5355573782759887,6337,6339,43
cpld_control_c12_9deg_intel,hercules,intel,51.67391304347826,30.40252500319749,31,127,49231.69565217391,319218.0932156898,2152,2167208,46
cpld_control_c12_9deg_intel,orion,intel,85.84444444444445,41.78296496918525,47,183,50276.955555555556,322741.91278488055,2148,2167184,45
cpld_control_c12_9deg_intel,ursa,intel,93.4,215.0629713192233,31,1034,2137.84,1.7304004491115104,2132,2143,50
cpld_control_c12_9deg_intel,wcoss2,intel,62.666666666666664,10.277704299782071,55,116,2051.5416666666665,1.6105811470414793,2048,2055,48
