test_name,machine,compiler,core_mean,core_std,core_min,core_max,mem_mean,mem_std,mem_min,mem_max,n_hashes
cpld_restart_gfsv17_iau_intel,acorn,intel,388.8048780487805,9.410684120177235,371,413,1933.9512195121952,1.596108071406718,1930,1936,41
cpld_restart_gfsv17_iau_intel,derecho,intel,408.45454545454544,15.579435678728974,386,454,1885.659090909091,6.5590100707212,1865,1905,44
cpld_restart_gfsv17_iau_intel,gaeac6,intel,256.1860465116279,3.1491178957915564,252,266,6338.581395348837,0.6980434609040278,6338,6340,43
cpld_restart_gfsv17_iau_intel,hercules,intel,434.19565217391306,49.82128932058282,325,550,50310.84782608696,326191.05927640817,2189,2214552,46
cpld_restart_gfsv17_iau_intel,orion,intel,637.0,57.95021374186019,555,774,48329.28888888889,310174.95678059896,2068,2082808,45
cpld_restart_gfsv17_iau_intel,ursa,intel,277.28,13.566224566163989,235,322,2358.6,33.85684146942417,2319,2486,50
cpld_restart_gfsv17_iau_intel,wcoss2,intel,412.4583333333333,12.28553609587798,401,476,1839.2708333333333,5.310525811740574,1822,1848,48
