test_name,machine,compiler,core_mean,core_std,core_min,core_max,mem_mean,mem_std,mem_min,mem_max,n_hashes
cpld_warmstart_c48_5deg_intel,acorn,intel,128.41860465116278,8.212164490905682,112,149,2896.9302325581393,4.992352956259104,2889,2906,43
cpld_warmstart_c48_5deg_intel,derecho,intel,112.4090909090909,19.62238657677216,98,196,2858.340909090909,1.867010815954832,2855,2864,44
cpld_warmstart_c48_5deg_intel,gaeac6,intel,77.46511627906976,2.938649164961456,74,94,6337.604651162791,0.9034203494478036,6337,6341,43
cpld_warmstart_c48_5deg_intel,hercules,intel,116.82608695652173,34.49464006533065,97,259,68924.45652173914,446871.07476555277,3028,3033864,46
cpld_warmstart_c48_5deg_intel,orion,intel,180.22222222222223,40.72518144883341,143,265,70371.95555555556,451699.3579418101,3026,3033128,45
cpld_warmstart_c48_5deg_intel,ursa,intel,128.4,171.75659093790912,79,1257,3019.44,1.7975039382886133,3014,3024,50
cpld_warmstart_c48_5deg_intel,wcoss2,intel,138.70833333333334,15.788439526914475,125,218,2902.7083333333335,1.3676868705544214,2900,2905,48
