test_name,machine,compiler,core_mean,core_std,core_min,core_max,mem_mean,mem_std,mem_min,mem_max,n_hashes
cpld_restart_c24_5deg_intel,acorn,intel,43.904761904761905,7.450027087230257,31,65,1452.7857142857142,3.3021479652897927,1448,1458,42
cpld_restart_c24_5deg_intel,derecho,intel,35.65909090909091,14.598412117885843,24,75,1423.1818181818182,1.6178183310309981,1420,1426,44
cpld_restart_c24_5deg_intel,gaeac6,intel,21.023255813953487,2.0411058171517302,19,31,6337.604651162791,0.7283227595523141,6337,6341,43
cpld_restart_c24_5deg_intel,hercules,intel,33.73913043478261,22.998004534315285,22,108,35204.36956521739,228246.75029424325,1540,1549596,46
cpld_restart_c24_5deg_intel,orion,intel,49.06666666666667,25.602201609875806,34,125,35925.22222222222,230594.32387438734,1538,1548424,45
cpld_restart_c24_5deg_intel,ursa,intel,188.62,399.48823844146057,24,1253,1532.8,2.0404081224409603,1527,1537,50
cpld_restart_c24_5deg_intel,wcoss2,intel,54.333333333333336,9.592402430943102,43,91,1463.6041666666667,4.418238713937237,1453,1470,48
