test_name,machine,compiler,core_mean,core_std,core_min,core_max,mem_mean,mem_std,mem_min,mem_max,n_hashes
cpld_regional_atm_fbh_intel,derecho,intel,494.64444444444445,27.009388565961103,448,526,774.6666666666666,1.6096301099659884,772,778,45
cpld_regional_atm_fbh_intel,gaeac6,intel,372.70454545454544,11.694919480229364,361,390,6337.636363636364,0.5322575478577557,6337,6339,44
cpld_regional_atm_fbh_intel,hera,intel,691.0,13.038404810405298,683,713,1178.0,2.9154759474226526,1174,1182,5
cpld_regional_atm_fbh_intel,hercules,intel,563.9148936170212,34.623961159888644,504,651,24023.44680851064,157295.02937872053,1066,1079440,47
cpld_regional_atm_fbh_intel,orion,intel,808.2608695652174,53.27264663246094,720,867,24441.108695652172,158407.32929090376,1072,1075456,46
cpld_regional_atm_fbh_intel,ursa,intel,876.66,555.8913272889783,351,1798,1133.64,3.7239434880299696,1124,1140,50
