test_name,machine,compiler,core_mean,core_std,core_min,core_max,mem_mean,mem_std,mem_min,mem_max,n_hashes
cpld_restart_gfsv17_iau_intel,acorn,intel,388.53333333333336,9.109435667582156,371,413,1933.6666666666667,1.7188791273808304,1930,1936,45
cpld_restart_gfsv17_iau_intel,derecho,intel,407.6222222222222,15.716651402672627,386,454,1885.3555555555556,6.346636745536784,1865,1905,45
cpld_restart_gfsv17_iau_intel,gaeac6,intel,256.6363636363636,2.837382589239018,252,266,6338.659090909091,0.6800540955973824,6338,6340,44
cpld_restart_gfsv17_iau_intel,hera,intel,478.4,11.458621208504972,467,494,2202.6,9.396807968666813,2189,2211,5
cpld_restart_gfsv17_iau_intel,hercules,intel,443.6808510638298,38.470263153324446,328,550,49283.765957446805,322702.85078315384,2189,2214552,47
cpld_restart_gfsv17_iau_intel,orion,intel,645.1739130434783,50.51833741780244,555,774,47321.608695652176,306785.3419707502,2068,2082808,46
cpld_restart_gfsv17_iau_intel,ursa,intel,277.14,13.511914621351556,235,322,2358.8,33.947137777216255,2319,2486,50
cpld_restart_gfsv17_iau_intel,wcoss2,intel,411.46938775510205,12.706792869721832,396,476,1852.6122448979593,32.90631672296518,1822,1935,49
