test_name,machine,compiler,core_mean,core_std,core_min,core_max,mem_mean,mem_std,mem_min,mem_max,n_hashes
cpld_control_c48_5deg_intel,acorn,intel,363.9756097560976,8.923249982147876,348,394,2889.439024390244,2.890058654143696,2885,2894,41
cpld_control_c48_5deg_intel,derecho,intel,322.6818181818182,17.94795152821616,304,353,2852.590909090909,1.7296078574003146,2850,2856,44
cpld_control_c48_5deg_intel,gaeac6,intel,244.93023255813952,3.5683486165719454,238,249,6337.720930232558,0.5035862528545842,6337,6339,43
cpld_control_c48_5deg_intel,hercules,intel,344.5869565217391,32.402726968201996,315,430,69662.60869565218,451782.36307282484,3035,3067188,46
cpld_control_c48_5deg_intel,orion,intel,510.46666666666664,49.20024020636115,455,656,70657.42222222222,453537.18222136423,3029,3045468,45
cpld_control_c48_5deg_intel,ursa,intel,518.32,405.4348856852506,241,1432,3032.08,2.8416724020929367,3025,3038,50
cpld_control_c48_5deg_intel,wcoss2,intel,371.0625,11.922455569575883,360,435,2896.875,1.7939022008974885,2894,2901,48
