test_name,machine,compiler,core_mean,core_std,core_min,core_max,mem_mean,mem_std,mem_min,mem_max,n_hashes
cpld_decomp_p8_intel,acorn,intel,483.23333333333335,18.113975045638746,449,531,2892.133333333333,650.3936597505224,1984,3347,30
cpld_decomp_p8_intel,derecho,intel,476.4848484848485,18.373080192433058,450,534,1986.2424242424242,37.72932405887226,1932,2025,33
cpld_decomp_p8_intel,gaeac6,intel,301.5151515151515,22.60962352091639,282,405,6338.69696969697,0.46669372215930655,6338,6339,33
cpld_decomp_p8_intel,hercules,intel,510.0,40.28384141051942,455,629,65923.08823529411,371466.4306709507,2161,2168220,34
cpld_decomp_p8_intel,orion,intel,995.3333333333334,32.061139509797016,937,1043,65814.54545454546,365742.2053298001,2064,2103176,33
cpld_decomp_p8_intel,ursa,intel,413.1764705882353,22.256726035795154,370,468,2380.794117647059,104.91144300523314,2231,2486,34
cpld_decomp_p8_intel,wcoss2,intel,494.3636363636364,28.108960072610937,453,544,2028.1818181818182,346.3711389667028,1897,3366,33
