test_name,machine,compiler,core_mean,core_std,core_min,core_max,mem_mean,mem_std,mem_min,mem_max,n_hashes
cpld_control_c24_9deg_intel,acorn,intel,78.93333333333334,9.886630090453192,64,98,2112.1111111111113,4.1188161484395795,2104,2119,45
cpld_control_c24_9deg_intel,derecho,intel,63.733333333333334,12.762516138356819,56,98,2074.2,1.3245925617131202,2071,2076,45
cpld_control_c24_9deg_intel,gaeac6,intel,45.45454545454545,1.1092537918033083,44,48,6337.727272727273,0.8173592294312131,6336,6339,44
cpld_control_c24_9deg_intel,hera,intel,73.6,4.219004621945796,71,81,2255.2,2.7748873851023705,2253,2260,5
cpld_control_c24_9deg_intel,hercules,intel,70.19148936170212,24.807641089576258,53,128,49771.63829787234,325889.85488908243,2224,2236424,47
cpld_control_c24_9deg_intel,orion,intel,116.6304347826087,39.009035247207464,80,214,50836.217391304344,329607.9412528306,2223,2237748,46
cpld_control_c24_9deg_intel,ursa,intel,185.74,340.147375622475,48,1151,2210.38,2.15605459777147,2207,2216,50
cpld_control_c24_9deg_intel,wcoss2,intel,86.71428571428571,9.280355596635292,78,121,2121.081632653061,6.16724119404922,2108,2129,49
