test_name,machine,compiler,core_mean,core_std,core_min,core_max,mem_mean,mem_std,mem_min,mem_max,n_hashes
cpld_warmstart_c24_5deg_intel,acorn,intel,58.46666666666667,7.316233506885406,41,73,2113.288888888889,2.2117683404731343,2110,2119,45
cpld_warmstart_c24_5deg_intel,derecho,intel,40.15555555555556,12.87872727258467,32,74,2076.511111111111,1.5018507101427387,2074,2079,45
cpld_warmstart_c24_5deg_intel,gaeac6,intel,26.727272727272727,1.1686532969795733,25,30,6337.522727272727,0.5493605739122113,6337,6339,44
cpld_warmstart_c24_5deg_intel,hera,intel,41.8,1.303840481040529,41,44,2255.2,2.3874672772627097,2253,2259,5
cpld_warmstart_c24_5deg_intel,hercules,intel,47.148936170212764,27.44637358116199,30,112,49722.0,325549.1047550678,2226,2234088,47
cpld_warmstart_c24_5deg_intel,orion,intel,85.04347826086956,38.49961415202849,46,165,50738.108695652176,328940.2748955587,2224,2233220,46
cpld_warmstart_c24_5deg_intel,ursa,intel,59.1,160.1076487356974,29,1153,2209.42,2.5159896823383345,2195,2212,50
cpld_warmstart_c24_5deg_intel,wcoss2,intel,62.795918367346935,12.745881020674767,54,131,2120.5714285714284,3.8405728739348777,2111,2125,49
