test_name,machine,compiler,core_mean,core_std,core_min,core_max,mem_mean,mem_std,mem_min,mem_max,n_hashes
cpld_control_gfsv17_intel,acorn,intel,793.2045454545455,9.362417560613322,775,810,1898.2045454545455,1.8749207171398623,1893,1904,44
cpld_control_gfsv17_intel,derecho,intel,781.0227272727273,33.0239438409105,753,959,1865.659090909091,4.398430913765914,1851,1872,44
cpld_control_gfsv17_intel,gaeac6,intel,530.9767441860465,34.831901341328596,515,698,6338.720930232558,0.6296477244629618,6338,6340,43
cpld_control_gfsv17_intel,hera,intel,1011.0,,1011,1011,2074.0,,2074,2074,1
cpld_control_gfsv17_intel,hercules,intel,920.304347826087,123.89455544762738,700,1558,46037.36956521739,298536.25606983434,2004,2026792,46
cpld_control_gfsv17_intel,orion,intel,1344.7333333333333,69.69557179098776,1182,1449,45643.311111111114,293008.96433493,1953,1967528,45
cpld_control_gfsv17_intel,ursa,intel,567.68,23.96889140327605,482,639,2061.12,24.20376088165491,2046,2173,50
cpld_control_gfsv17_intel,wcoss2,intel,832.2916666666666,10.89399274895043,803,874,1819.4375,21.57905431445923,1806,1903,48
