test_name,machine,compiler,core_mean,core_std,core_min,core_max,mem_mean,mem_std,mem_min,mem_max,n_hashes
cpld_restart_c24_9deg_intel,acorn,intel,45.355555555555554,7.370566635290161,31,57,1452.6444444444444,2.664203407771179,1448,1457,45
cpld_restart_c24_9deg_intel,derecho,intel,32.08888888888889,12.745448781681427,23,60,1423.2222222222222,1.8815961416850493,1419,1426,45
cpld_restart_c24_9deg_intel,gaeac6,intel,21.068181818181817,2.0046194010129574,19,31,6337.681818181818,0.7078538567053395,6336,6339,44
cpld_restart_c24_9deg_intel,hera,intel,32.8,1.3038404810405297,32,35,1578.2,2.1679483388678644,1577,1582,5
cpld_restart_c24_9deg_intel,hercules,intel,30.170212765957448,18.515938080400485,23,100,34550.53191489362,226243.378251968,1538,1552596,47
cpld_restart_c24_9deg_intel,orion,intel,45.23913043478261,21.342898670787378,34,112,35178.36956521739,228077.0413143924,1537,1548444,46
cpld_restart_c24_9deg_intel,ursa,intel,139.66,343.4220114657529,23,1271,1532.64,1.9770107305149813,1529,1537,50
cpld_restart_c24_9deg_intel,wcoss2,intel,53.224489795918366,8.173293160558686,42,74,1461.9183673469388,5.995959523899845,1452,1471,49
