test_name,machine,compiler,core_mean,core_std,core_min,core_max,mem_mean,mem_std,mem_min,mem_max,n_hashes
cpld_decomp_p8_intel,acorn,intel,482.67857142857144,18.636987460083287,449,531,2859.75,661.8408460918347,1984,3347,28
cpld_decomp_p8_intel,derecho,intel,476.3225806451613,18.919808132878792,450,534,1984.4516129032259,38.258627532168006,1932,2025,31
cpld_decomp_p8_intel,gaeac6,intel,301.64516129032256,23.341734278750256,282,405,6338.709677419355,0.4614143753789734,6338,6339,31
cpld_decomp_p8_intel,hercules,intel,512.09375,40.62682998359741,455,629,69903.03125,382899.1389949362,2161,2168220,32
cpld_decomp_p8_intel,orion,intel,997.6774193548387,31.662161535787163,937,1043,69919.96774193548,377356.35110069666,2064,2103176,31
cpld_decomp_p8_intel,ursa,intel,412.96875,22.904407767093435,370,468,2376.03125,106.37319707732587,2231,2486,32
cpld_decomp_p8_intel,wcoss2,intel,493.38709677419354,28.725920257211175,453,544,1941.9032258064517,32.419494997824636,1897,1973,31
