test_name,machine,compiler,core_mean,core_std,core_min,core_max,mem_mean,mem_std,mem_min,mem_max,n_hashes
cpld_control_pdlib_p8_intel,acorn,intel,785.1,4.357624225296265,780,794,1921.5,1.080123449734671,1920,1923,10
cpld_control_pdlib_p8_intel,derecho,intel,785.8,17.94312000616269,772,818,1881.0,5.557777333511007,1878,1892,10
cpld_control_pdlib_p8_intel,gaeac6,intel,524.1,2.64365067451979,521,529,6338.7,0.674948557710516,6338,6340,10
cpld_control_pdlib_p8_intel,hercules,intel,751.3636363636364,17.579947254031914,732,784,2091.181818181818,4.045199174779468,2083,2096,11
cpld_control_pdlib_p8_intel,orion,intel,1248.8,44.983453748140704,1196,1305,2017.9,5.043147165543898,2009,2024,10
cpld_control_pdlib_p8_intel,ursa,intel,491.45454545454544,4.5246797978119195,485,501,2165.7272727272725,10.973521851173498,2151,2182,11
cpld_control_pdlib_p8_intel,wcoss2,intel,809.3,6.6340870593557355,801,826,1833.7,1.8287822299126861,1830,1835,10
