test_name,machine,compiler,core_mean,core_std,core_min,core_max,mem_mean,mem_std,mem_min,mem_max,n_hashes
cpld_control_gefs_intel,acorn,intel,1100.404761904762,69.43256406313233,1007,1172,4088.9761904761904,7.20260147866,4075,4104,42
cpld_control_gefs_intel,hercules,intel,1016.0888888888888,83.92470170072431,875,1169,3119.222222222222,45.336062752058396,3079,3198,45
cpld_control_gefs_intel,orion,intel,1224.2222222222222,62.523773256436066,1118,1347,70634.08888888889,453468.7788987754,3001,3044996,45
cpld_control_gefs_intel,ursa,intel,1205.7,110.06088296567346,800,1424,3205.62,15.292908854253067,3180,3247,50
cpld_control_gefs_intel,wcoss2,intel,1068.6875,53.01150266587046,982,1162,2900.9166666666665,176.79328394547952,2857,4097,48
