test_name,machine,compiler,core_mean,core_std,core_min,core_max,mem_mean,mem_std,mem_min,mem_max,n_hashes
cpld_control_p8_intel,acorn,intel,491.2758620689655,17.866362152148483,458,532,2886.4827586206898,656.7976216183697,1993,3356,29
cpld_control_p8_intel,derecho,intel,492.53125,18.335553995518687,464,543,1989.71875,34.47975972429555,1942,2028,32
cpld_control_p8_intel,gaeac6,intel,307.625,18.36502636938993,289,380,6338.6875,0.47092907485995067,6338,6339,32
cpld_control_p8_intel,hercules,intel,530.3939393939394,39.18780055222812,477,637,68317.84848484848,379629.0920809351,2180,2183036,33
cpld_control_p8_intel,orion,intel,1064.90625,40.18373878701707,1004,1187,67974.84375,372302.2433556101,2095,2108220,32
cpld_control_p8_intel,ursa,intel,452.1515151515151,29.015212833228986,397,537,2412.3030303030305,108.84348994326818,2260,2533,33
cpld_control_p8_intel,wcoss2,intel,500.125,27.739281568481225,461,565,1991.625,254.5917351622068,1898,3372,32
