test_name,machine,compiler,core_mean,core_std,core_min,core_max,mem_mean,mem_std,mem_min,mem_max,n_hashes
cpld_mpi_pdlib_p8_intel,acorn,intel,913.1538461538462,4.394051923645456,907,921,1890.1538461538462,1.40511884705847,1887,1892,13
cpld_mpi_pdlib_p8_intel,derecho,intel,881.0769230769231,16.780253963421504,866,909,1838.8461538461538,1.0681880176381076,1836,1840,13
cpld_mpi_pdlib_p8_intel,gaeac6,intel,607.8461538461538,5.209704947597868,604,623,6338.923076923077,0.8623164985024734,6338,6340,13
cpld_mpi_pdlib_p8_intel,hera,intel,1066.0,,1066,1066,1931.0,,1931,1931,1
cpld_mpi_pdlib_p8_intel,hercules,intel,807.2142857142857,14.310719873462114,788,840,1995.2142857142858,5.632031624536594,1985,2005,14
cpld_mpi_pdlib_p8_intel,orion,intel,1415.5384615384614,46.96739185260231,1368,1508,1933.2307692307693,3.5859412096372605,1928,1937,13
cpld_mpi_pdlib_p8_intel,ursa,intel,707.9285714285714,8.042811273852767,697,729,2098.285714285714,8.615090261847532,2087,2118,14
cpld_mpi_pdlib_p8_intel,wcoss2,intel,934.7692307692307,8.278021564700229,919,949,1825.076923076923,37.93077365073891,1800,1892,13
