test_name,machine,compiler,core_mean,core_std,core_min,core_max,mem_mean,mem_std,mem_min,mem_max,n_hashes
cpld_control_p8_gnu,derecho,gnu,582.9,12.359881337078763,565,610,1665.4,10.394442959795619,1643,1679,10
cpld_control_p8_gnu,hercules,gnu,641.8181818181819,20.754846093470242,611,675,1714.4545454545455,5.7334742759279465,1704,1723,11
cpld_control_p8_gnu,ursa,gnu,459.54545454545456,3.1737560197228905,456,466,1589.4545454545455,7.421100138977165,1573,1597,11
