test_name,machine,compiler,core_mean,core_std,core_min,core_max,mem_mean,mem_std,mem_min,mem_max,n_hashes
cpld_restart_gfsv17_iau_intel,acorn,intel,388.73809523809524,9.305281804121947,371,413,1933.9761904761904,1.5848073705842671,1930,1936,42
cpld_restart_gfsv17_iau_intel,derecho,intel,408.34090909090907,15.638270263323646,386,454,1885.5,6.536125016594923,1865,1905,44
cpld_restart_gfsv17_iau_intel,gaeac6,intel,256.3255813953488,3.091624093398769,252,266,6338.558139534884,0.6655583256396945,6338,6340,43
cpld_restart_gfsv17_iau_intel,hercules,intel,436.32608695652175,47.067353322576686,325,550,50310.45652173913,326191.11824387085,2189,2214552,46
cpld_restart_gfsv17_iau_intel,orion,intel,638.4666666666667,56.88609032731351,555,774,48329.15555555555,310174.9771085197,2068,2082808,45
cpld_restart_gfsv17_iau_intel,ursa,intel,276.98,13.44450422579989,235,322,2358.22,33.87870922534552,2319,2486,50
cpld_restart_gfsv17_iau_intel,wcoss2,intel,412.2083333333333,12.4164584208345,400,476,1841.25,14.804398426344687,1822,1935,48
