test_name,machine,compiler,core_mean,core_std,core_min,core_max,mem_mean,mem_std,mem_min,mem_max,n_hashes
cpld_control_qr_p8_intel,acorn,intel,496.5,4.7667832153583625,491,504,3373.0,0.94280904158206,3371,3374,10
cpld_control_qr_p8_intel,derecho,intel,495.3,4.522781838156203,489,502,2033.2,1.4757295747452206,2031,2036,10
cpld_control_qr_p8_intel,gaeac6,intel,316.5,17.270720244905185,307,364,6338.8,0.4216370213557519,6338,6339,10
cpld_control_qr_p8_intel,hercules,intel,511.90909090909093,31.197610631119012,472,547,2279.818181818182,5.437245291839982,2271,2289,11
cpld_control_qr_p8_intel,orion,intel,1010.8,59.212986563572166,954,1151,2205.0,7.438637868140471,2191,2216,10
cpld_control_qr_p8_intel,ursa,intel,414.54545454545456,12.628251156542897,400,436,2356.3636363636365,2.9076701075853575,2353,2363,11
cpld_control_qr_p8_intel,wcoss2,intel,507.3,6.700746227100367,502,521,1999.8,5.34997403939701,1994,2007,10
