test_name,machine,compiler,core_mean,core_std,core_min,core_max,mem_mean,mem_std,mem_min,mem_max,n_hashes
cpld_restart_c48_5deg_intel,acorn,intel,81.33333333333333,7.897720160896901,67,97,2303.6428571428573,4.6790734363756785,2294,2314,42
cpld_restart_c48_5deg_intel,derecho,intel,71.43181818181819,15.582336044936792,54,109,2268.4545454545455,4.212133886951798,2253,2277,44
cpld_restart_c48_5deg_intel,gaeac6,intel,47.13953488372093,2.632954119912399,45,60,6337.604651162791,0.6225728063646606,6336,6339,43
cpld_restart_c48_5deg_intel,hercules,intel,70.04347826086956,24.855096970453125,57,145,56198.891304347824,364351.75682105334,2459,2473632,46
cpld_restart_c48_5deg_intel,orion,intel,104.62222222222222,33.18836658782226,84,220,57325.84444444445,367921.5307948864,2459,2470572,45
cpld_restart_c48_5deg_intel,ursa,intel,237.26,382.2185938300068,50,1261,2458.48,5.953013299744819,2444,2468,50
cpld_restart_c48_5deg_intel,wcoss2,intel,92.8125,7.9590875399184515,81,117,2315.0625,4.7731797243399745,2308,2328,48
