test_name,machine,compiler,core_mean,core_std,core_min,core_max,mem_mean,mem_std,mem_min,mem_max,n_hashes
cpld_debug_pdlib_p8_gnu,derecho,gnu,526.3125,10.56862494997971,513,561,1598.25,8.87318056467543,1585,1610,16
cpld_debug_pdlib_p8_gnu,hera,gnu,655.0,3.559026084010437,652,660,1535.5,4.795831523312751,1530,1540,4
cpld_debug_pdlib_p8_gnu,hercules,gnu,567.1176470588235,35.32683532553755,527,616,1590.8235294117646,11.125619612619662,1572,1608,17
cpld_debug_pdlib_p8_gnu,ursa,gnu,391.6470588235294,2.64436137069492,388,398,1567.2941176470588,9.764506553599823,1550,1585,17
