test_name,machine,compiler,core_mean,core_std,core_min,core_max,mem_mean,mem_std,mem_min,mem_max,n_hashes
cpld_warmstart_c24_9deg_intel,acorn,intel,54.51219512195122,8.115176988887896,40,71,2112.048780487805,2.7290219815182852,2107,2118,41
cpld_warmstart_c24_9deg_intel,derecho,intel,44.68181818181818,14.90243109131156,32,76,2074.6136363636365,1.7549386670646199,2072,2080,44
cpld_warmstart_c24_9deg_intel,gaeac6,intel,26.627906976744185,1.7323704626066756,24,32,6337.604651162791,0.8490761052804002,6336,6341,43
cpld_warmstart_c24_9deg_intel,hercules,intel,51.45652173913044,30.816089968816346,30,132,50726.217391304344,328876.3539190788,2222,2232784,46
cpld_warmstart_c24_9deg_intel,orion,intel,84.26666666666667,41.13580612379616,43,167,51794.84444444445,332451.4450422494,2225,2232388,45
cpld_warmstart_c24_9deg_intel,ursa,intel,61.96,163.00043320338077,29,1168,2208.1,2.5813301427989157,2193,2211,50
cpld_warmstart_c24_9deg_intel,wcoss2,intel,62.520833333333336,13.526946445589408,53,139,2120.5208333333335,2.3878200093728204,2117,2125,48
