test_name,machine,compiler,core_mean,core_std,core_min,core_max,mem_mean,mem_std,mem_min,mem_max,n_hashes
cpld_dcp_gefs_intel,hera,intel,941.0,,941,941,3069.0,,3069,3069,1
cpld_dcp_gefs_intel,hercules,intel,961.9111111111112,69.31640964782181,812,1101,3204.9777777777776,60.2055150331267,3131,3321,45
cpld_dcp_gefs_intel,orion,intel,1274.1555555555556,97.63288276999599,1111,1542,70114.26666666666,449870.71511422243,3039,3020876,45
cpld_dcp_gefs_intel,ursa,intel,1896.72,252.04915620342217,905,2076,3432.98,14.242061877783513,3398,3458,50
