test_name,machine,compiler,core_mean,core_std,core_min,core_max,mem_mean,mem_std,mem_min,mem_max,n_hashes
cpld_restart_gfsv17_intel,acorn,intel,385.15909090909093,31.213401401662534,363,577,1071.3863636363637,3.3286348140278146,1064,1079,44
cpld_restart_gfsv17_intel,derecho,intel,400.6818181818182,12.122960585662321,383,442,1023.1590909090909,6.114957573939309,1009,1032,44
cpld_restart_gfsv17_intel,gaeac6,intel,252.48837209302326,3.4872017231944374,248,266,6338.767441860465,0.8405556354585779,6338,6342,43
cpld_restart_gfsv17_intel,hera,intel,409.0,0.816496580927726,408,410,1367.5,3.000000000000006,1365,1371,4
cpld_restart_gfsv17_intel,hercules,intel,368.7826086956522,46.349356003426486,318,580,30701.543478260868,199092.2013259972,1325,1351656,46
cpld_restart_gfsv17_intel,orion,intel,608.7111111111111,77.46307690008373,554,963,28502.577777777777,182943.91574884971,1210,1228456,45
cpld_restart_gfsv17_intel,ursa,intel,229.78,4.306094399753896,220,243,1506.72,51.70917101778892,1462,1715,50
cpld_restart_gfsv17_intel,wcoss2,intel,392.1875,27.98985853574582,377,574,988.5208333333334,31.54395081998033,969,1077,48
