test_name,machine,compiler,core_mean,core_std,core_min,core_max,mem_mean,mem_std,mem_min,mem_max,n_hashes
cpld_warmstart_c24_5deg_intel,acorn,intel,58.476190476190474,7.412047198321863,41,73,2113.3809523809523,2.408849345311767,2110,2119,42
cpld_warmstart_c24_5deg_intel,derecho,intel,44.13636363636363,15.64815303625603,32,88,2076.5454545454545,1.5319017737429768,2074,2079,44
cpld_warmstart_c24_5deg_intel,gaeac6,intel,26.58139534883721,1.1998523349529888,24,30,6337.46511627907,0.6305265074788253,6336,6339,43
cpld_warmstart_c24_5deg_intel,hercules,intel,48.21739130434783,27.18243962845479,30,110,50754.69565217391,329068.59855678654,2226,2234088,46
cpld_warmstart_c24_5deg_intel,orion,intel,83.24444444444444,38.9651100085679,46,165,51816.333333333336,332575.0149204892,2224,2233220,45
cpld_warmstart_c24_5deg_intel,ursa,intel,60.68,160.21330679275485,29,1153,2209.24,2.5035485020348083,2195,2212,50
cpld_warmstart_c24_5deg_intel,wcoss2,intel,62.291666666666664,12.855925586865984,54,131,2121.6041666666665,2.1510965371308166,2113,2125,48
