test_name,machine,compiler,core_mean,core_std,core_min,core_max,mem_mean,mem_std,mem_min,mem_max,n_hashes
cpld_restart_p8_intel,acorn,intel,277.7142857142857,12.886562461086843,249,305,2566.3571428571427,913.5409826516416,1359,3237,28
cpld_restart_p8_intel,derecho,intel,288.61290322580646,16.712624807521657,266,327,1454.9032258064517,105.62523525455751,1321,1539,31
cpld_restart_p8_intel,gaeac6,intel,169.38709677419354,11.58929799241479,154,202,6338.709677419355,0.46141437537897684,6338,6339,31
cpld_restart_p8_intel,hercules,intel,287.59375,57.06694392298993,243,555,55245.65625,301962.59971378953,1706,1710024,32
cpld_restart_p8_intel,orion,intel,538.6774193548387,34.65293359084642,493,610,50911.54838709677,274095.9524280793,1524,1527784,31
cpld_restart_p8_intel,ursa,intel,230.71875,25.965528482101778,202,331,2173.71875,115.21683187266605,2010,2303,32
cpld_restart_p8_intel,wcoss2,intel,285.96774193548384,26.276077676558117,250,379,1431.8387096774193,133.73707956887992,1263,1542,31
