test_name,machine,compiler,core_mean,core_std,core_min,core_max,mem_mean,mem_std,mem_min,mem_max,n_hashes
cpld_warmstart_c24_9deg_intel,acorn,intel,54.46511627906977,7.959267845035397,40,71,2112.0,2.70801280154536,2107,2118,43
cpld_warmstart_c24_9deg_intel,derecho,intel,43.38636363636363,14.633850387612247,32,76,2074.7045454545455,1.7597508472502132,2072,2080,44
cpld_warmstart_c24_9deg_intel,gaeac6,intel,26.697674418604652,1.6978261131577892,24,32,6337.604651162791,0.8490761052803979,6336,6341,43
cpld_warmstart_c24_9deg_intel,hercules,intel,50.0,29.94513501574356,30,132,50725.5,328876.46204060345,2222,2232784,46
cpld_warmstart_c24_9deg_intel,orion,intel,85.4,40.786807136176236,43,167,51794.84444444445,332451.4450422494,2225,2232388,45
cpld_warmstart_c24_9deg_intel,ursa,intel,62.0,162.99267543327815,29,1168,2208.12,2.5765029297360686,2193,2211,50
cpld_warmstart_c24_9deg_intel,wcoss2,intel,62.666666666666664,13.577724769970779,53,139,2120.125,3.0640329424366586,2111,2125,48
