test_name,machine,compiler,core_mean,core_std,core_min,core_max,mem_mean,mem_std,mem_min,mem_max,n_hashes
cpld_debug_p8_gnu,derecho,gnu,420.27272727272725,14.778977698683414,401,455,1665.5454545454545,7.118477876114226,1653,1675,11
cpld_debug_p8_gnu,hercules,gnu,367.25,35.04315521286186,326,411,1713.75,13.376539843390656,1686,1731,12
cpld_debug_p8_gnu,ursa,gnu,285.5,7.103136311133643,278,304,1597.5,8.415353933031092,1582,1606,12
