test_name,machine,compiler,core_mean,core_std,core_min,core_max,mem_mean,mem_std,mem_min,mem_max,n_hashes
cpld_debug_pdlib_p8_intel,acorn,intel,1462.0,41.458412897746086,1432,1564,1961.5454545454545,2.54415551268543,1959,1967,11
cpld_debug_pdlib_p8_intel,derecho,intel,1394.0,16.44384383287559,1378,1431,1894.7272727272727,1.678744119328971,1892,1897,11
cpld_debug_pdlib_p8_intel,gaeac6,intel,978.4545454545455,6.2827324686578345,974,996,6338.909090909091,0.5393598899703479,6338,6340,11
cpld_debug_pdlib_p8_intel,hercules,intel,1351.6666666666667,39.41004332846533,1306,1406,2066.75,3.9109403658781003,2058,2072,12
cpld_debug_pdlib_p8_intel,orion,intel,1733.909090909091,33.333030301652876,1673,1801,1998.3636363636363,4.717472358641344,1991,2006,11
cpld_debug_pdlib_p8_intel,ursa,intel,1165.4166666666667,16.434212282106294,1148,1212,2184.75,7.399324293474349,2178,2198,12
cpld_debug_pdlib_p8_intel,wcoss2,intel,1443.8181818181818,18.610847276887654,1429,1490,1881.1818181818182,25.615691213856323,1870,1958,11
