test_name,machine,compiler,core_mean,core_std,core_min,core_max,mem_mean,mem_std,mem_min,mem_max,n_hashes
cpld_regional_atm_fbh_intel,derecho,intel,492.6363636363636,28.47527765680492,448,526,774.5454545454545,1.5619687257468644,772,778,44
cpld_regional_atm_fbh_intel,gaeac6,intel,372.7674418604651,11.771307345976666,361,390,6337.627906976744,0.5355573782763831,6337,6339,43
cpld_regional_atm_fbh_intel,hera,intel,683.0,0.0,683,683,1177.5,0.7071067811865476,1177,1178,2
cpld_regional_atm_fbh_intel,hercules,intel,560.6521739130435,36.80713541409197,504,651,24521.934782608696,158995.6094866078,1066,1079440,46
cpld_regional_atm_fbh_intel,orion,intel,803.7555555555556,55.24703017750675,720,867,24960.266666666666,160157.71857813952,1072,1075456,45
cpld_regional_atm_fbh_intel,ursa,intel,873.72,558.5461463039742,340,1798,1133.86,3.6645572163409774,1124,1140,50
