test_name,machine,compiler,core_mean,core_std,core_min,core_max,mem_mean,mem_std,mem_min,mem_max,n_hashes
cpld_debug_pdlib_p8_gnu,derecho,gnu,528.2307692307693,10.576340310285707,518,561,1596.6153846153845,8.722943516367843,1585,1608,13
cpld_debug_pdlib_p8_gnu,hera,gnu,660.0,,660,660,1533.0,,1533,1533,1
cpld_debug_pdlib_p8_gnu,hercules,gnu,572.9285714285714,36.36453108289893,527,616,1588.5,10.711244989765177,1572,1608,14
cpld_debug_pdlib_p8_gnu,ursa,gnu,391.85714285714283,2.824539250572026,388,398,1567.0,9.647638212377311,1550,1585,14
