test_name,machine,compiler,core_mean,core_std,core_min,core_max,mem_mean,mem_std,mem_min,mem_max,n_hashes
cpld_control_c12_9deg_intel,acorn,intel,54.47727272727273,8.53307828085187,40,77,2038.4772727272727,2.256655648207664,2035,2043,44
cpld_control_c12_9deg_intel,derecho,intel,42.38636363636363,12.848338792433776,34,70,2004.0454545454545,1.3801675910124764,2000,2006,44
cpld_control_c12_9deg_intel,gaeac6,intel,28.488372093023255,1.162347645382598,27,33,6337.53488372093,0.5046845884077195,6337,6338,43
cpld_control_c12_9deg_intel,hera,intel,41.666666666666664,0.5773502691896263,41,42,2185.3333333333335,1.527525231651959,2184,2187,3
cpld_control_c12_9deg_intel,hercules,intel,48.58695652173913,28.650054168617803,31,127,49231.19565217391,319218.1685690922,2152,2167208,46
cpld_control_c12_9deg_intel,orion,intel,86.6,41.10983071989206,47,183,50276.42222222222,322741.9940922054,2148,2167184,45
cpld_control_c12_9deg_intel,ursa,intel,90.7,215.3055019818896,31,1034,2137.82,1.7460158729436988,2132,2143,50
cpld_control_c12_9deg_intel,wcoss2,intel,62.770833333333336,10.244333323756452,55,116,2050.5625,3.9080182168177195,2039,2055,48
