test_name,machine,compiler,core_mean,core_std,core_min,core_max,mem_mean,mem_std,mem_min,mem_max,n_hashes
cpld_control_p8_intel,acorn,intel,491.625,17.032700996195704,458,532,2930.5625,639.550595113223,1993,3358,32
cpld_control_p8_intel,derecho,intel,492.57142857142856,17.573853764455148,464,543,1991.5142857142857,33.46057507027647,1942,2028,35
cpld_control_p8_intel,gaeac6,intel,307.48571428571427,17.54719925460108,289,380,6338.714285714285,0.45834924851425657,6338,6339,35
cpld_control_p8_intel,hera,intel,732.5,16.263455967290593,721,744,2264.5,16.263455967290593,2253,2276,2
cpld_control_p8_intel,hercules,intel,528.5555555555555,38.08745158518705,477,637,62812.36111111111,363466.9109207803,2180,2183036,36
cpld_control_p8_intel,orion,intel,1061.2571428571428,40.28307399417478,1004,1187,62335.71428571428,355988.66849452414,2095,2108220,35
cpld_control_p8_intel,ursa,intel,451.3333333333333,27.986731550096074,397,537,2419.25,106.90646779845862,2260,2533,36
cpld_control_p8_intel,wcoss2,intel,501.14285714285717,26.711027527907593,461,565,2110.2571428571428,462.203058435241,1898,3378,35
