test_name,machine,compiler,core_mean,core_std,core_min,core_max,mem_mean,mem_std,mem_min,mem_max,n_hashes
cpld_mpi_p8_intel,acorn,intel,403.4117647058824,13.423447705660237,377,432,2897.8529411764707,619.729468463455,1949,3296,34
cpld_mpi_p8_intel,derecho,intel,401.7567567567568,17.920201830158994,373,436,1934.4594594594594,28.910392782022345,1891,1966,37
cpld_mpi_p8_intel,gaeac6,intel,246.21621621621622,14.44171260838075,230,302,6338.486486486487,0.6065211190614465,6337,6339,37
cpld_mpi_p8_intel,hera,intel,675.75,15.173990905493518,657,693,2042.0,21.587033144922856,2010,2055,4
cpld_mpi_p8_intel,hercules,intel,432.6578947368421,36.92305828728057,388,538,56321.18421052631,334199.0107645326,2057,2062248,38
cpld_mpi_p8_intel,orion,intel,847.0540540540541,38.048175562878995,785,935,56062.45945945946,328592.44531922264,1993,2000792,37
cpld_mpi_p8_intel,ursa,intel,668.8947368421053,56.338163088612916,534,728,2261.0,60.103963983138776,2165,2319,38
cpld_mpi_p8_intel,wcoss2,intel,413.2972972972973,22.785064387865145,376,467,2130.7567567567567,533.2300111065998,1856,3326,37
