test_name,machine,compiler,core_mean,core_std,core_min,core_max,mem_mean,mem_std,mem_min,mem_max,n_hashes
cpld_control_qr_p8_intel,acorn,intel,497.2307692307692,4.9015957631817235,491,505,3373.076923076923,1.3204505835470188,3371,3376,13
cpld_control_qr_p8_intel,derecho,intel,495.9230769230769,6.317456482656327,488,511,2033.0,1.5811388300841729,2030,2036,13
cpld_control_qr_p8_intel,gaeac6,intel,315.0,15.29705854077835,307,364,6338.7692307692305,0.4385290096534427,6338,6339,13
cpld_control_qr_p8_intel,hera,intel,671.0,,671,671,2291.0,,2291,2291,1
cpld_control_qr_p8_intel,hercules,intel,505.2857142857143,30.416161117781755,472,547,2279.3571428571427,4.939746845851372,2271,2289,14
cpld_control_qr_p8_intel,orion,intel,1000.3076923076923,55.083852164048665,954,1151,2204.846153846154,6.568182826400744,2191,2216,13
cpld_control_qr_p8_intel,ursa,intel,414.0,11.675088535325637,400,436,2357.5,5.543534001949476,2349,2370,14
cpld_control_qr_p8_intel,wcoss2,intel,509.0769230769231,7.181707532120973,502,522,2323.923076923077,615.9463533916006,1994,3406,13
