test_name,machine,compiler,core_mean,core_std,core_min,core_max,mem_mean,mem_std,mem_min,mem_max,n_hashes
cpld_debug_noaero_p8_intel,derecho,intel,368.3333333333333,12.047884260380133,355,391,1897.3333333333333,2.3094010767585074,1894,1900,12
cpld_debug_noaero_p8_intel,gaeac6,intel,235.41666666666666,2.8749176536296672,232,242,6339.0,0.6030226891556636,6338,6340,12
cpld_debug_noaero_p8_intel,hercules,intel,334.7692307692308,44.654514228974,305,450,2070.769230769231,5.019193928541463,2063,2080,13
cpld_debug_noaero_p8_intel,orion,intel,432.0,30.27750440058217,401,480,2019.0,3.7899388337591957,2011,2024,12
cpld_debug_noaero_p8_intel,ursa,intel,275.0,8.20568908339411,268,300,2109.769230769231,16.381665799270124,2070,2135,13
