test_name,machine,compiler,core_mean,core_std,core_min,core_max,mem_mean,mem_std,mem_min,mem_max,n_hashes
cpld_restart_c48_5deg_intel,acorn,intel,81.26829268292683,7.984436079786417,67,97,2303.390243902439,4.437781251822181,2294,2313,41
cpld_restart_c48_5deg_intel,derecho,intel,72.11363636363636,15.726168251188632,54,109,2268.6136363636365,4.362716825242195,2253,2277,44
cpld_restart_c48_5deg_intel,gaeac6,intel,47.13953488372093,2.6329541199124,45,60,6337.604651162791,0.6225728063646917,6336,6339,43
cpld_restart_c48_5deg_intel,hercules,intel,70.08695652173913,24.83351327626665,58,145,56199.413043478264,364351.6781993631,2459,2473632,46
cpld_restart_c48_5deg_intel,orion,intel,101.64444444444445,28.244191322010685,84,204,57326.066666666666,367921.4969215827,2459,2470572,45
cpld_restart_c48_5deg_intel,ursa,intel,237.28,382.2087281011969,50,1261,2458.72,6.131351350865015,2444,2469,50
cpld_restart_c48_5deg_intel,wcoss2,intel,92.64583333333333,7.953293398745256,81,117,2315.25,4.665400030737883,2312,2328,48
