test_name,machine,compiler,core_mean,core_std,core_min,core_max,mem_mean,mem_std,mem_min,mem_max,n_hashes
cpld_debug_gfsv17_intel,acorn,intel,1220.3777777777777,12.662200169453659,1197,1259,1935.6444444444444,4.118448271086754,1929,1944,45
cpld_debug_gfsv17_intel,derecho,intel,1124.0444444444445,11.814774178497379,1092,1159,1871.088888888889,2.7204797556699365,1862,1877,45
cpld_debug_gfsv17_intel,gaeac6,intel,772.25,7.149971540031149,757,802,6338.772727272727,0.7428304249080853,6338,6340,44
cpld_debug_gfsv17_intel,hera,intel,1300.4,19.09973821810132,1273,1321,1931.8,4.868264577855215,1924,1937,5
cpld_debug_gfsv17_intel,hercules,intel,1102.212765957447,54.52280582679727,1023,1350,44393.85106382979,290671.1332051021,1987,1994736,47
cpld_debug_gfsv17_intel,orion,intel,1368.108695652174,29.380438133689147,1303,1412,44208.391304347824,286638.08668000984,1922,1946020,46
cpld_debug_gfsv17_intel,ursa,intel,805.42,15.560402387116456,790,882,2084.38,9.395808878952046,2055,2109,50
cpld_debug_gfsv17_intel,wcoss2,intel,1248.530612244898,294.1308596271973,567,3158,1867.1224489795918,30.243892395174267,1848,1941,49
