test_name,machine,compiler,core_mean,core_std,core_min,core_max,mem_mean,mem_std,mem_min,mem_max,n_hashes
cpld_debug_p8_intel,derecho,intel,777.5454545454545,23.44936517845904,755,822,2033.090909090909,4.67877217770957,2029,2043,11
cpld_debug_p8_intel,gaeac6,intel,515.8181818181819,4.87479603302912,508,524,6338.727272727273,0.46709936649672024,6338,6339,11
cpld_debug_p8_intel,hercules,intel,796.4166666666666,60.31200443351124,709,911,2280.6666666666665,3.9157800414902564,2275,2288,12
cpld_debug_p8_intel,orion,intel,864.7272727272727,32.511816033838855,813,901,2207.4545454545455,4.058660773300401,2202,2213,11
cpld_debug_p8_intel,ursa,intel,554.0,15.403659541574108,536,585,2373.4166666666665,17.732652641299026,2334,2398,12
