test_name,machine,compiler,core_mean,core_std,core_min,core_max,mem_mean,mem_std,mem_min,mem_max,n_hashes
cpld_control_p8_lnd_intel,acorn,intel,482.29545454545456,24.393651047280503,431,517,2403.6136363636365,625.1910672005796,1994,3361,44
cpld_control_p8_lnd_intel,gaeac6,intel,299.4186046511628,24.738857576636818,269,396,6338.720930232558,0.5035862528546509,6337,6339,43
cpld_control_p8_lnd_intel,hera,intel,735.0,,735,735,2120.0,,2120,2120,1
cpld_control_p8_lnd_intel,hercules,intel,503.45652173913044,62.50820622454804,367,710,48866.565217391304,316695.8414087317,2140,2150108,46
cpld_control_p8_lnd_intel,orion,intel,903.4666666666667,246.3184930126034,421,1106,48291.77777777778,309902.5915582103,2061,2080984,45
cpld_control_p8_lnd_intel,ursa,intel,433.38,36.16960613779563,316,495,2352.26,104.99539542867856,2272,2558,50
