test_name,machine,compiler,core_mean,core_std,core_min,core_max,mem_mean,mem_std,mem_min,mem_max,n_hashes
cpld_control_c48_5deg_intel,acorn,intel,363.3636363636364,8.537443953552053,348,394,2889.1136363636365,2.7298173470792637,2885,2894,44
cpld_control_c48_5deg_intel,derecho,intel,318.34090909090907,16.600564829026304,304,353,2852.1136363636365,1.7416366145819777,2849,2856,44
cpld_control_c48_5deg_intel,gaeac6,intel,244.27906976744185,3.5208601586716357,238,249,6337.720930232558,0.5488334553244343,6337,6339,43
cpld_control_c48_5deg_intel,hera,intel,422.3333333333333,4.16333199893226,419,427,3087.0,2.0,3085,3089,3
cpld_control_c48_5deg_intel,hercules,intel,340.2391304347826,32.01748465559869,315,430,69662.0,451782.4548160321,3035,3067188,46
cpld_control_c48_5deg_intel,orion,intel,509.46666666666664,49.31005798193525,455,656,70656.84444444445,453537.270303162,3029,3045468,45
cpld_control_c48_5deg_intel,ursa,intel,533.06,404.6871005947127,241,1432,3032.04,2.777166372622447,3026,3038,50
cpld_control_c48_5deg_intel,wcoss2,intel,370.25,11.484494634997064,360,435,2895.9791666666665,3.0211283177081425,2888,2901,48
