test_name,machine,compiler,core_mean,core_std,core_min,core_max,mem_mean,mem_std,mem_min,mem_max,n_hashes
cpld_control_ciceC_p8_intel,acorn,intel,491.42857142857144,18.296788974366173,454,540,2870.0,662.4114196546503,1993,3356,28
cpld_control_ciceC_p8_intel,derecho,intel,492.5806451612903,19.77671053461351,464,543,1988.5483870967741,31.466213319132628,1945,2025,31
cpld_control_ciceC_p8_intel,gaeac6,intel,306.3225806451613,15.166601677752757,289,348,6338.8387096774195,0.5829107532347009,6338,6341,31
cpld_control_ciceC_p8_intel,hercules,intel,508.78125,38.367269632230276,456,608,70556.15625,386499.6125568404,2178,2188604,32
cpld_control_ciceC_p8_intel,orion,intel,1001.0645161290323,70.57900324405783,944,1331,70252.51612903226,379127.540899442,2097,2113052,31
cpld_control_ciceC_p8_intel,ursa,intel,415.625,27.012243341169942,377,488,2407.03125,106.98190512508899,2259,2526,32
cpld_control_ciceC_p8_intel,wcoss2,intel,498.48387096774195,28.34651179921077,459,557,1946.258064516129,35.9536439895741,1898,1983,31
