test_name,machine,compiler,core_mean,core_std,core_min,core_max,mem_mean,mem_std,mem_min,mem_max,n_hashes
cpld_mpi_p8_intel,acorn,intel,401.35714285714283,13.8543061515833,377,432,2813.035714285714,653.5564518190342,1949,3293,28
cpld_mpi_p8_intel,derecho,intel,401.4516129032258,19.169139625410807,373,436,1930.6129032258063,30.093938946078858,1891,1966,31
cpld_mpi_p8_intel,gaeac6,intel,246.38709677419354,15.808599810134666,230,302,6338.419354838709,0.6204403569714428,6337,6339,31
cpld_mpi_p8_intel,hercules,intel,433.40625,38.42954120330836,388,538,66483.65625,364185.42093790177,2057,2062248,32
cpld_mpi_p8_intel,orion,intel,851.8709677419355,38.928774221205444,785,935,66514.41935483871,358986.72746502975,1993,2000792,31
cpld_mpi_p8_intel,ursa,intel,667.0,56.25976617728322,534,722,2252.5,61.76855865818491,2165,2318,32
cpld_mpi_p8_intel,wcoss2,intel,411.9032258064516,24.48993648924622,376,467,1899.7096774193549,32.150887544397015,1856,1929,31
