test_name,machine,compiler,core_mean,core_std,core_min,core_max,mem_mean,mem_std,mem_min,mem_max,n_hashes
cpld_warmstart_c24_9deg_intel,acorn,intel,54.72727272727273,8.061864393878466,40,71,2111.8863636363635,2.5809310478964376,2107,2118,44
cpld_warmstart_c24_9deg_intel,derecho,intel,40.34090909090909,12.791609135312607,32,68,2074.4772727272725,1.5772899390402086,2072,2077,44
cpld_warmstart_c24_9deg_intel,gaeac6,intel,26.86046511627907,1.5672450100010527,25,32,6337.581395348837,0.6630577845800435,6336,6339,43
cpld_warmstart_c24_9deg_intel,hera,intel,40.75,0.4999999999999994,40,41,2252.0,2.160246899469252,2249,2254,4
cpld_warmstart_c24_9deg_intel,hercules,intel,47.67391304347826,27.46881411332259,30,123,50725.282608695656,328876.4947987255,2222,2232784,46
cpld_warmstart_c24_9deg_intel,orion,intel,85.26666666666667,41.205361522280306,43,167,51794.35555555556,332451.5195793868,2225,2232388,45
cpld_warmstart_c24_9deg_intel,ursa,intel,61.86,163.0195944151049,29,1168,2208.28,1.4574229422694194,2206,2211,50
cpld_warmstart_c24_9deg_intel,wcoss2,intel,63.0625,13.61070643968321,53,139,2119.1041666666665,4.323314249426022,2108,2125,48
