test_name,machine,compiler,core_mean,core_std,core_min,core_max,mem_mean,mem_std,mem_min,mem_max,n_hashes
cpld_restart_gfsv17_iau_intel,acorn,intel,388.6136363636364,9.170772352376442,371,413,1933.7954545454545,1.6222227853558462,1930,1936,44
cpld_restart_gfsv17_iau_intel,derecho,intel,408.1136363636364,15.640162833106588,386,454,1885.409090909091,6.453116001675342,1865,1905,44
cpld_restart_gfsv17_iau_intel,gaeac6,intel,256.6279069767442,2.870401131864205,252,266,6338.604651162791,0.6597089864809456,6338,6340,43
cpld_restart_gfsv17_iau_intel,hera,intel,476.3333333333333,15.307950004273374,467,494,2204.6666666666665,7.094598884597638,2197,2211,3
cpld_restart_gfsv17_iau_intel,hercules,intel,441.7173913043478,42.56846148316238,325,550,50307.913043478264,326191.5015407583,2189,2214552,46
cpld_restart_gfsv17_iau_intel,orion,intel,645.5777777777778,51.024721677067646,555,774,48327.42222222222,310175.2413569471,2068,2082808,45
cpld_restart_gfsv17_iau_intel,ursa,intel,277.22,13.50478373293957,235,322,2358.04,33.9879690598942,2319,2486,50
cpld_restart_gfsv17_iau_intel,wcoss2,intel,411.4375,12.849217626650326,396,476,1848.8958333333333,28.91310501907328,1822,1935,48
