test_name,machine,compiler,core_mean,core_std,core_min,core_max,mem_mean,mem_std,mem_min,mem_max,n_hashes
cpld_debug_p8_gnu,derecho,gnu,421.0833333333333,14.36826258449398,401,455,1666.3333333333333,7.315405082095728,1653,1675,12
cpld_debug_p8_gnu,hercules,gnu,368.6923076923077,33.951889037736464,326,411,1714.3846153846155,13.009858195092292,1686,1731,13
cpld_debug_p8_gnu,ursa,gnu,285.3076923076923,6.835990727814739,278,304,1597.2307692307693,8.11535423496562,1582,1606,13
