test_name,machine,compiler,core_mean,core_std,core_min,core_max,mem_mean,mem_std,mem_min,mem_max,n_hashes
cpld_debug_pdlib_p8_intel,acorn,intel,1452.8823529411766,35.21519975972939,1432,1564,1960.9411764705883,2.2768011615887973,1958,1967,17
cpld_debug_pdlib_p8_intel,derecho,intel,1385.5882352941176,18.571008398608285,1352,1431,1895.235294117647,1.6404805608686384,1892,1898,17
cpld_debug_pdlib_p8_intel,gaeac6,intel,976.9411764705883,9.31712528247913,961,999,6338.764705882353,0.5622957145380867,6338,6340,17
cpld_debug_pdlib_p8_intel,hera,intel,1662.4,22.81008548866046,1638,1685,1974.4,2.5099800796022262,1972,1978,5
cpld_debug_pdlib_p8_intel,hercules,intel,1344.6666666666667,40.40529959416358,1280,1406,2066.6111111111113,3.912857972932298,2058,2072,18
cpld_debug_pdlib_p8_intel,orion,intel,1727.9411764705883,33.614488297896365,1665,1801,1998.7058823529412,3.9649197009893937,1991,2006,17
cpld_debug_pdlib_p8_intel,ursa,intel,1167.7777777777778,14.60682981088583,1148,1212,2186.5,8.678912916475447,2177,2203,18
cpld_debug_pdlib_p8_intel,wcoss2,intel,1450.7058823529412,20.780894789091604,1429,1499,1908.7058823529412,43.47091657919457,1870,1963,17
