test_name,machine,compiler,core_mean,core_std,core_min,core_max,mem_mean,mem_std,mem_min,mem_max,n_hashes
cpld_mpi_p8_intel,acorn,intel,402.4516129032258,13.6597674691712,377,432,2859.4193548387098,636.5312652281137,1949,3294,31
cpld_mpi_p8_intel,derecho,intel,402.29411764705884,18.513761322021256,373,436,1932.9117647058824,29.680488078012107,1891,1966,34
cpld_mpi_p8_intel,gaeac6,intel,246.26470588235293,15.08020742468352,230,302,6338.441176470588,0.6125543375072876,6337,6339,34
cpld_mpi_p8_intel,hera,intel,657.0,,657,657,2055.0,,2055,2055,1
cpld_mpi_p8_intel,hercules,intel,431.85714285714283,37.550861866151045,388,538,60967.02857142857,348227.5864362343,2057,2062248,35
cpld_mpi_p8_intel,orion,intel,848.4705882352941,38.784748091124385,785,935,60827.76470588235,342782.9751955052,1993,2000792,34
cpld_mpi_p8_intel,ursa,intel,667.7428571428571,56.879306097955116,534,728,2257.2,61.05243647881676,2165,2319,35
cpld_mpi_p8_intel,wcoss2,intel,412.8235294117647,23.576401386074423,376,467,2025.3235294117646,411.0096010519252,1856,3326,34
