test_name,machine,compiler,core_mean,core_std,core_min,core_max,mem_mean,mem_std,mem_min,mem_max,n_hashes
cpld_control_c24_9deg_intel,acorn,intel,78.97727272727273,10.158027267653976,64,98,2112.340909090909,4.131237676015457,2104,2119,44
cpld_control_c24_9deg_intel,derecho,intel,65.27272727272727,13.887192755253459,56,98,2074.409090909091,1.5747747246523929,2071,2080,44
cpld_control_c24_9deg_intel,gaeac6,intel,45.325581395348834,1.084982559275191,44,47,6337.697674418605,0.7725925347854797,6336,6339,43
cpld_control_c24_9deg_intel,hera,intel,76.0,7.0710678118654755,71,81,2254.0,1.4142135623730951,2253,2255,2
cpld_control_c24_9deg_intel,hercules,intel,69.23913043478261,24.087972824266647,53,128,50805.04347826087,329413.08849656006,2224,2236424,46
cpld_control_c24_9deg_intel,orion,intel,113.84444444444445,38.53272254942165,80,214,51916.22222222222,333250.1211395734,2223,2237748,45
cpld_control_c24_9deg_intel,ursa,intel,196.2,344.0634730240741,48,1151,2210.38,2.156054597771481,2207,2216,50
cpld_control_c24_9deg_intel,wcoss2,intel,86.22916666666667,9.1912066749608,78,121,2122.0625,5.321199072997652,2108,2129,48
