test_name,machine,compiler,core_mean,core_std,core_min,core_max,mem_mean,mem_std,mem_min,mem_max,n_hashes
cpld_control_p8.v2.sfc_intel,acorn,intel,491.5483870967742,18.077313055645995,450,535,2916.967741935484,644.773421902142,1993,3357,31
cpld_control_p8.v2.sfc_intel,derecho,intel,494.8235294117647,18.786633849846545,467,543,1991.2058823529412,31.638851654988276,1945,2028,34
cpld_control_p8.v2.sfc_intel,gaeac6,intel,307.1764705882353,14.835401125676205,288,354,6338.764705882353,0.4305615452021017,6338,6339,34
cpld_control_p8.v2.sfc_intel,hera,intel,694.0,,694,694,2283.0,,2283,2283,1
cpld_control_p8.v2.sfc_intel,hercules,intel,506.57142857142856,40.85720162186525,456,631,64842.828571428574,370396.91236051783,2182,2193532,35
cpld_control_p8.v2.sfc_intel,orion,intel,995.9411764705883,33.343884248176536,939,1058,64159.794117647056,361507.0403667318,2103,2110092,34
cpld_control_p8.v2.sfc_intel,ursa,intel,415.57142857142856,25.70681497452481,369,488,2415.1428571428573,106.14782779001075,2263,2537,35
cpld_control_p8.v2.sfc_intel,wcoss2,intel,499.47058823529414,26.19881479405493,458,569,2072.794117647059,412.3020207663137,1899,3376,34
