test_name,machine,compiler,core_mean,core_std,core_min,core_max,mem_mean,mem_std,mem_min,mem_max,n_hashes
cpld_control_noaero_p8_agrid_intel,acorn,intel,336.07142857142856,23.295967260286353,303,373,1989.0238095238096,1.8144151142274603,1985,1992,42
cpld_control_noaero_p8_agrid_intel,derecho,intel,357.75,28.715221633976153,316,482,1929.3636363636363,1.9300669839069855,1926,1938,44
cpld_control_noaero_p8_agrid_intel,gaeac6,intel,214.62790697674419,13.318485642169087,197,251,6338.558139534884,0.628767713237007,6338,6340,43
cpld_control_noaero_p8_agrid_intel,hercules,intel,284.4782608695652,38.626265750096806,239,399,48448.891304347824,314050.6819441182,2133,2132140,46
cpld_control_noaero_p8_agrid_intel,orion,intel,317.22222222222223,39.68506067028299,268,404,48387.177777777775,310576.55113113916,2054,2085500,45
cpld_control_noaero_p8_agrid_intel,ursa,intel,235.62,19.040118761420057,205,287,2177.08,13.425288352468996,2151,2217,50
cpld_control_noaero_p8_agrid_intel,wcoss2,intel,342.9166666666667,20.866172699385142,309,411,1895.7916666666667,14.81511352141733,1880,1991,48
