test_name,machine,compiler,core_mean,core_std,core_min,core_max,mem_mean,mem_std,mem_min,mem_max,n_hashes
cpld_mpi_gfsv17_intel,acorn,intel,919.0909090909091,8.920366510924213,898,939,1873.6363636363637,2.42171291570437,1868,1879,44
cpld_mpi_gfsv17_intel,derecho,intel,872.4545454545455,27.577758602831086,850,1032,1829.5454545454545,2.872925301601781,1819,1834,44
cpld_mpi_gfsv17_intel,gaeac6,intel,607.5813953488372,19.228243807259297,598,721,6338.604651162791,0.5407021398021797,6338,6340,43
cpld_mpi_gfsv17_intel,hera,intel,1239.0,1.4142135623730951,1238,1240,1871.0,8.48528137423857,1865,1877,2
cpld_mpi_gfsv17_intel,hercules,intel,955.9782608695652,73.776988020335,765,1181,43768.934782608696,283802.68935272633,1916,1926768,46
cpld_mpi_gfsv17_intel,orion,intel,1589.7555555555555,108.96896045862947,1353,1725,43719.73333333333,280695.68673722405,1855,1884840,45
cpld_mpi_gfsv17_intel,ursa,intel,993.68,98.60588217748473,614,1052,1998.74,15.259403256847982,1975,2046,50
cpld_mpi_gfsv17_intel,wcoss2,intel,981.9166666666666,20.668439640261205,921,1028,1800.8125,23.553159656131783,1786,1880,48
