test_name,machine,compiler,core_mean,core_std,core_min,core_max,mem_mean,mem_std,mem_min,mem_max,n_hashes
cpld_restart_p8_lnd_intel,acorn,intel,274.1219512195122,17.742879025050062,239,302,1829.4878048780488,809.7493168243868,1370,3238,41
cpld_restart_p8_lnd_intel,gaeac6,intel,163.46511627906978,19.435300280931255,144,270,6338.581395348837,0.5447829685618515,6337,6339,43
cpld_restart_p8_lnd_intel,hercules,intel,260.5217391304348,43.91645559996583,193,408,38343.34782608696,248213.50243576977,1676,1685212,46
cpld_restart_p8_lnd_intel,orion,intel,442.8,129.21117317293917,220,619,34925.666666666664,223828.7501637438,1499,1503048,45
cpld_restart_p8_lnd_intel,ursa,intel,217.82,14.85259545792367,175,254,2103.8,103.75323943799364,2008,2323,50
