test_name,machine,compiler,core_mean,core_std,core_min,core_max,mem_mean,mem_std,mem_min,mem_max,n_hashes
cpld_debug_p8_gnu,derecho,gnu,420.7692307692308,13.803102586941856,401,455,1666.2307692307693,7.013722812622987,1653,1675,13
cpld_debug_p8_gnu,hera,gnu,410.0,,410,410,1684.0,,1684,1684,1
cpld_debug_p8_gnu,hercules,gnu,368.35714285714283,32.64401734057664,326,411,1714.7142857142858,12.560184782010241,1686,1731,14
cpld_debug_p8_gnu,ursa,gnu,285.0,6.66794859469825,278,304,1597.0,7.844645405527366,1582,1606,14
