test_name,machine,compiler,core_mean,core_std,core_min,core_max,mem_mean,mem_std,mem_min,mem_max,n_hashes
cpld_control_nowave_noaero_p8_gnu,derecho,gnu,536.3125,10.416133319679304,525,568,1634.4375,9.387713601653271,1615,1651,16
cpld_control_nowave_noaero_p8_gnu,hera,gnu,594.75,4.112987559751028,591,600,1633.25,10.965856099730622,1621,1643,4
cpld_control_nowave_noaero_p8_gnu,hercules,gnu,514.4117647058823,21.7458582939643,495,571,1626.4117647058824,7.624457550618028,1611,1635,17
cpld_control_nowave_noaero_p8_gnu,ursa,gnu,504.29411764705884,228.8893741269684,411,1221,1551.1176470588234,9.040757386283923,1529,1568,17
