test_name,machine,compiler,core_mean,core_std,core_min,core_max,mem_mean,mem_std,mem_min,mem_max,n_hashes
cpld_control_noaero_p8_agrid_intel,acorn,intel,336.8292682926829,23.055262348349427,303,373,1989.0731707317073,1.8081792486151926,1985,1992,41
cpld_control_noaero_p8_agrid_intel,derecho,intel,358.4318181818182,28.542418638468877,316,482,1929.3636363636363,1.930066983907001,1926,1938,44
cpld_control_noaero_p8_agrid_intel,gaeac6,intel,215.2093023255814,13.254932845539306,197,251,6338.581395348837,0.6261202584751736,6338,6340,43
cpld_control_noaero_p8_agrid_intel,hercules,intel,285.17391304347825,38.07320687997801,241,399,48449.02173913043,314050.66228488885,2133,2132140,46
cpld_control_noaero_p8_agrid_intel,orion,intel,317.6666666666667,39.24225459188788,268,404,48387.4,310576.5172547807,2054,2085500,45
cpld_control_noaero_p8_agrid_intel,ursa,intel,236.26,18.62608440891866,205,287,2177.4,13.41944978950553,2151,2217,50
cpld_control_noaero_p8_agrid_intel,wcoss2,intel,343.5833333333333,20.694159247245413,309,411,1893.75,4.74677942331605,1880,1901,48
