test_name,machine,compiler,core_mean,core_std,core_min,core_max,mem_mean,mem_std,mem_min,mem_max,n_hashes
cpld_control_c24_9deg_intel,acorn,intel,78.81818181818181,9.970357758206996,64,98,2112.2045454545455,4.106600163744048,2104,2119,44
cpld_control_c24_9deg_intel,derecho,intel,64.54545454545455,13.446629292260095,56,98,2074.3636363636365,1.5861450869281382,2071,2080,44
cpld_control_c24_9deg_intel,gaeac6,intel,45.372093023255815,1.0695627903817575,44,47,6337.720930232558,0.7965874057607221,6336,6339,43
cpld_control_c24_9deg_intel,hera,intel,74.33333333333333,5.773502691896256,71,81,2254.0,1.0,2253,2255,3
cpld_control_c24_9deg_intel,hercules,intel,69.21739130434783,24.10155646746885,53,128,50804.782608695656,329413.12781409116,2224,2236424,46
cpld_control_c24_9deg_intel,orion,intel,115.4,38.58956524054845,80,214,51916.15555555555,333250.1313042745,2223,2237748,45
cpld_control_c24_9deg_intel,ursa,intel,196.18,344.0721738477649,48,1151,2210.38,2.156054597771467,2207,2216,50
cpld_control_c24_9deg_intel,wcoss2,intel,86.27083333333333,9.199305208115268,78,121,2121.6875,5.66120147386216,2108,2129,48
