test_name,machine,compiler,core_mean,core_std,core_min,core_max,mem_mean,mem_std,mem_min,mem_max,n_hashes
cpld_control_noaero_p8_intel,acorn,intel,274.6875,5.941029652621958,262,281,1915.875,1.0878112581386803,1914,1918,16
cpld_control_noaero_p8_intel,derecho,intel,290.875,11.999305535460513,280,320,1871.4375,1.314977819838295,1869,1874,16
cpld_control_noaero_p8_intel,gaeac6,intel,174.125,8.212794895770868,169,201,6338.625,0.6191391873668521,6338,6340,16
cpld_control_noaero_p8_intel,hera,intel,670.25,18.962682651284677,645,691,2102.75,3.862210075418808,2099,2108,4
cpld_control_noaero_p8_intel,hercules,intel,452.0,12.708265027138827,438,497,2045.5294117647059,4.6919831502630975,2038,2053,17
cpld_control_noaero_p8_intel,orion,intel,954.625,36.20105891637241,916,1055,1991.125,4.7169905660283264,1986,2001,16
cpld_control_noaero_p8_intel,ursa,intel,392.1764705882353,12.516166016984037,373,413,2087.470588235294,11.927476928602784,2068,2105,17
cpld_control_noaero_p8_intel,wcoss2,intel,290.125,4.702836023791037,282,296,1858.875,48.44911419898885,1820,1924,16
