test_name,machine,compiler,core_mean,core_std,core_min,core_max,mem_mean,mem_std,mem_min,mem_max,n_hashes
cpld_restart_p8_intel,acorn,intel,278.03125,12.206514323732401,249,305,2650.15625,881.824505595844,1359,3239,32
cpld_restart_p8_intel,derecho,intel,289.25714285714287,15.950922630779335,266,327,1464.2285714285715,102.65593181172937,1321,1539,35
cpld_restart_p8_intel,gaeac6,intel,169.31428571428572,10.89730519459751,154,202,6338.685714285714,0.4710082159535437,6338,6339,35
cpld_restart_p8_intel,hera,intel,359.5,0.7071067811865476,359,360,1866.5,12.020815280171307,1858,1875,2
cpld_restart_p8_intel,hercules,intel,284.6111111111111,54.4165299349263,243,555,49324.0,284691.45062982535,1706,1710024,36
cpld_restart_p8_intel,orion,intel,534.9714285714285,34.19536063672426,493,610,45295.514285714286,257956.5008656409,1524,1527784,35
cpld_restart_p8_intel,ursa,intel,230.97222222222223,24.539747479328437,202,331,2183.75,112.21519504951188,2010,2303,36
cpld_restart_p8_intel,wcoss2,intel,287.2857142857143,25.06177242285129,250,379,1640.7714285714285,603.3589354952961,1263,3262,35
