test_name,machine,compiler,core_mean,core_std,core_min,core_max,mem_mean,mem_std,mem_min,mem_max,n_hashes
cpld_restart_c192_p8_intel,hera,intel,521.5,7.7781745930520225,516,527,2803.0,11.313708498984761,2795,2811,2
cpld_restart_c192_p8_intel,hercules,intel,336.5869565217391,51.00526164010774,234,546,63097.065217391304,408504.7103976159,2746,2773480,46
cpld_restart_c192_p8_intel,orion,intel,520.0666666666667,88.47711568535675,325,707,61295.24444444444,392823.4019695894,2625,2637876,45
cpld_restart_c192_p8_intel,ursa,intel,751.92,157.5133087995411,198,925,3297.28,163.22627839653666,3117,3491,50
