test_name,machine,compiler,core_mean,core_std,core_min,core_max,mem_mean,mem_std,mem_min,mem_max,n_hashes
cpld_control_nowave_noaero_p8_gnu,derecho,gnu,536.6666666666666,10.68153725337501,525,568,1634.8,9.600595219642784,1615,1651,15
cpld_control_nowave_noaero_p8_gnu,hera,gnu,595.6666666666666,4.509249752822908,591,600,1637.3333333333333,8.962886439832468,1627,1643,3
cpld_control_nowave_noaero_p8_gnu,hercules,gnu,510.875,16.660832312142496,495,565,1626.3125,7.863152463653903,1611,1635,16
cpld_control_nowave_noaero_p8_gnu,ursa,gnu,507.375,236.03160099161863,411,1221,1551.625,9.08386848576457,1529,1568,16
