test_name,machine,compiler,core_mean,core_std,core_min,core_max,mem_mean,mem_std,mem_min,mem_max,n_hashes
cpld_regional_atm_fbh_intel,derecho,intel,489.54545454545456,30.384707403143253,448,526,774.7045454545455,1.7989602352798917,772,779,44
cpld_regional_atm_fbh_intel,gaeac6,intel,372.6511627906977,11.702428972389464,361,390,6337.581395348837,0.5447829685618228,6337,6339,43
cpld_regional_atm_fbh_intel,hercules,intel,556.1739130434783,39.18577085730433,502,651,24521.152173913044,158995.7274208569,1066,1079440,46
cpld_regional_atm_fbh_intel,orion,intel,797.2666666666667,57.621965508744175,720,867,24960.17777777778,160157.73210200807,1072,1075456,45
cpld_regional_atm_fbh_intel,ursa,intel,892.6,560.346467165901,340,1798,1133.32,3.7495033684748362,1124,1139,50
