test_name,machine,compiler,core_mean,core_std,core_min,core_max,mem_mean,mem_std,mem_min,mem_max,n_hashes
cpld_restart_p8_lnd_intel,acorn,intel,274.9767441860465,17.75560055453065,239,302,1895.0,845.3095234742068,1370,3239,43
cpld_restart_p8_lnd_intel,gaeac6,intel,164.04651162790697,19.51306459586707,144,270,6338.558139534884,0.5478236413035682,6337,6339,43
cpld_restart_p8_lnd_intel,hercules,intel,263.3478260869565,41.92968579329731,193,408,38353.47826086957,248211.97803532897,1676,1685212,46
cpld_restart_p8_lnd_intel,orion,intel,454.68888888888887,122.5842608579952,220,619,34936.555555555555,223827.09294743114,1500,1503048,45
cpld_restart_p8_lnd_intel,ursa,intel,218.58,15.476235897369236,175,254,2113.16,108.4430368668181,2008,2323,50
