test_name,machine,compiler,core_mean,core_std,core_min,core_max,mem_mean,mem_std,mem_min,mem_max,n_hashes
cpld_control_gefs_intel,acorn,intel,1093.25,70.73768279666686,1003,1172,4090.1136363636365,8.31702067936426,4075,4108,44
cpld_control_gefs_intel,hera,intel,928.0,5.656854249492381,924,932,3047.5,6.363961030678928,3043,3052,2
cpld_control_gefs_intel,hercules,intel,1016.4888888888889,83.2934631895025,879,1169,3113.266666666667,40.35152357155096,3079,3195,45
cpld_control_gefs_intel,orion,intel,1222.8444444444444,57.641507911776834,1127,1325,70635.46666666666,453468.5688552887,3001,3044996,45
cpld_control_gefs_intel,ursa,intel,1209.28,110.73816148087013,800,1424,3208.16,16.562017031849287,3180,3247,50
cpld_control_gefs_intel,wcoss2,intel,1062.3333333333333,49.7766643323628,982,1162,2977.7083333333335,342.8189124561078,2857,4108,48
