test_name,machine,compiler,core_mean,core_std,core_min,core_max,mem_mean,mem_std,mem_min,mem_max,n_hashes
cpld_debug_pdlib_p8_gnu,derecho,gnu,527.1428571428571,10.946422969361999,513,561,1597.5714285714287,9.112242700508336,1585,1610,14
cpld_debug_pdlib_p8_gnu,hera,gnu,656.0,5.656854249492381,652,660,1531.5,2.1213203435596424,1530,1533,2
cpld_debug_pdlib_p8_gnu,hercules,gnu,571.2666666666667,35.62797188940709,527,616,1589.2,10.671724991102186,1572,1608,15
cpld_debug_pdlib_p8_gnu,ursa,gnu,391.6666666666667,2.819996622760556,388,398,1566.6666666666667,9.385906354489059,1550,1585,15
