test_name,machine,compiler,core_mean,core_std,core_min,core_max,mem_mean,mem_std,mem_min,mem_max,n_hashes
cpld_warmstart_c24_9deg_intel,acorn,intel,54.59090909090909,8.093402946063993,40,71,2111.909090909091,2.6131882141754748,2107,2118,44
cpld_warmstart_c24_9deg_intel,derecho,intel,41.81818181818182,13.733802683605868,32,68,2074.6363636363635,1.7664957966487498,2072,2080,44
cpld_warmstart_c24_9deg_intel,gaeac6,intel,26.790697674418606,1.611833317845947,25,32,6337.604651162791,0.8490761052802692,6336,6341,43
cpld_warmstart_c24_9deg_intel,hera,intel,41.0,0.0,41,41,2253.0,1.4142135623730951,2252,2254,2
cpld_warmstart_c24_9deg_intel,hercules,intel,47.76086956521739,27.41871605925712,30,123,50725.065217391304,328876.5275676438,2222,2232784,46
cpld_warmstart_c24_9deg_intel,orion,intel,85.04444444444445,41.05537034717181,43,167,51794.53333333333,332451.49247553264,2225,2232388,45
cpld_warmstart_c24_9deg_intel,ursa,intel,61.88,163.01566720748664,29,1168,2208.08,2.578086618452661,2193,2211,50
cpld_warmstart_c24_9deg_intel,wcoss2,intel,62.791666666666664,13.542617260688704,53,139,2119.6041666666665,3.852269755547261,2108,2125,48
