test_name,machine,compiler,core_mean,core_std,core_min,core_max,mem_mean,mem_std,mem_min,mem_max,n_hashes
cpld_debug_pdlib_p8_intel,acorn,intel,1459.5833333333333,40.405801413643395,1432,1564,1961.3333333333333,2.53460892925178,1959,1967,12
cpld_debug_pdlib_p8_intel,derecho,intel,1392.8333333333333,16.19109369843545,1378,1431,1894.9166666666667,1.7298624923455437,1892,1897,12
cpld_debug_pdlib_p8_intel,gaeac6,intel,978.0833333333334,6.12681636642383,974,996,6338.916666666667,0.5149286505442142,6338,6340,12
cpld_debug_pdlib_p8_intel,hercules,intel,1350.3846153846155,38.0143360272114,1306,1406,2066.6923076923076,3.7502136691264307,2058,2072,13
cpld_debug_pdlib_p8_intel,orion,intel,1733.6666666666667,31.792890381150922,1673,1801,1998.25,4.515126093074625,1991,2006,12
cpld_debug_pdlib_p8_intel,ursa,intel,1164.923076923077,15.8348852140958,1148,1212,2184.6153846153848,7.100920850359948,2178,2198,13
cpld_debug_pdlib_p8_intel,wcoss2,intel,1443.6666666666667,17.7525072919719,1429,1490,1887.1666666666667,32.036437588054824,1870,1958,12
