test_name,machine,compiler,core_mean,core_std,core_min,core_max,mem_mean,mem_std,mem_min,mem_max,n_hashes
cpld_warmstart_c48_5deg_intel,acorn,intel,128.0,7.695925722567281,112,149,2897.911111111111,4.9120548478497,2889,2906,45
cpld_warmstart_c48_5deg_intel,derecho,intel,107.84444444444445,13.611418260809826,98,139,2858.0666666666666,1.7241598744685316,2855,2864,45
cpld_warmstart_c48_5deg_intel,gaeac6,intel,77.38636363636364,2.935079802337374,74,94,6337.659090909091,0.8877246016009417,6337,6341,44
cpld_warmstart_c48_5deg_intel,hera,intel,130.4,1.1401754250991383,129,132,3078.6,4.61519230368572,3071,3083,5
cpld_warmstart_c48_5deg_intel,hercules,intel,118.12765957446808,35.99070956285959,97,259,67521.85106382979,442091.6782676652,3028,3033864,47
cpld_warmstart_c48_5deg_intel,orion,intel,180.08695652173913,40.82419004406116,143,265,68907.63043478261,446762.6820045321,3026,3033128,46
cpld_warmstart_c48_5deg_intel,ursa,intel,132.78,173.56893472635252,79,1257,3019.54,1.728630459440752,3015,3024,50
cpld_warmstart_c48_5deg_intel,wcoss2,intel,139.16326530612244,15.821065781071118,125,218,2902.816326530612,1.236147735705509,2900,2905,49
