test_name,machine,compiler,core_mean,core_std,core_min,core_max,mem_mean,mem_std,mem_min,mem_max,n_hashes
cpld_control_p8_intel,acorn,intel,491.3,17.556116922010688,458,532,2902.1,651.0182660714067,1993,3356,30
cpld_control_p8_intel,derecho,intel,492.75757575757575,18.09355946018899,464,543,1990.4242424242425,34.177871407379754,1942,2028,33
cpld_control_p8_intel,gaeac6,intel,307.6060606060606,18.07612270707445,289,380,6338.69696969697,0.4666937221595364,6338,6339,33
cpld_control_p8_intel,hercules,intel,529.4705882352941,38.96325797941909,477,637,66374.58823529411,374004.5732138253,2180,2183036,34
cpld_control_p8_intel,orion,intel,1063.6060606060605,40.24995294557754,1004,1187,65981.66666666667,366617.6909344449,2095,2108220,33
cpld_control_p8_intel,ursa,intel,451.7352941176471,28.6750961780421,397,537,2415.264705882353,108.56399001832408,2260,2533,34
cpld_control_p8_intel,wcoss2,intel,500.57575757575756,27.424931976932818,461,565,2033.4848484848485,347.2975238549184,1898,3373,33
