test_name,machine,compiler,core_mean,core_std,core_min,core_max,mem_mean,mem_std,mem_min,mem_max,n_hashes
cpld_control_c192_p8_intel,gaeac6,intel,319.90697674418607,21.340564942636256,301,424,6338.767441860465,0.4274625743754489,6338,6339,43
cpld_control_c192_p8_intel,hera,intel,844.0,,844,844,2645.0,,2645,2645,1
cpld_control_c192_p8_intel,hercules,intel,867.195652173913,171.11979164254333,422,1148,58823.32608695652,380152.4449757289,2560,2581092,46
cpld_control_c192_p8_intel,orion,intel,911.6666666666666,170.72319435539248,558,1224,53004.84444444445,339002.06212935125,2268,2276564,45
cpld_control_c192_p8_intel,ursa,intel,1121.52,234.05591866309328,349,1386,3393.18,169.3064713012758,3222,3586,50
