test_name,machine,compiler,core_mean,core_std,core_min,core_max,mem_mean,mem_std,mem_min,mem_max,n_hashes
cpld_restart_p8_intel,acorn,intel,278.0967741935484,12.402566505122195,249,305,2631.1935483870966,889.7441736946952,1359,3239,31
cpld_restart_p8_intel,derecho,intel,289.0882352941176,16.15899720684538,266,327,1462.1470588235295,103.44728780748041,1321,1539,34
cpld_restart_p8_intel,gaeac6,intel,169.38235294117646,11.053628790918191,154,202,6338.705882352941,0.4624972900628088,6338,6339,34
cpld_restart_p8_intel,hera,intel,360.0,,360,360,1858.0,,1858,1858,1
cpld_restart_p8_intel,hercules,intel,285.0285714285714,55.152454862054185,243,555,50677.71428571428,288730.169615831,1706,1710024,35
cpld_restart_p8_intel,orion,intel,535.7647058823529,34.381160118922615,493,610,46575.794117647056,261722.86794331038,1524,1527784,34
cpld_restart_p8_intel,ursa,intel,231.2,24.859369165248697,202,331,2181.6,113.09865552849398,2010,2303,35
cpld_restart_p8_intel,wcoss2,intel,287.2352941176471,25.43686042129986,250,379,1593.0882352941176,541.3714552732442,1263,3262,34
