test_name,machine,compiler,core_mean,core_std,core_min,core_max,mem_mean,mem_std,mem_min,mem_max,n_hashes
cpld_control_nowave_noaero_p8_intel,acorn,intel,434.42857142857144,5.388224849889533,424,445,1986.2142857142858,1.5281246137553453,1984,1989,14
cpld_control_nowave_noaero_p8_intel,derecho,intel,441.5,17.3770405553287,414,478,1932.642857142857,0.6333236937766213,1932,1934,14
cpld_control_nowave_noaero_p8_intel,gaeac6,intel,279.07142857142856,8.686543844132943,273,307,6338.714285714285,0.46880723093820015,6338,6339,14
cpld_control_nowave_noaero_p8_intel,hera,intel,372.5,4.949747468305833,369,376,2194.0,0.0,2194,2194,2
cpld_control_nowave_noaero_p8_intel,hercules,intel,362.26666666666665,19.80428044159959,347,400,2173.133333333333,5.436210164478615,2164,2181,15
cpld_control_nowave_noaero_p8_intel,orion,intel,407.64285714285717,33.50684693027367,387,507,2102.3571428571427,1.9456912102680997,2098,2105,14
cpld_control_nowave_noaero_p8_intel,ursa,intel,391.6666666666667,376.926227466836,287,1754,3002.6,10.615352763131026,2991,3027,15
cpld_control_nowave_noaero_p8_intel,wcoss2,intel,442.0,5.56085217597779,435,452,1915.4285714285713,46.769013880353135,1881,1993,14
