test_name,machine,compiler,core_mean,core_std,core_min,core_max,mem_mean,mem_std,mem_min,mem_max,n_hashes
cpld_control_c24_9deg_intel,acorn,intel,79.18604651162791,10.51360980542089,64,98,2112.3720930232557,4.140527087529888,2104,2119,43
cpld_control_c24_9deg_intel,derecho,intel,66.47727272727273,14.228187935358807,56,98,2074.6363636363635,1.805558717765272,2071,2081,44
cpld_control_c24_9deg_intel,gaeac6,intel,45.27906976744186,1.0981712373055417,44,47,6337.767441860465,0.7183714817732109,6336,6339,43
cpld_control_c24_9deg_intel,hercules,intel,71.1086956521739,26.057396698544434,53,139,50805.239130434784,329413.05901113705,2224,2236424,46
cpld_control_c24_9deg_intel,orion,intel,115.4,37.84381779702657,80,214,51916.73333333333,333250.0432233758,2223,2237748,45
cpld_control_c24_9deg_intel,ursa,intel,196.26,344.0377180318626,48,1151,2210.26,2.2479923015337766,2206,2216,50
cpld_control_c24_9deg_intel,wcoss2,intel,86.0,9.15353669586533,78,121,2122.75,4.512394278835062,2110,2129,48
