test_name,machine,compiler,core_mean,core_std,core_min,core_max,mem_mean,mem_std,mem_min,mem_max,n_hashes
cpld_warmstart_c24_5deg_intel,acorn,intel,58.46511627906977,7.323637000475152,41,73,2113.3488372093025,2.3892987707119104,2110,2119,43
cpld_warmstart_c24_5deg_intel,derecho,intel,43.54545454545455,15.564501270152652,32,88,2076.590909090909,1.5449570148033436,2074,2079,44
cpld_warmstart_c24_5deg_intel,gaeac6,intel,26.6046511627907,1.1779630296511034,24,30,6337.441860465116,0.628767713236994,6336,6339,43
cpld_warmstart_c24_5deg_intel,hercules,intel,47.19565217391305,26.88131905263694,30,110,50754.5,329068.6280485677,2226,2234088,46
cpld_warmstart_c24_5deg_intel,orion,intel,83.24444444444444,38.9651100085679,46,165,51816.22222222222,332575.03186054184,2224,2233220,45
cpld_warmstart_c24_5deg_intel,ursa,intel,59.12,160.10298216447808,29,1153,2209.26,2.497427247617572,2195,2212,50
cpld_warmstart_c24_5deg_intel,wcoss2,intel,62.083333333333336,12.608395266871742,54,131,2121.4583333333335,2.4750528327336863,2113,2125,48
