test_name,machine,compiler,core_mean,core_std,core_min,core_max,mem_mean,mem_std,mem_min,mem_max,n_hashes
cpld_control_p8_lnd_intel,acorn,intel,486.15555555555557,25.83510257871112,431,521,2515.1555555555556,664.4920806544841,1994,3362,45
cpld_control_p8_lnd_intel,gaeac6,intel,300.90909090909093,24.5051662154607,269,396,6338.772727272727,0.47562132502674204,6337,6339,44
cpld_control_p8_lnd_intel,hera,intel,725.6,11.86591757935307,706,735,2109.4,17.65785943992076,2078,2120,5
cpld_control_p8_lnd_intel,hercules,intel,511.0425531914894,52.4354499430567,371,710,47878.10638297872,313307.87242806633,2140,2150108,47
cpld_control_p8_lnd_intel,orion,intel,943.5434782608696,213.8045531706979,423,1106,47293.086956521736,306514.7319648819,2061,2080984,46
cpld_control_p8_lnd_intel,ursa,intel,436.42,35.72347881681612,316,495,2368.92,111.01329944228003,2272,2558,50
