test_name,machine,compiler,core_mean,core_std,core_min,core_max,mem_mean,mem_std,mem_min,mem_max,n_hashes
datm_cdeps_debug_cfsr_intel,derecho,intel,332.1818181818182,2.554273457640335,329,338,1543.2272727272727,0.8856382894297947,1541,1547,44
datm_cdeps_debug_cfsr_intel,gaeac6,intel,242.0,6.654751256486927,238,275,6337.767441860465,0.8954171494556985,6336,6340,43
datm_cdeps_debug_cfsr_intel,hera,intel,398.3333333333333,1.1547005383792557,397,399,1913.0,1.0,1912,1914,3
datm_cdeps_debug_cfsr_intel,hercules,intel,324.89130434782606,9.737050114256167,315,379,40309.67391304348,261362.4102277274,1764,1774420,46
datm_cdeps_debug_cfsr_intel,orion,intel,416.75555555555553,4.598199032603332,409,429,41185.51111111111,264368.86694142316,1764,1775216,45
datm_cdeps_debug_cfsr_intel,ursa,intel,360.88,212.30634777632642,235,1046,1833.3,5.842315727622454,1819,1852,50
