test_name,machine,compiler,core_mean,core_std,core_min,core_max,mem_mean,mem_std,mem_min,mem_max,n_hashes
datm_cdeps_3072x1536_cfsr_intel,acorn,intel,304.7857142857143,6.505291333292502,295,322,4520.690476190476,1.5058924140966203,4518,4524,42
datm_cdeps_3072x1536_cfsr_intel,derecho,intel,280.8636363636364,8.019136731045622,271,309,4498.840909090909,1.8036549690443298,4496,4505,44
datm_cdeps_3072x1536_cfsr_intel,gaeac6,intel,219.3953488372093,4.164129903305828,217,242,6337.860465116279,0.9149914219955609,6337,6342,43
datm_cdeps_3072x1536_cfsr_intel,hercules,intel,231.3695652173913,3.555019585207338,226,243,109768.39130434782,711774.4249677071,4773,4832312,46
datm_cdeps_3072x1536_cfsr_intel,orion,intel,354.15555555555557,3.1547623131585123,349,364,111988.26666666666,718936.4702153136,4780,4827588,45
datm_cdeps_3072x1536_cfsr_intel,ursa,intel,354.24,275.940954938271,182,1188,4788.86,2.3474693277862353,4783,4795,50
