test_name,machine,compiler,core_mean,core_std,core_min,core_max,mem_mean,mem_std,mem_min,mem_max,n_hashes
datm_cdeps_restart_cfsr_intel,acorn,intel,122.5909090909091,6.676296779594041,112,137,1565.4545454545455,1.33737934390877,1563,1568,44
datm_cdeps_restart_cfsr_intel,derecho,intel,114.45454545454545,1.7314403931683986,112,118,1543.4545454545455,1.0880865529560257,1542,1547,44
datm_cdeps_restart_cfsr_intel,gaeac6,intel,81.93023255813954,3.3194617236993755,80,101,6337.627906976744,0.9003506146140583,6336,6341,43
datm_cdeps_restart_cfsr_intel,hera,intel,117.0,,117,117,1926.0,,1926,1926,1
datm_cdeps_restart_cfsr_intel,hercules,intel,96.34782608695652,5.437390678561211,92,130,40907.586956521736,265266.3325060789,1782,1800920,46
datm_cdeps_restart_cfsr_intel,orion,intel,147.15555555555557,2.575721924886968,143,155,41749.22222222222,268015.7346225546,1780,1799700,45
datm_cdeps_restart_cfsr_intel,ursa,intel,246.3,209.45675604539767,72,628,1869.64,5.809071020606354,1858,1883,50
