test_name,machine,compiler,core_mean,core_std,core_min,core_max,mem_mean,mem_std,mem_min,mem_max,n_hashes
datm_cdeps_control_cfsr_gnu,derecho,gnu,182.3409090909091,2.291979765913589,178,190,1515.4318181818182,1.1492713014396492,1514,1517,44
datm_cdeps_control_cfsr_gnu,hera,gnu,206.5,7.416198487095663,200,217,1554.75,0.5000000000000189,1554,1555,4
datm_cdeps_control_cfsr_gnu,hercules,gnu,167.47826086956522,12.757114146728364,160,245,36443.45652173913,236268.72674813945,1602,1604060,46
datm_cdeps_control_cfsr_gnu,ursa,gnu,270.22,172.74332616542347,123,807,1512.46,0.9940640146922943,1509,1514,50
