test_name,machine,compiler,core_mean,core_std,core_min,core_max,mem_mean,mem_std,mem_min,mem_max,n_hashes
datm_cdeps_lnd_gswp3_intel,acorn,intel,67.47619047619048,3.9214114882775166,56,76,301.3095238095238,2.7717045494019357,292,304,42
datm_cdeps_lnd_gswp3_intel,derecho,intel,78.70454545454545,5.687929060553218,71,97,267.09090909090907,1.0301993895557446,265,270,44
datm_cdeps_lnd_gswp3_intel,gaeac6,intel,59.93023255813954,2.667220319048147,56,71,6338.6511627906975,0.529317661857098,6338,6340,43
datm_cdeps_lnd_gswp3_intel,hercules,intel,57.84782608695652,7.423588204887767,47,84,7587.065217391304,49170.526724136136,325,333828,46
datm_cdeps_lnd_gswp3_intel,orion,intel,79.33333333333333,12.350929298860656,66,154,5798.177777777778,37186.90181324167,247,249712,45
datm_cdeps_lnd_gswp3_intel,ursa,intel,44.9,2.88026359337942,40,53,364.96,7.1684114313409575,358,391,50
