test_name,machine,compiler,core_mean,core_std,core_min,core_max,mem_mean,mem_std,mem_min,mem_max,n_hashes
datm_cdeps_debug_cfsr_intel,derecho,intel,332.09090909090907,2.4761014163603043,329,338,1543.3181818181818,1.073415051669283,1541,1547,44
datm_cdeps_debug_cfsr_intel,gaeac6,intel,241.7674418604651,6.458059598385662,238,275,6337.7441860465115,0.8192047030595558,6336,6339,43
datm_cdeps_debug_cfsr_intel,hercules,intel,324.9782608695652,9.69648076007141,315,379,40309.13043478261,261362.49214517788,1764,1774420,46
datm_cdeps_debug_cfsr_intel,orion,intel,417.4,4.534714584583725,409,429,41185.46666666667,264368.8737166482,1764,1775216,45
datm_cdeps_debug_cfsr_intel,ursa,intel,351.82,207.19277132611532,235,1046,1832.84,5.369452524062663,1819,1846,50
