test_name,machine,compiler,core_mean,core_std,core_min,core_max,mem_mean,mem_std,mem_min,mem_max,n_hashes
datm_cdeps_mx025_gefs_intel,acorn,intel,407.390243902439,7.977712857644375,396,434,682.9268292682926,3.717460449705108,677,698,41
datm_cdeps_mx025_gefs_intel,derecho,intel,390.75,9.333921631514585,380,433,656.4090909090909,2.563774305436759,651,661,44
datm_cdeps_mx025_gefs_intel,gaeac6,intel,277.4418604651163,5.852562831303246,267,297,6338.7441860465115,0.44148144844894593,6338,6339,43
datm_cdeps_mx025_gefs_intel,hercules,intel,340.6521739130435,6.8222426788470205,332,360,26721.67391304348,173122.19000900353,1165,1175368,46
datm_cdeps_mx025_gefs_intel,orion,intel,441.0888888888889,4.45595731078694,433,459,23808.933333333334,152860.31070175266,1011,1026440,45
datm_cdeps_mx025_gefs_intel,ursa,intel,318.9,8.557727144373748,309,352,1333.24,11.459885670975838,1313,1376,50
