test_name,machine,compiler,core_mean,core_std,core_min,core_max,mem_mean,mem_std,mem_min,mem_max,n_hashes
datm_cdeps_ciceC_cfsr_intel,acorn,intel,177.48888888888888,6.440716441734437,166,189,1565.7777777777778,1.3295400586957642,1564,1568,45
datm_cdeps_ciceC_cfsr_intel,derecho,intel,171.46666666666667,2.7269696801328074,163,179,1543.3333333333333,0.8790490729914038,1542,1547,45
datm_cdeps_ciceC_cfsr_intel,gaeac6,intel,121.18181818181819,5.958276351634962,118,153,6337.772727272727,0.5650123013123178,6337,6339,44
datm_cdeps_ciceC_cfsr_intel,hera,intel,180.8,1.3038404810405329,179,182,1983.2,4.764451699828661,1977,1990,5
datm_cdeps_ciceC_cfsr_intel,hercules,intel,147.12765957446808,13.375215595623763,141,235,41013.8085106383,268505.31790164334,1831,1842628,47
datm_cdeps_ciceC_cfsr_intel,orion,intel,210.08695652173913,2.528293996235597,205,216,41963.36956521739,272080.64755087753,1831,1847188,46
datm_cdeps_ciceC_cfsr_intel,ursa,intel,339.92,359.0860757477493,111,1679,1918.8,6.7551945243067895,1908,1935,50
