test_name,machine,compiler,core_mean,core_std,core_min,core_max,mem_mean,mem_std,mem_min,mem_max,n_hashes
datm_cdeps_stochy_gefs_intel,acorn,intel,161.9090909090909,6.900684771609607,155,180,673.9545454545455,5.481276991997564,670,688,44
datm_cdeps_stochy_gefs_intel,derecho,intel,163.02272727272728,2.6892433133334497,157,168,649.1590909090909,5.830725280260519,645,662,44
datm_cdeps_stochy_gefs_intel,gaeac6,intel,112.20930232558139,4.758742028324012,110,138,6337.53488372093,0.630526507478762,6336,6339,43
datm_cdeps_stochy_gefs_intel,hera,intel,172.5,0.7071067811865476,172,173,1232.5,0.7071067811865476,1232,1233,2
datm_cdeps_stochy_gefs_intel,hercules,intel,138.82608695652175,3.459636126184926,135,152,24689.934782608696,160098.86858721633,1072,1086928,46
datm_cdeps_stochy_gefs_intel,orion,intel,192.48888888888888,3.3277225505948325,190,206,25233.666666666668,161952.8644122054,1074,1087504,45
datm_cdeps_stochy_gefs_intel,ursa,intel,333.22,291.7028324322196,106,984,1164.32,7.616952092777857,1151,1179,50
