test_name,machine,compiler,core_mean,core_std,core_min,core_max,mem_mean,mem_std,mem_min,mem_max,n_hashes
datm_cdeps_iau_gefs_intel,acorn,intel,163.28571428571428,6.641648760499131,153,179,675.2142857142857,6.276303534941388,670,687,42
datm_cdeps_iau_gefs_intel,derecho,intel,161.38636363636363,3.4386037532216824,153,171,647.7727272727273,3.9110079374351403,645,661,44
datm_cdeps_iau_gefs_intel,gaeac6,intel,110.83720930232558,1.888943173388852,109,119,6337.627906976744,0.5783085275571377,6337,6339,43
datm_cdeps_iau_gefs_intel,hercules,intel,139.15217391304347,9.672337167416845,134,196,24651.32608695652,159822.54269172062,1072,1085056,46
datm_cdeps_iau_gefs_intel,orion,intel,192.06666666666666,2.5352066438996106,189,202,25247.444444444445,162048.94758817268,1074,1088148,45
datm_cdeps_iau_gefs_intel,ursa,intel,277.2,262.9596849678052,108,1007,1164.96,7.450407467284713,1149,1180,50
