test_name,machine,compiler,core_mean,core_std,core_min,core_max,mem_mean,mem_std,mem_min,mem_max,n_hashes
datm_cdeps_bulk_cfsr_intel,acorn,intel,174.84615384615384,5.956035508151287,168,186,1565.6153846153845,1.5566235649883198,1564,1568,13
datm_cdeps_bulk_cfsr_intel,derecho,intel,172.23076923076923,1.7867030229749163,170,175,1543.0,0.0,1543,1543,13
datm_cdeps_bulk_cfsr_intel,gaeac6,intel,124.3076923076923,11.877040985199242,119,160,6338.153846153846,1.4051188470584646,6337,6342,13
datm_cdeps_bulk_cfsr_intel,hercules,intel,145.57142857142858,1.283881477532739,144,148,1847.642857142857,4.289650207312804,1842,1856,14
datm_cdeps_bulk_cfsr_intel,orion,intel,210.07692307692307,1.8912755158683483,208,214,1845.4615384615386,7.066533622356698,1833,1853,13
datm_cdeps_bulk_cfsr_intel,ursa,intel,264.2857142857143,279.3388977214233,116,965,1917.142857142857,5.08174928781179,1909,1924,14
