test_name,machine,compiler,core_mean,core_std,core_min,core_max,mem_mean,mem_std,mem_min,mem_max,n_hashes
datm_cdeps_lnd_era5_intel,acorn,intel,57.02439024390244,19.779393070665805,40,177,437.5609756097561,0.7761694559761113,436,439,41
datm_cdeps_lnd_era5_intel,derecho,intel,58.79545454545455,3.7823306796179064,53,68,402.79545454545456,1.001848186395265,401,405,44
datm_cdeps_lnd_era5_intel,gaeac6,intel,44.02325581395349,2.44451155986926,41,52,6338.720930232558,0.7012092071269432,6338,6342,43
datm_cdeps_lnd_era5_intel,hercules,intel,38.41304347826087,4.763640470417657,33,60,12695.760869565218,82312.80436027348,552,558832,46
datm_cdeps_lnd_era5_intel,orion,intel,50.15555555555556,7.6066823360527005,44,96,7320.733333333334,46982.929041205054,310,315488,45
datm_cdeps_lnd_era5_intel,ursa,intel,33.66,3.3600898918976334,30,46,624.14,6.562136287297112,618,643,50
