test_name,machine,compiler,core_mean,core_std,core_min,core_max,mem_mean,mem_std,mem_min,mem_max,n_hashes
datm_cdeps_mx025_gefs_intel,acorn,intel,407.45454545454544,7.681008126222439,396,434,682.9090909090909,3.703035723961989,677,698,44
datm_cdeps_mx025_gefs_intel,derecho,intel,395.47727272727275,16.920454989159374,383,454,656.0,2.401549887148921,651,660,44
datm_cdeps_mx025_gefs_intel,gaeac6,intel,278.2093023255814,5.962414577744424,265,297,6338.720930232558,0.4538502687508983,6338,6339,43
datm_cdeps_mx025_gefs_intel,hera,intel,421.0,4.0,417,425,1138.6666666666667,4.932882862316228,1133,1142,3
datm_cdeps_mx025_gefs_intel,hercules,intel,339.7608695652174,7.595860810288432,332,374,26712.847826086956,173123.51904091382,1165,1175368,46
datm_cdeps_mx025_gefs_intel,orion,intel,440.8666666666667,4.495452247448616,433,459,23807.088888888888,152860.5918884652,1009,1026440,45
datm_cdeps_mx025_gefs_intel,ursa,intel,318.86,8.320150116385149,309,352,1332.52,11.860137315514459,1313,1376,50
