test_name,machine,compiler,core_mean,core_std,core_min,core_max,mem_mean,mem_std,mem_min,mem_max,n_hashes
datm_cdeps_control_gefs_intel,acorn,intel,159.20454545454547,6.189186163784305,152,173,673.7045454545455,5.014303009622014,669,687,44
datm_cdeps_control_gefs_intel,derecho,intel,159.6590909090909,2.98011379381752,150,167,646.8409090909091,3.212933035283763,645,660,44
datm_cdeps_control_gefs_intel,gaeac6,intel,110.16279069767442,2.148423924627403,108,121,6337.627906976744,0.7874992309582042,6336,6340,43
datm_cdeps_control_gefs_intel,hera,intel,170.33333333333334,1.5275252316519428,169,172,1225.6666666666667,8.96288643983252,1220,1236,3
datm_cdeps_control_gefs_intel,hercules,intel,139.15217391304347,10.396510934612945,133,204,25034.869565217392,162442.09803682304,1068,1102820,46
datm_cdeps_control_gefs_intel,orion,intel,190.7111111111111,2.492007425771645,189,200,25416.866666666665,163176.31889582175,1079,1095712,45
datm_cdeps_control_gefs_intel,ursa,intel,312.02,292.99672562076495,107,1050,1168.62,8.181337648226332,1147,1185,50
