test_name,machine,compiler,core_mean,core_std,core_min,core_max,mem_mean,mem_std,mem_min,mem_max,n_hashes
datm_cdeps_mx025_cfsr_intel,acorn,intel,420.47727272727275,5.638277142283133,407,430,1365.8181818181818,1.820717048534603,1363,1369,44
datm_cdeps_mx025_cfsr_intel,derecho,intel,405.0681818181818,13.001605853004115,389,450,1333.909090909091,1.2354865686484637,1330,1337,44
datm_cdeps_mx025_cfsr_intel,gaeac6,intel,290.5581395348837,8.421351338177203,283,334,6338.720930232558,0.5488334553243366,6338,6340,43
datm_cdeps_mx025_cfsr_intel,hera,intel,434.6666666666667,3.7859388972001873,432,439,1781.3333333333333,1.5275252316519776,1780,1783,3
datm_cdeps_mx025_cfsr_intel,hercules,intel,359.3478260869565,56.4360867181449,344,731,38904.52173913043,252254.36694792722,1700,1712584,46
datm_cdeps_mx025_cfsr_intel,orion,intel,464.0444444444444,5.846349115456417,456,492,38431.57777777778,246677.18858381113,1650,1656420,45
datm_cdeps_mx025_cfsr_intel,ursa,intel,326.5,11.071658983777505,315,378,1822.46,15.91458065897501,1796,1879,50
