test_name,machine,compiler,core_mean,core_std,core_min,core_max,mem_mean,mem_std,mem_min,mem_max,n_hashes
datm_cdeps_debug_cfsr_intel,derecho,intel,332.1136363636364,2.517066482762609,329,338,1543.2045454545455,0.9042418243787002,1541,1547,44
datm_cdeps_debug_cfsr_intel,gaeac6,intel,241.72093023255815,6.474586147448416,238,275,6337.720930232558,0.8259361613562167,6336,6339,43
datm_cdeps_debug_cfsr_intel,hera,intel,398.0,1.4142135623730951,397,399,1913.5,0.7071067811865476,1913,1914,2
datm_cdeps_debug_cfsr_intel,hercules,intel,325.04347826086956,9.68149786790162,315,379,40309.434782608696,261362.44627308493,1764,1774420,46
datm_cdeps_debug_cfsr_intel,orion,intel,416.8,4.629942076998762,409,429,41185.42222222222,264368.880492897,1764,1775216,45
datm_cdeps_debug_cfsr_intel,ursa,intel,360.84,212.32996654706454,235,1046,1833.16,5.835709914319072,1819,1852,50
