test_name,machine,compiler,core_mean,core_std,core_min,core_max,mem_mean,mem_std,mem_min,mem_max,n_hashes
datm_cdeps_multiple_files_cfsr_intel,acorn,intel,179.36363636363637,5.149354934046256,168,192,1565.5227272727273,1.4057793727395747,1564,1568,44
datm_cdeps_multiple_files_cfsr_intel,derecho,intel,171.04545454545453,2.6054910304036274,165,176,1543.340909090909,0.9631146619216073,1542,1547,44
datm_cdeps_multiple_files_cfsr_intel,gaeac6,intel,121.02325581395348,3.912667900508265,119,143,6337.697674418605,0.5578395280828969,6337,6339,43
datm_cdeps_multiple_files_cfsr_intel,hera,intel,181.0,1.4142135623730951,180,182,1982.0,4.242640687119285,1979,1985,2
datm_cdeps_multiple_files_cfsr_intel,hercules,intel,147.2826086956522,3.9925655548963666,144,171,42207.04347826087,273725.33635801624,1834,1858344,46
datm_cdeps_multiple_files_cfsr_intel,orion,intel,211.0,3.0000000000000053,207,222,42728.044444444444,274228.93069178826,1837,1841432,45
datm_cdeps_multiple_files_cfsr_intel,ursa,intel,325.66,312.20778076042075,112,1035,1919.86,7.532270709475093,1903,1934,50
