test_name,machine,compiler,core_mean,core_std,core_min,core_max,mem_mean,mem_std,mem_min,mem_max,n_hashes
datm_cdeps_debug_cfsr_intel,derecho,intel,331.9318181818182,2.5094957083763587,328,338,1543.2954545454545,1.090754922157759,1541,1547,44
datm_cdeps_debug_cfsr_intel,gaeac6,intel,241.58139534883722,6.359217375250835,238,275,6337.767441860465,0.8117356273333264,6336,6339,43
datm_cdeps_debug_cfsr_intel,hercules,intel,325.04347826086956,9.67920226680584,315,379,40308.97826086957,261362.51508044777,1764,1774420,46
datm_cdeps_debug_cfsr_intel,orion,intel,417.46666666666664,4.429241675296327,410,429,41185.6,264368.85338888643,1764,1775216,45
datm_cdeps_debug_cfsr_intel,ursa,intel,344.78,204.72682545583635,235,1046,1832.98,5.196113147029706,1819,1846,50
