test_name,machine,compiler,core_mean,core_std,core_min,core_max,mem_mean,mem_std,mem_min,mem_max,n_hashes
datm_cdeps_control_cfsr_intel,acorn,intel,178.77272727272728,6.695585620960347,167,192,1565.9318181818182,1.3188742076012616,1564,1568,44
datm_cdeps_control_cfsr_intel,derecho,intel,171.6818181818182,2.5222058200574184,164,178,1543.3636363636363,0.8095623018072369,1543,1547,44
datm_cdeps_control_cfsr_intel,gaeac6,intel,121.67441860465117,3.328956151512548,119,135,6337.604651162791,0.5407021398023529,6337,6339,43
datm_cdeps_control_cfsr_intel,hera,intel,182.0,1.1547005383792515,181,183,1984.5,4.434711565216712,1978,1988,4
datm_cdeps_control_cfsr_intel,hercules,intel,148.2391304347826,4.667546500910756,143,168,42012.47826086957,272406.6351877272,1833,1849400,46
datm_cdeps_control_cfsr_intel,orion,intel,211.8,2.180492021206555,207,218,42759.64444444444,274454.0214437446,1827,1842940,45
datm_cdeps_control_cfsr_intel,ursa,intel,446.8,333.84415281287613,113,1204,1920.88,6.87390807655282,1906,1933,50
