test_name,machine,compiler,core_mean,core_std,core_min,core_max,mem_mean,mem_std,mem_min,mem_max,n_hashes
datm_cdeps_lm4_gswp3_intel,hera,intel,32.333333333333336,2.309401076758502,31,35,636.0,1.0,635,637,3
datm_cdeps_lm4_gswp3_intel,orion,intel,39.6,5.670497813644361,35,71,13205.844444444445,84806.66248215182,554,569464,45
datm_cdeps_lm4_gswp3_intel,ursa,intel,608.875,722.1898988493261,19,1765,600.8125,0.9810708435174323,599,602,16
