test_name,machine,compiler,core_mean,core_std,core_min,core_max,mem_mean,mem_std,mem_min,mem_max,n_hashes
datm_cdeps_mx025_cfsr_intel,acorn,intel,420.79545454545456,5.994491833902425,407,434,1365.8636363636363,1.8500899926685401,1363,1369,44
datm_cdeps_mx025_cfsr_intel,derecho,intel,407.5,19.21421469932165,389,500,1333.840909090909,1.1400363482206415,1330,1337,44
datm_cdeps_mx025_cfsr_intel,gaeac6,intel,291.2093023255814,8.967024615447544,283,334,6338.697674418605,0.5578395280831815,6338,6340,43
datm_cdeps_mx025_cfsr_intel,hera,intel,434.75,3.0956959368344554,432,439,1781.5,1.290994448735835,1780,1783,4
datm_cdeps_mx025_cfsr_intel,hercules,intel,359.3478260869565,56.436086718144885,344,731,38903.891304347824,252254.46192985622,1700,1712584,46
datm_cdeps_mx025_cfsr_intel,orion,intel,463.9555555555556,5.908220604130374,456,492,38431.71111111111,246677.16825692556,1650,1656420,45
datm_cdeps_mx025_cfsr_intel,ursa,intel,326.7,11.02362953673903,315,378,1822.46,15.914580658974897,1796,1879,50
