test_name,machine,compiler,core_mean,core_std,core_min,core_max,mem_mean,mem_std,mem_min,mem_max,n_hashes
datm_cdeps_gfs_intel,acorn,intel,306.47727272727275,4.839222676209119,295,321,4520.931818181818,1.4207388721778784,4519,4524,44
datm_cdeps_gfs_intel,derecho,intel,281.8863636363636,7.755615847050383,270,300,4498.477272727273,1.0452247196597633,4496,4501,44
datm_cdeps_gfs_intel,gaeac6,intel,222.06976744186048,7.271586415098709,217,260,6337.7441860465115,0.5386501318691077,6337,6339,43
datm_cdeps_gfs_intel,hera,intel,288.25,3.5000000000000075,284,292,4967.75,1.707825127659933,4966,4970,4
datm_cdeps_gfs_intel,hercules,intel,235.1086956521739,9.426271233737154,228,292,109730.97826086957,711486.4641261199,4785,4830364,46
datm_cdeps_gfs_intel,orion,intel,358.0,9.359001500742965,352,411,112166.53333333334,720102.1323738676,4779,4835412,45
datm_cdeps_gfs_intel,ursa,intel,342.06,264.3357798138495,181,997,4789.06,2.4024647208010848,4786,4798,50
