test_name,machine,compiler,core_mean,core_std,core_min,core_max,mem_mean,mem_std,mem_min,mem_max,n_hashes
datm_cdeps_bulk_cfsr_intel,acorn,intel,174.25,5.5916604570258635,168,186,1565.75,1.4832396974191555,1564,1568,16
datm_cdeps_bulk_cfsr_intel,derecho,intel,172.125,1.627882059609975,170,175,1543.0,0.0,1543,1543,16
datm_cdeps_bulk_cfsr_intel,gaeac6,intel,123.625,10.732349851422722,119,160,6337.9375,1.3400870618483083,6337,6342,16
datm_cdeps_bulk_cfsr_intel,hera,intel,184.0,,184,184,1985.0,,1985,1985,1
datm_cdeps_bulk_cfsr_intel,hercules,intel,145.64705882352942,1.4975470138942306,144,149,1847.8823529411766,4.013763086885781,1842,1856,17
datm_cdeps_bulk_cfsr_intel,orion,intel,210.0,1.7511900715418274,208,214,1846.0625,7.602357090622181,1833,1856,16
datm_cdeps_bulk_cfsr_intel,ursa,intel,278.05882352941177,288.0302654644637,116,965,1918.1176470588234,5.998774384626152,1909,1933,17
