test_name,machine,compiler,core_mean,core_std,core_min,core_max,mem_mean,mem_std,mem_min,mem_max,n_hashes
datm_cdeps_multiple_files_cfsr_intel,acorn,intel,179.45454545454547,5.032242763464812,168,192,1565.5227272727273,1.4057793727395997,1564,1568,44
datm_cdeps_multiple_files_cfsr_intel,derecho,intel,170.86363636363637,2.7415061985679436,165,176,1543.4318181818182,1.1080619425371134,1542,1547,44
datm_cdeps_multiple_files_cfsr_intel,gaeac6,intel,121.04651162790698,3.9033165896031368,119,143,6337.790697674419,0.7418811204627801,6337,6341,43
datm_cdeps_multiple_files_cfsr_intel,hera,intel,182.0,,182,182,1979.0,,1979,1979,1
datm_cdeps_multiple_files_cfsr_intel,hercules,intel,147.32608695652175,3.966831076850951,144,171,42206.913043478264,273725.3560185891,1834,1858344,46
datm_cdeps_multiple_files_cfsr_intel,orion,intel,211.04444444444445,2.9844715959564274,207,222,42728.13333333333,274228.917143357,1837,1841432,45
datm_cdeps_multiple_files_cfsr_intel,ursa,intel,325.6,312.2464359039089,112,1035,1920.12,7.372425181798946,1903,1934,50
