test_name,machine,compiler,core_mean,core_std,core_min,core_max,mem_mean,mem_std,mem_min,mem_max,n_hashes
datm_cdeps_3072x1536_cfsr_intel,acorn,intel,304.6744186046512,6.4686825413369995,295,322,4520.720930232558,1.5011992253075763,4518,4524,43
datm_cdeps_3072x1536_cfsr_intel,derecho,intel,281.0681818181818,8.136617568409214,271,309,4498.863636363636,1.8119873336343437,4496,4505,44
datm_cdeps_3072x1536_cfsr_intel,gaeac6,intel,219.53488372093022,4.21645776186431,217,242,6337.860465116279,0.9149914219955931,6337,6342,43
datm_cdeps_3072x1536_cfsr_intel,hercules,intel,231.2826086956522,3.612712391162098,226,243,109769.43478260869,711774.267674541,4773,4832312,46
datm_cdeps_3072x1536_cfsr_intel,orion,intel,354.1333333333333,3.1665869208459716,349,364,111989.22222222222,718936.3245177777,4780,4827588,45
datm_cdeps_3072x1536_cfsr_intel,ursa,intel,354.24,275.940954938271,182,1188,4788.94,2.315960593228611,4783,4795,50
