test_name,machine,compiler,core_mean,core_std,core_min,core_max,mem_mean,mem_std,mem_min,mem_max,n_hashes
datm_cdeps_lnd_era5_rst_intel,acorn,intel,46.06818181818182,17.445460164130562,30,155,437.54545454545456,0.5888319322162001,436,439,44
datm_cdeps_lnd_era5_rst_intel,derecho,intel,44.72727272727273,2.7139916227839076,41,56,402.59090909090907,0.787051661026608,402,404,44
datm_cdeps_lnd_era5_rst_intel,gaeac6,intel,33.86046511627907,1.2832509933171252,32,38,6338.674418604651,0.7145071639002011,6338,6342,43
datm_cdeps_lnd_era5_rst_intel,hera,intel,23.333333333333332,1.5275252316519472,22,25,305.0,1.7320508075688772,303,306,3
datm_cdeps_lnd_era5_rst_intel,hercules,intel,25.82608695652174,3.114870054903928,22,38,12658.45652173913,82065.82264735395,554,557156,46
datm_cdeps_lnd_era5_rst_intel,orion,intel,33.51111111111111,7.9704631501740755,29,83,7248.488888888889,46521.92973926002,309,312392,45
datm_cdeps_lnd_era5_rst_intel,ursa,intel,24.0,2.68023757704196,22,37,626.1,6.949526485117331,619,644,50
