test_name,machine,compiler,core_mean,core_std,core_min,core_max,mem_mean,mem_std,mem_min,mem_max,n_hashes
datm_cdeps_lm4_gswp3_rst_intel,hera,intel,16.0,0.0,16,16,511.0,4.242640687119285,508,514,2
datm_cdeps_lm4_gswp3_rst_intel,orion,intel,22.22222222222222,2.9379096533612348,20,32,10578.444444444445,67936.04819693416,438,456180,45
datm_cdeps_lm4_gswp3_rst_intel,ursa,intel,384.6470588235294,430.6531291504322,10,973,481.05882352941177,4.336914056032453,474,491,17
