test_name,machine,compiler,core_mean,core_std,core_min,core_max,mem_mean,mem_std,mem_min,mem_max,n_hashes
datm_cdeps_bulk_cfsr_intel,acorn,intel,175.94736842105263,7.72063385574674,168,199,1566.0,1.4907119849999177,1564,1568,19
datm_cdeps_bulk_cfsr_intel,derecho,intel,172.42105263157896,2.243900113485057,170,179,1543.0,0.0,1543,1543,19
datm_cdeps_bulk_cfsr_intel,gaeac6,intel,123.84210526315789,10.226670783868885,119,160,6337.8421052631575,1.258886540414721,6337,6342,19
datm_cdeps_bulk_cfsr_intel,hera,intel,181.5,3.1091263510296048,177,184,1987.5,1.7320508075688992,1985,1989,4
datm_cdeps_bulk_cfsr_intel,hercules,intel,145.3,1.8093325317714055,141,149,1848.7,4.5084715580197665,1842,1859,20
datm_cdeps_bulk_cfsr_intel,orion,intel,209.68421052631578,1.8574962712373881,206,214,1845.5263157894738,7.2293262407182075,1833,1856,19
datm_cdeps_bulk_cfsr_intel,ursa,intel,254.95,270.2746118107909,116,965,1918.55,6.16846820531646,1909,1933,20
