test_name,machine,compiler,core_mean,core_std,core_min,core_max,mem_mean,mem_std,mem_min,mem_max,n_hashes
datm_cdeps_iau_gefs_intel,acorn,intel,163.0909090909091,6.646622439405487,153,179,674.5681818181819,5.958764220536071,670,687,44
datm_cdeps_iau_gefs_intel,derecho,intel,161.86363636363637,3.008444773918357,154,171,647.7045454545455,4.061043201150026,645,661,44
datm_cdeps_iau_gefs_intel,gaeac6,intel,110.86046511627907,1.8845410625962207,109,119,6337.6511627906975,0.5725349201341439,6337,6339,43
datm_cdeps_iau_gefs_intel,hera,intel,173.0,1.7320508075688772,172,175,1225.3333333333333,4.725815626252576,1220,1229,3
datm_cdeps_iau_gefs_intel,hercules,intel,139.17391304347825,9.737223760910934,134,196,24650.41304347826,159822.6803154846,1069,1085056,46
datm_cdeps_iau_gefs_intel,orion,intel,191.88888888888889,2.551489958847783,189,202,25246.88888888889,162049.0322700091,1074,1088148,45
datm_cdeps_iau_gefs_intel,ursa,intel,253.74,236.45872142675455,108,884,1164.82,7.9762146410437085,1149,1180,50
