test_name,machine,compiler,core_mean,core_std,core_min,core_max,mem_mean,mem_std,mem_min,mem_max,n_hashes
datm_cdeps_mx025_gefs_intel,acorn,intel,407.59090909090907,7.815661622421619,396,434,682.9090909090909,3.7030357239619978,677,698,44
datm_cdeps_mx025_gefs_intel,derecho,intel,396.1363636363636,17.067023703541633,383,454,655.75,2.829454709566573,646,660,44
datm_cdeps_mx025_gefs_intel,gaeac6,intel,278.8837209302326,6.922046567466196,265,302,6338.7441860465115,0.44148144844888515,6338,6339,43
datm_cdeps_mx025_gefs_intel,hera,intel,420.0,3.8297084310253524,417,425,1137.5,4.654746681256309,1133,1142,4
datm_cdeps_mx025_gefs_intel,hercules,intel,339.7826086956522,7.595065776844169,332,374,26711.239130434784,173123.7613144211,1165,1175368,46
datm_cdeps_mx025_gefs_intel,orion,intel,440.8888888888889,4.498596863175643,433,459,23806.8,152860.6359193355,1009,1026440,45
datm_cdeps_mx025_gefs_intel,ursa,intel,319.12,8.304510699564643,309,352,1332.12,11.973849056359946,1313,1376,50
