test_name,machine,compiler,core_mean,core_std,core_min,core_max,mem_mean,mem_std,mem_min,mem_max,n_hashes
datm_cdeps_lnd_era5_rst_intel,acorn,intel,46.0,17.435595774162696,30,155,437.52272727272725,0.5901768108593539,436,439,44
datm_cdeps_lnd_era5_rst_intel,derecho,intel,44.81818181818182,2.822441028883015,41,56,402.6363636363636,0.809562301807242,402,404,44
datm_cdeps_lnd_era5_rst_intel,gaeac6,intel,33.86046511627907,1.2832509933171259,32,38,6338.674418604651,0.7145071639002115,6338,6342,43
datm_cdeps_lnd_era5_rst_intel,hera,intel,22.5,0.7071067811865476,22,23,304.5,2.1213203435596424,303,306,2
datm_cdeps_lnd_era5_rst_intel,hercules,intel,25.869565217391305,3.131266663488498,22,38,12658.58695652174,82065.8029907372,554,557156,46
datm_cdeps_lnd_era5_rst_intel,orion,intel,33.53333333333333,7.967547814843548,29,83,7248.666666666667,46521.902641268185,309,312392,45
datm_cdeps_lnd_era5_rst_intel,ursa,intel,23.9,2.620562332549163,22,37,626.4,7.177060964045927,619,644,50
