test_name,machine,compiler,core_mean,core_std,core_min,core_max,mem_mean,mem_std,mem_min,mem_max,n_hashes
datm_cdeps_control_gefs_intel,acorn,intel,159.36363636363637,6.194862496703676,152,173,673.75,4.988941258796411,669,687,44
datm_cdeps_control_gefs_intel,derecho,intel,159.5,3.0385124879675747,150,167,646.7954545454545,3.031459434036896,645,658,44
datm_cdeps_control_gefs_intel,gaeac6,intel,110.16279069767442,2.148423924627401,108,121,6337.627906976744,0.7874992309582082,6336,6340,43
datm_cdeps_control_gefs_intel,hera,intel,169.5,0.7071067811865476,169,170,1228.5,10.606601717798213,1221,1236,2
datm_cdeps_control_gefs_intel,hercules,intel,139.17391304347825,10.39295562244198,133,204,25035.065217391304,162442.06854019646,1068,1102820,46
datm_cdeps_control_gefs_intel,orion,intel,190.7111111111111,2.492007425771643,189,200,25416.955555555556,163176.3053427677,1079,1095712,45
datm_cdeps_control_gefs_intel,ursa,intel,311.94,293.0518802017757,107,1050,1168.62,8.181337648226366,1147,1185,50
