test_name,machine,compiler,core_mean,core_std,core_min,core_max,mem_mean,mem_std,mem_min,mem_max,n_hashes
datm_cdeps_multiple_files_cfsr_intel,acorn,intel,179.35714285714286,5.07418828578344,168,192,1565.5,1.4185186364482723,1564,1568,42
datm_cdeps_multiple_files_cfsr_intel,derecho,intel,170.5681818181818,3.0300642964452,163,176,1543.5681818181818,1.2463477299084365,1542,1547,44
datm_cdeps_multiple_files_cfsr_intel,gaeac6,intel,121.04651162790698,3.9033165896031408,119,143,6337.883720930233,0.9052571938035207,6337,6341,43
datm_cdeps_multiple_files_cfsr_intel,hercules,intel,147.2173913043478,3.903918507108586,144,171,42206.32608695652,273725.4444870751,1834,1858344,46
datm_cdeps_multiple_files_cfsr_intel,orion,intel,211.57777777777778,4.530145938291859,207,234,42728.28888888889,274228.8934278527,1837,1841432,45
datm_cdeps_multiple_files_cfsr_intel,ursa,intel,334.92,312.78706586338984,112,1035,1920.28,7.25916732167557,1903,1934,50
