test_name,machine,compiler,core_mean,core_std,core_min,core_max,mem_mean,mem_std,mem_min,mem_max,n_hashes
datm_cdeps_bulk_cfsr_intel,acorn,intel,174.57142857142858,5.8139657551621164,168,186,1565.5714285714287,1.5045717874984479,1564,1568,14
datm_cdeps_bulk_cfsr_intel,derecho,intel,172.14285714285714,1.7478401113789186,170,175,1543.0,0.0,1543,1543,14
datm_cdeps_bulk_cfsr_intel,gaeac6,intel,124.0,11.469021821343857,119,160,6338.071428571428,1.384768001357018,6337,6342,14
datm_cdeps_bulk_cfsr_intel,hercules,intel,145.53333333333333,1.245945806357946,144,148,1847.6,4.13694158942154,1842,1856,15
datm_cdeps_bulk_cfsr_intel,orion,intel,210.0,1.8397324220156008,208,214,1846.0714285714287,7.16255525648479,1833,1854,14
datm_cdeps_bulk_cfsr_intel,ursa,intel,299.2,301.2337013966778,116,965,1918.2,6.383013171132968,1909,1933,15
