test_name,machine,compiler,core_mean,core_std,core_min,core_max,mem_mean,mem_std,mem_min,mem_max,n_hashes
datm_cdeps_lnd_era5_rst_intel,acorn,intel,46.18181818181818,17.402582977585677,30,155,437.52272727272725,0.5901768108593535,436,439,44
datm_cdeps_lnd_era5_rst_intel,derecho,intel,44.86363636363637,2.841477744355953,41,56,402.6818181818182,0.8289171213579537,402,404,44
datm_cdeps_lnd_era5_rst_intel,gaeac6,intel,33.86046511627907,1.2832509933171257,32,38,6338.697674418605,0.7082804032076673,6338,6342,43
datm_cdeps_lnd_era5_rst_intel,hera,intel,23.0,,23,23,306.0,,306,306,1
datm_cdeps_lnd_era5_rst_intel,hercules,intel,25.934782608695652,3.1012698038279845,22,38,12658.739130434782,82065.7800530051,554,557156,46
datm_cdeps_lnd_era5_rst_intel,orion,intel,33.644444444444446,7.966279944969056,29,83,7248.888888888889,46521.868777549724,309,312392,45
datm_cdeps_lnd_era5_rst_intel,ursa,intel,23.82,2.616197583501363,22,37,626.38,7.190952365185534,619,644,50
