test_name,machine,compiler,core_mean,core_std,core_min,core_max,mem_mean,mem_std,mem_min,mem_max,n_hashes
datm_cdeps_control_cfsr_intel,acorn,intel,179.25581395348837,6.793179433940005,167,192,1565.7441860465117,1.2927089175506583,1564,1568,43
datm_cdeps_control_cfsr_intel,derecho,intel,171.02272727272728,2.7743730602387444,164,178,1543.6136363636363,1.1251027672112768,1543,1547,44
datm_cdeps_control_cfsr_intel,gaeac6,intel,121.32558139534883,2.859578142651698,118,135,6337.604651162791,0.5407021398022902,6337,6339,43
datm_cdeps_control_cfsr_intel,hercules,intel,148.17391304347825,4.596154662449843,143,168,42012.63043478261,272406.61226518295,1833,1849400,46
datm_cdeps_control_cfsr_intel,orion,intel,211.66666666666666,2.3159525823376357,207,218,42760.35555555556,274453.9130312108,1827,1842940,45
datm_cdeps_control_cfsr_intel,ursa,intel,447.8,339.8200604281444,113,1204,1920.8,6.854166020511508,1906,1933,50
