test_name,machine,compiler,core_mean,core_std,core_min,core_max,mem_mean,mem_std,mem_min,mem_max,n_hashes
datm_cdeps_control_gefs_intel,acorn,intel,159.34883720930233,5.9955686847721505,152,173,673.7441860465116,5.047833213868973,669,687,43
datm_cdeps_control_gefs_intel,derecho,intel,159.29545454545453,3.1884934508726768,150,167,646.9090909090909,3.0485847407897753,645,658,44
datm_cdeps_control_gefs_intel,gaeac6,intel,110.13953488372093,2.155628240641087,108,121,6337.581395348837,0.793802126583305,6336,6340,43
datm_cdeps_control_gefs_intel,hercules,intel,139.1304347826087,10.359340810543186,133,204,25035.0,162442.07835656375,1068,1102820,46
datm_cdeps_control_gefs_intel,orion,intel,190.73333333333332,2.4808356363422064,189,200,25417.066666666666,163176.2884013093,1079,1095712,45
datm_cdeps_control_gefs_intel,ursa,intel,343.64,314.9628264427665,107,1093,1168.86,8.337302456124375,1147,1185,50
