test_name,machine,compiler,core_mean,core_std,core_min,core_max,mem_mean,mem_std,mem_min,mem_max,n_hashes
datm_cdeps_bulk_cfsr_intel,acorn,intel,174.6,5.6035702904487605,168,186,1565.6666666666667,1.4960264830862038,1564,1568,15
datm_cdeps_bulk_cfsr_intel,derecho,intel,172.13333333333333,1.684664725722971,170,175,1543.0,0.0,1543,1543,15
datm_cdeps_bulk_cfsr_intel,gaeac6,intel,123.86666666666666,11.063883757954247,119,160,6338.0,1.362770287738454,6337,6342,15
datm_cdeps_bulk_cfsr_intel,hercules,intel,145.4375,1.2632629707758132,144,148,1847.875,4.145278438577214,1842,1856,16
datm_cdeps_bulk_cfsr_intel,orion,intel,210.06666666666666,1.7915143899851371,208,214,1846.7333333333333,7.362711715769118,1833,1856,15
datm_cdeps_bulk_cfsr_intel,ursa,intel,287.8125,294.5625499504873,116,965,1918.25,6.169819014093241,1909,1933,16
