test_name,machine,compiler,core_mean,core_std,core_min,core_max,mem_mean,mem_std,mem_min,mem_max,n_hashes
datm_cdeps_restart_cfsr_intel,acorn,intel,121.88636363636364,6.035614876254189,112,132,1565.4772727272727,1.389137868216581,1563,1568,44
datm_cdeps_restart_cfsr_intel,derecho,intel,114.5,1.7049858486761829,112,118,1543.340909090909,0.938657671412429,1542,1547,44
datm_cdeps_restart_cfsr_intel,gaeac6,intel,81.90697674418605,3.3224628951912316,80,101,6337.627906976744,0.9003506146140092,6336,6341,43
datm_cdeps_restart_cfsr_intel,hera,intel,119.66666666666667,2.309401076758502,117,121,1929.3333333333333,3.5118845842842434,1926,1933,3
datm_cdeps_restart_cfsr_intel,hercules,intel,96.3695652173913,5.41339365997656,92,130,40907.065217391304,265266.41114282765,1782,1800920,46
datm_cdeps_restart_cfsr_intel,orion,intel,147.04444444444445,2.467567403109572,143,155,41748.64444444444,268015.82271101384,1780,1799700,45
datm_cdeps_restart_cfsr_intel,ursa,intel,236.16,202.77436540476737,72,615,1869.72,5.631688766910592,1858,1883,50
