test_name,machine,compiler,core_mean,core_std,core_min,core_max,mem_mean,mem_std,mem_min,mem_max,n_hashes
datm_cdeps_lm4_gswp3_intel,hera,intel,32.0,1.7320508075688767,31,35,635.2,1.4832396974191335,633,637,5
datm_cdeps_lm4_gswp3_intel,orion,intel,39.52173913043478,5.628258583788623,35,71,12931.108695652174,83879.77151249234,554,569464,46
datm_cdeps_lm4_gswp3_intel,ursa,intel,692.9285714285714,735.4795886186953,19,1765,601.0,0.8770580193070265,599,602,14
