test_name,machine,compiler,core_mean,core_std,core_min,core_max,mem_mean,mem_std,mem_min,mem_max,n_hashes
datm_cdeps_control_cfsr_intel,acorn,intel,179.38095238095238,6.825177138601378,167,192,1565.7857142857142,1.279018569740962,1564,1568,42
datm_cdeps_control_cfsr_intel,derecho,intel,170.97727272727272,2.807702332692403,164,178,1543.7045454545455,1.2309864725332909,1543,1547,44
datm_cdeps_control_cfsr_intel,gaeac6,intel,121.06976744186046,2.5391726139978426,118,135,6337.604651162791,0.5407021398022048,6337,6339,43
datm_cdeps_control_cfsr_intel,hercules,intel,148.2173913043478,4.58457822355805,143,168,42012.69565217391,272406.6024359639,1833,1849400,46
datm_cdeps_control_cfsr_intel,orion,intel,211.6,2.377928816122439,207,218,42760.46666666667,274453.8960926523,1827,1842940,45
datm_cdeps_control_cfsr_intel,ursa,intel,452.54,342.842988398301,113,1204,1920.46,6.707321616361162,1906,1933,50
