test_name,machine,compiler,core_mean,core_std,core_min,core_max,mem_mean,mem_std,mem_min,mem_max,n_hashes
datm_cdeps_bulk_gefs_intel,acorn,intel,160.5625,5.072392597844402,152,168,675.25,4.932882862316252,672,687,16
datm_cdeps_bulk_gefs_intel,derecho,intel,161.4375,2.448639077800844,159,167,646.1875,3.449033681095794,645,659,16
datm_cdeps_bulk_gefs_intel,gaeac6,intel,110.5,3.5023801430836525,108,121,6337.625,0.8850612031568108,6337,6340,16
datm_cdeps_bulk_gefs_intel,hera,intel,171.0,,171,171,1231.0,,1231,1231,1
datm_cdeps_bulk_gefs_intel,hercules,intel,136.2941176470588,2.417765132367931,134,143,1089.8823529411766,5.230706846846533,1081,1099,17
datm_cdeps_bulk_gefs_intel,orion,intel,189.375,2.5,187,196,1092.4375,7.974699576368566,1079,1105,16
datm_cdeps_bulk_gefs_intel,ursa,intel,355.29411764705884,338.955521548529,107,1114,1168.1176470588234,9.688152255081807,1153,1181,17
