test_name,machine,compiler,core_mean,core_std,core_min,core_max,mem_mean,mem_std,mem_min,mem_max,n_hashes
datm_cdeps_iau_gefs_intel,acorn,intel,163.1590909090909,6.713205250528945,153,179,674.5227272727273,5.986374592447364,670,687,44
datm_cdeps_iau_gefs_intel,derecho,intel,162.04545454545453,3.1323855643051357,154,171,647.6363636363636,4.081101704259203,645,661,44
datm_cdeps_iau_gefs_intel,gaeac6,intel,110.97674418604652,2.0411058171517302,109,119,6337.6511627906975,0.5725349201341067,6337,6339,43
datm_cdeps_iau_gefs_intel,hera,intel,173.25,1.5,172,175,1227.25,5.439056290693568,1220,1233,4
datm_cdeps_iau_gefs_intel,hercules,intel,139.2173913043478,9.722626630650478,134,196,24650.347826086956,159822.690144661,1069,1085056,46
datm_cdeps_iau_gefs_intel,orion,intel,191.77777777777777,2.6958628985311592,186,202,25246.88888888889,162049.03227000916,1074,1088148,45
datm_cdeps_iau_gefs_intel,ursa,intel,261.66,255.55514681028143,108,1037,1165.08,7.75870807676172,1149,1180,50
