test_name,machine,compiler,core_mean,core_std,core_min,core_max,mem_mean,mem_std,mem_min,mem_max,n_hashes
datm_cdeps_lm4_gswp3_rst_intel,orion,intel,22.288888888888888,2.9125295333830157,20,32,10579.022222222222,67935.96014479334,438,456180,45
datm_cdeps_lm4_gswp3_rst_intel,ursa,intel,328.5,418.30969388719643,10,973,480.65,4.307582054690872,474,491,20
