test_name,machine,compiler,core_mean,core_std,core_min,core_max,mem_mean,mem_std,mem_min,mem_max,n_hashes
datm_cdeps_mx025_cfsr_intel,acorn,intel,420.4651162790698,5.654112861277361,407,430,1365.7441860465117,1.7740594188768053,1363,1369,43
datm_cdeps_mx025_cfsr_intel,derecho,intel,404.95454545454544,13.054366720996374,389,450,1334.0227272727273,1.2480428653125193,1330,1337,44
datm_cdeps_mx025_cfsr_intel,gaeac6,intel,290.5813953488372,8.3644160076781,283,334,6338.7441860465115,0.5386501318690584,6338,6340,43
datm_cdeps_mx025_cfsr_intel,hercules,intel,359.7391304347826,56.29266176080096,344,731,38905.63043478261,252254.19987291997,1700,1712584,46
datm_cdeps_mx025_cfsr_intel,orion,intel,464.1111111111111,5.851271121506317,456,492,38431.444444444445,246677.20891283263,1650,1656420,45
datm_cdeps_mx025_cfsr_intel,ursa,intel,326.24,11.046395662968848,315,378,1823.52,15.540913744049918,1796,1879,50
