test_name,machine,compiler,core_mean,core_std,core_min,core_max,mem_mean,mem_std,mem_min,mem_max,n_hashes
datm_cdeps_multiple_files_cfsr_intel,acorn,intel,179.41463414634146,5.123356369393494,168,192,1565.439024390244,1.379289318594949,1564,1568,41
datm_cdeps_multiple_files_cfsr_intel,derecho,intel,170.5,3.0537814910941,163,176,1543.590909090909,1.2448625929252586,1542,1547,44
datm_cdeps_multiple_files_cfsr_intel,gaeac6,intel,121.0,3.915780041490243,119,143,6337.930232558139,0.9101373218523919,6337,6341,43
datm_cdeps_multiple_files_cfsr_intel,hercules,intel,147.2391304347826,3.8940683245087016,144,171,42206.586956521736,273725.4051713202,1834,1858344,46
datm_cdeps_multiple_files_cfsr_intel,orion,intel,211.57777777777778,4.530145938291857,207,234,42728.57777777778,274228.849378372,1838,1841432,45
datm_cdeps_multiple_files_cfsr_intel,ursa,intel,334.98,312.74547844167836,112,1035,1920.22,7.2232334892911085,1903,1934,50
