test_name,machine,compiler,core_mean,core_std,core_min,core_max,mem_mean,mem_std,mem_min,mem_max,n_hashes
datm_cdeps_restart_cfsr_intel,acorn,intel,122.71428571428571,6.779760821328809,112,137,1565.4761904761904,1.3657499545831226,1563,1568,42
datm_cdeps_restart_cfsr_intel,derecho,intel,114.4090909090909,1.7825795499804375,111,118,1543.6818181818182,1.2717453173572868,1543,1547,44
datm_cdeps_restart_cfsr_intel,gaeac6,intel,81.88372093023256,3.3324472798000513,80,101,6337.627906976744,0.8735056849366776,6337,6341,43
datm_cdeps_restart_cfsr_intel,hercules,intel,96.41304347826087,5.426585122059409,92,130,40908.0,265266.2702544579,1782,1800920,46
datm_cdeps_restart_cfsr_intel,orion,intel,147.2,2.5369989429173296,143,155,41749.444444444445,268015.70074111805,1780,1799700,45
datm_cdeps_restart_cfsr_intel,ursa,intel,251.18,208.4405352485305,72,628,1869.46,5.732862660636015,1858,1883,50
