test_name,machine,compiler,core_mean,core_std,core_min,core_max,mem_mean,mem_std,mem_min,mem_max,n_hashes
datm_cdeps_mx025_gefs_intel,acorn,intel,407.68888888888887,7.754242892009669,396,434,682.8,3.733143934589684,677,698,45
datm_cdeps_mx025_gefs_intel,derecho,intel,397.9111111111111,20.649479656906873,383,476,655.8,2.8171552382436635,646,660,45
datm_cdeps_mx025_gefs_intel,gaeac6,intel,279.0681818181818,6.949645221905892,265,302,6338.727272727273,0.4505106334669897,6338,6339,44
datm_cdeps_mx025_gefs_intel,hera,intel,421.4,4.560701700396557,417,427,1137.6,4.037325847637268,1133,1142,5
datm_cdeps_mx025_gefs_intel,hercules,intel,339.78723404255317,7.512124027234587,332,374,26168.340425531915,171272.08703332586,1165,1175368,47
datm_cdeps_mx025_gefs_intel,orion,intel,440.69565217391306,4.6373822367432584,432,459,23311.478260869564,151189.97011894072,1009,1026440,46
datm_cdeps_mx025_gefs_intel,ursa,intel,319.38,8.24841357659835,309,352,1332.02,12.012731341610651,1313,1376,50
