test_name,machine,compiler,core_mean,core_std,core_min,core_max,mem_mean,mem_std,mem_min,mem_max,n_hashes
datm_cdeps_mx025_cfsr_intel,acorn,intel,420.4318181818182,5.66670293898766,407,430,1365.8181818181818,1.8207170485345208,1363,1369,44
datm_cdeps_mx025_cfsr_intel,derecho,intel,405.1136363636364,12.958279940929048,389,450,1333.9318181818182,1.2463477299083736,1330,1337,44
datm_cdeps_mx025_cfsr_intel,gaeac6,intel,290.6279069767442,8.378041752712154,283,334,6338.7441860465115,0.5386501318691299,6338,6340,43
datm_cdeps_mx025_cfsr_intel,hera,intel,436.0,4.242640687119285,433,439,1780.5,0.7071067811865476,1780,1781,2
datm_cdeps_mx025_cfsr_intel,hercules,intel,359.6521739130435,56.39472685802551,344,731,38904.913043478264,252254.30797773428,1700,1712584,46
datm_cdeps_mx025_cfsr_intel,orion,intel,464.0444444444444,5.8463491154564124,456,492,38431.53333333333,246677.19536015997,1650,1656420,45
datm_cdeps_mx025_cfsr_intel,ursa,intel,326.3,11.115809664158336,315,378,1822.8,15.647911773049561,1796,1879,50
