test_name,machine,compiler,core_mean,core_std,core_min,core_max,mem_mean,mem_std,mem_min,mem_max,n_hashes
datm_cdeps_multiple_files_cfsr_intel,acorn,intel,179.32558139534885,5.01768743087205,168,192,1565.4883720930231,1.4036023894871157,1564,1568,43
datm_cdeps_multiple_files_cfsr_intel,derecho,intel,170.6590909090909,2.9801137938175115,163,176,1543.4772727272727,1.1307259730879364,1542,1547,44
datm_cdeps_multiple_files_cfsr_intel,gaeac6,intel,121.04651162790698,3.9033165896031403,119,143,6337.860465116279,0.8885889120994851,6337,6341,43
datm_cdeps_multiple_files_cfsr_intel,hercules,intel,147.2173913043478,3.903918507108583,144,171,42206.717391304344,273725.3855089613,1834,1858344,46
datm_cdeps_multiple_files_cfsr_intel,orion,intel,211.0222222222222,2.988530262740053,207,222,42728.24444444444,274228.9002042533,1837,1841432,45
datm_cdeps_multiple_files_cfsr_intel,ursa,intel,334.86,312.82902743857267,112,1035,1920.18,7.325354348188919,1903,1934,50
