test_name,machine,compiler,core_mean,core_std,core_min,core_max,mem_mean,mem_std,mem_min,mem_max,n_hashes
datm_cdeps_control_cfsr_intel,acorn,intel,179.15555555555557,7.099793708768634,167,196,1565.911111111111,1.3111795907472323,1564,1568,45
datm_cdeps_control_cfsr_intel,derecho,intel,171.86666666666667,2.784698449481645,164,180,1543.3555555555556,0.802143592777735,1543,1547,45
datm_cdeps_control_cfsr_intel,gaeac6,intel,121.70454545454545,3.296083267282938,119,135,6337.613636363636,0.5376914084678234,6337,6339,44
datm_cdeps_control_cfsr_intel,hera,intel,182.0,1.0,181,183,1983.8,4.147288270665556,1978,1988,5
datm_cdeps_control_cfsr_intel,hercules,intel,148.17021276595744,4.640648141277016,143,168,41158.02127659575,269493.0966039672,1833,1849400,47
datm_cdeps_control_cfsr_intel,orion,intel,211.69565217391303,2.2693079240390164,207,218,41870.04347826087,271454.4615814722,1827,1842940,46
datm_cdeps_control_cfsr_intel,ursa,intel,446.7,333.9438575569253,113,1204,1920.92,6.874501837239135,1906,1933,50
