test_name,machine,compiler,core_mean,core_std,core_min,core_max,mem_mean,mem_std,mem_min,mem_max,n_hashes
datm_cdeps_3072x1536_cfsr_intel,acorn,intel,304.6818181818182,6.393211251453245,295,322,4520.75,1.464700937805801,4518,4524,44
datm_cdeps_3072x1536_cfsr_intel,derecho,intel,281.1818181818182,8.070251796517669,271,309,4498.795454545455,1.7989602352802851,4496,4505,44
datm_cdeps_3072x1536_cfsr_intel,gaeac6,intel,219.51162790697674,4.22786726051516,217,242,6337.837209302325,0.9240241328053,6337,6342,43
datm_cdeps_3072x1536_cfsr_intel,hera,intel,288.0,1.4142135623730951,287,289,4969.0,4.242640687119285,4966,4972,2
datm_cdeps_3072x1536_cfsr_intel,hercules,intel,231.2608695652174,3.6358387851357703,226,243,109771.28260869565,711773.98913134,4773,4832312,46
datm_cdeps_3072x1536_cfsr_intel,orion,intel,353.9555555555556,3.161958222048454,349,364,111991.2,718936.0229585043,4780,4827588,45
datm_cdeps_3072x1536_cfsr_intel,ursa,intel,330.44,256.1351811454416,182,1188,4788.84,2.216450554653592,4783,4795,50
