test_name,machine,compiler,core_mean,core_std,core_min,core_max,mem_mean,mem_std,mem_min,mem_max,n_hashes
datm_cdeps_lnd_era5_rst_intel,acorn,intel,46.26190476190476,17.759998247376213,30,155,437.5,0.5946919678164237,436,439,42
datm_cdeps_lnd_era5_rst_intel,derecho,intel,44.88636363636363,2.8465884035301023,41,56,402.8181818181818,0.9710394160736382,402,406,44
datm_cdeps_lnd_era5_rst_intel,gaeac6,intel,33.7906976744186,1.2828194308386975,32,38,6338.697674418605,0.7082804032076478,6338,6342,43
datm_cdeps_lnd_era5_rst_intel,hercules,intel,26.02173913043478,3.073102886767217,22,38,12658.934782608696,82065.75056878402,554,557156,46
datm_cdeps_lnd_era5_rst_intel,orion,intel,33.68888888888889,7.962475124043409,29,83,7249.4,46521.79087823448,309,312392,45
datm_cdeps_lnd_era5_rst_intel,ursa,intel,23.86,2.6186926166329956,22,37,626.66,7.366803643261256,619,644,50
