test_name,machine,compiler,core_mean,core_std,core_min,core_max,mem_mean,mem_std,mem_min,mem_max,n_hashes
datm_cdeps_iau_gefs_intel,acorn,intel,163.11627906976744,6.655500061086531,153,179,675.1162790697674,6.234349174898011,670,687,43
datm_cdeps_iau_gefs_intel,derecho,intel,161.45454545454547,3.39941544533451,153,171,647.6818181818181,3.928268020462955,645,661,44
datm_cdeps_iau_gefs_intel,gaeac6,intel,110.86046511627907,1.8845410625962211,109,119,6337.627906976744,0.5783085275571831,6337,6339,43
datm_cdeps_iau_gefs_intel,hercules,intel,139.06521739130434,9.70086404837343,134,196,24651.434782608696,159822.5263118302,1072,1085056,46
datm_cdeps_iau_gefs_intel,orion,intel,192.0,2.5226248955475703,189,202,25247.48888888889,162048.94081062812,1074,1088148,45
datm_cdeps_iau_gefs_intel,ursa,intel,288.26,267.6293362706208,108,1007,1164.68,7.781296256316849,1149,1180,50
