test_name,machine,compiler,core_mean,core_std,core_min,core_max,mem_mean,mem_std,mem_min,mem_max,n_hashes
datm_cdeps_gfs_intel,acorn,intel,306.09302325581393,5.07005190866812,295,321,4521.0,1.4638501094229102,4519,4524,43
datm_cdeps_gfs_intel,derecho,intel,281.47727272727275,8.021739753200437,270,300,4498.568181818182,1.2275467550934278,4496,4503,44
datm_cdeps_gfs_intel,gaeac6,intel,221.86046511627907,7.255806854640588,217,260,6337.7441860465115,0.5386501318692203,6337,6339,43
datm_cdeps_gfs_intel,hercules,intel,235.3913043478261,9.403257735415284,229,292,109726.71739130435,711487.1064245855,4776,4830364,46
datm_cdeps_gfs_intel,orion,intel,358.31111111111113,9.280532464696353,352,411,112162.02222222222,720102.8202050697,4778,4835412,45
datm_cdeps_gfs_intel,ursa,intel,340.26,261.81476626946517,181,982,4788.92,2.363325225704073,4786,4798,50
