test_name,machine,compiler,core_mean,core_std,core_min,core_max,mem_mean,mem_std,mem_min,mem_max,n_hashes
datm_cdeps_debug_cfsr_intel,derecho,intel,332.70454545454544,4.157255050634417,329,354,1543.1818181818182,0.8428282197659644,1541,1547,44
datm_cdeps_debug_cfsr_intel,gaeac6,intel,242.25581395348837,6.786165981352601,238,275,6337.790697674419,0.8879655595768687,6336,6340,43
datm_cdeps_debug_cfsr_intel,hera,intel,402.5,8.386497083606088,397,415,1913.0,0.816496580927726,1912,1914,4
datm_cdeps_debug_cfsr_intel,hercules,intel,325.2391304347826,9.807445658180528,315,379,40309.586956521736,261362.42333328605,1764,1774420,46
datm_cdeps_debug_cfsr_intel,orion,intel,416.84444444444443,4.699881795203884,409,429,41185.71111111111,264368.8364493322,1764,1775216,45
datm_cdeps_debug_cfsr_intel,ursa,intel,352.5,207.50709355959623,235,1046,1833.4,5.879747322073328,1819,1852,50
