test_name,machine,compiler,core_mean,core_std,core_min,core_max,mem_mean,mem_std,mem_min,mem_max,n_hashes
datm_cdeps_mx025_cfsr_intel,acorn,intel,420.3333333333333,5.6554168579688655,407,430,1365.7142857142858,1.7845640895039678,1363,1369,42
datm_cdeps_mx025_cfsr_intel,derecho,intel,403.84090909090907,11.563662375148589,389,450,1334.0454545454545,1.2380507081801626,1330,1337,44
datm_cdeps_mx025_cfsr_intel,gaeac6,intel,290.3488372093023,8.377645199691614,283,334,6338.720930232558,0.5488334553243382,6338,6340,43
datm_cdeps_mx025_cfsr_intel,hercules,intel,359.9347826086956,56.26303391666012,344,731,38906.239130434784,252254.10815077234,1700,1712584,46
datm_cdeps_mx025_cfsr_intel,orion,intel,464.0444444444444,5.8696273521004105,456,492,38431.24444444444,246677.23940497957,1650,1656420,45
datm_cdeps_mx025_cfsr_intel,ursa,intel,326.18,11.072469997102479,315,378,1823.28,15.672724259498915,1796,1879,50
