test_name,machine,compiler,core_mean,core_std,core_min,core_max,mem_mean,mem_std,mem_min,mem_max,n_hashes
datm_cdeps_iau_gefs_intel,acorn,intel,163.1219512195122,6.637752337769229,153,179,675.2926829268292,6.333418912558303,670,687,41
datm_cdeps_iau_gefs_intel,derecho,intel,161.3181818181818,3.4759822253989805,153,171,647.5,3.426979142993375,645,661,44
datm_cdeps_iau_gefs_intel,gaeac6,intel,110.83720930232558,1.8889431733888529,109,119,6337.627906976744,0.5783085275573109,6337,6339,43
datm_cdeps_iau_gefs_intel,hercules,intel,139.19565217391303,9.662342861087959,134,196,24651.434782608696,159822.52631183015,1072,1085056,46
datm_cdeps_iau_gefs_intel,orion,intel,192.04444444444445,2.54911353179489,189,202,25247.755555555555,162048.90017454547,1074,1088148,45
datm_cdeps_iau_gefs_intel,ursa,intel,297.9,289.41737744535476,108,1151,1164.72,7.607836990463735,1149,1180,50
