test_name,machine,compiler,core_mean,core_std,core_min,core_max,mem_mean,mem_std,mem_min,mem_max,n_hashes
datm_cdeps_bulk_gefs_intel,acorn,intel,160.5,4.961617383356313,152,168,674.6666666666666,4.934869924979856,670,687,18
datm_cdeps_bulk_gefs_intel,derecho,intel,161.27777777777777,2.346600934908289,159,167,646.1111111111111,3.251947631603667,645,659,18
datm_cdeps_bulk_gefs_intel,gaeac6,intel,110.27777777777777,3.3572670179873034,108,121,6337.611111111111,0.8498365855988227,6337,6340,18
datm_cdeps_bulk_gefs_intel,hera,intel,170.33333333333334,1.1547005383792557,169,171,1235.3333333333333,5.859465277082347,1231,1242,3
datm_cdeps_bulk_gefs_intel,hercules,intel,136.10526315789474,2.4012667222416213,133,143,1089.2631578947369,5.310807693992822,1081,1099,19
datm_cdeps_bulk_gefs_intel,orion,intel,189.22222222222223,2.390066589167256,187,196,1092.5555555555557,7.9277785793130064,1079,1105,18
datm_cdeps_bulk_gefs_intel,ursa,intel,329.6842105263158,328.6490956478893,107,1114,1168.1052631578948,9.614195158098855,1153,1181,19
