test_name,machine,compiler,core_mean,core_std,core_min,core_max,mem_mean,mem_std,mem_min,mem_max,n_hashes
datm_cdeps_lnd_era5_intel,acorn,intel,56.77777777777778,18.878666277151055,40,177,437.53333333333336,0.7862453931068974,436,439,45
datm_cdeps_lnd_era5_intel,derecho,intel,58.15555555555556,3.554482161207654,53,66,402.53333333333336,0.894427190999945,401,405,45
datm_cdeps_lnd_era5_intel,gaeac6,intel,44.36363636363637,2.3535318248836066,42,52,6338.704545454545,0.733882490262418,6338,6342,44
datm_cdeps_lnd_era5_intel,hera,intel,34.2,1.6431676725154987,33,37,305.8,1.9235384061671343,304,309,5
datm_cdeps_lnd_era5_intel,hercules,intel,38.4468085106383,4.924687192177345,33,60,12436.446808510638,81432.59115735156,552,558832,47
datm_cdeps_lnd_era5_intel,orion,intel,49.891304347826086,7.619356230809838,44,96,7167.369565217391,46469.60582974098,310,315488,46
datm_cdeps_lnd_era5_intel,ursa,intel,33.44,3.2960087180387996,30,46,623.76,6.274535514153022,618,643,50
