test_name,machine,compiler,core_mean,core_std,core_min,core_max,mem_mean,mem_std,mem_min,mem_max,n_hashes
datm_cdeps_mx025_cfsr_intel,acorn,intel,421.1333333333333,6.344646992114319,407,436,1365.9333333333334,1.8877596148970046,1363,1369,45
datm_cdeps_mx025_cfsr_intel,derecho,intel,407.7111111111111,19.047336036858553,389,500,1333.8444444444444,1.1272564352032126,1330,1337,45
datm_cdeps_mx025_cfsr_intel,gaeac6,intel,291.34090909090907,8.905036938455918,283,334,6338.704545454545,0.5531955983004909,6338,6340,44
datm_cdeps_mx025_cfsr_intel,hera,intel,435.4,3.0495901363953872,432,439,1781.2,1.3038404810405582,1780,1783,5
datm_cdeps_mx025_cfsr_intel,hercules,intel,359.1489361702128,55.83593152123158,344,731,38112.46808510638,249556.48835996783,1700,1712584,47
datm_cdeps_mx025_cfsr_intel,orion,intel,463.82608695652175,5.907826627359437,456,492,37632.413043478264,243981.1464094512,1650,1656420,46
datm_cdeps_mx025_cfsr_intel,ursa,intel,326.68,11.014721132768313,315,378,1822.44,15.928616271557663,1796,1879,50
