test_name,machine,compiler,core_mean,core_std,core_min,core_max,mem_mean,mem_std,mem_min,mem_max,n_hashes
datm_cdeps_3072x1536_cfsr_intel,acorn,intel,304.52272727272725,6.446519292894219,295,322,4520.795454545455,1.439953898721661,4518,4524,44
datm_cdeps_3072x1536_cfsr_intel,derecho,intel,281.1818181818182,8.070251796517674,271,309,4498.727272727273,1.8090680674666613,4496,4505,44
datm_cdeps_3072x1536_cfsr_intel,gaeac6,intel,219.53488372093022,4.222100792876083,217,242,6337.883720930233,0.9311872177771964,6337,6342,43
datm_cdeps_3072x1536_cfsr_intel,hera,intel,289.6666666666667,3.0550504633038855,287,293,4968.0,3.4641016151377544,4966,4972,3
datm_cdeps_3072x1536_cfsr_intel,hercules,intel,231.15217391304347,3.6268590102447034,226,243,109772.43478260869,711773.8154460043,4773,4832312,46
datm_cdeps_3072x1536_cfsr_intel,orion,intel,353.8666666666667,3.1304951684997033,349,364,111992.28888888888,718935.8569309739,4780,4827588,45
datm_cdeps_3072x1536_cfsr_intel,ursa,intel,318.5,248.1610117546712,182,1188,4788.86,2.222427428167202,4783,4795,50
