test_name,machine,compiler,core_mean,core_std,core_min,core_max,mem_mean,mem_std,mem_min,mem_max,n_hashes
datm_cdeps_ciceC_cfsr_intel,acorn,intel,177.70454545454547,6.701542847193451,166,189,1565.7045454545455,1.2864146218390606,1564,1568,44
datm_cdeps_ciceC_cfsr_intel,derecho,intel,170.97727272727272,2.4823904117701225,163,177,1543.5681818181818,1.1288546834761333,1542,1547,44
datm_cdeps_ciceC_cfsr_intel,gaeac6,intel,120.65116279069767,5.362496402175428,118,153,6337.7441860465115,0.5811738226914797,6337,6339,43
datm_cdeps_ciceC_cfsr_intel,hera,intel,182.0,0.0,182,182,1987.0,4.242640687119285,1984,1990,2
datm_cdeps_ciceC_cfsr_intel,hercules,intel,147.43478260869566,13.506627466071848,141,235,41865.260869565216,271408.15825693106,1831,1842628,46
datm_cdeps_ciceC_cfsr_intel,orion,intel,210.46666666666667,2.3988633672106996,206,216,42855.044444444444,275087.12342331867,1831,1847188,45
datm_cdeps_ciceC_cfsr_intel,ursa,intel,328.56,356.828442171945,111,1679,1918.44,6.7526563178454655,1908,1935,50
