test_name,machine,compiler,core_mean,core_std,core_min,core_max,mem_mean,mem_std,mem_min,mem_max,n_hashes
datm_cdeps_lnd_era5_intel,acorn,intel,56.79545454545455,19.096547289843645,40,177,437.54545454545456,0.791070674364386,436,439,44
datm_cdeps_lnd_era5_intel,derecho,intel,58.06818181818182,3.546355661492692,53,66,402.54545454545456,0.9010212669339619,401,405,44
datm_cdeps_lnd_era5_intel,gaeac6,intel,44.348837209302324,2.3793128352754107,42,52,6338.720930232558,0.7343796019624546,6338,6342,43
datm_cdeps_lnd_era5_intel,hera,intel,34.5,1.7320508075688772,33,37,305.75,2.217355782608345,304,309,4
datm_cdeps_lnd_era5_intel,hercules,intel,38.26086956521739,4.80941106400864,33,60,12694.630434782608,82312.97470653192,552,558832,46
datm_cdeps_lnd_era5_intel,orion,intel,49.91111111111111,7.704255678231063,44,96,7319.666666666667,46983.09162637902,310,315488,45
datm_cdeps_lnd_era5_intel,ursa,intel,33.46,3.2839125494831736,30,46,623.7,6.296257391725406,618,643,50
