test_name,machine,compiler,core_mean,core_std,core_min,core_max,mem_mean,mem_std,mem_min,mem_max,n_hashes
datm_cdeps_bulk_cfsr_intel,acorn,intel,176.4,7.782571622068851,168,199,1566.05,1.4680814547888432,1564,1568,20
datm_cdeps_bulk_cfsr_intel,derecho,intel,172.8,2.76443579472519,170,180,1543.0,0.0,1543,1543,20
datm_cdeps_bulk_cfsr_intel,gaeac6,intel,123.8,9.955691310686777,119,160,6337.8,1.2396943596157197,6337,6342,20
datm_cdeps_bulk_cfsr_intel,hera,intel,180.2,3.9623225512317877,175,184,1987.2,1.6431676725155209,1985,1989,5
datm_cdeps_bulk_cfsr_intel,hercules,intel,145.0952380952381,1.997617628695793,141,149,1848.6190476190477,4.409945469914409,1842,1859,21
datm_cdeps_bulk_cfsr_intel,orion,intel,209.45,2.0894471693929413,205,214,1845.8,7.1421653800363245,1833,1856,20
datm_cdeps_bulk_cfsr_intel,ursa,intel,248.47619047619048,265.0963257096596,116,965,1918.6190476190477,6.02059955881631,1909,1933,21
