test_name,machine,compiler,core_mean,core_std,core_min,core_max,mem_mean,mem_std,mem_min,mem_max,n_hashes
datm_cdeps_lnd_gswp3_intel,acorn,intel,67.61363636363636,3.919040634211442,56,76,301.52272727272725,2.3965928951921365,292,304,44
datm_cdeps_lnd_gswp3_intel,derecho,intel,78.6590909090909,5.681234642338828,71,97,267.0681818181818,1.0206638804577226,265,270,44
datm_cdeps_lnd_gswp3_intel,gaeac6,intel,60.0,2.725540575476988,56,71,6338.604651162791,0.5407021398023845,6338,6340,43
datm_cdeps_lnd_gswp3_intel,hera,intel,51.0,1.4142135623730951,50,52,248.0,0.0,248,248,2
datm_cdeps_lnd_gswp3_intel,hercules,intel,58.26086956521739,7.094394602967098,47,84,7585.739130434783,49170.72635372247,325,333828,46
datm_cdeps_lnd_gswp3_intel,orion,intel,79.08888888888889,12.41117938543206,66,154,5797.377777777778,37187.02374624837,247,249712,45
datm_cdeps_lnd_gswp3_intel,ursa,intel,44.96,2.687537375155394,40,53,365.0,7.157128599928774,358,391,50
