test_name,machine,compiler,core_mean,core_std,core_min,core_max,mem_mean,mem_std,mem_min,mem_max,n_hashes
datm_cdeps_bulk_gefs_intel,acorn,intel,161.7,6.333702666978001,152,179,674.35,4.7713509065760755,670,687,20
datm_cdeps_bulk_gefs_intel,derecho,intel,161.95,3.0517466957034376,159,169,646.05,3.0860466961026707,645,659,20
datm_cdeps_bulk_gefs_intel,gaeac6,intel,110.6,3.3623300191823433,108,121,6337.6,0.820782681668151,6337,6340,20
datm_cdeps_bulk_gefs_intel,hera,intel,168.8,2.28035085019828,166,171,1229.2,10.009995004993756,1215,1242,5
datm_cdeps_bulk_gefs_intel,hercules,intel,135.76190476190476,2.5671922776598097,131,143,1089.1904761904761,5.446274392821661,1081,1099,21
datm_cdeps_bulk_gefs_intel,orion,intel,188.8,2.687201635824703,183,196,1092.3,7.547045430951232,1079,1105,20
datm_cdeps_bulk_gefs_intel,ursa,intel,309.0,318.5543909601625,107,1114,1167.6190476190477,9.297721174977184,1153,1181,21
