test_name,machine,compiler,core_mean,core_std,core_min,core_max,mem_mean,mem_std,mem_min,mem_max,n_hashes
datm_cdeps_bulk_cfsr_intel,acorn,intel,174.64705882352942,5.656204297832914,168,186,1565.8235294117646,1.4677914581799372,1564,1568,17
datm_cdeps_bulk_cfsr_intel,derecho,intel,172.0,1.6583123951777061,170,175,1543.0,0.0,1543,1543,17
datm_cdeps_bulk_cfsr_intel,gaeac6,intel,123.41176470588235,10.428679347893311,119,160,6337.882352941177,1.3173056280328306,6337,6342,17
datm_cdeps_bulk_cfsr_intel,hera,intel,183.0,1.4142135623730951,182,184,1986.5,2.1213203435596424,1985,1988,2
datm_cdeps_bulk_cfsr_intel,hercules,intel,145.66666666666666,1.455213750217997,144,149,1848.111111111111,4.013050605636371,1842,1856,18
datm_cdeps_bulk_cfsr_intel,orion,intel,209.94117647058823,1.7128407776006982,208,214,1845.764705882353,7.46265210703194,1833,1856,17
datm_cdeps_bulk_cfsr_intel,ursa,intel,269.3888888888889,281.8410354810771,116,965,1917.7777777777778,5.995641118204156,1909,1933,18
