test_name,machine,compiler,core_mean,core_std,core_min,core_max,mem_mean,mem_std,mem_min,mem_max,n_hashes
datm_cdeps_restart_cfsr_intel,acorn,intel,122.73170731707317,6.863032821733779,112,137,1565.5121951219512,1.362386714914589,1563,1568,41
datm_cdeps_restart_cfsr_intel,derecho,intel,114.38636363636364,1.8071680156494776,111,118,1543.7045454545455,1.2682077713742634,1543,1547,44
datm_cdeps_restart_cfsr_intel,gaeac6,intel,81.86046511627907,3.342236172932565,80,101,6337.627906976744,0.8735056849367331,6337,6341,43
datm_cdeps_restart_cfsr_intel,hercules,intel,96.43478260869566,5.422800317642551,92,130,40907.913043478264,265266.28335926286,1782,1800920,46
datm_cdeps_restart_cfsr_intel,orion,intel,147.26666666666668,2.4899799195977477,143,155,41749.555555555555,268015.68380265933,1780,1799700,45
datm_cdeps_restart_cfsr_intel,ursa,intel,246.6,209.74561852347696,72,628,1869.32,5.75499782797519,1858,1883,50
