test_name,machine,compiler,core_mean,core_std,core_min,core_max,mem_mean,mem_std,mem_min,mem_max,n_hashes
datm_cdeps_mx025_cfsr_intel,acorn,intel,420.4878048780488,5.6352548798590885,407,430,1365.7317073170732,1.8031138378358729,1363,1369,41
datm_cdeps_mx025_cfsr_intel,derecho,intel,403.90909090909093,11.537236341955904,389,450,1334.0454545454545,1.2380507081801455,1330,1337,44
datm_cdeps_mx025_cfsr_intel,gaeac6,intel,290.3720930232558,8.360972989100851,283,334,6338.7441860465115,0.5386501318690603,6338,6340,43
datm_cdeps_mx025_cfsr_intel,hercules,intel,359.95652173913044,56.25772303396381,344,731,38906.760869565216,252254.02952845284,1700,1712584,46
datm_cdeps_mx025_cfsr_intel,orion,intel,464.2,5.825492565986466,456,492,38431.22222222222,246677.24279307757,1650,1656420,45
datm_cdeps_mx025_cfsr_intel,ursa,intel,326.38,11.030366249215692,315,378,1823.42,15.619310392679258,1796,1879,50
