test_name,machine,compiler,core_mean,core_std,core_min,core_max,mem_mean,mem_std,mem_min,mem_max,n_hashes
datm_cdeps_bulk_gefs_intel,acorn,intel,160.46153846153845,5.621615791083923,152,168,674.9230769230769,4.974292888802368,672,687,13
datm_cdeps_bulk_gefs_intel,derecho,intel,161.84615384615384,2.544476168950889,159,167,646.3846153846154,3.8196522864972153,645,659,13
datm_cdeps_bulk_gefs_intel,gaeac6,intel,109.84615384615384,2.3397348085539447,108,117,6337.538461538462,0.6602252917736541,6337,6339,13
datm_cdeps_bulk_gefs_intel,hercules,intel,136.14285714285714,1.7032612545052754,134,140,1090.2142857142858,5.2795479326952295,1081,1099,14
datm_cdeps_bulk_gefs_intel,orion,intel,189.84615384615384,2.54447616895088,187,196,1093.4615384615386,8.442110563670127,1079,1105,13
datm_cdeps_bulk_gefs_intel,ursa,intel,407.64285714285717,353.09741674824767,107,1114,1165.9285714285713,9.23591889322325,1153,1181,14
