test_name,machine,compiler,core_mean,core_std,core_min,core_max,mem_mean,mem_std,mem_min,mem_max,n_hashes
datm_cdeps_lnd_gswp3_intel,acorn,intel,67.8409090909091,4.220344865320964,56,78,301.72727272727275,2.004223869541244,292,304,44
datm_cdeps_lnd_gswp3_intel,derecho,intel,78.70454545454545,5.708335583812565,71,97,267.0,0.9883036912035309,265,270,44
datm_cdeps_lnd_gswp3_intel,gaeac6,intel,60.04651162790697,2.6899591815994333,56,71,6338.604651162791,0.540702139802131,6338,6340,43
datm_cdeps_lnd_gswp3_intel,hera,intel,52.333333333333336,2.5166114784235822,50,55,249.66666666666666,2.886751345948133,248,253,3
datm_cdeps_lnd_gswp3_intel,hercules,intel,58.17391304347826,7.134592872682868,47,84,7585.347826086957,49170.78526307505,325,333828,46
datm_cdeps_lnd_gswp3_intel,orion,intel,79.15555555555555,12.391264436829452,66,154,5797.177777777778,37187.054217519944,247,249712,45
datm_cdeps_lnd_gswp3_intel,ursa,intel,44.88,2.623597779028342,40,53,365.02,7.155674214872268,358,391,50
