test_name,machine,compiler,core_mean,core_std,core_min,core_max,mem_mean,mem_std,mem_min,mem_max,n_hashes
datm_cdeps_lm4_gswp3_rst_intel,hera,intel,16.75,1.5,16,19,510.5,3.5118845842842474,507,514,4
datm_cdeps_lm4_gswp3_rst_intel,orion,intel,22.2,2.9434055724001675,20,32,10577.888888888889,67936.13285660364,438,456180,45
datm_cdeps_lm4_gswp3_rst_intel,ursa,intel,375.46666666666664,427.8904844310827,10,973,481.3333333333333,4.498677054212186,474,491,15
