test_name,machine,compiler,core_mean,core_std,core_min,core_max,mem_mean,mem_std,mem_min,mem_max,n_hashes
datm_cdeps_lm4_gswp3_intel,orion,intel,39.77777777777778,5.676462121975467,35,71,13206.0,84806.63875680532,555,569464,45
datm_cdeps_lm4_gswp3_intel,ursa,intel,515.8421052631579,695.238828921232,19,1765,600.8421052631579,0.9581903020646791,599,602,19
