test_name,machine,compiler,core_mean,core_std,core_min,core_max,mem_mean,mem_std,mem_min,mem_max,n_hashes
datm_cdeps_bulk_gefs_intel,acorn,intel,160.76470588235293,4.981583731163038,152,168,674.9411764705883,4.943058115115766,670,687,17
datm_cdeps_bulk_gefs_intel,derecho,intel,161.35294117647058,2.396382076970107,159,167,646.1176470588235,3.351909025860776,645,659,17
datm_cdeps_bulk_gefs_intel,gaeac6,intel,110.3529411764706,3.444945145981795,108,121,6337.588235294118,0.8702602720890633,6337,6340,17
datm_cdeps_bulk_gefs_intel,hera,intel,171.0,0.0,171,171,1232.0,1.4142135623730951,1231,1233,2
datm_cdeps_bulk_gefs_intel,hercules,intel,136.27777777777777,2.346600934908281,134,143,1089.4444444444443,5.403944335305944,1081,1099,18
datm_cdeps_bulk_gefs_intel,orion,intel,189.2941176470588,2.443478715948662,187,196,1092.9411764705883,7.9958629008639,1079,1105,17
datm_cdeps_bulk_gefs_intel,ursa,intel,341.8888888888889,333.7171907449372,107,1114,1168.611111111111,9.629237883769498,1153,1181,18
