test_name,machine,compiler,core_mean,core_std,core_min,core_max,mem_mean,mem_std,mem_min,mem_max,n_hashes
datm_cdeps_control_cfsr_gnu,derecho,gnu,182.11363636363637,1.9908617871140928,178,189,1515.5,1.191051909516452,1514,1518,44
datm_cdeps_control_cfsr_gnu,hera,gnu,206.0,,206,206,1555.0,,1555,1555,1
datm_cdeps_control_cfsr_gnu,hercules,gnu,167.7173913043478,12.704615160515946,160,245,36447.891304347824,236268.05889198807,1602,1604060,46
datm_cdeps_control_cfsr_gnu,ursa,gnu,270.6,171.4232142020063,123,807,1512.5,0.8390957231764907,1511,1513,50
