test_name,machine,compiler,core_mean,core_std,core_min,core_max,mem_mean,mem_std,mem_min,mem_max,n_hashes
datm_cdeps_mx025_cfsr_intel,acorn,intel,420.5,5.5927694184046155,407,430,1365.75,1.7537335588249763,1363,1369,44
datm_cdeps_mx025_cfsr_intel,derecho,intel,405.0681818181818,12.987288467328934,389,450,1334.0227272727273,1.2480428653125124,1330,1337,44
datm_cdeps_mx025_cfsr_intel,gaeac6,intel,290.5348837209302,8.384648208565181,283,334,6338.7441860465115,0.5386501318690178,6338,6340,43
datm_cdeps_mx025_cfsr_intel,hera,intel,439.0,,439,439,1780.0,,1780,1780,1
datm_cdeps_mx025_cfsr_intel,hercules,intel,360.0869565217391,56.35633695491435,344,731,38904.934782608696,252254.30470199027,1700,1712584,46
datm_cdeps_mx025_cfsr_intel,orion,intel,464.0888888888889,5.845830768482554,456,492,38431.4,246677.21568915632,1650,1656420,45
datm_cdeps_mx025_cfsr_intel,ursa,intel,326.2,11.05828713163636,315,378,1823.08,15.520677452077553,1796,1879,50
