test_name,machine,compiler,core_mean,core_std,core_min,core_max,mem_mean,mem_std,mem_min,mem_max,n_hashes
datm_cdeps_stochy_gefs_intel,acorn,intel,161.74418604651163,6.89407275872962,155,180,673.9302325581396,5.55232833544892,670,688,43
datm_cdeps_stochy_gefs_intel,derecho,intel,162.75,2.97372212148577,157,168,649.2727272727273,5.780334086923363,645,662,44
datm_cdeps_stochy_gefs_intel,gaeac6,intel,112.23255813953489,4.750123854537276,110,138,6337.53488372093,0.630526507478843,6336,6339,43
datm_cdeps_stochy_gefs_intel,hercules,intel,138.7391304347826,3.4796856985059015,135,152,24690.456521739132,160098.78998622575,1072,1086928,46
datm_cdeps_stochy_gefs_intel,orion,intel,192.55555555555554,3.306711876523781,190,206,25234.2,161952.78311350223,1074,1087504,45
datm_cdeps_stochy_gefs_intel,ursa,intel,347.76,299.2004692782525,106,984,1163.8,7.458729989832371,1151,1179,50
