test_name,machine,compiler,core_mean,core_std,core_min,core_max,mem_mean,mem_std,mem_min,mem_max,n_hashes
datm_cdeps_ciceC_cfsr_intel,acorn,intel,178.04651162790697,6.917725639089691,166,189,1565.6976744186047,1.282387723126413,1564,1568,43
datm_cdeps_ciceC_cfsr_intel,derecho,intel,170.8409090909091,2.58747593466558,163,177,1543.6818181818182,1.234630672065778,1542,1547,44
datm_cdeps_ciceC_cfsr_intel,gaeac6,intel,120.69767441860465,5.352057386877058,118,153,6337.720930232558,0.5906244232185812,6337,6339,43
datm_cdeps_ciceC_cfsr_intel,hercules,intel,147.1086956521739,13.499346915675531,141,235,41864.934782608696,271408.20740037423,1831,1842628,46
datm_cdeps_ciceC_cfsr_intel,orion,intel,210.55555555555554,2.360234537224439,206,216,42855.555555555555,275087.04550275416,1831,1847188,45
datm_cdeps_ciceC_cfsr_intel,ursa,intel,346.98,369.95308527720437,111,1679,1918.48,6.984647888222351,1908,1935,50
