test_name,machine,compiler,core_mean,core_std,core_min,core_max,mem_mean,mem_std,mem_min,mem_max,n_hashes
datm_cdeps_ciceC_cfsr_intel,acorn,intel,177.22727272727272,6.699058025985298,166,189,1565.7272727272727,1.300512177524783,1564,1568,44
datm_cdeps_ciceC_cfsr_intel,derecho,intel,171.11363636363637,2.364622090765315,163,177,1543.4772727272727,0.9997356944584118,1542,1547,44
datm_cdeps_ciceC_cfsr_intel,gaeac6,intel,120.72093023255815,5.346674896362932,118,153,6337.767441860465,0.5705974021575505,6337,6339,43
datm_cdeps_ciceC_cfsr_intel,hera,intel,181.33333333333334,1.1547005383792557,180,182,1983.6666666666667,6.506407098647741,1977,1990,3
datm_cdeps_ciceC_cfsr_intel,hercules,intel,147.2391304347826,13.50421297654706,141,235,41865.36956521739,271408.14187331795,1831,1842628,46
datm_cdeps_ciceC_cfsr_intel,orion,intel,210.37777777777777,2.4148111999311865,206,216,42854.84444444445,275087.1539120875,1831,1847188,45
datm_cdeps_ciceC_cfsr_intel,ursa,intel,328.64,356.7811745742932,111,1679,1918.6,6.740072064048829,1908,1935,50
