test_name,machine,compiler,core_mean,core_std,core_min,core_max,mem_mean,mem_std,mem_min,mem_max,n_hashes
datm_cdeps_lm4_gswp3_intel,hera,intel,32.0,1.9999999999999993,31,35,635.25,1.707825127659933,633,637,4
datm_cdeps_lm4_gswp3_intel,orion,intel,39.577777777777776,5.678863878408685,35,71,13205.933333333332,84806.64893273402,554,569464,45
datm_cdeps_lm4_gswp3_intel,ursa,intel,648.0666666666667,729.7131008306001,19,1765,600.9333333333333,0.8837151016885442,599,602,15
