test_name,machine,compiler,core_mean,core_std,core_min,core_max,mem_mean,mem_std,mem_min,mem_max,n_hashes
datm_cdeps_lnd_gswp3_intel,acorn,intel,67.95454545454545,4.097387400467979,56,78,301.75,2.01303889217157,292,304,44
datm_cdeps_lnd_gswp3_intel,derecho,intel,78.4090909090909,5.60447571067476,71,97,266.97727272727275,0.9761966148613822,265,270,44
datm_cdeps_lnd_gswp3_intel,gaeac6,intel,60.116279069767444,2.70105184384212,56,71,6338.604651162791,0.5407021398022274,6338,6340,43
datm_cdeps_lnd_gswp3_intel,hera,intel,52.75,2.2173557826083443,50,55,250.25,2.6299556396765875,248,253,4
datm_cdeps_lnd_gswp3_intel,hercules,intel,58.130434782608695,7.147987115738478,47,84,7584.891304347826,49170.853972304576,325,333828,46
datm_cdeps_lnd_gswp3_intel,orion,intel,79.06666666666666,12.414068265846247,66,154,5796.9111111111115,37187.09484046498,247,249712,45
datm_cdeps_lnd_gswp3_intel,ursa,intel,44.88,2.623597779028344,40,53,365.0,7.154276586027963,358,391,50
