test_name,machine,compiler,core_mean,core_std,core_min,core_max,mem_mean,mem_std,mem_min,mem_max,n_hashes
datm_cdeps_control_cfsr_intel,acorn,intel,178.6590909090909,6.647059786514395,167,192,1565.8863636363637,1.2798239175926396,1564,1568,44
datm_cdeps_control_cfsr_intel,derecho,intel,171.4090909090909,2.471400900329206,164,178,1543.3863636363637,0.8131451739976202,1543,1547,44
datm_cdeps_control_cfsr_intel,gaeac6,intel,121.32558139534883,2.8678922925295485,118,135,6337.604651162791,0.5407021398022809,6337,6339,43
datm_cdeps_control_cfsr_intel,hera,intel,182.33333333333334,1.1547005383792495,181,183,1986.6666666666667,1.154700538379268,1986,1988,3
datm_cdeps_control_cfsr_intel,hercules,intel,148.30434782608697,4.627788361709398,143,168,42012.391304347824,272406.6482918081,1833,1849400,46
datm_cdeps_control_cfsr_intel,orion,intel,211.86666666666667,2.106267702919943,207,218,42759.8,274453.99772843206,1827,1842940,45
datm_cdeps_control_cfsr_intel,ursa,intel,444.9,335.45097576673874,113,1204,1920.76,6.906252712622962,1906,1933,50
