test_name,machine,compiler,core_mean,core_std,core_min,core_max,mem_mean,mem_std,mem_min,mem_max,n_hashes
datm_cdeps_control_cfsr_gnu,derecho,gnu,182.51111111111112,2.537198009098571,178,190,1515.4666666666667,1.1599373023807937,1514,1517,45
datm_cdeps_control_cfsr_gnu,hera,gnu,206.6,6.4265076052238514,200,217,1554.8,0.447213595499977,1554,1555,5
datm_cdeps_control_cfsr_gnu,hercules,gnu,167.4255319148936,12.622865176115683,160,245,35702.14893617021,233741.7333864897,1602,1604060,47
datm_cdeps_control_cfsr_gnu,ursa,gnu,270.06,172.86439300025594,123,807,1512.46,0.994064014692274,1509,1514,50
