test_name,machine,compiler,core_mean,core_std,core_min,core_max,mem_mean,mem_std,mem_min,mem_max,n_hashes
datm_cdeps_gfs_intel,acorn,intel,306.0681818181818,4.985549944112796,295,321,4520.977272727273,1.454561971364868,4519,4524,44
datm_cdeps_gfs_intel,derecho,intel,281.6136363636364,7.907064574813763,270,300,4498.568181818182,1.2463477299083978,4496,4503,44
datm_cdeps_gfs_intel,gaeac6,intel,221.88372093023256,7.244733069865244,217,260,6337.7441860465115,0.5386501318691445,6337,6339,43
datm_cdeps_gfs_intel,hera,intel,291.0,1.4142135623730951,290,292,4966.5,0.7071067811865476,4966,4967,2
datm_cdeps_gfs_intel,hercules,intel,235.2826086956522,9.365807892964854,229,292,109728.91304347826,711486.7754442674,4781,4830364,46
datm_cdeps_gfs_intel,orion,intel,358.15555555555557,9.324833792219856,352,411,112164.15555555555,720102.494926936,4778,4835412,45
datm_cdeps_gfs_intel,ursa,intel,340.82,261.5037901157418,181,982,4788.98,2.325458041341751,4786,4798,50
