test_name,machine,compiler,core_mean,core_std,core_min,core_max,mem_mean,mem_std,mem_min,mem_max,n_hashes
datm_cdeps_control_gefs_intel,acorn,intel,159.5909090909091,6.139154482417354,152,173,673.7045454545455,4.99571698164303,669,687,44
datm_cdeps_control_gefs_intel,derecho,intel,159.45454545454547,3.091282156319444,150,167,646.8636363636364,3.046850520989129,645,658,44
datm_cdeps_control_gefs_intel,gaeac6,intel,110.16279069767442,2.1484239246274006,108,121,6337.604651162791,0.7910070399939494,6336,6340,43
datm_cdeps_control_gefs_intel,hera,intel,169.0,,169,169,1236.0,,1236,1236,1
datm_cdeps_control_gefs_intel,hercules,intel,139.2173913043478,10.38356188828875,133,204,25035.17391304348,162442.05215307526,1068,1102820,46
datm_cdeps_control_gefs_intel,orion,intel,190.73333333333332,2.480835636342209,189,200,25417.0,163176.29856594314,1079,1095712,45
datm_cdeps_control_gefs_intel,ursa,intel,331.4,311.75507131367715,107,1093,1168.9,8.328093590801195,1147,1185,50
