test_name,machine,compiler,core_mean,core_std,core_min,core_max,mem_mean,mem_std,mem_min,mem_max,n_hashes
datm_cdeps_control_cfsr_intel,acorn,intel,178.8409090909091,6.737410936782635,167,192,1565.8636363636363,1.304569947689351,1564,1568,44
datm_cdeps_control_cfsr_intel,derecho,intel,171.25,2.5891095712798657,164,178,1543.4318181818182,0.8462702650584738,1543,1547,44
datm_cdeps_control_cfsr_intel,gaeac6,intel,121.34883720930233,2.852598822880075,118,135,6337.581395348837,0.5447829685617578,6337,6339,43
datm_cdeps_control_cfsr_intel,hera,intel,182.0,1.4142135623730951,181,183,1987.0,1.4142135623730951,1986,1988,2
datm_cdeps_control_cfsr_intel,hercules,intel,148.19565217391303,4.693350214067141,143,168,42012.13043478261,272406.6876166025,1833,1849400,46
datm_cdeps_control_cfsr_intel,orion,intel,211.73333333333332,2.219746095226374,207,218,42759.933333333334,274453.9774026869,1827,1842940,45
datm_cdeps_control_cfsr_intel,ursa,intel,444.82,335.5302650663725,113,1204,1920.88,6.873908076552838,1906,1933,50
