test_name,machine,compiler,core_mean,core_std,core_min,core_max,mem_mean,mem_std,mem_min,mem_max,n_hashes
datm_cdeps_lnd_era5_rst_intel,acorn,intel,46.170731707317074,17.97067394259936,30,155,437.4878048780488,0.5967391062898535,436,439,41
datm_cdeps_lnd_era5_rst_intel,derecho,intel,44.95454545454545,2.8362647025625303,41,56,402.8863636363636,1.01651271376781,402,406,44
datm_cdeps_lnd_era5_rst_intel,gaeac6,intel,33.74418604651163,1.3109978616054248,32,38,6338.697674418605,0.7082804032077791,6338,6342,43
datm_cdeps_lnd_era5_rst_intel,hercules,intel,26.0,3.084008934992101,22,38,12659.08695652174,82065.72763416896,554,557156,46
datm_cdeps_lnd_era5_rst_intel,orion,intel,33.71111111111111,7.9533361274094,29,83,7249.533333333334,46521.770549144756,309,312392,45
datm_cdeps_lnd_era5_rst_intel,ursa,intel,23.9,2.604940361258638,22,37,626.82,7.416721317539268,619,644,50
