test_name,machine,compiler,core_mean,core_std,core_min,core_max,mem_mean,mem_std,mem_min,mem_max,n_hashes
datm_cdeps_lnd_gswp3_intel,acorn,intel,67.6046511627907,3.9649628286477205,56,76,301.30232558139534,2.738916050113277,292,304,43
datm_cdeps_lnd_gswp3_intel,derecho,intel,78.72727272727273,5.666563030184422,71,97,267.0681818181818,1.0206638804577282,265,270,44
datm_cdeps_lnd_gswp3_intel,gaeac6,intel,60.02325581395349,2.7035106990111553,56,71,6338.6511627906975,0.5293176618571575,6338,6340,43
datm_cdeps_lnd_gswp3_intel,hercules,intel,58.02173913043478,7.328753510613086,47,84,7586.630434782609,49170.5921910235,325,333828,46
datm_cdeps_lnd_gswp3_intel,orion,intel,79.33333333333333,12.350929298860654,66,154,5797.822222222222,37186.956016060314,247,249712,45
datm_cdeps_lnd_gswp3_intel,ursa,intel,45.04,2.806406664641982,40,53,364.98,7.167073236371334,358,391,50
