test_name,machine,compiler,core_mean,core_std,core_min,core_max,mem_mean,mem_std,mem_min,mem_max,n_hashes
datm_cdeps_bulk_gefs_intel,acorn,intel,160.64285714285714,5.443516155194926,152,168,674.8571428571429,4.785509262460889,672,687,14
datm_cdeps_bulk_gefs_intel,derecho,intel,161.64285714285714,2.5602626925659564,159,167,646.2857142857143,3.688413697566401,645,659,14
datm_cdeps_bulk_gefs_intel,gaeac6,intel,109.78571428571429,2.259290951691613,108,117,6337.714285714285,0.9138735334633742,6337,6340,14
datm_cdeps_bulk_gefs_intel,hercules,intel,136.0,1.7320508075688703,134,140,1089.8666666666666,5.262626539593918,1081,1099,15
datm_cdeps_bulk_gefs_intel,orion,intel,189.64285714285714,2.560262692565948,187,196,1092.857142857143,8.420279027508453,1079,1105,14
datm_cdeps_bulk_gefs_intel,ursa,intel,388.2,348.48615467475895,107,1114,1166.6,9.272077899339973,1153,1181,15
