test_name,machine,compiler,core_mean,core_std,core_min,core_max,mem_mean,mem_std,mem_min,mem_max,n_hashes
datm_cdeps_3072x1536_cfsr_intel,acorn,intel,304.6818181818182,6.393211251453243,295,322,4520.704545454545,1.487616252319379,4518,4524,44
datm_cdeps_3072x1536_cfsr_intel,derecho,intel,281.1363636363636,8.088438228791304,271,309,4498.840909090909,1.8036549690444414,4496,4505,44
datm_cdeps_3072x1536_cfsr_intel,gaeac6,intel,219.51162790697674,4.227867260515167,217,242,6337.860465116279,0.91499142199562,6337,6342,43
datm_cdeps_3072x1536_cfsr_intel,hera,intel,289.0,,289,289,4972.0,,4972,4972,1
datm_cdeps_3072x1536_cfsr_intel,hercules,intel,231.2826086956522,3.612712391162082,226,243,109770.34782608696,711774.1300403979,4773,4832312,46
datm_cdeps_3072x1536_cfsr_intel,orion,intel,354.1111111111111,3.185351573447532,349,364,111990.22222222222,718936.1720464573,4780,4827588,45
datm_cdeps_3072x1536_cfsr_intel,ursa,intel,347.74,275.80848205867454,182,1188,4788.9,2.314550249431358,4783,4795,50
