test_name,machine,compiler,core_mean,core_std,core_min,core_max,mem_mean,mem_std,mem_min,mem_max,n_hashes
datm_cdeps_control_cfsr_gnu,derecho,gnu,182.04545454545453,2.0340650724143665,178,189,1515.5454545454545,1.209546243086584,1514,1518,44
datm_cdeps_control_cfsr_gnu,hercules,gnu,167.80434782608697,12.685283801349218,160,245,36450.84782608696,236267.61360842665,1602,1604060,46
datm_cdeps_control_cfsr_gnu,ursa,gnu,274.6,170.7705227156356,123,807,1512.54,0.8134080483135233,1511,1513,50
