test_name,machine,compiler,core_mean,core_std,core_min,core_max,mem_mean,mem_std,mem_min,mem_max,n_hashes
datm_cdeps_gfs_intel,acorn,intel,306.1190476190476,5.128601677690414,295,321,4520.928571428572,1.4037034142800715,4519,4523,42
datm_cdeps_gfs_intel,derecho,intel,281.25,8.089973697027993,270,300,4498.727272727273,1.6616556098517283,4496,4506,44
datm_cdeps_gfs_intel,gaeac6,intel,221.41860465116278,6.880727253020139,217,260,6337.7441860465115,0.5386501318692019,6337,6339,43
datm_cdeps_gfs_intel,hercules,intel,235.45652173913044,9.368283423312773,229,292,109725.69565217392,711487.260443951,4776,4830364,46
datm_cdeps_gfs_intel,orion,intel,358.3777777777778,9.25961144111372,352,411,112160.93333333333,720102.986229129,4778,4835412,45
datm_cdeps_gfs_intel,ursa,intel,340.54,261.6582293366518,181,982,4788.92,2.363325225704053,4786,4798,50
