test_name,machine,compiler,core_mean,core_std,core_min,core_max,mem_mean,mem_std,mem_min,mem_max,n_hashes
datm_cdeps_3072x1536_cfsr_intel,acorn,intel,304.9111111111111,6.724521687019239,295,322,4520.733333333334,1.3882624850052352,4518,4524,45
datm_cdeps_3072x1536_cfsr_intel,derecho,intel,281.15555555555557,7.979962279346812,271,309,4498.622222222222,1.7358373521532064,4496,4505,45
datm_cdeps_3072x1536_cfsr_intel,gaeac6,intel,219.9318181818182,4.592196248504411,217,242,6337.931818181818,0.9250449963342675,6337,6342,44
datm_cdeps_3072x1536_cfsr_intel,hera,intel,289.2,2.863564212655264,286,293,4968.0,2.8284271247461903,4966,4972,5
datm_cdeps_3072x1536_cfsr_intel,hercules,intel,231.04255319148936,3.712244409638426,224,243,107540.59574468085,704160.8873350038,4773,4832312,47
datm_cdeps_3072x1536_cfsr_intel,orion,intel,353.67391304347825,3.197598736733456,349,364,109663.71739130435,711078.2073502076,4780,4827588,46
datm_cdeps_3072x1536_cfsr_intel,ursa,intel,318.24,248.28189706090788,182,1188,4788.84,2.2256390964743655,4783,4795,50
