test_name,machine,compiler,core_mean,core_std,core_min,core_max,mem_mean,mem_std,mem_min,mem_max,n_hashes
datm_cdeps_ciceC_cfsr_intel,acorn,intel,178.1951219512195,7.039955653962336,166,189,1565.7317073170732,1.3043080587787605,1564,1568,41
datm_cdeps_ciceC_cfsr_intel,derecho,intel,170.52272727272728,2.953032626188194,163,177,1543.8181818181818,1.298885520005734,1543,1547,44
datm_cdeps_ciceC_cfsr_intel,gaeac6,intel,120.53488372093024,5.3199930057656415,118,153,6337.6511627906975,0.5725349201340453,6337,6339,43
datm_cdeps_ciceC_cfsr_intel,hercules,intel,147.2391304347826,13.47456003422531,141,235,41865.65217391304,271408.0992739914,1831,1842628,46
datm_cdeps_ciceC_cfsr_intel,orion,intel,210.6,2.2902957331869893,207,216,42855.933333333334,275086.98791344336,1831,1847188,45
datm_cdeps_ciceC_cfsr_intel,ursa,intel,346.92,369.9912210762161,111,1679,1918.64,6.829587491651514,1909,1935,50
