test_name,machine,compiler,core_mean,core_std,core_min,core_max,mem_mean,mem_std,mem_min,mem_max,n_hashes
datm_cdeps_multiple_files_cfsr_intel,acorn,intel,179.4090909090909,5.118676163419787,168,192,1565.5454545454545,1.3885670287151,1564,1568,44
datm_cdeps_multiple_files_cfsr_intel,derecho,intel,171.22727272727272,2.5230439014296255,165,176,1543.3181818181818,0.9589899549083468,1542,1547,44
datm_cdeps_multiple_files_cfsr_intel,gaeac6,intel,121.04651162790698,3.903316589603139,119,143,6337.674418604651,0.5219437222242852,6337,6339,43
datm_cdeps_multiple_files_cfsr_intel,hera,intel,184.0,5.291502622129181,180,190,1982.0,3.0,1979,1985,3
datm_cdeps_multiple_files_cfsr_intel,hercules,intel,147.2826086956522,3.992565554896368,144,171,42206.782608695656,273725.3756722775,1834,1858344,46
datm_cdeps_multiple_files_cfsr_intel,orion,intel,211.0,3.0000000000000058,207,222,42727.91111111111,274228.9510173621,1837,1841432,45
datm_cdeps_multiple_files_cfsr_intel,ursa,intel,325.72,312.16734392348746,112,1035,1919.68,7.489966077141793,1903,1934,50
