test_name,machine,compiler,core_mean,core_std,core_min,core_max,mem_mean,mem_std,mem_min,mem_max,n_hashes
datm_cdeps_bulk_cfsr_intel,acorn,intel,174.66666666666666,5.487954724560282,168,186,1565.888888888889,1.45071539710545,1564,1568,18
datm_cdeps_bulk_cfsr_intel,derecho,intel,172.05555555555554,1.6259738158018473,170,175,1543.0,0.0,1543,1543,18
datm_cdeps_bulk_cfsr_intel,gaeac6,intel,123.22222222222223,10.14921356301622,119,160,6337.833333333333,1.2947859237090895,6337,6342,18
datm_cdeps_bulk_cfsr_intel,hera,intel,183.0,1.0,182,184,1987.3333333333333,2.0816659994661553,1985,1989,3
datm_cdeps_bulk_cfsr_intel,hercules,intel,145.52631578947367,1.5408663166699295,143,149,1848.157894736842,3.9053120218881157,1842,1856,19
datm_cdeps_bulk_cfsr_intel,orion,intel,209.88888888888889,1.6764419215528659,208,214,1845.388888888889,7.4133336859923755,1833,1856,18
datm_cdeps_bulk_cfsr_intel,ursa,intel,261.6842105263158,275.95149586508035,116,965,1918.2631578947369,6.1989435055334425,1909,1933,19
