test_name,machine,compiler,core_mean,core_std,core_min,core_max,mem_mean,mem_std,mem_min,mem_max,n_hashes
datm_cdeps_control_gefs_intel,acorn,intel,159.6829268292683,5.939019381978146,152,173,673.829268292683,5.157045855062713,669,687,41
datm_cdeps_control_gefs_intel,derecho,intel,159.1818181818182,3.2297507087377317,150,167,647.0,3.0499714066521064,645,658,44
datm_cdeps_control_gefs_intel,gaeac6,intel,110.04651162790698,2.181671359870826,108,121,6337.558139534884,0.7958919997740568,6336,6340,43
datm_cdeps_control_gefs_intel,hercules,intel,139.08695652173913,10.374811563389734,133,204,25034.847826086956,162442.10128466185,1068,1102820,46
datm_cdeps_control_gefs_intel,orion,intel,190.7111111111111,2.5011108643072095,188,200,25416.6,163176.3595463231,1079,1095712,45
datm_cdeps_control_gefs_intel,ursa,intel,343.68,314.934877622116,107,1093,1168.84,8.384533866785018,1147,1185,50
