test_name,machine,compiler,core_mean,core_std,core_min,core_max,mem_mean,mem_std,mem_min,mem_max,n_hashes
datm_cdeps_stochy_gefs_intel,acorn,intel,162.13636363636363,6.983671684026594,155,180,673.9090909090909,5.501873599767853,670,688,44
datm_cdeps_stochy_gefs_intel,derecho,intel,163.4318181818182,2.7057022238806874,157,171,649.3181818181819,6.076155176887382,645,662,44
datm_cdeps_stochy_gefs_intel,gaeac6,intel,113.0,6.665476084164689,110,143,6337.53488372093,0.6305265074788498,6336,6339,43
datm_cdeps_stochy_gefs_intel,hera,intel,172.75,0.9574271077563381,172,174,1225.75,7.973915809270426,1217,1233,4
datm_cdeps_stochy_gefs_intel,hercules,intel,138.82608695652175,3.4596361261849258,135,152,24690.260869565216,160098.81943952755,1072,1086928,46
datm_cdeps_stochy_gefs_intel,orion,intel,192.42222222222222,3.3877378406198555,188,206,25233.977777777778,161952.81699050064,1074,1087504,45
datm_cdeps_stochy_gefs_intel,ursa,intel,348.18,289.9393807156867,106,984,1164.32,7.6008592425126,1151,1179,50
