test_name,machine,compiler,core_mean,core_std,core_min,core_max,mem_mean,mem_std,mem_min,mem_max,n_hashes
datm_cdeps_stochy_gefs_intel,acorn,intel,161.9090909090909,6.900684771609609,155,180,673.9318181818181,5.487396668615407,670,688,44
datm_cdeps_stochy_gefs_intel,derecho,intel,162.88636363636363,2.838406931925904,157,168,649.2045454545455,5.813294888701413,645,662,44
datm_cdeps_stochy_gefs_intel,gaeac6,intel,112.20930232558139,4.758742028324011,110,138,6337.53488372093,0.6305265074789107,6336,6339,43
datm_cdeps_stochy_gefs_intel,hera,intel,172.0,,172,172,1232.0,,1232,1232,1
datm_cdeps_stochy_gefs_intel,hercules,intel,138.7608695652174,3.4844721111984525,135,152,24689.891304347828,160098.87514203053,1072,1086928,46
datm_cdeps_stochy_gefs_intel,orion,intel,192.53333333333333,3.3207337633831386,190,206,25233.777777777777,161952.8474717942,1074,1087504,45
datm_cdeps_stochy_gefs_intel,ursa,intel,332.32,290.4384749910074,106,984,1164.0,7.623808036643618,1151,1179,50
