test_name,machine,compiler,core_mean,core_std,core_min,core_max,mem_mean,mem_std,mem_min,mem_max,n_hashes
datm_cdeps_debug_cfsr_intel,derecho,intel,332.1818181818182,2.4709731372969492,329,338,1543.2272727272727,0.9115189562543861,1541,1547,44
datm_cdeps_debug_cfsr_intel,gaeac6,intel,241.74418604651163,6.466370967426172,238,275,6337.720930232558,0.8259361613561217,6336,6339,43
datm_cdeps_debug_cfsr_intel,hera,intel,399.0,,399,399,1913.0,,1913,1913,1
datm_cdeps_debug_cfsr_intel,hercules,intel,324.95652173913044,9.6998431184086,315,379,40309.217391304344,261362.47904011805,1764,1774420,46
datm_cdeps_debug_cfsr_intel,orion,intel,417.0444444444444,4.55249959091185,409,429,41185.48888888889,264368.8703286499,1764,1775216,45
datm_cdeps_debug_cfsr_intel,ursa,intel,351.94,207.12900544819692,235,1046,1832.68,5.2076866265166,1819,1846,50
