test_name,machine,compiler,core_mean,core_std,core_min,core_max,mem_mean,mem_std,mem_min,mem_max,n_hashes
datm_cdeps_control_gefs_intel,acorn,intel,159.5,5.984736683491729,152,173,673.7857142857143,5.101581363085488,669,687,42
datm_cdeps_control_gefs_intel,derecho,intel,159.20454545454547,3.2247555916368005,150,167,646.9545454545455,3.0496247992975243,645,658,44
datm_cdeps_control_gefs_intel,gaeac6,intel,110.09302325581395,2.1581953824828055,108,121,6337.558139534884,0.7958919997740719,6336,6340,43
datm_cdeps_control_gefs_intel,hercules,intel,139.15217391304347,10.351526760830655,133,204,25034.978260869564,162442.08163301213,1068,1102820,46
datm_cdeps_control_gefs_intel,orion,intel,190.7111111111111,2.5011108643072073,188,200,25416.755555555555,163176.3358389483,1079,1095712,45
datm_cdeps_control_gefs_intel,ursa,intel,343.86,314.79938606894984,107,1093,1169.0,8.48287590817344,1147,1185,50
