test_name,machine,compiler,core_mean,core_std,core_min,core_max,mem_mean,mem_std,mem_min,mem_max,n_hashes
datm_cdeps_restart_cfsr_intel,acorn,intel,122.72093023255815,6.6987048549038075,112,137,1565.4651162790697,1.3513456645895576,1563,1568,43
datm_cdeps_restart_cfsr_intel,derecho,intel,114.43181818181819,1.7440627158651831,112,118,1543.5681818181818,1.1890533125673015,1542,1547,44
datm_cdeps_restart_cfsr_intel,gaeac6,intel,81.88372093023256,3.3324472798000473,80,101,6337.6511627906975,0.8696940055815136,6337,6341,43
datm_cdeps_restart_cfsr_intel,hercules,intel,96.34782608695652,5.437390678561213,92,130,40907.86956521739,265266.2899151726,1782,1800920,46
datm_cdeps_restart_cfsr_intel,orion,intel,147.2,2.5369989429173283,143,155,41749.444444444445,268015.700741118,1780,1799700,45
datm_cdeps_restart_cfsr_intel,ursa,intel,246.14,209.58861649255977,72,628,1869.6,5.806400409400486,1858,1883,50
