test_name,machine,compiler,core_mean,core_std,core_min,core_max,mem_mean,mem_std,mem_min,mem_max,n_hashes
datm_cdeps_debug_cfsr_intel,derecho,intel,332.02272727272725,2.510338033048363,328,338,1543.2954545454545,1.0907549221577622,1541,1547,44
datm_cdeps_debug_cfsr_intel,gaeac6,intel,241.58139534883722,6.359217375250829,238,275,6337.790697674419,0.8035083646964197,6336,6339,43
datm_cdeps_debug_cfsr_intel,hercules,intel,325.1304347826087,9.650811585105556,315,379,40308.67391304348,261362.56095487604,1763,1774420,46
datm_cdeps_debug_cfsr_intel,orion,intel,417.3777777777778,4.478681263339222,410,429,41185.53333333333,264368.863553163,1764,1775216,45
datm_cdeps_debug_cfsr_intel,ursa,intel,344.74,204.7475110112602,235,1046,1832.78,5.151936430080561,1819,1846,50
