test_name,machine,compiler,core_mean,core_std,core_min,core_max,mem_mean,mem_std,mem_min,mem_max,n_hashes
datm_cdeps_control_gefs_intel,acorn,intel,159.6,6.114067237266712,152,173,673.6666666666666,4.963503161715887,669,687,45
datm_cdeps_control_gefs_intel,derecho,intel,160.15555555555557,3.502956903918042,150,171,646.7333333333333,3.1937438845342543,645,660,45
datm_cdeps_control_gefs_intel,gaeac6,intel,110.6590909090909,3.6596046413619923,108,130,6337.590909090909,0.7569271360031175,6336,6340,44
datm_cdeps_control_gefs_intel,hera,intel,170.2,1.3038404810405295,169,172,1223.2,7.395944834840258,1217,1236,5
datm_cdeps_control_gefs_intel,hercules,intel,138.95744680851064,10.350293939973312,133,204,24525.59574468085,160704.65216185706,1068,1102820,47
datm_cdeps_control_gefs_intel,orion,intel,190.58695652173913,2.578337853532107,186,200,24887.434782608696,161393.012548823,1077,1095712,46
datm_cdeps_control_gefs_intel,ursa,intel,312.12,292.9268655678898,107,1050,1168.6,8.373914794144504,1147,1185,50
