test_name,machine,compiler,core_mean,core_std,core_min,core_max,mem_mean,mem_std,mem_min,mem_max,n_hashes
datm_cdeps_control_cfsr_gnu,derecho,gnu,182.20454545454547,1.9834143154477488,178,189,1515.409090909091,1.1476605489992906,1514,1517,44
datm_cdeps_control_cfsr_gnu,hera,gnu,204.5,2.1213203435596424,203,206,1555.0,0.0,1555,1555,2
datm_cdeps_control_cfsr_gnu,hercules,gnu,167.54347826086956,12.755315269833604,160,245,36446.391304347824,236268.28479962048,1602,1604060,46
datm_cdeps_control_cfsr_gnu,ursa,gnu,271.02,171.54489981652392,123,807,1512.52,0.8388524717658803,1511,1513,50
