test_name,machine,compiler,core_mean,core_std,core_min,core_max,mem_mean,mem_std,mem_min,mem_max,n_hashes
datm_cdeps_bulk_gefs_intel,acorn,intel,160.6,5.248128918277176,152,168,674.7333333333333,4.636295729916089,672,687,15
datm_cdeps_bulk_gefs_intel,derecho,intel,161.53333333333333,2.503331114069151,159,167,646.2,3.569713874088091,645,659,15
datm_cdeps_bulk_gefs_intel,gaeac6,intel,110.53333333333333,3.6226798814978842,108,121,6337.666666666667,0.8997354108424586,6337,6340,15
datm_cdeps_bulk_gefs_intel,hercules,intel,135.875,1.7464249196572894,134,140,1090.1875,5.243646949722439,1081,1099,16
datm_cdeps_bulk_gefs_intel,orion,intel,189.53333333333333,2.503331114069143,187,196,1092.4666666666667,8.253714892326313,1079,1105,15
datm_cdeps_bulk_gefs_intel,ursa,intel,370.75,343.8291242269431,107,1114,1167.5,9.654014708917728,1153,1181,16
