test_name,machine,compiler,core_mean,core_std,core_min,core_max,mem_mean,mem_std,mem_min,mem_max,n_hashes
datm_cdeps_lnd_era5_intel,acorn,intel,56.95348837209303,19.305752274253948,40,177,437.5581395348837,0.7653920744856848,436,439,43
datm_cdeps_lnd_era5_intel,derecho,intel,58.5,3.8002447901571124,53,68,402.70454545454544,0.9783599341124702,401,405,44
datm_cdeps_lnd_era5_intel,gaeac6,intel,44.25581395348837,2.3913835729832216,42,52,6338.720930232558,0.7012092071268547,6338,6342,43
datm_cdeps_lnd_era5_intel,hercules,intel,38.391304347826086,4.7585163928339655,33,60,12695.565217391304,82312.83385222827,552,558832,46
datm_cdeps_lnd_era5_intel,orion,intel,50.06666666666667,7.649717760687765,44,96,7320.444444444444,46982.97307949858,310,315488,45
datm_cdeps_lnd_era5_intel,ursa,intel,33.58,3.375119045519518,30,46,623.72,6.298817511312444,618,643,50
