test_name,machine,compiler,core_mean,core_std,core_min,core_max,mem_mean,mem_std,mem_min,mem_max,n_hashes
datm_cdeps_ciceC_cfsr_intel,acorn,intel,177.45454545454547,6.51100872924499,166,189,1565.7954545454545,1.3395512170134003,1564,1568,44
datm_cdeps_ciceC_cfsr_intel,derecho,intel,171.29545454545453,2.50190202487465,163,177,1543.3636363636363,0.8651094591559737,1542,1547,44
datm_cdeps_ciceC_cfsr_intel,gaeac6,intel,121.16279069767442,6.027438185016676,118,153,6337.767441860465,0.5705974021574541,6337,6339,43
datm_cdeps_ciceC_cfsr_intel,hera,intel,180.75,1.500000000000004,179,182,1983.0,5.477225575051689,1977,1990,4
datm_cdeps_ciceC_cfsr_intel,hercules,intel,147.19565217391303,13.51479775853513,141,235,41865.217391304344,271408.16480864416,1831,1842628,46
datm_cdeps_ciceC_cfsr_intel,orion,intel,210.2,2.436465398146183,206,216,42854.822222222225,275087.15729988436,1831,1847188,45
datm_cdeps_ciceC_cfsr_intel,ursa,intel,339.82,358.98926650999994,111,1679,1918.64,6.69986292884458,1908,1935,50
