test_name,machine,compiler,core_mean,core_std,core_min,core_max,mem_mean,mem_std,mem_min,mem_max,n_hashes
datm_cdeps_lnd_era5_rst_intel,acorn,intel,46.266666666666666,17.18138527593162,30,155,437.55555555555554,0.5860327153276809,436,439,45
datm_cdeps_lnd_era5_rst_intel,derecho,intel,44.733333333333334,2.6832815729997463,41,56,402.53333333333336,0.7567874686643454,402,404,45
datm_cdeps_lnd_era5_rst_intel,gaeac6,intel,33.90909090909091,1.2541685250466779,32,38,6338.568181818182,0.5010559673852317,6338,6339,44
datm_cdeps_lnd_era5_rst_intel,hera,intel,23.0,1.2247448713915894,22,25,304.2,1.7888543819998295,302,306,5
datm_cdeps_lnd_era5_rst_intel,hercules,intel,25.78723404255319,3.092319870770768,22,38,12400.851063829787,81188.1118964065,554,557156,47
datm_cdeps_lnd_era5_rst_intel,orion,intel,33.41304347826087,7.903799612159887,29,83,7097.630434782609,46013.492525252834,309,312392,46
datm_cdeps_lnd_era5_rst_intel,ursa,intel,23.98,2.6763514610112673,22,37,625.78,6.7136473860704164,619,644,50
