test_name,machine,compiler,core_mean,core_std,core_min,core_max,mem_mean,mem_std,mem_min,mem_max,n_hashes
datm_cdeps_lm4_gswp3_rst_intel,orion,intel,22.31111111111111,2.8984496029791686,20,32,10579.222222222223,67935.92966701952,438,456180,45
datm_cdeps_lm4_gswp3_rst_intel,ursa,intel,313.42857142857144,413.52624722362805,10,973,480.6666666666667,4.199206274206267,474,491,21
