test_name,machine,compiler,core_mean,core_std,core_min,core_max,mem_mean,mem_std,mem_min,mem_max,n_hashes
datm_cdeps_gfs_intel,acorn,intel,306.1363636363636,5.018991416752745,295,321,4520.977272727273,1.454561971365093,4519,4524,44
datm_cdeps_gfs_intel,derecho,intel,281.47727272727275,8.021739753200428,270,300,4498.545454545455,1.2286227012683795,4496,4503,44
datm_cdeps_gfs_intel,gaeac6,intel,221.86046511627907,7.255806854640588,217,260,6337.7441860465115,0.5386501318692216,6337,6339,43
datm_cdeps_gfs_intel,hera,intel,290.0,,290,290,4967.0,,4967,4967,1
datm_cdeps_gfs_intel,hercules,intel,235.2826086956522,9.365807892964852,229,292,109727.69565217392,711486.9589648263,4776,4830364,46
datm_cdeps_gfs_intel,orion,intel,358.2888888888889,9.29227984116195,352,411,112163.08888888889,720102.657568344,4778,4835412,45
datm_cdeps_gfs_intel,ursa,intel,340.62,261.61202696562174,181,982,4788.94,2.3596090994147416,4786,4798,50
