test_name,machine,compiler,core_mean,core_std,core_min,core_max,mem_mean,mem_std,mem_min,mem_max,n_hashes
datm_cdeps_lm4_gswp3_rst_intel,hera,intel,16.6,1.3416407864998738,16,19,510.2,3.1144823004794877,507,514,5
datm_cdeps_lm4_gswp3_rst_intel,orion,intel,22.152173913043477,2.9285369218118893,20,32,10357.695652173914,67193.64430389712,438,456180,46
datm_cdeps_lm4_gswp3_rst_intel,ursa,intel,401.57142857142856,431.4695308407721,10,973,481.35714285714283,4.667516929344155,474,491,14
