test_name,machine,compiler,core_mean,core_std,core_min,core_max,mem_mean,mem_std,mem_min,mem_max,n_hashes
datm_cdeps_debug_cfsr_intel,derecho,intel,333.0888888888889,4.851533132667834,329,354,1543.1777777777777,0.8336363085599949,1541,1547,45
datm_cdeps_debug_cfsr_intel,gaeac6,intel,242.52272727272728,6.9365517750926635,238,275,6337.818181818182,0.8963161628844541,6336,6340,44
datm_cdeps_debug_cfsr_intel,hera,intel,402.4,7.266360849833984,397,415,1913.0,0.7071067811865476,1912,1914,5
datm_cdeps_debug_cfsr_intel,hercules,intel,325.3191489361702,9.715756774164685,315,379,39489.382978723406,258567.0666934574,1760,1774420,47
datm_cdeps_debug_cfsr_intel,orion,intel,417.19565217391306,5.22225819701865,409,433,40328.95652173913,261479.47584669956,1764,1775216,46
datm_cdeps_debug_cfsr_intel,ursa,intel,341.98,199.01702214142594,235,1046,1833.22,5.936019417978046,1819,1852,50
