test_name,machine,compiler,core_mean,core_std,core_min,core_max,mem_mean,mem_std,mem_min,mem_max,n_hashes
datm_cdeps_lnd_gswp3_intel,acorn,intel,67.61363636363636,3.9190406342114414,56,76,301.29545454545456,2.707264520495247,292,304,44
datm_cdeps_lnd_gswp3_intel,derecho,intel,78.75,5.653255904837619,71,97,267.0681818181818,1.0206638804577397,265,270,44
datm_cdeps_lnd_gswp3_intel,gaeac6,intel,60.0,2.725540575476988,56,71,6338.627906976744,0.5355573782766027,6338,6340,43
datm_cdeps_lnd_gswp3_intel,hera,intel,50.0,,50,50,248.0,,248,248,1
datm_cdeps_lnd_gswp3_intel,hercules,intel,58.130434782608695,7.228366022990178,47,84,7586.130434782609,49170.66745738593,325,333828,46
datm_cdeps_lnd_gswp3_intel,orion,intel,79.17777777777778,12.373521746214392,66,154,5797.622222222222,37186.98649533248,247,249712,45
datm_cdeps_lnd_gswp3_intel,ursa,intel,45.04,2.806406664641982,40,53,364.96,7.162715253025098,358,391,50
