test_name,machine,compiler,core_mean,core_std,core_min,core_max,mem_mean,mem_std,mem_min,mem_max,n_hashes
datm_cdeps_stochy_gefs_intel,acorn,intel,162.02272727272728,6.8420336850344325,155,180,673.9318181818181,5.491633074654415,670,688,44
datm_cdeps_stochy_gefs_intel,derecho,intel,163.11363636363637,2.6167253554058107,157,168,649.0681818181819,5.84846522213695,645,662,44
datm_cdeps_stochy_gefs_intel,gaeac6,intel,112.25581395348837,4.746392230174177,110,138,6337.53488372093,0.6305265074787941,6336,6339,43
datm_cdeps_stochy_gefs_intel,hera,intel,173.0,1.0,172,174,1227.3333333333333,8.962886439832468,1217,1233,3
datm_cdeps_stochy_gefs_intel,hercules,intel,138.82608695652175,3.459636126184934,135,152,24690.17391304348,160098.8325454422,1072,1086928,46
datm_cdeps_stochy_gefs_intel,orion,intel,192.48888888888888,3.3277225505948365,190,206,25233.777777777777,161952.84747460086,1074,1087504,45
datm_cdeps_stochy_gefs_intel,ursa,intel,339.4,290.10279669982714,106,984,1164.26,7.607219986195191,1151,1179,50
