test_name,machine,compiler,core_mean,core_std,core_min,core_max,mem_mean,mem_std,mem_min,mem_max,n_hashes
datm_cdeps_multiple_files_cfsr_intel,acorn,intel,179.61363636363637,5.158943055131421,168,192,1565.6363636363637,1.4157077134103477,1564,1568,44
datm_cdeps_multiple_files_cfsr_intel,derecho,intel,171.52272727272728,2.5379779202920787,165,178,1543.2954545454545,0.9542937350572726,1542,1547,44
datm_cdeps_multiple_files_cfsr_intel,gaeac6,intel,121.44186046511628,4.5945222332136995,119,143,6337.674418604651,0.5219437222243556,6337,6339,43
datm_cdeps_multiple_files_cfsr_intel,hera,intel,183.5,4.43471156521669,180,190,1982.25,2.5,1979,1985,4
datm_cdeps_multiple_files_cfsr_intel,hercules,intel,147.2391304347826,4.028701376698036,143,171,42206.913043478264,273725.356013231,1834,1858344,46
datm_cdeps_multiple_files_cfsr_intel,orion,intel,210.9111111111111,3.058685265854523,207,222,42727.62222222222,274228.99506072135,1837,1841432,45
datm_cdeps_multiple_files_cfsr_intel,ursa,intel,336.76,314.67473067033677,112,1035,1919.5,7.467617164962946,1903,1934,50
