test_name,machine,compiler,core_mean,core_std,core_min,core_max,mem_mean,mem_std,mem_min,mem_max,n_hashes
datm_cdeps_iau_gefs_intel,acorn,intel,163.11363636363637,6.62699170268714,153,179,674.7954545454545,6.086888483986737,670,687,44
datm_cdeps_iau_gefs_intel,derecho,intel,161.72727272727272,3.090598168667216,154,171,647.5909090909091,3.9492017551868908,645,661,44
datm_cdeps_iau_gefs_intel,gaeac6,intel,110.86046511627907,1.8845410625962205,109,119,6337.6511627906975,0.5725349201342047,6337,6339,43
datm_cdeps_iau_gefs_intel,hera,intel,173.5,2.1213203435596424,172,175,1228.0,1.4142135623730951,1227,1229,2
datm_cdeps_iau_gefs_intel,hercules,intel,139.17391304347825,9.737223760910922,134,196,24650.739130434784,159822.63117127126,1069,1085056,46
datm_cdeps_iau_gefs_intel,orion,intel,191.88888888888889,2.5514899588477777,189,202,25246.755555555555,162049.0525945147,1074,1088148,45
datm_cdeps_iau_gefs_intel,ursa,intel,271.58,258.40808494965273,108,1007,1164.62,7.787719270015543,1149,1180,50
