test_name,machine,compiler,core_mean,core_std,core_min,core_max,mem_mean,mem_std,mem_min,mem_max,n_hashes
datm_cdeps_gfs_intel,acorn,intel,306.0731707317073,5.183581020406844,295,321,4520.878048780488,1.3819392524858334,4519,4523,41
datm_cdeps_gfs_intel,derecho,intel,281.04545454545456,8.285472142599536,269,300,4498.772727272727,1.696283713156519,4496,4506,44
datm_cdeps_gfs_intel,gaeac6,intel,221.34883720930233,6.910598213132088,217,260,6337.767441860465,0.5272213460491109,6337,6339,43
datm_cdeps_gfs_intel,hercules,intel,235.5,9.347013783378447,229,292,109724.45652173914,711487.4472402385,4773,4830364,46
datm_cdeps_gfs_intel,orion,intel,358.4,9.247604112319133,352,411,112159.8,720103.1590262415,4778,4835412,45
datm_cdeps_gfs_intel,ursa,intel,339.82,260.3611063778262,181,982,4788.86,2.1571901603138337,4786,4795,50
