test_name,machine,compiler,core_mean,core_std,core_min,core_max,mem_mean,mem_std,mem_min,mem_max,n_hashes
datm_cdeps_3072x1536_cfsr_intel,acorn,intel,304.70454545454544,6.656277140412575,295,322,4520.75,1.3997508083875425,4518,4524,44
datm_cdeps_3072x1536_cfsr_intel,derecho,intel,281.02272727272725,8.02173975320043,271,309,4498.613636363636,1.7549386670643157,4496,4505,44
datm_cdeps_3072x1536_cfsr_intel,gaeac6,intel,219.86046511627907,4.621798224299183,217,242,6337.906976744186,0.9210230721573813,6337,6342,43
datm_cdeps_3072x1536_cfsr_intel,hera,intel,290.0,2.581988897471604,287,293,4968.5,3.0,4966,4972,4
datm_cdeps_3072x1536_cfsr_intel,hercules,intel,231.06521739130434,3.7499758453328322,224,243,109773.43478260869,711773.6646950708,4773,4832312,46
datm_cdeps_3072x1536_cfsr_intel,orion,intel,353.73333333333335,3.2079446832682557,349,364,111993.33333333333,718935.6976710276,4780,4827588,45
datm_cdeps_3072x1536_cfsr_intel,ursa,intel,318.3,248.2550737299302,182,1188,4788.88,2.2098111471622532,4783,4795,50
