test_name,machine,compiler,core_mean,core_std,core_min,core_max,mem_mean,mem_std,mem_min,mem_max,n_hashes
datm_cdeps_3072x1536_cfsr_intel,acorn,intel,304.9268292682927,6.52069875052682,295,322,4520.731707317073,1.5004064489980515,4518,4524,41
datm_cdeps_3072x1536_cfsr_intel,derecho,intel,280.8863636363636,7.997720341159175,271,309,4498.931818181818,2.0046194010128127,4496,4505,44
datm_cdeps_3072x1536_cfsr_intel,gaeac6,intel,219.34883720930233,4.1911682706458215,216,242,6337.837209302325,0.9240241328052403,6337,6342,43
datm_cdeps_3072x1536_cfsr_intel,hercules,intel,231.3695652173913,3.5550195852073303,226,243,109767.45652173914,711774.5658741399,4773,4832312,46
datm_cdeps_3072x1536_cfsr_intel,orion,intel,354.1111111111111,3.171049598406745,349,364,111987.17777777778,718936.6362395699,4780,4827588,45
datm_cdeps_3072x1536_cfsr_intel,ursa,intel,354.38,275.85820744042564,182,1188,4788.88,2.3355286077353674,4783,4795,50
