test_name,machine,compiler,core_mean,core_std,core_min,core_max,mem_mean,mem_std,mem_min,mem_max,n_hashes
datm_cdeps_lnd_era5_intel,acorn,intel,56.90909090909091,19.08221890200669,40,177,437.54545454545456,0.7611052384081659,436,439,44
datm_cdeps_lnd_era5_intel,derecho,intel,58.5,3.800244790157111,53,68,402.6818181818182,0.9829411790754463,401,405,44
datm_cdeps_lnd_era5_intel,gaeac6,intel,44.27906976744186,2.373721022996725,42,52,6338.7441860465115,0.7268006622573228,6338,6342,43
datm_cdeps_lnd_era5_intel,hera,intel,34.0,,34,34,304.0,,304,304,1
datm_cdeps_lnd_era5_intel,hercules,intel,38.47826086956522,4.750387728899527,33,60,12695.326086956522,82312.8698953111,552,558832,46
datm_cdeps_lnd_era5_intel,orion,intel,49.977777777777774,7.673712177678973,44,96,7320.288888888889,46982.99679556339,310,315488,45
datm_cdeps_lnd_era5_intel,ursa,intel,33.56,3.387612487777628,30,46,623.72,6.298817511312481,618,643,50
