test_name,machine,compiler,core_mean,core_std,core_min,core_max,mem_mean,mem_std,mem_min,mem_max,n_hashes
datm_cdeps_lnd_era5_intel,acorn,intel,56.976190476190474,19.539189007857647,40,177,437.57142857142856,0.7696327012111234,436,439,42
datm_cdeps_lnd_era5_intel,derecho,intel,58.65909090909091,3.8816394391712117,53,68,402.75,0.9912407071619397,401,405,44
datm_cdeps_lnd_era5_intel,gaeac6,intel,44.116279069767444,2.4024719643137162,41,52,6338.697674418605,0.7082804032076534,6338,6342,43
datm_cdeps_lnd_era5_intel,hercules,intel,38.43478260869565,4.745300242991505,33,60,12695.630434782608,82312.82402298055,552,558832,46
datm_cdeps_lnd_era5_intel,orion,intel,50.08888888888889,7.639080805669982,44,96,7320.644444444444,46982.94259097733,310,315488,45
datm_cdeps_lnd_era5_intel,ursa,intel,33.6,3.3624577988399484,30,46,623.76,6.287532204648351,618,643,50
