test_name,machine,compiler,core_mean,core_std,core_min,core_max,mem_mean,mem_std,mem_min,mem_max,n_hashes
datm_cdeps_control_cfsr_intel,acorn,intel,179.46341463414635,6.888750107877373,167,192,1565.7560975609756,1.2802438792058164,1564,1568,41
datm_cdeps_control_cfsr_intel,derecho,intel,170.88636363636363,2.870992933260704,164,178,1543.7272727272727,1.226900734477781,1543,1547,44
datm_cdeps_control_cfsr_intel,gaeac6,intel,121.0,2.5541749203626445,118,135,6337.581395348837,0.5447829685618119,6337,6339,43
datm_cdeps_control_cfsr_intel,hercules,intel,148.2173913043478,4.584578223558051,143,168,42012.217391304344,272406.67451562703,1833,1849400,46
datm_cdeps_control_cfsr_intel,orion,intel,211.55555555555554,2.4078994576144237,207,218,42760.46666666667,274453.8960926522,1827,1842940,45
datm_cdeps_control_cfsr_intel,ursa,intel,464.06,341.1484451564349,113,1204,1920.52,6.6062431819901795,1906,1933,50
