test_name,machine,compiler,core_mean,core_std,core_min,core_max,mem_mean,mem_std,mem_min,mem_max,n_hashes
datm_cdeps_iau_gefs_intel,acorn,intel,162.95454545454547,6.664569790035798,153,179,675.0909090909091,6.1637280391318825,670,687,44
datm_cdeps_iau_gefs_intel,derecho,intel,161.63636363636363,3.140810953573749,154,171,647.6136363636364,3.9485994519747476,645,661,44
datm_cdeps_iau_gefs_intel,gaeac6,intel,110.86046511627907,1.8845410625962211,109,119,6337.6511627906975,0.572534920134124,6337,6339,43
datm_cdeps_iau_gefs_intel,hera,intel,172.0,,172,172,1227.0,,1227,1227,1
datm_cdeps_iau_gefs_intel,hercules,intel,139.19565217391303,9.726526307457442,134,196,24650.869565217392,159822.61151714547,1069,1085056,46
datm_cdeps_iau_gefs_intel,orion,intel,191.95555555555555,2.5401821297940974,189,202,25247.0,162049.01533514762,1074,1088148,45
datm_cdeps_iau_gefs_intel,ursa,intel,285.62,268.70360653192824,108,1007,1164.6,7.798482322260676,1149,1180,50
