test_name,machine,compiler,core_mean,core_std,core_min,core_max,mem_mean,mem_std,mem_min,mem_max,n_hashes
datm_cdeps_control_cfsr_gnu,derecho,gnu,182.0909090909091,2.00949122125166,178,189,1515.5,1.1910519095164205,1514,1518,44
datm_cdeps_control_cfsr_gnu,hercules,gnu,167.80434782608697,12.685283801349218,160,245,36449.36956521739,236267.83625823742,1602,1604060,46
datm_cdeps_control_cfsr_gnu,ursa,gnu,274.72,170.6696343279397,123,807,1512.5,0.8390957231764776,1511,1513,50
