test_name,machine,compiler,core_mean,core_std,core_min,core_max,mem_mean,mem_std,mem_min,mem_max,n_hashes
datm_cdeps_mx025_gefs_intel,acorn,intel,407.3488372093023,7.788525506673667,396,434,682.953488372093,3.6315645872064315,677,698,43
datm_cdeps_mx025_gefs_intel,derecho,intel,393.70454545454544,15.049653546896227,380,454,656.2045454545455,2.492589439551753,651,661,44
datm_cdeps_mx025_gefs_intel,gaeac6,intel,277.8837209302326,6.0600538357092315,267,297,6338.720930232558,0.45385026875095474,6338,6339,43
datm_cdeps_mx025_gefs_intel,hercules,intel,340.3478260869565,6.903195367378304,332,360,26718.130434782608,173122.7236408527,1165,1175368,46
datm_cdeps_mx025_gefs_intel,orion,intel,441.06666666666666,4.509585749973448,433,459,23808.0,152860.45299137142,1009,1026440,45
datm_cdeps_mx025_gefs_intel,ursa,intel,318.92,8.58532207328536,309,352,1333.2,11.45888836008888,1313,1376,50
