test_name,machine,compiler,core_mean,core_std,core_min,core_max,mem_mean,mem_std,mem_min,mem_max,n_hashes
datm_cdeps_mx025_gefs_intel,acorn,intel,407.5,7.617299771832106,396,434,682.8181818181819,3.6233912373902526,677,698,44
datm_cdeps_mx025_gefs_intel,derecho,intel,395.3181818181818,17.024978540126114,381,454,656.1590909090909,2.495979854366594,651,661,44
datm_cdeps_mx025_gefs_intel,gaeac6,intel,278.04651162790697,5.923936466220234,265,297,6338.720930232558,0.4538502687508945,6338,6339,43
datm_cdeps_mx025_gefs_intel,hera,intel,419.0,2.8284271247461903,417,421,1137.0,5.656854249492381,1133,1141,2
datm_cdeps_mx025_gefs_intel,hercules,intel,340.10869565217394,7.645560108453824,332,374,26714.695652173912,173123.24083815355,1165,1175368,46
datm_cdeps_mx025_gefs_intel,orion,intel,440.8888888888889,4.498596863175645,433,459,23807.4,152860.54446059946,1009,1026440,45
datm_cdeps_mx025_gefs_intel,ursa,intel,318.68,8.43568706902588,309,352,1332.88,11.523959070261423,1313,1376,50
