test_name,machine,compiler,core_mean,core_std,core_min,core_max,mem_mean,mem_std,mem_min,mem_max,n_hashes
datm_cdeps_restart_cfsr_intel,acorn,intel,122.38636363636364,6.354693958528131,112,137,1565.4318181818182,1.3363909620252066,1563,1568,44
datm_cdeps_restart_cfsr_intel,derecho,intel,114.43181818181819,1.7440627158651845,112,118,1543.4318181818182,1.086871492216008,1542,1547,44
datm_cdeps_restart_cfsr_intel,gaeac6,intel,81.93023255813954,3.3194617236993738,80,101,6337.627906976744,0.9003506146141256,6336,6341,43
datm_cdeps_restart_cfsr_intel,hera,intel,119.0,2.8284271247461903,117,121,1929.5,4.949747468305833,1926,1933,2
datm_cdeps_restart_cfsr_intel,hercules,intel,96.3913043478261,5.40977822864226,92,130,40907.34782608696,265266.3685470568,1782,1800920,46
datm_cdeps_restart_cfsr_intel,orion,intel,147.0,2.486326242032246,143,155,41749.08888888889,268015.7549472539,1780,1799700,45
datm_cdeps_restart_cfsr_intel,ursa,intel,247.08,208.9119373109646,72,628,1869.78,5.704598932404641,1858,1883,50
