test_name,machine,compiler,core_mean,core_std,core_min,core_max,mem_mean,mem_std,mem_min,mem_max,n_hashes
datm_cdeps_multiple_files_cfsr_intel,acorn,intel,179.6888888888889,5.1249045322470534,168,192,1565.6666666666667,1.4142135623730345,1564,1568,45
datm_cdeps_multiple_files_cfsr_intel,derecho,intel,171.66666666666666,2.6883587422947786,165,178,1543.2888888888888,0.9444147351239257,1542,1547,45
datm_cdeps_multiple_files_cfsr_intel,gaeac6,intel,121.5,4.557130880330858,119,143,6337.681818181818,0.518168836304833,6337,6339,44
datm_cdeps_multiple_files_cfsr_intel,hera,intel,182.8,4.147288270665546,180,190,1982.4,2.1908902300206607,1979,1985,5
datm_cdeps_multiple_files_cfsr_intel,hercules,intel,147.12765957446808,4.057290921381101,142,171,41348.12765957447,270797.74159658246,1834,1858344,47
datm_cdeps_multiple_files_cfsr_intel,orion,intel,210.7826086956522,3.1475778587370304,205,222,41838.86956521739,271231.8766283121,1837,1841432,46
datm_cdeps_multiple_files_cfsr_intel,ursa,intel,336.94,314.5460876000364,115,1035,1919.36,7.504447660812654,1903,1934,50
