test_name,machine,compiler,core_mean,core_std,core_min,core_max,mem_mean,mem_std,mem_min,mem_max,n_hashes
datm_cdeps_restart_cfsr_intel,acorn,intel,122.0,6.122774868719512,112,132,1565.4318181818182,1.3707530992839447,1563,1568,44
datm_cdeps_restart_cfsr_intel,derecho,intel,114.5909090909091,1.7825795499804367,112,118,1543.3181818181818,0.9344250134217729,1542,1547,44
datm_cdeps_restart_cfsr_intel,gaeac6,intel,82.0,3.323795879355264,80,101,6337.6511627906975,0.8966530605330563,6336,6341,43
datm_cdeps_restart_cfsr_intel,hera,intel,118.75,2.6299556396765835,116,121,1929.75,2.986078811194823,1926,1933,4
datm_cdeps_restart_cfsr_intel,hercules,intel,96.28260869565217,5.435124626919326,92,130,40907.065217391304,265266.4111428276,1782,1800920,46
datm_cdeps_restart_cfsr_intel,orion,intel,147.0222222222222,2.490791120114337,143,155,41748.555555555555,268015.83626129903,1780,1799700,45
datm_cdeps_restart_cfsr_intel,ursa,intel,227.66,200.25255584498532,72,615,1869.46,5.729301699088944,1858,1883,50
