test_name,machine,compiler,core_mean,core_std,core_min,core_max,mem_mean,mem_std,mem_min,mem_max,n_hashes
datm_cdeps_lm4_gswp3_rst_intel,hera,intel,17.0,1.7320508075688772,16,19,511.6666666666667,3.2145502536643153,508,514,3
datm_cdeps_lm4_gswp3_rst_intel,orion,intel,22.2,2.9434055724001684,20,32,10578.066666666668,67936.10577239603,438,456180,45
datm_cdeps_lm4_gswp3_rst_intel,ursa,intel,352.625,423.3581423176678,10,973,481.3125,4.346933785248315,474,491,16
