test_name,machine,compiler,core_mean,core_std,core_min,core_max,mem_mean,mem_std,mem_min,mem_max,n_hashes
datm_cdeps_iau_gefs_intel,acorn,intel,163.44444444444446,6.907030527445982,153,179,674.4666666666667,5.9298934529750476,670,687,45
datm_cdeps_iau_gefs_intel,derecho,intel,162.17777777777778,3.2212990666449532,154,171,647.8888888888889,4.375667337271495,645,661,45
datm_cdeps_iau_gefs_intel,gaeac6,intel,111.04545454545455,2.068080173140538,109,119,6337.636363636364,0.5742906277822348,6337,6339,44
datm_cdeps_iau_gefs_intel,hera,intel,172.6,1.9493588689617916,170,175,1227.0,4.743416490252565,1220,1233,5
datm_cdeps_iau_gefs_intel,hercules,intel,139.08510638297872,9.659034489587734,133,196,24149.063829787236,158113.29402573884,1069,1085056,47
datm_cdeps_iau_gefs_intel,orion,intel,191.69565217391303,2.7233114255944013,186,202,24721.760869565216,160277.94828972503,1074,1088148,46
datm_cdeps_iau_gefs_intel,ursa,intel,261.7,255.5325172007249,108,1037,1165.08,7.758708076761742,1149,1180,50
