test_name,machine,compiler,core_mean,core_std,core_min,core_max,mem_mean,mem_std,mem_min,mem_max,n_hashes
datm_cdeps_control_cfsr_gnu,derecho,gnu,182.02272727272728,2.040162286791976,178,189,1515.5681818181818,1.2275467550935766,1514,1518,44
datm_cdeps_control_cfsr_gnu,hercules,gnu,167.7608695652174,12.69502926802227,160,245,36452.34782608696,236267.38767772017,1602,1604060,46
datm_cdeps_control_cfsr_gnu,ursa,gnu,278.44,169.53804702117782,123,807,1512.58,0.7848046682754458,1511,1513,50
