test_name,machine,compiler,core_mean,core_std,core_min,core_max,mem_mean,mem_std,mem_min,mem_max,n_hashes
datm_cdeps_lnd_gswp3_intel,acorn,intel,67.5609756097561,3.9309590463893462,56,76,301.2926829268293,2.80396061348073,292,304,41
datm_cdeps_lnd_gswp3_intel,derecho,intel,79.0,5.722253581108724,71,97,267.15909090909093,1.0552897060221793,265,270,44
datm_cdeps_lnd_gswp3_intel,gaeac6,intel,59.93023255813954,2.6672203190481465,56,71,6338.627906976744,0.5355573782764034,6338,6340,43
datm_cdeps_lnd_gswp3_intel,hercules,intel,57.76086956521739,7.492766237760243,47,84,7587.565217391304,49170.45144784152,325,333828,46
datm_cdeps_lnd_gswp3_intel,orion,intel,79.5111111111111,12.285657236687573,66,154,5798.511111111111,37186.851008620964,247,249712,45
datm_cdeps_lnd_gswp3_intel,ursa,intel,45.08,2.974997856284599,40,53,364.78,7.2288819809066975,358,391,50
