test_name,machine,compiler,core_mean,core_std,core_min,core_max,mem_mean,mem_std,mem_min,mem_max,n_hashes
datm_cdeps_ciceC_cfsr_intel,acorn,intel,178.07142857142858,6.9996266699849015,166,189,1565.7142857142858,1.2932416122271642,1564,1568,42
datm_cdeps_ciceC_cfsr_intel,derecho,intel,170.6590909090909,2.7781806144358123,163,177,1543.7272727272727,1.207797079130116,1543,1547,44
datm_cdeps_ciceC_cfsr_intel,gaeac6,intel,120.55813953488372,5.315307300086434,118,153,6337.674418604651,0.5657245767936759,6337,6339,43
datm_cdeps_ciceC_cfsr_intel,hercules,intel,147.2173913043478,13.477409977816402,141,235,41865.17391304348,271408.17135756614,1831,1842628,46
datm_cdeps_ciceC_cfsr_intel,orion,intel,210.66666666666666,2.2563042992710622,207,216,42855.86666666667,275086.9980766085,1831,1847188,45
datm_cdeps_ciceC_cfsr_intel,ursa,intel,346.92,369.99122107621605,111,1679,1918.76,6.834964132596275,1909,1935,50
