test_name,machine,compiler,core_mean,core_std,core_min,core_max,mem_mean,mem_std,mem_min,mem_max,n_hashes
datm_cdeps_mx025_gefs_intel,acorn,intel,407.35714285714283,7.88274258504113,396,434,682.952380952381,3.6755778105733694,677,698,42
datm_cdeps_mx025_gefs_intel,derecho,intel,392.3181818181818,13.299366530241517,380,454,656.25,2.4883449248679836,651,661,44
datm_cdeps_mx025_gefs_intel,gaeac6,intel,277.6511627906977,5.850859606889822,267,297,6338.7441860465115,0.44148144844901643,6338,6339,43
datm_cdeps_mx025_gefs_intel,hercules,intel,340.5217391304348,6.891989328794179,332,360,26719.847826086956,173122.4650319944,1165,1175368,46
datm_cdeps_mx025_gefs_intel,orion,intel,441.02222222222224,4.510033707235904,433,459,23808.666666666668,152860.3513641841,1011,1026440,45
datm_cdeps_mx025_gefs_intel,ursa,intel,318.86,8.59522886162281,309,352,1333.26,11.460330871029411,1313,1376,50
