test_name,machine,compiler,core_mean,core_std,core_min,core_max,mem_mean,mem_std,mem_min,mem_max,n_hashes
datm_cdeps_lnd_era5_intel,acorn,intel,56.81818181818182,19.09617364238519,40,177,437.52272727272725,0.7920722413504726,436,439,44
datm_cdeps_lnd_era5_intel,derecho,intel,58.43181818181818,3.8361664929356487,53,68,402.65909090909093,0.9869657947038439,401,405,44
datm_cdeps_lnd_era5_intel,gaeac6,intel,44.27906976744186,2.373721022996724,42,52,6338.7441860465115,0.7268006622574309,6338,6342,43
datm_cdeps_lnd_era5_intel,hera,intel,34.0,0.0,34,34,304.5,0.7071067811865476,304,305,2
datm_cdeps_lnd_era5_intel,hercules,intel,38.391304347826086,4.8142301143799635,33,60,12695.021739130434,82312.91575026746,552,558832,46
datm_cdeps_lnd_era5_intel,orion,intel,49.93333333333333,7.69710689450618,44,96,7320.111111111111,46983.02388930312,310,315488,45
datm_cdeps_lnd_era5_intel,ursa,intel,33.44,3.296008718038796,30,46,623.74,6.285097372323813,618,643,50
