test_name,machine,compiler,core_mean,core_std,core_min,core_max,mem_mean,mem_std,mem_min,mem_max,n_hashes
datm_cdeps_control_cfsr_intel,acorn,intel,179.11363636363637,6.779640894279811,167,192,1565.7727272727273,1.2915402084087937,1564,1568,44
datm_cdeps_control_cfsr_intel,derecho,intel,171.1590909090909,2.667140109487381,164,178,1543.5227272727273,0.9997356944581606,1543,1547,44
datm_cdeps_control_cfsr_intel,gaeac6,intel,121.32558139534883,2.8595781426516984,118,135,6337.604651162791,0.5407021398021536,6337,6339,43
datm_cdeps_control_cfsr_intel,hera,intel,183.0,,183,183,1986.0,,1986,1986,1
datm_cdeps_control_cfsr_intel,hercules,intel,148.2608695652174,4.668736600974115,143,168,42012.36956521739,272406.6515765117,1833,1849400,46
datm_cdeps_control_cfsr_intel,orion,intel,211.77777777777777,2.204220011384037,207,218,42760.311111111114,274453.91980637267,1827,1842940,45
datm_cdeps_control_cfsr_intel,ursa,intel,461.5,340.307199153821,113,1204,1920.84,6.879012743594111,1906,1933,50
