test_name,machine,compiler,core_mean,core_std,core_min,core_max,mem_mean,mem_std,mem_min,mem_max,n_hashes
datm_cdeps_stochy_gefs_intel,acorn,intel,161.73809523809524,6.977523230325564,155,180,674.0,5.60052262369652,670,688,42
datm_cdeps_stochy_gefs_intel,derecho,intel,162.63636363636363,3.058278198449601,157,168,649.3409090909091,5.746356507198496,645,662,44
datm_cdeps_stochy_gefs_intel,gaeac6,intel,111.90697674418605,4.313952742132333,110,138,6337.558139534884,0.6287677132371432,6336,6339,43
datm_cdeps_stochy_gefs_intel,hercules,intel,138.82608695652175,3.459636126184931,135,152,24690.652173913044,160098.76050560756,1072,1086928,46
datm_cdeps_stochy_gefs_intel,orion,intel,192.6,3.284951916072609,190,206,25234.044444444444,161952.80683539147,1074,1087504,45
datm_cdeps_stochy_gefs_intel,ursa,intel,347.72,299.23262672703186,106,984,1163.62,7.537362717469177,1151,1179,50
