test_name,machine,compiler,core_mean,core_std,core_min,core_max,mem_mean,mem_std,mem_min,mem_max,n_hashes
datm_cdeps_lm4_gswp3_rst_intel,orion,intel,22.31111111111111,2.8984496029791686,20,32,10578.733333333334,67936.00415411017,438,456180,45
datm_cdeps_lm4_gswp3_rst_intel,ursa,intel,345.2105263157895,422.85833968197494,10,973,481.0,4.123105625617667,474,491,19
