test_name,machine,compiler,core_mean,core_std,core_min,core_max,mem_mean,mem_std,mem_min,mem_max,n_hashes
datm_cdeps_lm4_gswp3_intel,hera,intel,31.0,,31,31,636.0,,636,636,1
datm_cdeps_lm4_gswp3_intel,orion,intel,39.62222222222222,5.653996530568159,35,71,13206.08888888889,84806.62520185721,555,569464,45
datm_cdeps_lm4_gswp3_intel,ursa,intel,543.4444444444445,704.6008650895678,19,1765,600.8333333333334,0.985184366143791,599,602,18
