test_name,machine,compiler,core_mean,core_std,core_min,core_max,mem_mean,mem_std,mem_min,mem_max,n_hashes
datm_cdeps_control_cfsr_gnu,derecho,gnu,182.1590909090909,1.9641340102314795,178,189,1515.4545454545455,1.1300246026246465,1514,1517,44
datm_cdeps_control_cfsr_gnu,hera,gnu,203.0,3.0,200,206,1554.6666666666667,0.5773502691896586,1554,1555,3
datm_cdeps_control_cfsr_gnu,hercules,gnu,167.43478260869566,12.77263076340804,160,245,36444.913043478264,236268.50741390034,1602,1604060,46
datm_cdeps_control_cfsr_gnu,ursa,gnu,266.8,170.9769049925057,123,807,1512.44,0.972268544409922,1509,1513,50
