test_name,machine,compiler,core_mean,core_std,core_min,core_max,mem_mean,mem_std,mem_min,mem_max,n_hashes
datm_cdeps_restart_cfsr_intel,acorn,intel,122.08888888888889,6.082098255694261,112,132,1565.4,1.3717937825409825,1563,1568,45
datm_cdeps_restart_cfsr_intel,derecho,intel,114.66666666666667,1.8340219092574557,112,118,1543.3111111111111,0.9249624617007923,1542,1547,45
datm_cdeps_restart_cfsr_intel,gaeac6,intel,82.0,3.2849197363738725,80,101,6337.659090909091,0.8877246016008412,6336,6341,44
datm_cdeps_restart_cfsr_intel,hera,intel,118.6,2.3021728866442674,116,121,1930.4,2.966479394838255,1926,1933,5
datm_cdeps_restart_cfsr_intel,hercules,intel,96.29787234042553,5.376740946032277,92,130,40074.765957446805,262429.2767964777,1782,1800920,47
datm_cdeps_restart_cfsr_intel,orion,intel,146.97826086956522,2.4809418501384,143,155,40880.04347826087,265086.6073067825,1780,1799700,46
datm_cdeps_restart_cfsr_intel,ursa,intel,227.58,200.3139464512073,72,615,1869.5,5.725881092523161,1858,1883,50
