test_name,machine,compiler,core_mean,core_std,core_min,core_max,mem_mean,mem_std,mem_min,mem_max,n_hashes
datm_cdeps_lnd_era5_intel,acorn,intel,56.77272727272727,19.10054624369709,40,177,437.54545454545456,0.7910706743643907,436,439,44
datm_cdeps_lnd_era5_intel,derecho,intel,58.20454545454545,3.540986234019238,53,66,402.59090909090907,0.9230430416072906,401,405,44
datm_cdeps_lnd_era5_intel,gaeac6,intel,44.27906976744186,2.3737210229967256,42,52,6338.720930232558,0.7343796019625393,6338,6342,43
datm_cdeps_lnd_era5_intel,hera,intel,35.0,1.7320508075688772,34,37,306.0,2.6457513110645907,304,309,3
datm_cdeps_lnd_era5_intel,hercules,intel,38.32608695652174,4.839900585875649,33,60,12694.891304347826,82312.93540689113,552,558832,46
datm_cdeps_lnd_era5_intel,orion,intel,49.977777777777774,7.691461880461078,44,96,7319.9111111111115,46983.05436674251,310,315488,45
datm_cdeps_lnd_era5_intel,ursa,intel,33.44,3.296008718038798,30,46,623.74,6.28509737232382,618,643,50
