test_name,machine,compiler,core_mean,core_std,core_min,core_max,mem_mean,mem_std,mem_min,mem_max,n_hashes
datm_cdeps_gfs_intel,acorn,intel,306.02272727272725,4.95790951990967,295,321,4520.931818181818,1.420738872177781,4519,4524,44
datm_cdeps_gfs_intel,derecho,intel,281.77272727272725,7.820258832222871,270,300,4498.568181818182,1.246347729908553,4496,4503,44
datm_cdeps_gfs_intel,gaeac6,intel,221.88372093023256,7.244733069865249,217,260,6337.7441860465115,0.5386501318691183,6337,6339,43
datm_cdeps_gfs_intel,hera,intel,289.6666666666667,2.5166114784235907,287,292,4967.0,1.0,4966,4968,3
datm_cdeps_gfs_intel,hercules,intel,235.15217391304347,9.397322056615314,229,292,109729.80434782608,711486.6410892248,4781,4830364,46
datm_cdeps_gfs_intel,orion,intel,358.0888888888889,9.329382280589297,352,411,112165.35555555555,720102.311961898,4778,4835412,45
datm_cdeps_gfs_intel,ursa,intel,340.88,261.46858710142664,181,982,4788.96,2.3383231389269157,4786,4798,50
