test_name,machine,compiler,core_mean,core_std,core_min,core_max,mem_mean,mem_std,mem_min,mem_max,n_hashes
datm_cdeps_lm4_gswp3_intel,hera,intel,31.0,0.0,31,31,636.5,0.7071067811865476,636,637,2
datm_cdeps_lm4_gswp3_intel,orion,intel,39.577777777777776,5.674860386303824,35,71,13206.08888888889,84806.6252018572,555,569464,45
datm_cdeps_lm4_gswp3_intel,ursa,intel,574.2352941176471,713.6941334888992,19,1765,600.7647058823529,0.9701425001453237,599,602,17
