test_name,machine,compiler,core_mean,core_std,core_min,core_max,mem_mean,mem_std,mem_min,mem_max,n_hashes
datm_cdeps_stochy_gefs_intel,acorn,intel,161.85365853658536,7.023392967824585,155,180,673.6585365853658,5.208693483482975,670,686,41
datm_cdeps_stochy_gefs_intel,derecho,intel,162.52272727272728,3.099051890750541,157,168,649.4090909090909,5.711344002695407,645,662,44
datm_cdeps_stochy_gefs_intel,gaeac6,intel,111.90697674418605,4.313952742132332,110,138,6337.581395348837,0.6630577845800836,6336,6339,43
datm_cdeps_stochy_gefs_intel,hercules,intel,138.8695652173913,3.435815902791414,135,152,24691.08695652174,160098.6949936162,1072,1086928,46
datm_cdeps_stochy_gefs_intel,orion,intel,192.6,3.2849519160726084,190,206,25233.977777777778,161952.81700186757,1074,1087504,45
datm_cdeps_stochy_gefs_intel,ursa,intel,345.4,296.4072625731739,106,984,1163.7,7.4210126378701435,1153,1179,50
