test_name,machine,compiler,core_mean,core_std,core_min,core_max,mem_mean,mem_std,mem_min,mem_max,n_hashes
datm_cdeps_gfs_intel,acorn,intel,306.64444444444445,4.913596884506737,295,321,4521.0,1.4770978917518622,4519,4524,45
datm_cdeps_gfs_intel,derecho,intel,282.15555555555557,7.876765474700539,270,300,4498.488888888889,1.0362129963175708,4496,4501,45
datm_cdeps_gfs_intel,gaeac6,intel,222.0909090909091,7.187903863090529,217,260,6337.772727272727,0.5650123013123683,6337,6339,44
datm_cdeps_gfs_intel,hera,intel,289.8,4.604345773288538,284,296,4967.2,1.923538406167102,4965,4970,5
datm_cdeps_gfs_intel,hercules,intel,235.06382978723406,9.32832119506097,228,292,107499.08510638298,703876.7518241178,4785,4830364,47
datm_cdeps_gfs_intel,orion,intel,357.8695652173913,9.296615144239144,352,411,109833.26086956522,712231.8751358822,4779,4835412,46
datm_cdeps_gfs_intel,ursa,intel,342.1,264.3121415358464,181,997,4789.08,2.397617865418034,4786,4798,50
