test_name,machine,compiler,core_mean,core_std,core_min,core_max,mem_mean,mem_std,mem_min,mem_max,n_hashes
datm_cdeps_control_gefs_intel,acorn,intel,159.47727272727272,6.128426469629666,152,173,673.7045454545455,5.014303009622015,669,687,44
datm_cdeps_control_gefs_intel,derecho,intel,159.9090909090909,3.1239374514938123,150,167,646.7727272727273,3.219588565102873,645,660,44
datm_cdeps_control_gefs_intel,gaeac6,intel,110.65116279069767,3.7025327298655135,108,130,6337.604651162791,0.7603111795187185,6336,6340,43
datm_cdeps_control_gefs_intel,hera,intel,170.0,1.4142135623730934,169,172,1224.75,7.544313531837536,1220,1236,4
datm_cdeps_control_gefs_intel,hercules,intel,139.08695652173913,10.426091388555545,133,204,25035.065217391304,162442.0685488149,1068,1102820,46
datm_cdeps_control_gefs_intel,orion,intel,190.64444444444445,2.5774860510649455,186,200,25416.555555555555,163176.3663174625,1079,1095712,45
datm_cdeps_control_gefs_intel,ursa,intel,323.42,296.0097275014965,107,1050,1168.48,8.33786543427034,1147,1185,50
