test_name,machine,compiler,core_mean,core_std,core_min,core_max,mem_mean,mem_std,mem_min,mem_max,n_hashes
datm_cdeps_ciceC_cfsr_intel,acorn,intel,177.9318181818182,6.879013339448693,166,189,1565.7272727272727,1.2825054760051426,1564,1568,44
datm_cdeps_ciceC_cfsr_intel,derecho,intel,170.9318181818182,2.5187457867491214,163,177,1543.659090909091,1.2378372327568494,1542,1547,44
datm_cdeps_ciceC_cfsr_intel,gaeac6,intel,120.67441860465117,5.357331115186073,118,153,6337.720930232558,0.5906244232188117,6337,6339,43
datm_cdeps_ciceC_cfsr_intel,hera,intel,182.0,,182,182,1984.0,,1984,1984,1
datm_cdeps_ciceC_cfsr_intel,hercules,intel,147.34782608695653,13.522355796243247,141,235,41864.913043478264,271408.2106769822,1831,1842628,46
datm_cdeps_ciceC_cfsr_intel,orion,intel,210.51111111111112,2.370483477941138,206,216,42855.37777777778,275087.0726058874,1831,1847188,45
datm_cdeps_ciceC_cfsr_intel,ursa,intel,328.54,356.8405697855808,111,1679,1918.26,6.8833131557412,1908,1935,50
