test_name,machine,compiler,core_mean,core_std,core_min,core_max,mem_mean,mem_std,mem_min,mem_max,n_hashes
datm_cdeps_lnd_gswp3_intel,acorn,intel,67.95555555555555,4.050564245518236,56,78,301.77777777777777,1.9987369749292896,292,304,45
datm_cdeps_lnd_gswp3_intel,derecho,intel,78.42222222222222,5.541122666395359,71,97,267.0444444444444,1.0650556015267203,265,270,45
datm_cdeps_lnd_gswp3_intel,gaeac6,intel,60.18181818181818,2.704627621471118,56,71,6338.590909090909,0.542096782665142,6338,6340,44
datm_cdeps_lnd_gswp3_intel,hera,intel,52.4,2.073644135332771,50,55,250.2,2.280350850198279,248,253,5
datm_cdeps_lnd_gswp3_intel,hercules,intel,58.38297872340426,7.278775552454941,47,84,7430.63829787234,48644.947506273114,325,333828,47
datm_cdeps_lnd_gswp3_intel,orion,intel,79.04347826086956,12.276366675200007,66,154,5676.304347826087,36780.680677569224,247,249712,46
datm_cdeps_lnd_gswp3_intel,ursa,intel,44.82,2.6083852225826925,40,53,365.18,7.11333900757828,358,391,50
