test_name,machine,compiler,core_mean,core_std,core_min,core_max,mem_mean,mem_std,mem_min,mem_max,n_hashes
datm_cdeps_lm4_gswp3_intel,orion,intel,39.84444444444444,5.648634410817425,35,71,13205.866666666667,84806.65908261303,555,569464,45
datm_cdeps_lm4_gswp3_intel,ursa,intel,468.76190476190476,676.115367726685,19,1765,600.8095238095239,0.9283882603225591,599,602,21
