test_name,machine,compiler,core_mean,core_std,core_min,core_max,mem_mean,mem_std,mem_min,mem_max,n_hashes
datm_cdeps_lnd_era5_rst_intel,acorn,intel,46.25,17.379652631206277,30,155,437.5681818181818,0.5865836157500276,436,439,44
datm_cdeps_lnd_era5_rst_intel,derecho,intel,44.70454545454545,2.7072645204952432,41,56,402.54545454545456,0.7611052384082381,402,404,44
datm_cdeps_lnd_era5_rst_intel,gaeac6,intel,33.93023255813954,1.2610530149576493,32,38,6338.581395348837,0.49916874422972357,6338,6339,43
datm_cdeps_lnd_era5_rst_intel,hera,intel,23.25,1.258305739211792,22,25,304.75,1.5,303,306,4
datm_cdeps_lnd_era5_rst_intel,hercules,intel,25.82608695652174,3.114870054903928,22,38,12658.347826086956,82065.83902973335,554,557156,46
datm_cdeps_lnd_era5_rst_intel,orion,intel,33.46666666666667,7.9846443536669485,29,83,7248.4,46521.94328798948,309,312392,45
datm_cdeps_lnd_era5_rst_intel,ursa,intel,24.0,2.68023757704196,22,37,625.76,6.717506826135922,619,644,50
