test_name,machine,compiler,core_mean,core_std,core_min,core_max,mem_mean,mem_std,mem_min,mem_max,n_hashes
datm_cdeps_stochy_gefs_intel,acorn,intel,162.42222222222222,7.165221841674129,155,180,673.8222222222222,5.470120859928259,670,688,45
datm_cdeps_stochy_gefs_intel,derecho,intel,163.6,2.9029765288876743,157,171,649.2444444444444,6.02704343150542,645,662,45
datm_cdeps_stochy_gefs_intel,gaeac6,intel,113.02272727272727,6.5892394181678196,110,143,6337.522727272727,0.6283472733951473,6336,6339,44
datm_cdeps_stochy_gefs_intel,hera,intel,171.8,2.2803508501982788,168,174,1223.2,8.95544527089523,1213,1233,5
datm_cdeps_stochy_gefs_intel,hercules,intel,138.72340425531914,3.493485413312177,134,152,24188.425531914894,158386.42307382077,1072,1086928,47
datm_cdeps_stochy_gefs_intel,orion,intel,192.30434782608697,3.4439613187748495,187,206,24708.891304347828,160182.82531646677,1074,1087504,46
datm_cdeps_stochy_gefs_intel,ursa,intel,348.42,289.7431015537025,106,984,1164.54,7.835580803655341,1151,1179,50
