test_name,machine,compiler,core_mean,core_std,core_min,core_max,mem_mean,mem_std,mem_min,mem_max,n_hashes
datm_cdeps_bulk_gefs_intel,acorn,intel,160.78947368421052,4.98418551652704,152,168,674.5263157894736,4.834694303246904,670,687,19
datm_cdeps_bulk_gefs_intel,derecho,intel,161.57894736842104,2.631345018842485,159,167,646.1052631578947,3.1604278339438703,645,659,19
datm_cdeps_bulk_gefs_intel,gaeac6,intel,110.52631578947368,3.4378355763899466,108,121,6337.631578947368,0.8306975860878628,6337,6340,19
datm_cdeps_bulk_gefs_intel,hera,intel,169.25,2.3629078131263075,166,171,1230.25,11.23610252712211,1215,1242,4
datm_cdeps_bulk_gefs_intel,hercules,intel,136.0,2.3841582427170755,133,143,1089.55,5.325954325159431,1081,1099,20
datm_cdeps_bulk_gefs_intel,orion,intel,189.10526315789474,2.3780182421995684,187,196,1092.4736842105262,7.712676585787766,1079,1105,19
datm_cdeps_bulk_gefs_intel,ursa,intel,318.8,323.5657583861433,107,1114,1167.7,9.53166468036656,1153,1181,20
