test_name,machine,compiler,core_mean,core_std,core_min,core_max,mem_mean,mem_std,mem_min,mem_max,n_hashes
datm_cdeps_lnd_era5_rst_intel,acorn,intel,46.06976744186046,17.59247045219334,30,155,437.51162790697674,0.5924964546108888,436,439,43
datm_cdeps_lnd_era5_rst_intel,derecho,intel,44.86363636363637,2.8414777443559536,41,56,402.77272727272725,0.9611920013321344,402,406,44
datm_cdeps_lnd_era5_rst_intel,gaeac6,intel,33.83720930232558,1.289707101449958,32,38,6338.697674418605,0.7082804032077579,6338,6342,43
datm_cdeps_lnd_era5_rst_intel,hercules,intel,25.934782608695652,3.101269803827985,22,38,12658.826086956522,82065.76695047141,554,557156,46
datm_cdeps_lnd_era5_rst_intel,orion,intel,33.733333333333334,7.946983418539734,29,83,7249.0888888888885,46521.83828386515,309,312392,45
datm_cdeps_lnd_era5_rst_intel,ursa,intel,23.82,2.616197583501362,22,37,626.34,7.209998726258816,619,644,50
