test_name,machine,compiler,core_mean,core_std,core_min,core_max,mem_mean,mem_std,mem_min,mem_max,n_hashes
datm_cdeps_mx025_gefs_intel,acorn,intel,407.40909090909093,7.70779786914157,396,434,682.9090909090909,3.601150861381237,677,698,44
datm_cdeps_mx025_gefs_intel,derecho,intel,395.27272727272725,17.050354475430776,381,454,656.2045454545455,2.4925894395517774,651,661,44
datm_cdeps_mx025_gefs_intel,gaeac6,intel,277.83720930232556,6.152545863137195,265,297,6338.720930232558,0.45385026875093554,6338,6339,43
datm_cdeps_mx025_gefs_intel,hera,intel,417.0,,417,417,1141.0,,1141,1141,1
datm_cdeps_mx025_gefs_intel,hercules,intel,340.6521739130435,8.008932211542447,332,374,26716.32608695652,173122.99536726985,1165,1175368,46
datm_cdeps_mx025_gefs_intel,orion,intel,441.02222222222224,4.499943882927317,433,459,23807.8,152860.483483618,1009,1026440,45
datm_cdeps_mx025_gefs_intel,ursa,intel,318.66,8.438517134459786,309,352,1332.9,11.526809920302101,1313,1376,50
