test_name,machine,compiler,core_mean,core_std,core_min,core_max,mem_mean,mem_std,mem_min,mem_max,n_hashes
datm_cdeps_lm4_gswp3_rst_intel,hera,intel,16.0,,16,16,508.0,,508,508,1
datm_cdeps_lm4_gswp3_rst_intel,orion,intel,22.266666666666666,2.9185924378340005,20,32,10578.444444444445,67936.04819693416,438,456180,45
datm_cdeps_lm4_gswp3_rst_intel,ursa,intel,363.8333333333333,427.02503714997925,10,973,480.94444444444446,4.235316811849151,474,491,18
