test_name,machine,compiler,core_mean,core_std,core_min,core_max,mem_mean,mem_std,mem_min,mem_max,n_hashes
gnv1_c96_no_nest_debug_intel,acorn,intel,584.0,13.205002575662629,562,616,1191.4318181818182,2.8152221381452995,1185,1198,44
gnv1_c96_no_nest_debug_intel,derecho,intel,508.9318181818182,26.659260555415322,493,677,1133.2727272727273,3.6239746672689304,1117,1137,44
gnv1_c96_no_nest_debug_intel,gaeac6,intel,362.48837209302326,43.463379272244964,346,639,6338.674418604651,0.4741373235153384,6338,6339,43
gnv1_c96_no_nest_debug_intel,hera,intel,510.0,,510,510,1340.0,,1340,1340,1
gnv1_c96_no_nest_debug_intel,ursa,intel,440.64,171.6324692177908,358,969,1874.18,7.055725710805552,1857,1891,50
gnv1_c96_no_nest_debug_intel,wcoss2,intel,582.3958333333334,4.941098091984185,573,594,1107.3125,22.977469306794468,1096,1199,48
