test_name,machine,compiler,core_mean,core_std,core_min,core_max,mem_mean,mem_std,mem_min,mem_max,n_hashes
gnv1_c96_no_nest_debug_intel,acorn,intel,584.4634146341464,13.392344008752957,562,616,1191.439024390244,2.811127713994871,1185,1198,41
gnv1_c96_no_nest_debug_intel,derecho,intel,509.15909090909093,26.643157140439428,493,677,1132.909090909091,3.7529410595152632,1117,1137,44
gnv1_c96_no_nest_debug_intel,gaeac6,intel,362.69767441860466,43.39932788799347,346,639,6338.720930232558,0.4538502687505668,6338,6339,43
gnv1_c96_no_nest_debug_intel,ursa,intel,419.3,143.52419265598056,358,847,1873.84,7.0634442659342165,1857,1891,50
gnv1_c96_no_nest_debug_intel,wcoss2,intel,582.1875,4.427459047469701,576,594,1101.5,2.021164610559643,1096,1105,48
