test_name,machine,compiler,core_mean,core_std,core_min,core_max,mem_mean,mem_std,mem_min,mem_max,n_hashes
gnv1_c96_no_nest_debug_gnu,derecho,gnu,255.95555555555555,4.492193003400228,247,269,972.4666666666667,2.8090761988435196,960,976,45
gnv1_c96_no_nest_debug_gnu,hera,gnu,260.6,7.7330459716724835,254,274,962.4,2.1908902300206736,961,966,5
gnv1_c96_no_nest_debug_gnu,hercules,gnu,214.19148936170214,13.496599085103437,199,247,21076.31914893617,137989.3759968666,937,946956,47
gnv1_c96_no_nest_debug_gnu,ursa,gnu,215.6,94.58718038866341,174,552,870.54,9.302643907699963,848,886,50
