test_name,machine,compiler,core_mean,core_std,core_min,core_max,mem_mean,mem_std,mem_min,mem_max,n_hashes
gnv1_nested_intel,acorn,intel,226.51162790697674,7.195805964400224,216,244,1692.2093023255813,2.1553713582901475,1687,1696,43
gnv1_nested_intel,derecho,intel,200.77272727272728,5.211184913525884,193,220,1647.9545454545455,1.9163257655592456,1645,1653,44
gnv1_nested_intel,gaeac6,intel,144.1627906976744,5.887558441963064,139,172,6338.6511627906975,0.7199114009715738,6338,6341,43
gnv1_nested_intel,hercules,intel,186.82608695652175,24.312140860827434,170,312,39863.19565217391,258435.228700614,1747,1754552,46
gnv1_nested_intel,orion,intel,231.26666666666668,4.266145801540317,226,245,40124.91111111111,257594.2823470681,1709,1729720,45
gnv1_nested_intel,ursa,intel,146.18,6.711823256654743,138,166,1742.76,21.895447294926313,1710,1787,50
gnv1_nested_intel,wcoss2,intel,239.60416666666666,5.9492162306362095,230,258,1598.2083333333333,20.50631281455115,1583,1698,48
