test_name,machine,compiler,core_mean,core_std,core_min,core_max,mem_mean,mem_std,mem_min,mem_max,n_hashes
gnv1_nested_intel,acorn,intel,226.13636363636363,7.016892935576589,216,244,1692.4545454545455,2.2459736113770137,1687,1696,44
gnv1_nested_intel,derecho,intel,200.22727272727272,5.047972820678476,193,220,1647.5,2.06296242173445,1642,1653,44
gnv1_nested_intel,gaeac6,intel,143.8139534883721,5.880783127123586,139,172,6338.720930232558,0.7661151658840507,6338,6341,43
gnv1_nested_intel,hera,intel,207.5,5.066228051190222,204,215,1853.5,10.016652800877802,1839,1862,4
gnv1_nested_intel,hercules,intel,187.34782608695653,24.24707761662959,170,312,39862.47826086957,258435.33681210937,1747,1754552,46
gnv1_nested_intel,orion,intel,230.93333333333334,4.34532141294728,226,245,40123.933333333334,257594.43142267794,1709,1729720,45
gnv1_nested_intel,ursa,intel,145.52,6.302704311059892,138,166,1743.12,21.71206755587826,1710,1787,50
gnv1_nested_intel,wcoss2,intel,239.66666666666666,5.976312580240225,230,258,1606.8125,33.78949619617746,1583,1698,48
