test_name,machine,compiler,core_mean,core_std,core_min,core_max,mem_mean,mem_std,mem_min,mem_max,n_hashes
gnv1_nested_intel,acorn,intel,226.64285714285714,7.230765666610658,216,244,1692.1666666666667,2.163067680082627,1687,1696,42
gnv1_nested_intel,derecho,intel,200.86363636363637,5.142576085477592,193,220,1647.8863636363637,1.7812447841250492,1645,1651,44
gnv1_nested_intel,gaeac6,intel,144.2325581395349,5.891225150705177,139,172,6338.627906976744,0.6554989308026493,6338,6340,43
gnv1_nested_intel,hercules,intel,186.8695652173913,24.32521206544736,170,312,39863.36956521739,258435.20249140108,1747,1754552,46
gnv1_nested_intel,orion,intel,231.33333333333334,4.204975407992088,226,245,40124.8,257594.2992849768,1709,1729720,45
gnv1_nested_intel,ursa,intel,146.2,6.700593942604907,138,166,1743.02,21.793548942524332,1710,1787,50
gnv1_nested_intel,wcoss2,intel,239.54166666666666,5.917727904026953,230,258,1596.2083333333333,15.804602525622341,1583,1698,48
