test_name,machine,compiler,core_mean,core_std,core_min,core_max,mem_mean,mem_std,mem_min,mem_max,n_hashes
gnv1_nested_intel,acorn,intel,226.38636363636363,7.20534655845809,216,244,1692.340909090909,2.1881624638695407,1687,1696,44
gnv1_nested_intel,derecho,intel,200.47727272727272,5.302428738657524,193,220,1647.590909090909,2.1275401432901573,1642,1653,44
gnv1_nested_intel,gaeac6,intel,143.7906976744186,5.8860534904244,139,172,6338.697674418605,0.741134385376353,6338,6341,43
gnv1_nested_intel,hera,intel,208.0,6.082762530298219,204,215,1858.3333333333333,3.214550253664351,1856,1862,3
gnv1_nested_intel,hercules,intel,187.1304347826087,24.331606053446134,170,312,39862.69565217391,258435.30405292448,1747,1754552,46
gnv1_nested_intel,orion,intel,230.9777777777778,4.314293837133879,226,245,40124.044444444444,257594.41448074882,1709,1729720,45
gnv1_nested_intel,ursa,intel,145.74,6.439070791120489,138,166,1742.38,21.96276069037898,1710,1787,50
gnv1_nested_intel,wcoss2,intel,239.64583333333334,5.959043130860938,230,258,1604.6041666666667,31.273494714073824,1583,1698,48
