test_name,machine,compiler,core_mean,core_std,core_min,core_max,mem_mean,mem_std,mem_min,mem_max,n_hashes
gnv1_c96_no_nest_debug_gnu,derecho,gnu,255.97727272727272,4.288918313046199,247,269,972.4318181818181,2.8316954184582697,960,976,44
gnv1_c96_no_nest_debug_gnu,hera,gnu,256.0,2.8284271247461903,254,258,961.0,0.0,961,961,2
gnv1_c96_no_nest_debug_gnu,hercules,gnu,214.2826086956522,13.577208097033242,200,247,21513.478260869564,139481.25700302518,937,946956,46
gnv1_c96_no_nest_debug_gnu,ursa,gnu,215.22,94.68148322299416,174,552,871.66,9.809637077478195,848,886,50
