test_name,machine,compiler,core_mean,core_std,core_min,core_max,mem_mean,mem_std,mem_min,mem_max,n_hashes
gnv1_c96_no_nest_debug_intel,acorn,intel,584.0,13.205002575662643,562,616,1191.4318181818182,2.8152221381453026,1185,1198,44
gnv1_c96_no_nest_debug_intel,derecho,intel,504.77272727272725,6.426195070699372,493,515,1133.340909090909,3.665953867547406,1117,1137,44
gnv1_c96_no_nest_debug_intel,gaeac6,intel,362.86046511627904,43.42238910940982,346,639,6338.674418604651,0.47413732351527144,6338,6339,43
gnv1_c96_no_nest_debug_intel,hera,intel,520.5,14.849242404917497,510,531,1337.5,3.5355339059327378,1335,1340,2
gnv1_c96_no_nest_debug_intel,ursa,intel,440.7,171.60458226125903,358,969,1874.54,6.984560231872358,1857,1891,50
gnv1_c96_no_nest_debug_intel,wcoss2,intel,582.6041666666666,4.876079622224153,573,594,1109.25,26.21311998931975,1096,1199,48
