test_name,machine,compiler,core_mean,core_std,core_min,core_max,mem_mean,mem_std,mem_min,mem_max,n_hashes
gnv1_c96_no_nest_debug_gnu,derecho,gnu,256.0681818181818,4.39025203108044,247,269,972.3181818181819,2.891629678698743,960,976,44
gnv1_c96_no_nest_debug_gnu,hercules,gnu,214.69565217391303,13.523427516256357,199,247,21512.521739130436,139481.4011801875,937,946956,46
gnv1_c96_no_nest_debug_gnu,ursa,gnu,215.78,94.50932142775491,174,552,873.12,10.108876681170003,848,886,50
