test_name,machine,compiler,core_mean,core_std,core_min,core_max,mem_mean,mem_std,mem_min,mem_max,n_hashes
gnv1_c96_no_nest_debug_intel,acorn,intel,584.4318181818181,13.136842789567122,562,616,1191.2954545454545,2.7329134760642395,1185,1198,44
gnv1_c96_no_nest_debug_intel,derecho,intel,504.5,6.222614421009718,493,515,1133.3181818181818,3.6585212877179063,1117,1137,44
gnv1_c96_no_nest_debug_intel,gaeac6,intel,362.9767441860465,43.40588525605222,345,639,6338.697674418605,0.4647008111181719,6338,6339,43
gnv1_c96_no_nest_debug_intel,hera,intel,518.75,8.958236433584455,510,531,1334.75,3.7749172176354024,1332,1340,4
gnv1_c96_no_nest_debug_intel,ursa,intel,440.28,171.75980380776414,358,969,1874.5,6.834038457065702,1857,1891,50
gnv1_c96_no_nest_debug_intel,wcoss2,intel,583.0208333333334,4.978633424961284,573,594,1112.9791666666667,31.147206823530706,1096,1199,48
