test_name,machine,compiler,core_mean,core_std,core_min,core_max,mem_mean,mem_std,mem_min,mem_max,n_hashes
gnv1_c96_no_nest_debug_intel,acorn,intel,584.3181818181819,13.126881220260373,562,616,1191.3863636363637,2.821972830377949,1185,1198,44
gnv1_c96_no_nest_debug_intel,derecho,intel,504.79545454545456,6.407043890632445,493,515,1133.3181818181818,3.658521287717986,1117,1137,44
gnv1_c96_no_nest_debug_intel,gaeac6,intel,363.13953488372096,43.349949961715964,346,639,6338.674418604651,0.47413732351523624,6338,6339,43
gnv1_c96_no_nest_debug_intel,hera,intel,518.6666666666666,10.969655114602885,510,531,1335.6666666666667,4.041451884327406,1332,1340,3
gnv1_c96_no_nest_debug_intel,ursa,intel,440.78,171.56950040548512,358,969,1874.76,6.750842728950268,1857,1891,50
gnv1_c96_no_nest_debug_intel,wcoss2,intel,582.7083333333334,4.80672548925755,573,594,1111.1666666666667,28.965374290718483,1096,1199,48
