test_name,machine,compiler,core_mean,core_std,core_min,core_max,mem_mean,mem_std,mem_min,mem_max,n_hashes
gnv1_c96_no_nest_debug_gnu,derecho,gnu,256.0,4.291690185831536,247,269,972.3181818181819,2.8754997727208167,960,976,44
gnv1_c96_no_nest_debug_gnu,hercules,gnu,214.1304347826087,13.710674990519331,199,247,21512.956521739132,139481.33564634,937,946956,46
gnv1_c96_no_nest_debug_gnu,ursa,gnu,215.26,94.66456570438592,174,552,872.32,9.964098820571952,848,886,50
