test_name,machine,compiler,core_mean,core_std,core_min,core_max,mem_mean,mem_std,mem_min,mem_max,n_hashes
gnv1_nested_intel,acorn,intel,226.4318181818182,7.170345025180222,216,244,1692.2272727272727,2.1225657615871616,1687,1696,44
gnv1_nested_intel,derecho,intel,200.61363636363637,5.288055470150741,193,220,1647.7045454545455,2.119450844347754,1642,1653,44
gnv1_nested_intel,gaeac6,intel,143.7906976744186,5.886053490424409,139,172,6338.720930232558,0.7343796019624571,6338,6341,43
gnv1_nested_intel,hera,intel,209.5,7.7781745930520225,204,215,1856.5,0.7071067811865476,1856,1857,2
gnv1_nested_intel,hercules,intel,186.8913043478261,24.416959735096302,170,312,39862.97826086957,258435.26146625745,1747,1754552,46
gnv1_nested_intel,orion,intel,231.0,4.306443375391636,226,245,40124.37777777778,257594.36365863078,1709,1729720,45
gnv1_nested_intel,ursa,intel,145.72,6.446134738060054,138,166,1742.1,22.06969480014232,1710,1787,50
gnv1_nested_intel,wcoss2,intel,239.64583333333334,5.9590431308609455,230,258,1602.3541666666667,28.22062742138706,1583,1698,48
