test_name,machine,compiler,core_mean,core_std,core_min,core_max,mem_mean,mem_std,mem_min,mem_max,n_hashes
gnv1_nested_intel,acorn,intel,226.5,7.112059852731637,216,244,1692.2045454545455,2.130395153372709,1687,1696,44
gnv1_nested_intel,derecho,intel,200.70454545454547,5.241070126191151,193,220,1647.8636363636363,2.0975169050615565,1642,1653,44
gnv1_nested_intel,gaeac6,intel,143.97674418604652,5.889815148255529,139,172,6338.697674418605,0.7411343853764557,6338,6341,43
gnv1_nested_intel,hera,intel,204.0,,204,204,1856.0,,1856,1856,1
gnv1_nested_intel,hercules,intel,187.06521739130434,24.387977159897677,170,312,39863.086956521736,258435.24508281468,1747,1754552,46
gnv1_nested_intel,orion,intel,231.11111111111111,4.291758604487423,226,245,40124.53333333333,257594.33994025286,1709,1729720,45
gnv1_nested_intel,ursa,intel,146.14,6.743129534449677,138,166,1742.06,22.055042461060523,1710,1787,50
gnv1_nested_intel,wcoss2,intel,239.52083333333334,5.971526706435614,230,258,1600.375,24.77784271000413,1583,1698,48
