test_name,machine,compiler,core_mean,core_std,core_min,core_max,mem_mean,mem_std,mem_min,mem_max,n_hashes
gnv1_c96_no_nest_debug_gnu,derecho,gnu,255.77272727272728,4.3714913445016474,247,269,972.4090909090909,2.814564957239419,960,976,44
gnv1_c96_no_nest_debug_gnu,hera,gnu,261.25,8.770214744615247,254,274,962.75,2.362907813126318,961,966,4
gnv1_c96_no_nest_debug_gnu,hercules,gnu,214.52173913043478,13.452367210824992,200,247,21513.82608695652,139481.2045809286,937,946956,46
gnv1_c96_no_nest_debug_gnu,ursa,gnu,215.64,94.57223996199185,174,552,870.88,9.47960216163416,848,886,50
