test_name,machine,compiler,core_mean,core_std,core_min,core_max,mem_mean,mem_std,mem_min,mem_max,n_hashes
gnv1_nested_intel,acorn,intel,226.2,6.949820141557623,216,244,1692.5111111111112,2.2524958099266605,1687,1696,45
gnv1_nested_intel,derecho,intel,200.26666666666668,4.997271983065082,193,220,1647.4666666666667,2.0516069090084006,1642,1653,45
gnv1_nested_intel,gaeac6,intel,143.8181818181818,5.812067347329555,139,172,6338.75,0.7813226710387016,6338,6341,44
gnv1_nested_intel,hera,intel,206.6,4.827007354458868,203,215,1853.6,8.677557259966646,1839,1862,5
gnv1_nested_intel,hercules,intel,187.34782608695653,24.24707761662959,170,312,39862.47826086957,258435.33681210937,1747,1754552,46
gnv1_nested_intel,orion,intel,230.82608695652175,4.357901369676241,226,245,39289.260869565216,254779.09089644568,1709,1729720,46
gnv1_nested_intel,ursa,intel,145.4,6.331005658902949,138,166,1743.96,21.452329686530366,1710,1787,50
gnv1_nested_intel,wcoss2,intel,239.66666666666666,5.976312580240225,230,258,1606.8125,33.78949619617746,1583,1698,48
