test_name,machine,compiler,core_mean,core_std,core_min,core_max,mem_mean,mem_std,mem_min,mem_max,n_hashes
gnv1_c96_no_nest_debug_gnu,derecho,gnu,256.15909090909093,4.34523626792623,247,269,972.3636363636364,2.902211739513929,960,976,44
gnv1_c96_no_nest_debug_gnu,hercules,gnu,214.3913043478261,13.627550951199408,199,247,21512.760869565216,139481.3651375352,937,946956,46
gnv1_c96_no_nest_debug_gnu,ursa,gnu,215.34,94.63066983525682,174,552,872.72,10.024541314764903,848,886,50
