test_name,machine,compiler,core_mean,core_std,core_min,core_max,mem_mean,mem_std,mem_min,mem_max,n_hashes
gnv1_c96_no_nest_debug_gnu,derecho,gnu,256.0,4.291690185831549,247,269,972.4090909090909,2.8310420615621656,960,976,44
gnv1_c96_no_nest_debug_gnu,hera,gnu,258.0,,258,258,961.0,,961,961,1
gnv1_c96_no_nest_debug_gnu,hercules,gnu,214.2826086956522,13.577208097033237,200,247,21513.17391304348,139481.30288039873,937,946956,46
gnv1_c96_no_nest_debug_gnu,ursa,gnu,215.22,94.68148322299417,174,552,871.98,9.881935694044211,848,886,50
