test_name,machine,compiler,core_mean,core_std,core_min,core_max,mem_mean,mem_std,mem_min,mem_max,n_hashes
gnv1_nested_intel,acorn,intel,226.5121951219512,7.270219911459044,216,244,1692.1463414634147,2.185874831843748,1687,1696,41
gnv1_nested_intel,derecho,intel,201.1818181818182,5.077413401516008,194,220,1647.659090909091,2.112456762383279,1640,1651,44
gnv1_nested_intel,gaeac6,intel,144.30232558139534,5.869756560705826,139,172,6338.604651162791,0.6225728063646149,6338,6340,43
gnv1_nested_intel,hercules,intel,186.97826086956522,24.259237993377365,170,312,39863.608695652176,258435.1664530608,1747,1754552,46
gnv1_nested_intel,orion,intel,231.42222222222222,4.153251130078095,226,245,40124.86666666667,257594.28912435504,1709,1729720,45
gnv1_nested_intel,ursa,intel,146.3,6.612449606304654,139,166,1743.9,21.31613358516052,1711,1787,50
gnv1_nested_intel,wcoss2,intel,239.20833333333334,5.398811269211713,230,258,1594.0833333333333,4.971550266942749,1583,1606,48
