test_name,machine,compiler,core_mean,core_std,core_min,core_max,mem_mean,mem_std,mem_min,mem_max,n_hashes
gnv1_c96_no_nest_debug_intel,acorn,intel,583.8837209302326,13.338468003566657,562,616,1191.5116279069769,2.7977209519386954,1185,1198,43
gnv1_c96_no_nest_debug_intel,derecho,intel,509.04545454545456,26.613473196907933,493,677,1133.1363636363637,3.593216535918201,1117,1137,44
gnv1_c96_no_nest_debug_intel,gaeac6,intel,362.30232558139534,43.500155929507585,346,639,6338.674418604651,0.4741373235150335,6338,6339,43
gnv1_c96_no_nest_debug_intel,ursa,intel,431.42,162.94522555328908,358,969,1873.88,7.035304556597501,1857,1891,50
gnv1_c96_no_nest_debug_intel,wcoss2,intel,582.6041666666666,4.743369766061748,576,594,1105.3958333333333,19.10301255437172,1096,1199,48
