test_name,machine,compiler,core_mean,core_std,core_min,core_max,mem_mean,mem_std,mem_min,mem_max,n_hashes
gnv1_c96_no_nest_debug_intel,acorn,intel,584.4444444444445,12.986978715683513,562,616,1191.2444444444445,2.723263045715906,1185,1198,45
gnv1_c96_no_nest_debug_intel,derecho,intel,504.4,6.187964858570957,493,515,1133.3333333333333,3.6181361349331764,1117,1137,45
gnv1_c96_no_nest_debug_intel,gaeac6,intel,362.65909090909093,42.94991305826442,345,639,6338.704545454545,0.46152152080369063,6338,6339,44
gnv1_c96_no_nest_debug_intel,hera,intel,518.4,7.797435475847167,510,531,1334.4,3.3615472627943515,1332,1340,5
gnv1_c96_no_nest_debug_intel,ursa,intel,440.3,171.75044187924024,358,969,1874.4,6.863092656836737,1857,1891,50
gnv1_c96_no_nest_debug_intel,wcoss2,intel,583.2448979591836,5.170149144548024,573,594,1114.591836734694,32.823339236577546,1096,1199,49
