test_name,machine,compiler,core_mean,core_std,core_min,core_max,mem_mean,mem_std,mem_min,mem_max,n_hashes
gnv1_c96_no_nest_debug_intel,acorn,intel,584.1904761904761,13.345754957194025,562,616,1191.5238095238096,2.8304795356720245,1185,1198,42
gnv1_c96_no_nest_debug_intel,derecho,intel,509.22727272727275,26.612519904075622,493,677,1133.0227272727273,3.707243923089695,1117,1137,44
gnv1_c96_no_nest_debug_intel,gaeac6,intel,362.5581395348837,43.43429757668547,346,639,6338.697674418605,0.46470081111793454,6338,6339,43
gnv1_c96_no_nest_debug_intel,ursa,intel,431.32,162.9870960210892,358,969,1873.74,7.082055506989597,1857,1891,50
gnv1_c96_no_nest_debug_intel,wcoss2,intel,582.4375,4.689990473156443,576,594,1103.4791666666667,14.220137928129756,1096,1199,48
