test_name,machine,compiler,core_mean,core_std,core_min,core_max,mem_mean,mem_std,mem_min,mem_max,n_hashes
hafs_regional_atm_wav_intel,acorn,intel,701.9545454545455,11.737347557926284,683,731,781.3863636363636,25.33699924330797,762,888,44
hafs_regional_atm_wav_intel,derecho,intel,600.8863636363636,4.249300402561019,591,609,835.7727272727273,7.92365794186648,819,854,44
hafs_regional_atm_wav_intel,gaeac6,intel,448.1860465116279,5.41715007639312,437,461,6338.6511627906975,0.6504108932135679,6338,6340,43
hafs_regional_atm_wav_intel,hera,intel,1725.0,12.727922061357855,1708,1737,931.75,4.272001872658765,926,935,4
hafs_regional_atm_wav_intel,hercules,intel,844.6304347826087,57.784026510851284,604,927,24935.934782608696,161560.53730652618,1082,1096872,46
hafs_regional_atm_wav_intel,orion,intel,1584.5555555555557,377.896904865693,774,1799,22423.422222222223,143847.15637257753,960,965936,45
hafs_regional_atm_wav_intel,ursa,intel,1828.9,394.71711647813845,454,2445,1320.88,18.37771498754016,1287,1361,50
hafs_regional_atm_wav_intel,wcoss2,intel,730.125,12.491060633296113,709,776,749.4583333333334,55.25991134102949,691,850,48
