test_name,machine,compiler,core_mean,core_std,core_min,core_max,mem_mean,mem_std,mem_min,mem_max,n_hashes
hafs_regional_atm_thompson_gfdlsf_intel,acorn,intel,223.36363636363637,9.812405316600579,211,244,1043.159090909091,5.175717821547801,1033,1053,44
hafs_regional_atm_thompson_gfdlsf_intel,derecho,intel,199.86363636363637,5.333487488963081,192,215,998.5909090909091,3.1938762759321158,993,1006,44
hafs_regional_atm_thompson_gfdlsf_intel,gaeac6,intel,144.69767441860466,3.7767136364136533,141,164,6338.813953488372,0.6988362419218185,6338,6340,43
hafs_regional_atm_thompson_gfdlsf_intel,hera,intel,195.5,0.7071067811865476,195,196,1149.0,4.242640687119285,1146,1152,2
hafs_regional_atm_thompson_gfdlsf_intel,hercules,intel,184.58695652173913,22.093313304111337,166,264,29221.108695652172,189467.38654944504,1264,1286316,46
hafs_regional_atm_thompson_gfdlsf_intel,orion,intel,264.0888888888889,5.31645055132149,256,276,27488.68888888889,176633.00608025235,1099,1186048,45
hafs_regional_atm_thompson_gfdlsf_intel,ursa,intel,153.62,12.690813003660468,142,201,1462.0,13.139751185790734,1427,1488,50
hafs_regional_atm_thompson_gfdlsf_intel,wcoss2,intel,224.39583333333334,10.846588998749855,214,286,963.8958333333334,26.355377813955005,945,1051,48
