test_name,machine,compiler,core_mean,core_std,core_min,core_max,mem_mean,mem_std,mem_min,mem_max,n_hashes
hafs_regional_docn_intel,acorn,intel,413.6222222222222,11.945499131260663,397,441,739.4444444444445,21.9405763116853,719,830,45
hafs_regional_docn_intel,derecho,intel,356.4888888888889,5.387790161864384,348,370,788.2,4.525684277743887,776,796,45
hafs_regional_docn_intel,gaeac6,intel,263.47727272727275,14.775039662896644,255,329,6338.681818181818,0.739978858048932,6338,6340,44
hafs_regional_docn_intel,hera,intel,347.8,2.2803508501982765,345,351,904.2,2.5884358211089546,901,907,5
hafs_regional_docn_intel,hercules,intel,335.1063829787234,60.60464684528277,305,688,23755.68085106383,155492.852878126,1045,1067080,47
hafs_regional_docn_intel,orion,intel,401.3695652173913,24.159984083560044,389,557,21450.108695652172,139051.91703616446,934,944044,46
hafs_regional_docn_intel,ursa,intel,273.98,54.85174452604968,254,646,1288.38,17.710702402554155,1257,1324,50
hafs_regional_docn_intel,wcoss2,intel,431.85714285714283,14.75353065088716,413,494,683.6734693877551,33.370013831720975,652,765,49
