test_name,machine,compiler,core_mean,core_std,core_min,core_max,mem_mean,mem_std,mem_min,mem_max,n_hashes
hafs_regional_1nest_atm_intel,acorn,intel,340.3488372093023,8.991752096148016,324,355,461.6511627906977,3.198836997962689,457,475,43
hafs_regional_1nest_atm_intel,derecho,intel,311.6818181818182,114.95232029325628,285,1056,413.8181818181818,3.584674921349887,398,420,44
hafs_regional_1nest_atm_intel,gaeac6,intel,205.86046511627907,3.0517863258288753,201,214,6338.674418604651,0.7470873676374983,6338,6340,43
hafs_regional_1nest_atm_intel,hercules,intel,294.6521739130435,31.266750100318216,271,406,13329.804347826086,86281.82236153532,584,585800,46
hafs_regional_1nest_atm_intel,orion,intel,404.8666666666667,9.284885077861254,393,432,11267.31111111111,72304.7861554954,482,485524,45
hafs_regional_1nest_atm_intel,ursa,intel,206.96,8.70364690160137,198,240,797.42,9.005871100882723,786,818,50
hafs_regional_1nest_atm_intel,wcoss2,intel,345.4166666666667,7.919363109287107,333,378,389.7291666666667,16.592409932733876,379,467,48
