test_name,machine,compiler,core_mean,core_std,core_min,core_max,mem_mean,mem_std,mem_min,mem_max,n_hashes
hafs_regional_atm_gfdlmpv3_intel,acorn,intel,295.52272727272725,11.821322155549499,279,326,905.3409090909091,1.891759139717864,902,911,44
hafs_regional_atm_gfdlmpv3_intel,derecho,intel,341.4318181818182,13.13861294451236,321,382,994.4545454545455,1.591467736407306,992,998,44
hafs_regional_atm_gfdlmpv3_intel,gaeac6,intel,237.4418604651163,5.3554703923113545,232,259,6338.720930232558,0.701209207126973,6338,6340,43
hafs_regional_atm_gfdlmpv3_intel,hera,intel,316.6666666666667,1.5275252316519545,315,318,1065.3333333333333,2.0816659994661553,1063,1067,3
hafs_regional_atm_gfdlmpv3_intel,hercules,intel,320.2391304347826,32.18017663276481,293,398,26889.630434782608,174293.5787857001,1160,1183308,46
hafs_regional_atm_gfdlmpv3_intel,orion,intel,395.1777777777778,45.01024574718762,353,498,24684.48888888889,158473.92560143225,1044,1064136,45
hafs_regional_atm_gfdlmpv3_intel,ursa,intel,246.28,27.961372772933352,235,429,1370.1,15.500164581088127,1336,1403,50
hafs_regional_atm_gfdlmpv3_intel,wcoss2,intel,335.75,10.557844718804269,326,392,839.6041666666666,24.419855527247357,821,912,48
