test_name,machine,compiler,core_mean,core_std,core_min,core_max,mem_mean,mem_std,mem_min,mem_max,n_hashes
hafs_global_storm_following_1nest_atm_intel,acorn,intel,94.61363636363636,4.188666375378725,84,102,404.1136363636364,2.037051095829219,400,409,44
hafs_global_storm_following_1nest_atm_intel,derecho,intel,77.95454545454545,2.5875780671701074,74,85,369.15909090909093,3.102461002271121,363,375,44
hafs_global_storm_following_1nest_atm_intel,gaeac6,intel,56.95348837209303,5.450877991192022,54,81,6338.697674418605,0.7411343853763351,6338,6340,43
hafs_global_storm_following_1nest_atm_intel,hera,intel,63.75,1.5,62,65,399.25,2.2173557826083528,397,402,4
hafs_global_storm_following_1nest_atm_intel,hercules,intel,58.21739130434783,11.137350659386861,50,114,10130.04347826087,65652.04356773892,437,445724,46
hafs_global_storm_following_1nest_atm_intel,orion,intel,89.93333333333334,18.266213221534056,82,200,9217.844444444445,59184.37263445768,389,397416,45
hafs_global_storm_following_1nest_atm_intel,ursa,intel,46.6,2.8996833043120587,43,54,524.06,8.671816889398947,508,550,50
hafs_global_storm_following_1nest_atm_intel,wcoss2,intel,84.66666666666667,7.864093821363377,77,111,320.5625,34.45558735531869,302,417,48
