test_name,machine,compiler,core_mean,core_std,core_min,core_max,mem_mean,mem_std,mem_min,mem_max,n_hashes
hafs_regional_storm_following_1nest_atm_intel,acorn,intel,223.2325581395349,5.822113874425457,211,235,492.2093023255814,2.493402146378717,488,502,43
hafs_regional_storm_following_1nest_atm_intel,derecho,intel,193.88636363636363,3.370293680467671,187,201,451.22727272727275,3.665449218090667,445,460,44
hafs_regional_storm_following_1nest_atm_intel,gaeac6,intel,139.30232558139534,4.886984091494521,134,165,6338.720930232558,0.9083103464634307,6338,6342,43
hafs_regional_storm_following_1nest_atm_intel,hercules,intel,189.52173913043478,30.677345336717334,171,344,13737.04347826087,88936.99275378585,596,603824,46
hafs_regional_storm_following_1nest_atm_intel,orion,intel,255.44444444444446,6.0398508243000695,247,274,12055.644444444444,77366.99012562129,514,519516,45
hafs_regional_storm_following_1nest_atm_intel,ursa,intel,132.86,9.680634993508999,126,192,750.22,11.436229577040486,695,769,50
hafs_regional_storm_following_1nest_atm_intel,wcoss2,intel,225.85416666666666,5.746375669353103,216,245,422.7083333333333,16.24540305955431,411,500,48
