test_name,machine,compiler,core_mean,core_std,core_min,core_max,mem_mean,mem_std,mem_min,mem_max,n_hashes
hafs_regional_atm_intel,acorn,intel,282.68888888888887,10.150732669978746,270,311,695.4444444444445,3.3067118765237815,689,706,45
hafs_regional_atm_intel,derecho,intel,228.0,4.348458452036876,221,239,749.0222222222222,8.27506904362549,738,764,45
hafs_regional_atm_intel,gaeac6,intel,167.75,3.2716186165403025,164,182,6338.704545454545,0.7947369157951945,6338,6342,44
hafs_regional_atm_intel,hera,intel,223.4,1.6733200530681491,222,226,867.0,2.9154759474226575,863,871,5
hafs_regional_atm_intel,hercules,intel,215.7659574468085,22.0761653549877,199,300,22073.510638297874,144517.5706779166,973,991756,47
hafs_regional_atm_intel,orion,intel,287.2391304347826,6.73031213609552,276,303,19753.543478260868,128099.59361280085,840,869680,46
hafs_regional_atm_intel,ursa,intel,174.28,14.456182915617662,163,248,1160.04,10.905830681664787,1139,1182,50
hafs_regional_atm_intel,wcoss2,intel,285.0408163265306,11.198882354342086,274,343,620.9387755102041,32.18527624244863,595,703,49
