test_name,machine,compiler,core_mean,core_std,core_min,core_max,mem_mean,mem_std,mem_min,mem_max,n_hashes
hafs_global_1nest_atm_intel,acorn,intel,185.0,6.454342459566754,175,202,374.1190476190476,3.864802906989197,368,386,42
hafs_global_1nest_atm_intel,derecho,intel,163.8181818181818,89.56776640071294,145,744,335.6818181818182,2.2902495778766516,331,341,44
hafs_global_1nest_atm_intel,gaeac6,intel,105.27906976744185,4.762580240020705,101,126,6338.720930232558,0.6296477244630322,6338,6340,43
hafs_global_1nest_atm_intel,hercules,intel,144.1304347826087,22.50985828046822,128,232,9713.521739130434,62953.05623319265,425,427400,46
hafs_global_1nest_atm_intel,orion,intel,202.6,5.886811144800333,196,227,8333.777777777777,53461.67502260122,353,358996,45
hafs_global_1nest_atm_intel,ursa,intel,101.1,8.021018307788458,94,135,533.1,6.158617655657119,524,551,50
hafs_global_1nest_atm_intel,wcoss2,intel,170.75,6.7272073811453295,163,194,276.5,15.407928326648888,267,379,48
