test_name,machine,compiler,core_mean,core_std,core_min,core_max,mem_mean,mem_std,mem_min,mem_max,n_hashes
hafs_regional_atm_thompson_gfdlsf_intel,acorn,intel,224.4390243902439,9.754611167257778,211,244,1042.9512195121952,5.200726966070266,1033,1053,41
hafs_regional_atm_thompson_gfdlsf_intel,derecho,intel,215.36363636363637,89.75343250781255,192,794,999.3181818181819,8.371526290425786,977,1045,44
hafs_regional_atm_thompson_gfdlsf_intel,gaeac6,intel,145.2325581395349,3.9930726282396236,141,164,6338.790697674419,0.6746476870641307,6338,6340,43
hafs_regional_atm_thompson_gfdlsf_intel,hercules,intel,184.52173913043478,21.784540012928417,166,264,29225.239130434784,189466.76431960714,1270,1286316,46
hafs_regional_atm_thompson_gfdlsf_intel,orion,intel,264.97777777777776,4.984014851543292,257,276,27482.88888888889,176633.89058460877,1099,1186048,45
hafs_regional_atm_thompson_gfdlsf_intel,ursa,intel,155.6,15.399443403670702,142,218,1463.48,13.91114660982333,1427,1502,50
hafs_regional_atm_thompson_gfdlsf_intel,wcoss2,intel,224.29166666666666,10.854861315760647,214,286,956.1666666666666,6.234199886669515,945,969,48
