test_name,machine,compiler,core_mean,core_std,core_min,core_max,mem_mean,mem_std,mem_min,mem_max,n_hashes
hafs_regional_atm_gfdlmpv3_intel,acorn,intel,295.8863636363636,11.830618354734918,279,326,905.4318181818181,2.0618091770221154,902,911,44
hafs_regional_atm_gfdlmpv3_intel,derecho,intel,341.4318181818182,13.138612944512383,321,382,994.4318181818181,1.590637246481511,992,998,44
hafs_regional_atm_gfdlmpv3_intel,gaeac6,intel,237.48837209302326,5.324570597590616,232,259,6338.720930232558,0.7012092071268413,6338,6340,43
hafs_regional_atm_gfdlmpv3_intel,hera,intel,317.5,0.7071067811865476,317,318,1064.5,2.1213203435596424,1063,1066,2
hafs_regional_atm_gfdlmpv3_intel,hercules,intel,320.4347826086956,32.037930418603004,293,398,26890.608695652172,174293.43145020676,1160,1183308,46
hafs_regional_atm_gfdlmpv3_intel,orion,intel,396.8,44.955331365499006,353,498,24684.28888888889,158473.95610099786,1044,1064136,45
hafs_regional_atm_gfdlmpv3_intel,ursa,intel,246.42,27.92123761949104,235,429,1370.92,15.28216247119235,1336,1403,50
hafs_regional_atm_gfdlmpv3_intel,wcoss2,intel,335.6875,10.57728648386259,326,392,838.125,22.309834678998705,821,912,48
