test_name,machine,compiler,core_mean,core_std,core_min,core_max,mem_mean,mem_std,mem_min,mem_max,n_hashes
hafs_regional_storm_following_1nest_atm_ocn_wav_mom6_intel,acorn,intel,322.42857142857144,6.235785228950951,304,335,773.0,2.802437963021706,769,781,42
hafs_regional_storm_following_1nest_atm_ocn_wav_mom6_intel,derecho,intel,276.15909090909093,12.090632895158828,268,351,618.7727272727273,2.0100171972379726,615,624,44
hafs_regional_storm_following_1nest_atm_ocn_wav_mom6_intel,gaeac6,intel,202.1860465116279,3.19415995330681,197,213,6338.767441860465,0.6487060124484898,6338,6340,43
hafs_regional_storm_following_1nest_atm_ocn_wav_mom6_intel,hercules,intel,633.3695652173913,159.15308614952417,259,743,18593.91304347826,120402.04866932308,811,817448,46
hafs_regional_storm_following_1nest_atm_ocn_wav_mom6_intel,orion,intel,605.5333333333333,125.8705323302119,402,696,16607.577777777777,106617.8184264817,704,715928,45
hafs_regional_storm_following_1nest_atm_ocn_wav_mom6_intel,ursa,intel,1068.66,243.72924171158888,214,1347,1093.58,13.297368160654942,1069,1128,50
hafs_regional_storm_following_1nest_atm_ocn_wav_mom6_intel,wcoss2,intel,335.6041666666667,11.347020573107498,323,377,702.1458333333334,12.561321219527063,693,783,48
