test_name,machine,compiler,core_mean,core_std,core_min,core_max,mem_mean,mem_std,mem_min,mem_max,n_hashes
hafs_regional_specified_moving_1nest_atm_intel,acorn,intel,235.7674418604651,8.4735926189273,221,261,492.16279069767444,1.9139865222959282,487,496,43
hafs_regional_specified_moving_1nest_atm_intel,derecho,intel,206.4318181818182,3.3921779192637884,199,213,452.1818181818182,4.314781124485909,446,469,44
hafs_regional_specified_moving_1nest_atm_intel,gaeac6,intel,149.1860465116279,3.971660405767037,145,169,6338.7441860465115,0.9535153819472196,6338,6343,43
hafs_regional_specified_moving_1nest_atm_intel,hercules,intel,194.52173913043478,20.64594566649269,180,268,13675.08695652174,88513.46773202272,601,600952,46
hafs_regional_specified_moving_1nest_atm_intel,orion,intel,266.93333333333334,5.361478764804963,258,279,12111.666666666666,77753.01316552421,512,522104,45
hafs_regional_specified_moving_1nest_atm_intel,ursa,intel,144.78,12.560530990985622,137,223,750.9,7.376880597307977,728,766,50
hafs_regional_specified_moving_1nest_atm_intel,wcoss2,intel,239.54166666666666,7.21687836487032,227,262,423.2708333333333,15.995663751943768,414,499,48
