test_name,machine,compiler,core_mean,core_std,core_min,core_max,mem_mean,mem_std,mem_min,mem_max,n_hashes
hafs_global_storm_following_1nest_atm_intel,acorn,intel,94.47727272727273,4.09474215540355,84,101,404.1136363636364,2.0140888538505664,400,409,44
hafs_global_storm_following_1nest_atm_intel,derecho,intel,77.8409090909091,2.332213060375317,74,84,369.09090909090907,3.0940165948516825,363,375,44
hafs_global_storm_following_1nest_atm_intel,gaeac6,intel,56.86046511627907,5.449252440424141,54,81,6338.720930232558,0.7343796019625788,6338,6340,43
hafs_global_storm_following_1nest_atm_intel,hera,intel,63.5,2.1213203435596424,62,65,401.0,1.4142135623730951,400,402,2
hafs_global_storm_following_1nest_atm_intel,hercules,intel,57.76086956521739,11.031640922785481,50,114,10130.434782608696,65651.98463570439,437,445724,46
hafs_global_storm_following_1nest_atm_intel,orion,intel,87.33333333333333,7.24568837309472,82,118,9217.822222222223,59184.376023072204,389,397416,45
hafs_global_storm_following_1nest_atm_intel,ursa,intel,46.72,2.87877524978514,43,54,524.02,8.68141340885861,508,550,50
hafs_global_storm_following_1nest_atm_intel,wcoss2,intel,84.1875,7.402289036421327,77,111,316.1666666666667,29.10314257604183,302,417,48
