test_name,machine,compiler,core_mean,core_std,core_min,core_max,mem_mean,mem_std,mem_min,mem_max,n_hashes
hafs_global_storm_following_1nest_atm_intel,acorn,intel,94.52380952380952,4.061947719986936,84,101,403.95238095238096,1.9121228268587245,400,409,42
hafs_global_storm_following_1nest_atm_intel,derecho,intel,77.8409090909091,2.312183925030888,74,84,368.75,3.004841055270934,363,374,44
hafs_global_storm_following_1nest_atm_intel,gaeac6,intel,57.325581395348834,5.6261334529250036,54,81,6338.720930232558,0.7343796019622768,6338,6340,43
hafs_global_storm_following_1nest_atm_intel,hercules,intel,58.47826086956522,11.409039555320998,50,114,10131.195652173914,65651.87003670515,437,445724,46
hafs_global_storm_following_1nest_atm_intel,orion,intel,87.6,7.158593056282394,82,118,9218.355555555556,59184.29472962768,389,397416,45
hafs_global_storm_following_1nest_atm_intel,ursa,intel,46.72,2.8716773168733463,43,54,523.42,8.882659098100138,508,550,50
hafs_global_storm_following_1nest_atm_intel,wcoss2,intel,83.29166666666667,6.775922119341091,77,111,309.8541666666667,16.282074183478965,302,417,48
