test_name,machine,compiler,core_mean,core_std,core_min,core_max,mem_mean,mem_std,mem_min,mem_max,n_hashes
hafs_regional_docn_oisst_intel,acorn,intel,417.51162790697674,11.110638601987048,402,440,723.5813953488372,7.883776464358783,717,769,43
hafs_regional_docn_oisst_intel,derecho,intel,360.90909090909093,6.829546553840754,350,382,779.6363636363636,5.519904402150429,771,788,44
hafs_regional_docn_oisst_intel,gaeac6,intel,264.13953488372096,3.9132339284172724,258,277,6338.720930232558,0.7343796019624725,6338,6340,43
hafs_regional_docn_oisst_intel,hercules,intel,332.0,27.839220934182457,307,437,24094.869565217392,156214.41223347245,1037,1060560,46
hafs_regional_docn_oisst_intel,orion,intel,404.0,7.8508829845033326,392,428,21672.422222222223,139111.61963370684,929,934124,45
hafs_regional_docn_oisst_intel,ursa,intel,271.96,18.879813212496984,257,367,1279.76,13.09550475918967,1247,1304,50
hafs_regional_docn_oisst_intel,wcoss2,intel,438.3541666666667,12.8617684885276,419,485,657.9583333333334,21.31921352321015,640,722,48
