test_name,machine,compiler,core_mean,core_std,core_min,core_max,mem_mean,mem_std,mem_min,mem_max,n_hashes
hafs_regional_telescopic_2nests_atm_intel,acorn,intel,407.64444444444445,10.451523498243832,389,432,470.2888888888889,5.229384729245374,464,501,45
hafs_regional_telescopic_2nests_atm_intel,derecho,intel,338.31111111111113,4.5816939216755825,331,347,426.15555555555557,2.033308494632178,422,431,45
hafs_regional_telescopic_2nests_atm_intel,gaeac6,intel,242.11363636363637,3.0209801973971313,238,251,6338.727272727273,0.8453329153909075,6338,6342,44
hafs_regional_telescopic_2nests_atm_intel,hera,intel,352.4,2.073644135332768,350,355,503.8,2.7748873851023235,501,507,5
hafs_regional_telescopic_2nests_atm_intel,hercules,intel,357.1276595744681,66.01699946465588,317,714,13435.872340425532,87896.07120804339,593,603200,47
hafs_regional_telescopic_2nests_atm_intel,orion,intel,457.45652173913044,9.280101823529364,445,480,11383.673913043478,73800.23966388496,497,501040,46
hafs_regional_telescopic_2nests_atm_intel,ursa,intel,246.66,10.79608772676851,235,280,812.68,9.072137205167682,798,834,50
hafs_regional_telescopic_2nests_atm_intel,wcoss2,intel,411.7551020408163,11.001004901532292,401,451,409.59183673469386,26.82421043211007,392,477,49
