test_name,machine,compiler,core_mean,core_std,core_min,core_max,mem_mean,mem_std,mem_min,mem_max,n_hashes
hafs_regional_1nest_atm_intel,acorn,intel,339.40909090909093,8.991774488756924,324,355,461.77272727272725,3.22680370590592,457,475,44
hafs_regional_1nest_atm_intel,derecho,intel,293.6818181818182,5.241927247539688,285,308,414.25,2.65123928898202,410,420,44
hafs_regional_1nest_atm_intel,gaeac6,intel,205.34883720930233,2.4965091907571626,201,211,6338.6511627906975,0.7522575841215892,6338,6340,43
hafs_regional_1nest_atm_intel,hera,intel,305.25,2.7537852736430484,302,308,485.0,3.2659863237108984,481,489,4
hafs_regional_1nest_atm_intel,hercules,intel,295.95652173913044,31.365909676830242,271,406,13323.565217391304,86282.7613200155,584,585800,46
hafs_regional_1nest_atm_intel,orion,intel,403.6666666666667,9.676588429625566,393,432,11266.933333333332,72304.84375023193,482,485524,45
hafs_regional_1nest_atm_intel,ursa,intel,206.48,8.79294708089085,198,240,797.92,8.736131867136613,787,818,50
hafs_regional_1nest_atm_intel,wcoss2,intel,344.8958333333333,7.992655094584847,333,378,396.2916666666667,26.872400088656484,379,467,48
