test_name,machine,compiler,core_mean,core_std,core_min,core_max,mem_mean,mem_std,mem_min,mem_max,n_hashes
hafs_regional_storm_following_1nest_atm_intel,acorn,intel,223.1590909090909,5.774616394460436,211,235,492.3181818181818,2.5678941446770116,488,502,44
hafs_regional_storm_following_1nest_atm_intel,derecho,intel,193.77272727272728,3.4158565704573136,187,201,451.3636363636364,3.6921721664291187,445,460,44
hafs_regional_storm_following_1nest_atm_intel,gaeac6,intel,139.1627906976744,4.864498371623785,134,165,6338.720930232558,0.9083103464634823,6338,6342,43
hafs_regional_storm_following_1nest_atm_intel,hera,intel,190.0,,190,190,519.0,,519,519,1
hafs_regional_storm_following_1nest_atm_intel,hercules,intel,189.2826086956522,30.6685963476056,171,344,13735.717391304348,88937.19249489445,596,603824,46
hafs_regional_storm_following_1nest_atm_intel,orion,intel,255.06666666666666,6.024193646531383,247,274,12055.555555555555,77367.00367802905,514,519516,45
hafs_regional_storm_following_1nest_atm_intel,ursa,intel,132.8,9.707981147446858,126,192,749.96,11.33346138383041,695,769,50
hafs_regional_storm_following_1nest_atm_intel,wcoss2,intel,225.6875,5.649915269558611,216,245,424.3541666666667,19.702564454894965,411,500,48
