test_name,machine,compiler,core_mean,core_std,core_min,core_max,mem_mean,mem_std,mem_min,mem_max,n_hashes
hafs_regional_1nest_atm_intel,acorn,intel,339.75,9.142604076647157,324,355,461.72727272727275,3.2087354341984633,457,475,44
hafs_regional_1nest_atm_intel,derecho,intel,294.09090909090907,5.635511086036982,285,308,414.20454545454544,2.637648225347071,410,420,44
hafs_regional_1nest_atm_intel,gaeac6,intel,205.34883720930233,2.4965091907571573,201,211,6338.674418604651,0.747087367637888,6338,6340,43
hafs_regional_1nest_atm_intel,hera,intel,306.3333333333333,2.081665999466135,304,308,486.3333333333333,2.309401076758499,485,489,3
hafs_regional_1nest_atm_intel,hercules,intel,295.39130434782606,31.34147288666111,271,406,13325.130434782608,86282.52580849566,584,585800,46
hafs_regional_1nest_atm_intel,orion,intel,403.8888888888889,9.611125707935487,393,432,11266.955555555556,72304.8403616608,482,485524,45
hafs_regional_1nest_atm_intel,ursa,intel,206.74,8.759391461483512,198,240,797.82,8.798631619027299,787,818,50
hafs_regional_1nest_atm_intel,wcoss2,intel,345.0416666666667,8.021137854585826,333,378,394.625,24.86270812520529,379,467,48
