test_name,machine,compiler,core_mean,core_std,core_min,core_max,mem_mean,mem_std,mem_min,mem_max,n_hashes
hafs_regional_docn_oisst_intel,acorn,intel,416.9318181818182,11.25062835924293,402,440,723.7045454545455,7.813463471245668,717,769,44
hafs_regional_docn_oisst_intel,derecho,intel,360.3181818181818,6.937504166427337,350,382,778.9772727272727,5.449508773951797,771,788,44
hafs_regional_docn_oisst_intel,gaeac6,intel,263.83720930232556,4.1111360529208465,258,277,6338.6511627906975,0.7199114009717883,6338,6340,43
hafs_regional_docn_oisst_intel,hera,intel,352.3333333333333,2.5166114784235822,350,355,886.3333333333334,5.131601439446868,882,892,3
hafs_regional_docn_oisst_intel,hercules,intel,329.95652173913044,27.984882047069746,307,437,24093.934782608696,156214.55310898565,1037,1060560,46
hafs_regional_docn_oisst_intel,orion,intel,403.22222222222223,8.118130351505826,392,428,21672.8,139111.56204130815,929,934124,45
hafs_regional_docn_oisst_intel,ursa,intel,270.72,18.882061457848273,257,367,1280.54,12.385327065952337,1258,1305,50
hafs_regional_docn_oisst_intel,wcoss2,intel,437.1458333333333,13.398935466342316,419,485,662.5625,26.149249409511725,640,722,48
