test_name,machine,compiler,core_mean,core_std,core_min,core_max,mem_mean,mem_std,mem_min,mem_max,n_hashes
hafs_regional_storm_following_1nest_atm_ocn_wav_mom6_intel,acorn,intel,322.5609756097561,6.253194305664132,304,335,772.9756097560976,2.832735470159951,769,781,41
hafs_regional_storm_following_1nest_atm_ocn_wav_mom6_intel,derecho,intel,276.34090909090907,12.02505752404784,269,351,618.75,2.0245585220739524,615,624,44
hafs_regional_storm_following_1nest_atm_ocn_wav_mom6_intel,gaeac6,intel,202.11627906976744,3.274790450043233,197,213,6338.720930232558,0.6296477244630266,6338,6340,43
hafs_regional_storm_following_1nest_atm_ocn_wav_mom6_intel,hercules,intel,623.8695652173913,168.06356055514658,259,743,18595.478260869564,120401.81300937275,811,817448,46
hafs_regional_storm_following_1nest_atm_ocn_wav_mom6_intel,orion,intel,599.3555555555556,128.6235090125716,402,696,16607.733333333334,106617.79470835402,704,715928,45
hafs_regional_storm_following_1nest_atm_ocn_wav_mom6_intel,ursa,intel,1070.06,243.86190555228552,214,1347,1093.44,13.372466382192123,1069,1128,50
hafs_regional_storm_following_1nest_atm_ocn_wav_mom6_intel,wcoss2,intel,334.6458333333333,9.581652643249308,323,375,700.3125,4.043151551461438,693,710,48
