test_name,machine,compiler,core_mean,core_std,core_min,core_max,mem_mean,mem_std,mem_min,mem_max,n_hashes
hafs_regional_docn_intel,acorn,intel,414.42857142857144,12.093422637125537,397,441,737.4285714285714,22.72115470393487,719,830,42
hafs_regional_docn_intel,derecho,intel,357.70454545454544,5.4027535849982185,348,370,787.8181818181819,4.42652011610322,776,796,44
hafs_regional_docn_intel,gaeac6,intel,260.6046511627907,3.471925051882857,255,273,6338.697674418605,0.7411343853764266,6338,6340,43
hafs_regional_docn_intel,hercules,intel,338.1521739130435,60.744992437897245,305,688,24246.782608695652,157174.20053684426,1045,1067080,46
hafs_regional_docn_intel,orion,intel,401.6666666666667,24.22902091594819,389,557,21904.133333333335,140588.68944138236,934,944044,45
hafs_regional_docn_intel,ursa,intel,275.68,54.71127929077014,255,646,1284.68,17.40447983616134,1253,1320,50
hafs_regional_docn_intel,wcoss2,intel,433.5833333333333,14.629950819907336,413,494,673.7291666666666,23.17256226324509,652,765,48
