test_name,machine,compiler,core_mean,core_std,core_min,core_max,mem_mean,mem_std,mem_min,mem_max,n_hashes
hafs_regional_atm_gfdlmpv3_intel,acorn,intel,296.40909090909093,11.66453217159783,279,326,905.5454545454545,2.225168354796536,902,911,44
hafs_regional_atm_gfdlmpv3_intel,derecho,intel,341.40909090909093,13.14201177799423,321,382,994.4772727272727,1.6065076431847136,992,998,44
hafs_regional_atm_gfdlmpv3_intel,gaeac6,intel,237.6046511627907,5.301120882748335,232,259,6338.767441860465,0.7183714817731709,6338,6340,43
hafs_regional_atm_gfdlmpv3_intel,hera,intel,317.0,,317,317,1063.0,,1063,1063,1
hafs_regional_atm_gfdlmpv3_intel,hercules,intel,320.54347826086956,31.958102100329306,293,398,26892.195652173912,174293.1923619406,1160,1183308,46
hafs_regional_atm_gfdlmpv3_intel,orion,intel,396.93333333333334,44.84944511666479,353,498,24684.044444444444,158473.99338104136,1044,1064136,45
hafs_regional_atm_gfdlmpv3_intel,ursa,intel,246.64,27.872713597088207,235,429,1371.28,15.303781045405664,1336,1403,50
hafs_regional_atm_gfdlmpv3_intel,wcoss2,intel,335.8958333333333,10.50073874469778,326,392,836.4375,19.66410083634966,821,912,48
