test_name,machine,compiler,core_mean,core_std,core_min,core_max,mem_mean,mem_std,mem_min,mem_max,n_hashes
hafs_regional_storm_following_1nest_atm_ocn_wav_mom6_intel,acorn,intel,322.5681818181818,6.074719736181242,304,335,773.2272727272727,2.8190682640508777,769,781,44
hafs_regional_storm_following_1nest_atm_ocn_wav_mom6_intel,derecho,intel,275.54545454545456,12.254006550217346,266,351,618.7727272727273,1.9393553995465789,615,624,44
hafs_regional_storm_following_1nest_atm_ocn_wav_mom6_intel,gaeac6,intel,202.4418604651163,3.42471636351722,198,213,6338.860465116279,0.6008484219294692,6338,6340,43
hafs_regional_storm_following_1nest_atm_ocn_wav_mom6_intel,hera,intel,625.6666666666666,3.785938897200199,623,630,714.6666666666666,81.77000264970849,664,809,3
hafs_regional_storm_following_1nest_atm_ocn_wav_mom6_intel,hercules,intel,670.6086956521739,110.72056483897137,263,743,18588.804347826088,120402.81775728591,811,817448,46
hafs_regional_storm_following_1nest_atm_ocn_wav_mom6_intel,orion,intel,628.9333333333333,110.93495227548273,402,696,16607.044444444444,106617.89971413116,704,715928,45
hafs_regional_storm_following_1nest_atm_ocn_wav_mom6_intel,ursa,intel,1069.2,241.67797768509897,214,1347,1093.86,13.269590830780233,1069,1128,50
hafs_regional_storm_following_1nest_atm_ocn_wav_mom6_intel,wcoss2,intel,336.7916666666667,11.339928202206817,323,377,708.4583333333334,23.68405364719312,693,783,48
