test_name,machine,compiler,core_mean,core_std,core_min,core_max,mem_mean,mem_std,mem_min,mem_max,n_hashes
hafs_global_multiple_4nests_atm_intel,acorn,intel,556.3409090909091,76.03210557536926,462,632,427.1363636363636,17.520208808741483,416,481,44
hafs_global_multiple_4nests_atm_intel,derecho,intel,437.8181818181818,63.70070742817455,359,511,382.27272727272725,2.2758963106682395,377,387,44
hafs_global_multiple_4nests_atm_intel,gaeac6,intel,306.93023255813955,45.84050784479202,253,362,6338.674418604651,0.6444240777831717,6338,6340,43
hafs_global_multiple_4nests_atm_intel,hera,intel,377.0,,377,377,416.0,,416,416,1
hafs_global_multiple_4nests_atm_intel,hercules,intel,451.10869565217394,102.10761822941073,342,664,11372.760869565218,73682.51748811241,494,500248,46
hafs_global_multiple_4nests_atm_intel,orion,intel,606.4444444444445,100.67421705579831,486,742,9617.466666666667,61730.49855165891,410,414516,45
hafs_global_multiple_4nests_atm_intel,ursa,intel,326.84,60.961131812300984,259,537,123866.12,871451.9447831842,607,6162720,50
hafs_global_multiple_4nests_atm_intel,wcoss2,intel,547.9166666666666,75.10130274342029,446,721,332.3333333333333,28.333375052117834,316,449,48
