test_name,machine,compiler,core_mean,core_std,core_min,core_max,mem_mean,mem_std,mem_min,mem_max,n_hashes
hafs_regional_docn_oisst_intel,acorn,intel,418.0243902439024,11.107402497609538,402,440,723.4146341463414,8.040446535348924,717,769,41
hafs_regional_docn_oisst_intel,derecho,intel,361.6818181818182,6.934151168765341,350,382,780.2727272727273,5.804423479027879,771,793,44
hafs_regional_docn_oisst_intel,gaeac6,intel,264.3953488372093,3.86768993982886,258,277,6338.767441860465,0.7183714817731355,6338,6340,43
hafs_regional_docn_oisst_intel,hercules,intel,333.4782608695652,27.63551590128966,309,437,24096.260869565216,156214.20265497768,1037,1060560,46
hafs_regional_docn_oisst_intel,orion,intel,404.6222222222222,7.720365302499665,392,428,21672.333333333332,139111.6331883074,929,934124,45
hafs_regional_docn_oisst_intel,ursa,intel,272.8,18.71919237748536,257,367,1278.96,13.385889616171387,1247,1304,50
hafs_regional_docn_oisst_intel,wcoss2,intel,437.9375,10.818436293188894,419,477,654.9791666666666,16.624116784516655,640,699,48
