test_name,machine,compiler,core_mean,core_std,core_min,core_max,mem_mean,mem_std,mem_min,mem_max,n_hashes
hafs_regional_atm_thompson_gfdlsf_intel,acorn,intel,222.8409090909091,9.771679967482156,211,244,1043.25,5.26561906959166,1033,1053,44
hafs_regional_atm_thompson_gfdlsf_intel,derecho,intel,199.36363636363637,4.8946620620736265,192,210,998.1363636363636,3.0998192677316814,992,1005,44
hafs_regional_atm_thompson_gfdlsf_intel,gaeac6,intel,144.65116279069767,3.8102850845112846,141,164,6338.790697674419,0.6746476870643591,6338,6340,43
hafs_regional_atm_thompson_gfdlsf_intel,hera,intel,195.25,0.5000000000000023,195,196,1147.5,3.1091263510295866,1145,1152,4
hafs_regional_atm_thompson_gfdlsf_intel,hercules,intel,185.80434782608697,22.242721221626528,166,264,29219.652173913044,189467.60602608064,1264,1286316,46
hafs_regional_atm_thompson_gfdlsf_intel,orion,intel,263.93333333333334,5.445598723239317,256,276,27492.222222222223,176632.46706842084,1099,1186048,45
hafs_regional_atm_thompson_gfdlsf_intel,ursa,intel,153.44,12.776189588768764,142,201,1461.76,12.921363420826097,1427,1488,50
hafs_regional_atm_thompson_gfdlsf_intel,wcoss2,intel,224.33333333333334,10.849714837576956,214,286,967.8958333333334,30.796683700527815,946,1051,48
