test_name,machine,compiler,core_mean,core_std,core_min,core_max,mem_mean,mem_std,mem_min,mem_max,n_hashes
hafs_regional_docn_intel,acorn,intel,414.7073170731707,12.106287421086293,397,441,737.1951219512196,22.95236318137543,719,830,41
hafs_regional_docn_intel,derecho,intel,358.25,5.706483460798991,348,373,787.9772727272727,4.627966736044731,776,797,44
hafs_regional_docn_intel,gaeac6,intel,260.7674418604651,3.462982538508618,255,273,6338.720930232558,0.7343796019624841,6338,6340,43
hafs_regional_docn_intel,hercules,intel,338.6521739130435,60.57730319051642,305,688,24247.304347826088,157174.12192835612,1045,1067080,46
hafs_regional_docn_intel,orion,intel,401.8,24.208000180255954,389,557,21903.866666666665,140588.7300976925,934,944044,45
hafs_regional_docn_intel,ursa,intel,276.08,54.63752168162649,255,646,1284.1,17.09188851652232,1253,1320,50
hafs_regional_docn_intel,wcoss2,intel,432.9791666666667,13.524586882955402,413,494,671.9583333333334,20.553985308371164,652,765,48
