test_name,machine,compiler,core_mean,core_std,core_min,core_max,mem_mean,mem_std,mem_min,mem_max,n_hashes
hafs_regional_specified_moving_1nest_atm_intel,acorn,intel,235.36363636363637,8.44432080816482,221,261,492.29545454545456,2.0638589443253874,487,497,44
hafs_regional_specified_moving_1nest_atm_intel,derecho,intel,206.27272727272728,3.565752057819438,199,213,452.25,4.270640712237805,446,469,44
hafs_regional_specified_moving_1nest_atm_intel,gaeac6,intel,148.90697674418604,3.975004962490893,145,169,6338.627906976744,0.6908674951844682,6338,6340,43
hafs_regional_specified_moving_1nest_atm_intel,hera,intel,202.33333333333334,1.5275252316519428,201,204,516.6666666666666,2.5166114784235964,514,519,3
hafs_regional_specified_moving_1nest_atm_intel,hercules,intel,194.58695652173913,20.53135930657894,180,268,13670.260869565218,88514.19409223078,601,600952,46
hafs_regional_specified_moving_1nest_atm_intel,orion,intel,266.26666666666665,5.4788850889740175,258,279,12111.222222222223,77753.0809222634,512,522104,45
hafs_regional_specified_moving_1nest_atm_intel,ursa,intel,144.68,12.56077470638216,137,223,751.22,7.64329771760854,728,766,50
hafs_regional_specified_moving_1nest_atm_intel,wcoss2,intel,239.16666666666666,7.302967433402213,227,262,428.0,23.523641344988654,415,499,48
