test_name,machine,compiler,core_mean,core_std,core_min,core_max,mem_mean,mem_std,mem_min,mem_max,n_hashes
hafs_global_1nest_atm_intel,acorn,intel,184.79545454545453,6.3888694834810655,175,202,374.25,3.8040675904297667,368,386,44
hafs_global_1nest_atm_intel,derecho,intel,150.11363636363637,3.6101659376338358,145,160,335.6818181818182,2.300381437255807,331,341,44
hafs_global_1nest_atm_intel,gaeac6,intel,104.81395348837209,4.583904625625707,101,126,6338.697674418605,0.5990024930755432,6338,6340,43
hafs_global_1nest_atm_intel,hera,intel,148.5,0.7071067811865476,148,149,362.5,6.363961030678928,358,367,2
hafs_global_1nest_atm_intel,hercules,intel,143.7391304347826,22.297418667349206,128,232,9713.04347826087,62953.128305274,425,427400,46
hafs_global_1nest_atm_intel,orion,intel,202.0222222222222,5.887154309051682,196,227,8333.866666666667,53461.66147198808,353,358996,45
hafs_global_1nest_atm_intel,ursa,intel,100.66,8.085285198104884,94,135,532.94,6.270793980259374,524,551,50
hafs_global_1nest_atm_intel,wcoss2,intel,172.125,8.579106237236328,163,203,283.4583333333333,30.636481058228668,267,387,48
