test_name,machine,compiler,core_mean,core_std,core_min,core_max,mem_mean,mem_std,mem_min,mem_max,n_hashes
hafs_regional_telescopic_2nests_atm_intel,acorn,intel,408.15909090909093,10.61798207478149,389,432,469.3636363636364,2.231809247193017,464,476,44
hafs_regional_telescopic_2nests_atm_intel,derecho,intel,339.97727272727275,9.59284771445516,331,394,426.20454545454544,2.257592311378994,421,431,44
hafs_regional_telescopic_2nests_atm_intel,gaeac6,intel,242.62790697674419,3.222120388915429,238,251,6338.720930232558,0.8542772326680502,6338,6342,43
hafs_regional_telescopic_2nests_atm_intel,hera,intel,351.0,,351,351,504.0,,504,504,1
hafs_regional_telescopic_2nests_atm_intel,hercules,intel,354.32608695652175,66.61232930515895,317,714,13718.521739130434,88845.73465150809,593,603200,46
hafs_regional_telescopic_2nests_atm_intel,orion,intel,458.55555555555554,9.166528924584952,445,480,11625.533333333333,74615.72847371816,497,501040,45
hafs_regional_telescopic_2nests_atm_intel,ursa,intel,247.28,10.293727037692934,235,280,812.42,9.357066520953609,794,834,50
hafs_regional_telescopic_2nests_atm_intel,wcoss2,intel,412.3333333333333,11.141895887667909,401,451,403.3958333333333,18.721633388611924,392,475,48
