test_name,machine,compiler,core_mean,core_std,core_min,core_max,mem_mean,mem_std,mem_min,mem_max,n_hashes
hafs_regional_storm_following_1nest_atm_ocn_wav_mom6_intel,acorn,intel,323.04545454545456,5.886344249684406,304,335,773.25,2.8212235511531754,769,781,44
hafs_regional_storm_following_1nest_atm_ocn_wav_mom6_intel,derecho,intel,275.4318181818182,12.291796711009262,266,351,618.7954545454545,1.9479213184833652,615,624,44
hafs_regional_storm_following_1nest_atm_ocn_wav_mom6_intel,gaeac6,intel,202.53488372093022,3.354803501514848,198,213,6338.860465116279,0.6008484219294177,6338,6340,43
hafs_regional_storm_following_1nest_atm_ocn_wav_mom6_intel,hera,intel,629.0,7.348469228349549,623,639,703.5,70.40123104984268,664,809,4
hafs_regional_storm_following_1nest_atm_ocn_wav_mom6_intel,hercules,intel,679.7391304347826,92.11476773450941,263,743,18587.130434782608,120403.06973451185,811,817448,46
hafs_regional_storm_following_1nest_atm_ocn_wav_mom6_intel,orion,intel,634.8222222222222,105.85781391884483,402,696,16606.977777777778,106617.90987542403,704,715928,45
hafs_regional_storm_following_1nest_atm_ocn_wav_mom6_intel,ursa,intel,1070.72,241.5177383944783,214,1347,1094.4,13.367642931759514,1069,1128,50
hafs_regional_storm_following_1nest_atm_ocn_wav_mom6_intel,wcoss2,intel,336.7916666666667,11.339928202206819,323,377,710.0,25.401457488758194,693,783,48
