test_name,machine,compiler,core_mean,core_std,core_min,core_max,mem_mean,mem_std,mem_min,mem_max,n_hashes
hafs_regional_1nest_atm_intel,acorn,intel,339.3777777777778,8.891489518555712,324,355,461.8666666666667,3.2515730458852143,457,475,45
hafs_regional_1nest_atm_intel,derecho,intel,293.68888888888887,5.182234610238678,285,308,414.2,2.6423130363032703,410,420,45
hafs_regional_1nest_atm_intel,gaeac6,intel,205.27272727272728,2.5184310025465924,201,211,6338.636363636364,0.7499119046219112,6338,6340,44
hafs_regional_1nest_atm_intel,hera,intel,306.2,3.1937438845342627,302,310,484.4,3.1304951684996984,481,489,5
hafs_regional_1nest_atm_intel,hercules,intel,296.1063829787234,31.040110125976486,271,406,13052.595744680852,85359.9684987971,584,585800,47
hafs_regional_1nest_atm_intel,orion,intel,403.4782608695652,9.6534142041612,393,432,11032.695652173914,71514.5912387021,482,485524,46
hafs_regional_1nest_atm_intel,ursa,intel,206.32,8.8558524405604,198,240,797.38,8.870703904150005,782,818,50
hafs_regional_1nest_atm_intel,wcoss2,intel,345.0,7.942501704962581,333,378,397.6734693877551,28.295603129507377,379,467,49
