test_name,machine,compiler,core_mean,core_std,core_min,core_max,mem_mean,mem_std,mem_min,mem_max,n_hashes
hafs_regional_telescopic_2nests_atm_intel,acorn,intel,407.70454545454544,10.59086825931932,389,432,470.15909090909093,5.269231362763851,464,501,44
hafs_regional_telescopic_2nests_atm_intel,derecho,intel,338.52272727272725,4.71261856979269,331,347,426.04545454545456,2.1882832333849853,421,431,44
hafs_regional_telescopic_2nests_atm_intel,gaeac6,intel,242.30232558139534,3.01215698478627,238,251,6338.720930232558,0.8542772326680381,6338,6342,43
hafs_regional_telescopic_2nests_atm_intel,hera,intel,353.3333333333333,2.081665999466135,351,355,504.0,3.0,501,507,3
hafs_regional_telescopic_2nests_atm_intel,hercules,intel,355.2391304347826,66.62137954561123,317,714,13716.021739130434,88846.11094433369,593,603200,46
hafs_regional_telescopic_2nests_atm_intel,orion,intel,458.06666666666666,9.37210561380758,445,480,11625.488888888889,74615.73524995864,497,501040,45
hafs_regional_telescopic_2nests_atm_intel,ursa,intel,247.22,10.608602593159565,235,280,812.34,9.395200685369488,794,834,50
hafs_regional_telescopic_2nests_atm_intel,wcoss2,intel,412.0,11.257149028742537,401,451,406.6875,23.56444874553295,392,477,48
