test_name,machine,compiler,core_mean,core_std,core_min,core_max,mem_mean,mem_std,mem_min,mem_max,n_hashes
hafs_global_multiple_4nests_atm_intel,acorn,intel,558.3488372093024,75.74232122668407,462,632,427.25581395348837,17.70941775716796,416,481,43
hafs_global_multiple_4nests_atm_intel,derecho,intel,440.65909090909093,63.11670371245973,359,511,381.84090909090907,4.034405416081886,360,387,44
hafs_global_multiple_4nests_atm_intel,gaeac6,intel,309.09302325581393,45.767431731625166,253,362,6338.697674418605,0.6375131640445212,6338,6340,43
hafs_global_multiple_4nests_atm_intel,hercules,intel,453.6521739130435,102.64398394262335,342,664,11373.760869565218,73682.3669447853,494,500248,46
hafs_global_multiple_4nests_atm_intel,orion,intel,611.1333333333333,99.89530883516382,486,742,9617.711111111112,61730.461300657065,410,414516,45
hafs_global_multiple_4nests_atm_intel,ursa,intel,328.72,60.303666927459396,259,537,123866.42,871451.9014906309,607,6162720,50
hafs_global_multiple_4nests_atm_intel,wcoss2,intel,550.8125,74.94896313137421,446,721,330.4583333333333,24.754933600974425,316,449,48
