test_name,machine,compiler,core_mean,core_std,core_min,core_max,mem_mean,mem_std,mem_min,mem_max,n_hashes
hafs_regional_storm_following_1nest_atm_intel,acorn,intel,223.22727272727272,5.709492855593759,211,235,492.54545454545456,2.4914229188711756,488,502,44
hafs_regional_storm_following_1nest_atm_intel,derecho,intel,193.52272727272728,3.3375149950966154,187,201,451.4318181818182,3.7129423377400905,445,460,44
hafs_regional_storm_following_1nest_atm_intel,gaeac6,intel,139.04651162790697,4.830229652294923,134,165,6338.7441860465115,0.9021937088963236,6338,6342,43
hafs_regional_storm_following_1nest_atm_intel,hera,intel,194.66666666666666,5.03322295684717,190,200,517.3333333333334,2.0816659994661486,515,519,3
hafs_regional_storm_following_1nest_atm_intel,hercules,intel,189.34782608695653,30.627668965825542,171,344,13732.804347826086,88937.63101850133,596,603824,46
hafs_regional_storm_following_1nest_atm_intel,orion,intel,254.73333333333332,6.17693657524062,247,274,12055.288888888888,77367.04433431772,514,519516,45
hafs_regional_storm_following_1nest_atm_intel,ursa,intel,132.78,9.773537784053767,126,192,749.94,11.355857968646918,695,769,50
hafs_regional_storm_following_1nest_atm_intel,wcoss2,intel,225.79166666666666,5.641632226970944,216,245,427.7291666666667,24.38672431252374,411,500,48
