test_name,machine,compiler,core_mean,core_std,core_min,core_max,mem_mean,mem_std,mem_min,mem_max,n_hashes
hafs_regional_specified_moving_1nest_atm_intel,acorn,intel,235.63636363636363,8.394602111409435,221,261,492.3181818181818,2.066034593833705,487,497,44
hafs_regional_specified_moving_1nest_atm_intel,derecho,intel,206.1818181818182,3.4659320520502486,199,213,452.22727272727275,4.2692172168701,446,469,44
hafs_regional_specified_moving_1nest_atm_intel,gaeac6,intel,148.93023255813952,3.960491484875564,145,169,6338.7441860465115,0.9535153819472517,6338,6343,43
hafs_regional_specified_moving_1nest_atm_intel,hera,intel,201.5,0.7071067811865476,201,202,515.5,2.1213203435596424,514,517,2
hafs_regional_specified_moving_1nest_atm_intel,hercules,intel,194.3695652173913,20.601357771491315,180,268,13671.891304347826,88513.94869667046,601,600952,46
hafs_regional_specified_moving_1nest_atm_intel,orion,intel,266.3777777777778,5.420033918414851,258,279,12111.355555555556,77753.06059867749,512,522104,45
hafs_regional_specified_moving_1nest_atm_intel,ursa,intel,144.46,12.544142465871536,137,223,751.02,7.457334425563448,728,766,50
hafs_regional_specified_moving_1nest_atm_intel,wcoss2,intel,239.375,7.265848415119146,227,262,426.4583333333333,21.511954453214216,415,499,48
