test_name,machine,compiler,core_mean,core_std,core_min,core_max,mem_mean,mem_std,mem_min,mem_max,n_hashes
hafs_regional_atm_gfdlmpv3_intel,acorn,intel,296.51162790697674,11.78249729577379,279,326,905.5348837209302,2.250384487881986,902,911,43
hafs_regional_atm_gfdlmpv3_intel,derecho,intel,341.72727272727275,13.028347690777872,321,382,994.5454545454545,1.6060140671651757,992,998,44
hafs_regional_atm_gfdlmpv3_intel,gaeac6,intel,237.74418604651163,5.255804153304793,232,259,6338.790697674419,0.7418811204628124,6338,6340,43
hafs_regional_atm_gfdlmpv3_intel,hercules,intel,323.2826086956522,35.05719963683368,293,422,26893.304347826088,174293.02535772845,1160,1183308,46
hafs_regional_atm_gfdlmpv3_intel,orion,intel,397.9111111111111,44.43678974485312,353,498,24683.555555555555,158474.06791628193,1044,1064136,45
hafs_regional_atm_gfdlmpv3_intel,ursa,intel,246.88,27.8220584927771,235,429,1372.66,15.167917269213882,1339,1405,50
hafs_regional_atm_gfdlmpv3_intel,wcoss2,intel,335.875,10.501519646870982,326,392,834.6666666666666,16.68396265666757,821,912,48
