test_name,machine,compiler,core_mean,core_std,core_min,core_max,mem_mean,mem_std,mem_min,mem_max,n_hashes
hafs_regional_atm_intel,acorn,intel,283.20454545454544,10.25847249487559,270,311,695.5227272727273,3.385939712671155,689,706,44
hafs_regional_atm_intel,derecho,intel,239.95454545454547,74.81976935165662,221,724,750.3636363636364,8.561924661616969,738,764,44
hafs_regional_atm_intel,gaeac6,intel,168.02325581395348,3.3628812199760794,164,182,6338.7441860465115,0.7896057863869526,6338,6342,43
hafs_regional_atm_intel,hera,intel,222.0,,222,222,866.0,,866,866,1
hafs_regional_atm_intel,hercules,intel,215.43478260869566,22.481253596830946,199,300,22534.391304347828,146079.5736164944,973,991756,46
hafs_regional_atm_intel,orion,intel,287.9111111111111,6.462557269738236,277,303,20171.51111111111,129515.36847708674,840,869680,45
hafs_regional_atm_intel,ursa,intel,174.5,14.348789325306885,163,248,1161.44,10.84615985837708,1139,1182,50
hafs_regional_atm_intel,wcoss2,intel,284.3333333333333,11.063325138518142,274,343,613.875,22.274520316252605,595,699,48
