test_name,machine,compiler,core_mean,core_std,core_min,core_max,mem_mean,mem_std,mem_min,mem_max,n_hashes
hafs_regional_atm_wav_intel,acorn,intel,701.7209302325581,12.246137547339156,683,731,783.0232558139535,30.624055571127045,762,889,43
hafs_regional_atm_wav_intel,derecho,intel,611.8409090909091,68.17349385406774,591,1053,835.0681818181819,7.954515252132343,819,854,44
hafs_regional_atm_wav_intel,gaeac6,intel,447.6279069767442,5.891977014041871,435,461,6338.581395348837,0.6261202584750039,6338,6340,43
hafs_regional_atm_wav_intel,hercules,intel,824.6521739130435,88.16807620582264,604,927,24935.739130434784,161560.56678402334,1082,1096872,46
hafs_regional_atm_wav_intel,orion,intel,1497.6888888888889,437.5484296427407,773,1799,22421.666666666668,143847.42404746395,960,965936,45
hafs_regional_atm_wav_intel,ursa,intel,1825.66,398.49859088681296,454,2445,1319.86,18.583523534001323,1287,1361,50
hafs_regional_atm_wav_intel,wcoss2,intel,730.625,11.874566061500358,713,776,741.6666666666666,55.24195650830309,691,850,48
