test_name,machine,compiler,core_mean,core_std,core_min,core_max,mem_mean,mem_std,mem_min,mem_max,n_hashes
hafs_regional_atm_gfdlmpv3_intel,acorn,intel,297.0487804878049,11.802438772372831,279,326,905.6585365853658,2.231700653062099,902,911,41
hafs_regional_atm_gfdlmpv3_intel,derecho,intel,342.09090909090907,12.880159940178004,321,382,994.6818181818181,1.9262293238433295,992,1002,44
hafs_regional_atm_gfdlmpv3_intel,gaeac6,intel,237.8139534883721,5.29715023993579,232,259,6338.790697674419,0.7090617386943779,6338,6340,43
hafs_regional_atm_gfdlmpv3_intel,hercules,intel,323.3695652173913,34.99038515278299,293,422,26895.391304347828,174292.71089960233,1160,1183308,46
hafs_regional_atm_gfdlmpv3_intel,orion,intel,398.46666666666664,44.01167200558589,353,498,24682.62222222222,158474.2101987072,1044,1064136,45
hafs_regional_atm_gfdlmpv3_intel,ursa,intel,243.16,9.11683797672622,235,287,1374.08,14.83355270035757,1339,1405,50
hafs_regional_atm_gfdlmpv3_intel,wcoss2,intel,335.5416666666667,10.093095034521694,326,392,831.375,5.118281792812761,821,843,48
