test_name,machine,compiler,core_mean,core_std,core_min,core_max,mem_mean,mem_std,mem_min,mem_max,n_hashes
hafs_regional_1nest_atm_intel,acorn,intel,340.1818181818182,8.955374447841745,324,355,461.6363636363636,3.162946147156127,457,475,44
hafs_regional_1nest_atm_intel,derecho,intel,311.5681818181818,114.97267576846907,285,1056,414.15909090909093,2.632031506651929,410,420,44
hafs_regional_1nest_atm_intel,gaeac6,intel,205.6046511627907,2.80424452846309,201,214,6338.674418604651,0.7470873676375964,6338,6340,43
hafs_regional_1nest_atm_intel,hera,intel,304.0,,304,304,485.0,,485,485,1
hafs_regional_1nest_atm_intel,hercules,intel,294.7391304347826,31.321582748860564,271,406,13328.217391304348,86282.06126186445,584,585800,46
hafs_regional_1nest_atm_intel,orion,intel,404.46666666666664,9.401643956825295,393,432,11267.244444444445,72304.79631870135,482,485524,45
hafs_regional_1nest_atm_intel,ursa,intel,206.82,8.775406264215972,198,240,797.76,8.886035823305074,787,818,50
hafs_regional_1nest_atm_intel,wcoss2,intel,345.2708333333333,7.95396216890659,333,378,391.3333333333333,19.82834134685439,379,467,48
