test_name,machine,compiler,core_mean,core_std,core_min,core_max,mem_mean,mem_std,mem_min,mem_max,n_hashes
hafs_global_1nest_atm_intel,acorn,intel,184.8372093023256,6.465771535585524,175,202,374.25581395348837,3.922420433839367,368,386,43
hafs_global_1nest_atm_intel,derecho,intel,163.72727272727272,89.58414613591312,145,744,335.70454545454544,2.308523593973496,331,341,44
hafs_global_1nest_atm_intel,gaeac6,intel,105.16279069767442,4.7555993691554175,101,126,6338.720930232558,0.6296477244630233,6338,6340,43
hafs_global_1nest_atm_intel,hercules,intel,143.93478260869566,22.416662625935736,128,232,9713.369565217392,62953.07916125,425,427400,46
hafs_global_1nest_atm_intel,orion,intel,202.51111111111112,5.941465315981406,196,227,8333.755555555555,53461.67840959267,353,358996,45
hafs_global_1nest_atm_intel,ursa,intel,101.04,8.063422071937204,94,135,533.12,6.159909885373152,524,551,50
hafs_global_1nest_atm_intel,wcoss2,intel,171.4375,8.178607929200082,163,203,278.8958333333333,21.934369788397927,267,385,48
