test_name,machine,compiler,core_mean,core_std,core_min,core_max,mem_mean,mem_std,mem_min,mem_max,n_hashes
hafs_regional_atm_intel,acorn,intel,283.3953488372093,10.300576809747655,270,311,695.5348837209302,3.425039709254018,689,706,43
hafs_regional_atm_intel,derecho,intel,240.13636363636363,74.78732354626372,221,724,750.8863636363636,8.616414592092925,738,764,44
hafs_regional_atm_intel,gaeac6,intel,168.2325581395349,3.4492042512407814,164,182,6338.7441860465115,0.7896057863870622,6338,6342,43
hafs_regional_atm_intel,hercules,intel,215.82608695652175,22.788207815862506,199,300,22535.021739130436,146079.4786294227,973,991756,46
hafs_regional_atm_intel,orion,intel,288.3333333333333,6.553971731289754,277,303,20170.88888888889,129515.46336603668,840,869680,45
hafs_regional_atm_intel,ursa,intel,174.64,14.268217857053008,163,248,1161.5,10.82372677151868,1139,1182,50
hafs_regional_atm_intel,wcoss2,intel,284.2708333333333,11.06218320057666,274,343,612.0208333333334,18.813179607667468,595,699,48
