test_name,machine,compiler,core_mean,core_std,core_min,core_max,mem_mean,mem_std,mem_min,mem_max,n_hashes
hafs_regional_1nest_atm_intel,acorn,intel,339.9318181818182,9.084609339420954,324,355,461.65909090909093,3.1692063551898793,457,475,44
hafs_regional_1nest_atm_intel,derecho,intel,294.1136363636364,5.657741800692017,285,308,414.1818181818182,2.6349416592343453,410,420,44
hafs_regional_1nest_atm_intel,gaeac6,intel,205.37209302325581,2.488289293910234,201,211,6338.674418604651,0.7470873676376983,6338,6340,43
hafs_regional_1nest_atm_intel,hera,intel,306.0,2.8284271247461903,304,308,487.0,2.8284271247461903,485,489,2
hafs_regional_1nest_atm_intel,hercules,intel,294.7391304347826,31.321582748860575,271,406,13326.54347826087,86282.31316007717,584,585800,46
hafs_regional_1nest_atm_intel,orion,intel,404.1333333333333,9.46668800680478,393,432,11267.08888888889,72304.82003479883,482,485524,45
hafs_regional_1nest_atm_intel,ursa,intel,206.56,8.720512997454648,198,240,797.9,8.799930426441113,787,818,50
hafs_regional_1nest_atm_intel,wcoss2,intel,345.2083333333333,7.975916764043523,333,378,392.9166666666667,22.56511460558355,379,467,48
