test_name,machine,compiler,core_mean,core_std,core_min,core_max,mem_mean,mem_std,mem_min,mem_max,n_hashes
hafs_regional_1nest_atm_intel,acorn,intel,340.6190476190476,8.92229977176227,324,355,461.7142857142857,3.2103925319280346,457,475,42
hafs_regional_1nest_atm_intel,derecho,intel,311.9318181818182,114.90712077987013,285,1056,413.8181818181818,3.584674921349862,398,420,44
hafs_regional_1nest_atm_intel,gaeac6,intel,205.95348837209303,3.0546879536065705,201,214,6338.6511627906975,0.7522575841214487,6338,6340,43
hafs_regional_1nest_atm_intel,hercules,intel,294.7173913043478,31.306842023556506,271,406,13331.217391304348,86281.60964987794,584,585800,46
hafs_regional_1nest_atm_intel,orion,intel,405.1333333333333,9.136838522257984,393,432,11267.488888888889,72304.75904952662,482,485524,45
hafs_regional_1nest_atm_intel,ursa,intel,207.08,8.618537211932743,198,240,797.46,8.999342379602325,786,818,50
hafs_regional_1nest_atm_intel,wcoss2,intel,345.2291666666667,7.694263083438401,333,378,388.0208333333333,12.073338982418958,379,466,48
