test_name,machine,compiler,core_mean,core_std,core_min,core_max,mem_mean,mem_std,mem_min,mem_max,n_hashes
hafs_regional_atm_gfdlmpv3_intel,acorn,intel,295.0444444444444,11.182282161680353,279,326,905.4444444444445,1.994943101894867,902,911,45
hafs_regional_atm_gfdlmpv3_intel,derecho,intel,340.97777777777776,13.208965427949583,321,382,994.3555555555556,1.5976624338467942,992,998,45
hafs_regional_atm_gfdlmpv3_intel,gaeac6,intel,237.5909090909091,5.279703047578824,232,259,6338.727272727273,0.6942835143575466,6338,6340,44
hafs_regional_atm_gfdlmpv3_intel,hera,intel,318.4,3.847076812334265,315,325,1067.8,3.701351104664375,1063,1072,5
hafs_regional_atm_gfdlmpv3_intel,hercules,intel,319.72340425531917,32.03103259385619,293,398,26341.27659574468,172429.65875629729,1157,1183308,47
hafs_regional_atm_gfdlmpv3_intel,orion,intel,393.39130434782606,43.900634397273734,353,498,24171.108695652172,156741.89056765026,1044,1064136,46
hafs_regional_atm_gfdlmpv3_intel,ursa,intel,246.08,28.01372841290206,235,429,1368.66,15.596454332799517,1336,1403,50
hafs_regional_atm_gfdlmpv3_intel,wcoss2,intel,336.40816326530614,10.814570355441258,326,392,842.6530612244898,28.151784298400578,821,914,49
