test_name,machine,compiler,core_mean,core_std,core_min,core_max,mem_mean,mem_std,mem_min,mem_max,n_hashes
hafs_global_multiple_4nests_atm_intel,acorn,intel,560.452380952381,75.37846052597496,462,632,427.4047619047619,17.896803807587926,416,481,42
hafs_global_multiple_4nests_atm_intel,derecho,intel,443.52272727272725,62.45909866738794,359,511,381.8181818181818,4.0073927455811225,360,386,44
hafs_global_multiple_4nests_atm_intel,gaeac6,intel,311.25581395348837,45.44336769842314,253,362,6338.720930232558,0.6296477244630144,6338,6340,43
hafs_global_multiple_4nests_atm_intel,hercules,intel,456.5217391304348,103.04082020257471,342,664,11373.782608695652,73682.36366606569,494,500248,46
hafs_global_multiple_4nests_atm_intel,orion,intel,615.6222222222223,98.72212814692855,486,742,9617.711111111112,61730.46130065705,410,414516,45
hafs_global_multiple_4nests_atm_intel,ursa,intel,330.46,59.67948746839066,259,537,123866.74,871451.8553104779,607,6162720,50
hafs_global_multiple_4nests_atm_intel,wcoss2,intel,553.1666666666666,75.12552143999545,446,721,328.1458333333333,20.21795029631831,316,449,48
