test_name,machine,compiler,core_mean,core_std,core_min,core_max,mem_mean,mem_std,mem_min,mem_max,n_hashes
hafs_global_1nest_atm_intel,acorn,intel,184.4,6.151127021641122,175,202,374.1333333333333,3.6841182490152535,368,386,45
hafs_global_1nest_atm_intel,derecho,intel,149.93333333333334,3.4993505891028662,145,160,335.55555555555554,2.127264093913213,331,339,45
hafs_global_1nest_atm_intel,gaeac6,intel,104.81818181818181,4.530376683721336,101,126,6338.681818181818,0.6012671608623023,6338,6340,44
hafs_global_1nest_atm_intel,hera,intel,150.4,2.509980079602228,148,154,365.0,5.147815070493501,358,372,5
hafs_global_1nest_atm_intel,hercules,intel,145.12765957446808,22.370999298661687,128,232,9515.36170212766,62279.842329819665,425,427400,47
hafs_global_1nest_atm_intel,orion,intel,201.7391304347826,5.923342834765205,196,227,8160.326086956522,52877.406956533516,353,358996,46
hafs_global_1nest_atm_intel,ursa,intel,101.14,8.717821296818679,94,135,533.14,6.295479427691777,524,551,50
hafs_global_1nest_atm_intel,wcoss2,intel,172.85714285714286,9.103570728016571,163,203,289.57142857142856,38.119330179494696,267,387,49
