test_name,machine,compiler,core_mean,core_std,core_min,core_max,mem_mean,mem_std,mem_min,mem_max,n_hashes
hafs_regional_telescopic_2nests_atm_intel,acorn,intel,408.7317073170732,10.649000869198742,389,432,469.1951219512195,2.1933936285482645,464,476,41
hafs_regional_telescopic_2nests_atm_intel,derecho,intel,341.1363636363636,10.409277858675507,331,394,426.27272727272725,2.38565125780993,421,433,44
hafs_regional_telescopic_2nests_atm_intel,gaeac6,intel,243.1627906976744,3.4221284977554003,238,251,6338.7441860465115,0.8754053008481527,6338,6342,43
hafs_regional_telescopic_2nests_atm_intel,hercules,intel,353.5652173913044,66.18212319011602,317,714,13722.326086956522,88845.16192143984,593,603200,46
hafs_regional_telescopic_2nests_atm_intel,orion,intel,459.93333333333334,8.768227767446433,446,480,11625.755555555555,74615.69460184741,497,501040,45
hafs_regional_telescopic_2nests_atm_intel,ursa,intel,249.82,14.981199101894761,235,324,812.56,9.45053718373854,794,834,50
hafs_regional_telescopic_2nests_atm_intel,wcoss2,intel,412.4583333333333,10.997017648577293,401,451,398.7083333333333,3.4267926405632516,392,408,48
