test_name,machine,compiler,core_mean,core_std,core_min,core_max,mem_mean,mem_std,mem_min,mem_max,n_hashes
hafs_regional_1nest_atm_intel,acorn,intel,341.0243902439024,8.632751024088567,326,355,461.7317073170732,3.248264076733169,457,475,41
hafs_regional_1nest_atm_intel,derecho,intel,312.45454545454544,114.84801980564121,285,1056,413.75,3.5116086554223376,398,420,44
hafs_regional_1nest_atm_intel,gaeac6,intel,206.1627906976744,3.015280390958995,201,214,6338.674418604651,0.7470873676375223,6338,6340,43
hafs_regional_1nest_atm_intel,hercules,intel,295.0,31.17406329342103,271,406,13332.652173913044,86281.3936494917,584,585800,46
hafs_regional_1nest_atm_intel,orion,intel,405.6,9.091454529091907,393,432,11267.466666666667,72304.76243732621,482,485524,45
hafs_regional_1nest_atm_intel,ursa,intel,207.28,8.590550099988256,198,240,797.22,8.816241968604302,786,818,50
hafs_regional_1nest_atm_intel,wcoss2,intel,345.375,7.926859805936942,333,378,386.2291666666667,3.805033527032832,379,395,48
