test_name,machine,compiler,core_mean,core_std,core_min,core_max,mem_mean,mem_std,mem_min,mem_max,n_hashes
hafs_regional_telescopic_2nests_atm_intel,acorn,intel,407.6363636363636,10.57221217107727,389,432,470.22727272727275,5.273292234805271,464,501,44
hafs_regional_telescopic_2nests_atm_intel,derecho,intel,338.3863636363636,4.606445984582831,331,347,426.1363636363636,2.0526886406347806,422,431,44
hafs_regional_telescopic_2nests_atm_intel,gaeac6,intel,242.2093023255814,2.988534754332241,238,251,6338.720930232558,0.854277232667727,6338,6342,43
hafs_regional_telescopic_2nests_atm_intel,hera,intel,353.0,1.8257418583505538,351,355,504.5,2.6457513110645907,501,507,4
hafs_regional_telescopic_2nests_atm_intel,hercules,intel,356.5,66.60455439882972,317,714,13714.804347826086,88846.29413008601,593,603200,46
hafs_regional_telescopic_2nests_atm_intel,orion,intel,457.6222222222222,9.315892795962132,445,480,11625.533333333333,74615.72847432735,497,501040,45
hafs_regional_telescopic_2nests_atm_intel,ursa,intel,246.96,10.67317828455411,235,280,812.64,9.030017967301951,798,834,50
hafs_regional_telescopic_2nests_atm_intel,wcoss2,intel,411.75,11.117362307708209,401,451,408.2708333333333,25.44643065998321,392,477,48
