test_name,machine,compiler,core_mean,core_std,core_min,core_max,mem_mean,mem_std,mem_min,mem_max,n_hashes
hafs_global_multiple_4nests_atm_intel,acorn,intel,547.0909090909091,77.42657983064083,462,632,426.09090909090907,15.365043657477658,416,481,44
hafs_global_multiple_4nests_atm_intel,derecho,intel,428.72727272727275,63.717532046238496,359,505,382.22727272727275,2.218984016036382,377,387,44
hafs_global_multiple_4nests_atm_intel,gaeac6,intel,300.6279069767442,46.054327781650564,253,362,6338.627906976744,0.618109861322732,6338,6340,43
hafs_global_multiple_4nests_atm_intel,hera,intel,382.0,3.559026084010437,377,385,418.5,1.9148542155126738,416,420,4
hafs_global_multiple_4nests_atm_intel,hercules,intel,443.7608695652174,100.31354949636857,342,664,11370.782608695652,73682.8154175911,494,500248,46
hafs_global_multiple_4nests_atm_intel,orion,intel,593.1333333333333,102.05559981963479,486,742,9617.488888888889,61730.49517040041,410,414516,45
hafs_global_multiple_4nests_atm_intel,ursa,intel,321.46,61.86430509508664,259,537,123864.56,871452.1699103138,601,6162720,50
hafs_global_multiple_4nests_atm_intel,wcoss2,intel,540.125,74.91317669511287,446,721,339.0,36.07969901275602,317,449,48
