test_name,machine,compiler,core_mean,core_std,core_min,core_max,mem_mean,mem_std,mem_min,mem_max,n_hashes
hafs_regional_docn_oisst_intel,acorn,intel,416.8636363636364,11.253094476922975,402,440,723.7045454545455,7.813463471245664,717,769,44
hafs_regional_docn_oisst_intel,derecho,intel,359.8181818181818,6.563722452335259,350,382,778.7954545454545,5.44562784068851,771,788,44
hafs_regional_docn_oisst_intel,gaeac6,intel,263.8139534883721,4.118805964016047,258,277,6338.604651162791,0.6948632919235328,6338,6340,43
hafs_regional_docn_oisst_intel,hera,intel,352.0,2.1602468994692847,350,355,887.25,4.573474244670733,882,892,4
hafs_regional_docn_oisst_intel,hercules,intel,329.82608695652175,28.05098877070992,307,437,24093.543478260868,156214.6120682422,1037,1060560,46
hafs_regional_docn_oisst_intel,orion,intel,403.0,8.121240388915076,392,428,21672.866666666665,139111.55187745747,929,934124,45
hafs_regional_docn_oisst_intel,ursa,intel,270.48,18.98037654730675,257,367,1280.12,12.240181404551416,1258,1305,50
hafs_regional_docn_oisst_intel,wcoss2,intel,436.6458333333333,13.546593484542958,419,485,663.4166666666666,27.435675899396678,640,723,48
