test_name,machine,compiler,core_mean,core_std,core_min,core_max,mem_mean,mem_std,mem_min,mem_max,n_hashes
hafs_global_multiple_4nests_atm_intel,acorn,intel,553.2045454545455,76.77862455241481,462,632,427.22727272727275,17.487355746185802,416,481,44
hafs_global_multiple_4nests_atm_intel,derecho,intel,434.84090909090907,64.07406440508431,359,511,382.20454545454544,2.267870073947025,377,387,44
hafs_global_multiple_4nests_atm_intel,gaeac6,intel,304.69767441860466,45.881075507239316,253,362,6338.674418604651,0.6444240777834565,6338,6340,43
hafs_global_multiple_4nests_atm_intel,hera,intel,380.5,4.949747468305833,377,384,418.0,2.8284271247461903,416,420,2
hafs_global_multiple_4nests_atm_intel,hercules,intel,448.32608695652175,101.17620588696319,342,664,11372.5,73682.5568230968,494,500248,46
hafs_global_multiple_4nests_atm_intel,orion,intel,602.0,101.22454786715069,486,742,9617.6,61730.478225324594,410,414516,45
hafs_global_multiple_4nests_atm_intel,ursa,intel,324.9,61.1999899959976,259,537,123865.46,871452.040031059,601,6162720,50
hafs_global_multiple_4nests_atm_intel,wcoss2,intel,545.2708333333334,75.21253278977173,446,721,334.6041666666667,31.365884423586063,316,449,48
