test_name,machine,compiler,core_mean,core_std,core_min,core_max,mem_mean,mem_std,mem_min,mem_max,n_hashes
hafs_regional_specified_moving_1nest_atm_intel,acorn,intel,235.8095238095238,8.5717576398312,221,261,492.1666666666667,1.9370163965039666,487,496,42
hafs_regional_specified_moving_1nest_atm_intel,derecho,intel,206.5,3.309605470761292,199,213,452.1363636363636,4.294891010832061,446,469,44
hafs_regional_specified_moving_1nest_atm_intel,gaeac6,intel,149.27906976744185,3.9900207744736043,145,169,6338.767441860465,0.9471061011192945,6338,6343,43
hafs_regional_specified_moving_1nest_atm_intel,hercules,intel,194.82608695652175,20.74105359782444,180,268,13676.565217391304,88513.2451827665,601,600952,46
hafs_regional_specified_moving_1nest_atm_intel,orion,intel,267.1333333333333,5.185644520299173,259,279,12111.844444444445,77752.98607097045,512,522104,45
hafs_regional_specified_moving_1nest_atm_intel,ursa,intel,144.84,12.529736059242659,137,223,750.6,7.469666549943646,728,766,50
hafs_regional_specified_moving_1nest_atm_intel,wcoss2,intel,239.41666666666666,7.225349386629358,227,262,421.5833333333333,11.468427211044915,414,496,48
