test_name,machine,compiler,core_mean,core_std,core_min,core_max,mem_mean,mem_std,mem_min,mem_max,n_hashes
hafs_regional_atm_intel,acorn,intel,282.90909090909093,10.365008625442433,270,311,695.5,3.3791425911261563,689,706,44
hafs_regional_atm_intel,derecho,intel,228.5,4.786123352378837,221,242,749.5454545454545,8.420502513465623,738,764,44
hafs_regional_atm_intel,gaeac6,intel,167.7674418604651,3.301061945310525,164,182,6338.674418604651,0.7783049418464302,6338,6342,43
hafs_regional_atm_intel,hera,intel,223.66666666666666,2.0816659994661317,222,226,865.6666666666666,2.5166114784235964,863,868,3
hafs_regional_atm_intel,hercules,intel,215.2826086956522,22.322547687611753,199,300,22532.782608695652,146079.81602411944,973,991756,46
hafs_regional_atm_intel,orion,intel,287.4888888888889,6.730602506537583,276,303,20172.666666666668,129515.19224382345,840,869680,45
hafs_regional_atm_intel,ursa,intel,174.32,14.427072057880116,163,248,1160.74,11.080061150645328,1139,1182,50
hafs_regional_atm_intel,wcoss2,intel,284.625,11.144362185008085,274,343,617.5208333333334,28.253404677782196,595,703,48
