test_name,machine,compiler,core_mean,core_std,core_min,core_max,mem_mean,mem_std,mem_min,mem_max,n_hashes
hafs_regional_atm_wav_intel,acorn,intel,702.0,11.607207792026069,683,731,781.4666666666667,25.053216088231746,762,888,45
hafs_regional_atm_wav_intel,derecho,intel,600.7777777777778,4.263422061767736,591,609,835.8444444444444,7.847858872895753,819,854,45
hafs_regional_atm_wav_intel,gaeac6,intel,448.1136363636364,5.37529191891292,437,461,6338.636363636364,0.6502560887622362,6338,6340,44
hafs_regional_atm_wav_intel,hera,intel,1732.6,20.255863348670204,1708,1763,930.8,4.266145801540302,926,935,5
hafs_regional_atm_wav_intel,hercules,intel,844.4468085106383,57.16635089259746,604,927,24429.191489361703,159832.55517920846,1082,1096872,47
hafs_regional_atm_wav_intel,orion,intel,1588.3478260869565,374.5585975453894,774,1799,21957.391304347828,142274.98929225106,960,965936,46
hafs_regional_atm_wav_intel,ursa,intel,1831.04,394.7643037436441,454,2445,1320.86,18.37923628801296,1287,1361,50
hafs_regional_atm_wav_intel,wcoss2,intel,730.0408163265306,12.374299952713566,709,776,752.4489795918367,58.55163719049259,691,896,49
