test_name,machine,compiler,core_mean,core_std,core_min,core_max,mem_mean,mem_std,mem_min,mem_max,n_hashes
hafs_regional_atm_thompson_gfdlsf_intel,acorn,intel,224.02325581395348,9.71373198864817,211,244,1043.0232558139535,5.143133990333676,1033,1053,43
hafs_regional_atm_thompson_gfdlsf_intel,derecho,intel,214.77272727272728,89.84530986098781,192,794,998.2272727272727,4.523137603959814,977,1006,44
hafs_regional_atm_thompson_gfdlsf_intel,gaeac6,intel,145.2093023255814,3.9854386120266208,141,164,6338.813953488372,0.6988362419217653,6338,6340,43
hafs_regional_atm_thompson_gfdlsf_intel,hercules,intel,184.3913043478261,21.911415858577836,166,264,29223.043478260868,189467.09497769515,1270,1286316,46
hafs_regional_atm_thompson_gfdlsf_intel,orion,intel,264.6666666666667,5.213618530523531,257,276,27485.2,176633.53822232163,1099,1186048,45
hafs_regional_atm_thompson_gfdlsf_intel,ursa,intel,153.94,12.65783616288861,142,201,1462.32,12.757454803416842,1427,1488,50
hafs_regional_atm_thompson_gfdlsf_intel,wcoss2,intel,224.375,10.903103208466298,214,286,959.9375,19.86915309420234,945,1051,48
