test_name,machine,compiler,core_mean,core_std,core_min,core_max,mem_mean,mem_std,mem_min,mem_max,n_hashes
hafs_global_multiple_4nests_atm_intel,acorn,intel,550.0909090909091,77.36347860851502,462,632,427.40909090909093,17.441354467642768,416,481,44
hafs_global_multiple_4nests_atm_intel,derecho,intel,432.09090909090907,64.07256721032621,359,511,382.25,2.242558754512764,377,387,44
hafs_global_multiple_4nests_atm_intel,gaeac6,intel,302.6744186046512,46.02469364644562,253,362,6338.6511627906975,0.6127114185258166,6338,6340,43
hafs_global_multiple_4nests_atm_intel,hera,intel,382.0,4.358898943540674,377,385,418.6666666666667,2.309401076758499,416,420,3
hafs_global_multiple_4nests_atm_intel,hercules,intel,446.6521739130435,101.26054784922236,342,664,11371.760869565218,73682.66815418212,494,500248,46
hafs_global_multiple_4nests_atm_intel,orion,intel,597.5777777777778,101.77213605288858,486,742,9617.577777777778,61730.48161362015,410,414516,45
hafs_global_multiple_4nests_atm_intel,ursa,intel,323.02,61.72932687077005,259,537,123865.1,871452.091981486,601,6162720,50
hafs_global_multiple_4nests_atm_intel,wcoss2,intel,542.5625,75.28298563109684,446,721,336.6875,33.80491985470425,316,449,48
