test_name,machine,compiler,core_mean,core_std,core_min,core_max,mem_mean,mem_std,mem_min,mem_max,n_hashes
hafs_regional_atm_thompson_gfdlsf_intel,acorn,intel,222.6888888888889,9.713678785895459,211,244,1043.3777777777777,5.27553913181525,1033,1053,45
hafs_regional_atm_thompson_gfdlsf_intel,derecho,intel,199.22222222222223,4.9308347481061885,192,210,998.1555555555556,3.0670948317700995,992,1005,45
hafs_regional_atm_thompson_gfdlsf_intel,gaeac6,intel,144.5681818181818,3.8057345180644577,141,164,6338.772727272727,0.6773284169111413,6338,6340,44
hafs_regional_atm_thompson_gfdlsf_intel,hera,intel,196.4,2.607680962081058,195,201,1148.0,2.9154759474226357,1145,1152,5
hafs_regional_atm_thompson_gfdlsf_intel,hercules,intel,186.12765957446808,22.1110016107235,166,264,28624.91489361702,187441.21074153748,1264,1286316,47
hafs_regional_atm_thompson_gfdlsf_intel,orion,intel,263.8695652173913,5.402092992132993,256,276,26920.152173913044,174701.9485592492,1099,1186048,46
hafs_regional_atm_thompson_gfdlsf_intel,ursa,intel,153.26,12.860015552090129,142,201,1461.4,12.994504332876444,1427,1488,50
hafs_regional_atm_thompson_gfdlsf_intel,wcoss2,intel,224.44897959183675,10.7665787363988,214,286,969.5102040816327,32.502001508227416,946,1051,49
