test_name,machine,compiler,core_mean,core_std,core_min,core_max,mem_mean,mem_std,mem_min,mem_max,n_hashes
hafs_regional_telescopic_2nests_atm_intel,acorn,intel,408.45238095238096,10.672971060860714,389,432,469.26190476190476,2.209287754221348,464,476,42
hafs_regional_telescopic_2nests_atm_intel,derecho,intel,340.27272727272725,9.495074944567815,331,394,426.1363636363636,2.152239602496408,421,430,44
hafs_regional_telescopic_2nests_atm_intel,gaeac6,intel,243.06976744186048,3.4253630244677886,238,251,6338.767441860465,0.868419727965788,6338,6342,43
hafs_regional_telescopic_2nests_atm_intel,hercules,intel,353.39130434782606,66.25589391337853,317,714,13721.04347826087,88845.35499318315,593,603200,46
hafs_regional_telescopic_2nests_atm_intel,orion,intel,459.4,8.87130204648674,446,480,11625.622222222222,74615.71492359089,497,501040,45
hafs_regional_telescopic_2nests_atm_intel,ursa,intel,249.12,14.787805235175012,235,324,812.42,9.525668866118458,794,834,50
hafs_regional_telescopic_2nests_atm_intel,wcoss2,intel,412.6041666666667,11.131208921619322,401,451,400.1666666666667,11.252107761571345,392,473,48
