test_name,machine,compiler,core_mean,core_std,core_min,core_max,mem_mean,mem_std,mem_min,mem_max,n_hashes
hafs_regional_docn_oisst_intel,acorn,intel,417.6904761904762,11.182495238886181,402,440,723.5,7.961033147807352,717,769,42
hafs_regional_docn_oisst_intel,derecho,intel,361.15909090909093,6.77184040052242,350,382,779.9090909090909,5.4806984015075875,771,788,44
hafs_regional_docn_oisst_intel,gaeac6,intel,264.2325581395349,3.8596644888872853,258,277,6338.7441860465115,0.7268006622572819,6338,6340,43
hafs_regional_docn_oisst_intel,hercules,intel,333.04347826086956,27.89580336557145,307,437,24095.521739130436,156214.3139702262,1037,1060560,46
hafs_regional_docn_oisst_intel,orion,intel,404.24444444444447,7.766933276734961,392,428,21672.222222222223,139111.65012596062,929,934124,45
hafs_regional_docn_oisst_intel,ursa,intel,272.28,18.791053016512624,257,367,1279.58,13.443897029765532,1247,1304,50
hafs_regional_docn_oisst_intel,wcoss2,intel,438.6875,12.688001116819981,419,485,656.4375,19.14658599644199,640,721,48
