test_name,machine,compiler,core_mean,core_std,core_min,core_max,mem_mean,mem_std,mem_min,mem_max,n_hashes
hafs_global_multiple_4nests_atm_intel,acorn,intel,562.780487804878,74.77048622120958,462,632,427.5853658536585,18.080342377505044,416,481,41
hafs_global_multiple_4nests_atm_intel,derecho,intel,447.79545454545456,63.178808467107594,359,550,381.79545454545456,4.003368032361877,360,386,44
hafs_global_multiple_4nests_atm_intel,gaeac6,intel,313.48837209302326,45.07104027084738,253,362,6338.767441860465,0.6487060124485093,6338,6340,43
hafs_global_multiple_4nests_atm_intel,hercules,intel,459.8695652173913,101.73071396707684,344,664,11374.826086956522,73682.20656193563,494,500248,46
hafs_global_multiple_4nests_atm_intel,orion,intel,620.3111111111111,97.42802056861862,487,742,9617.68888888889,61730.464686785446,410,414516,45
hafs_global_multiple_4nests_atm_intel,ursa,intel,332.54,58.981910059659086,259,537,123867.16,871451.7946990869,607,6162720,50
hafs_global_multiple_4nests_atm_intel,wcoss2,intel,554.9583333333334,75.53693145862101,446,721,325.6041666666667,9.562203038544737,316,360,48
