test_name,machine,compiler,core_mean,core_std,core_min,core_max,mem_mean,mem_std,mem_min,mem_max,n_hashes
hafs_regional_storm_following_1nest_atm_ocn_wav_mom6_intel,acorn,intel,322.4418604651163,6.161718705737706,304,335,773.0697674418604,2.806415684150861,769,781,43
hafs_regional_storm_following_1nest_atm_ocn_wav_mom6_intel,derecho,intel,276.02272727272725,12.172192167249417,266,351,618.8409090909091,2.101419031281395,615,624,44
hafs_regional_storm_following_1nest_atm_ocn_wav_mom6_intel,gaeac6,intel,202.09302325581396,3.198317664085086,197,213,6338.790697674419,0.6383811197412879,6338,6340,43
hafs_regional_storm_following_1nest_atm_ocn_wav_mom6_intel,hercules,intel,642.5,149.4174986033727,259,743,18592.369565217392,120402.28100263781,811,817448,46
hafs_regional_storm_following_1nest_atm_ocn_wav_mom6_intel,orion,intel,611.5333333333333,122.63408246412655,402,696,16607.4,106617.84552153804,704,715928,45
hafs_regional_storm_following_1nest_atm_ocn_wav_mom6_intel,ursa,intel,1070.44,243.4679009140839,214,1347,1093.68,13.365261092909215,1069,1128,50
hafs_regional_storm_following_1nest_atm_ocn_wav_mom6_intel,wcoss2,intel,336.0,11.407351119978197,323,377,703.7708333333334,16.853864489396845,693,783,48
