test_name,machine,compiler,core_mean,core_std,core_min,core_max,mem_mean,mem_std,mem_min,mem_max,n_hashes
hafs_regional_atm_intel,acorn,intel,282.9318181818182,10.368552022145654,270,311,695.5454545454545,3.4130702638229833,689,706,44
hafs_regional_atm_intel,derecho,intel,228.5681818181818,4.8146951762901615,221,242,749.8636363636364,8.508794107687548,738,764,44
hafs_regional_atm_intel,gaeac6,intel,167.7906976744186,3.2845825967684883,164,182,6338.720930232558,0.7965874057607628,6338,6342,43
hafs_regional_atm_intel,hera,intel,224.0,2.8284271247461903,222,226,864.5,2.1213203435596424,863,866,2
hafs_regional_atm_intel,hercules,intel,215.15217391304347,22.323846135471218,199,300,22533.543478260868,146079.70137697758,973,991756,46
hafs_regional_atm_intel,orion,intel,287.6222222222222,6.699012440409955,276,303,20172.155555555557,129515.27018322721,840,869680,45
hafs_regional_atm_intel,ursa,intel,174.28,14.42509151811948,163,248,1161.04,10.817521689842144,1139,1182,50
hafs_regional_atm_intel,wcoss2,intel,284.4791666666667,11.104895572393238,274,343,615.8125,25.710049570861806,595,703,48
