test_name,machine,compiler,core_mean,core_std,core_min,core_max,mem_mean,mem_std,mem_min,mem_max,n_hashes
hafs_global_storm_following_1nest_atm_intel,acorn,intel,94.55555555555556,4.159084009488124,84,102,404.2,2.0954496154546587,400,409,45
hafs_global_storm_following_1nest_atm_intel,derecho,intel,77.97777777777777,2.562747893897636,74,85,369.2,3.0792561085135812,363,375,45
hafs_global_storm_following_1nest_atm_intel,gaeac6,intel,56.90909090909091,5.395166578535643,54,81,6338.704545454545,0.7338824902623993,6338,6340,44
hafs_global_storm_following_1nest_atm_intel,hera,intel,63.6,1.3416407864998738,62,65,399.6,2.0736441353327755,397,402,5
hafs_global_storm_following_1nest_atm_intel,hercules,intel,58.234042553191486,11.01621880595872,50,114,9924.148936170213,64949.8535373315,437,445724,47
hafs_global_storm_following_1nest_atm_intel,orion,intel,89.80434782608695,18.083288252131076,82,200,9026.04347826087,58537.52998925144,389,397416,46
hafs_global_storm_following_1nest_atm_intel,ursa,intel,46.56,2.893765289552764,43,54,524.22,8.762838977110997,508,550,50
hafs_global_storm_following_1nest_atm_intel,wcoss2,intel,84.81632653061224,7.851946333520738,77,111,322.3673469387755,36.3602884783838,302,417,49
