test_name,machine,compiler,core_mean,core_std,core_min,core_max,mem_mean,mem_std,mem_min,mem_max,n_hashes
hafs_regional_atm_wav_intel,acorn,intel,701.952380952381,12.299023123913342,683,731,783.0238095238095,30.995269580261404,762,889,42
hafs_regional_atm_wav_intel,derecho,intel,612.0227272727273,68.13000180447217,591,1053,834.7727272727273,7.9324580089292605,819,854,44
hafs_regional_atm_wav_intel,gaeac6,intel,447.51162790697674,6.033131118776164,435,461,6338.558139534884,0.6287677132370098,6338,6340,43
hafs_regional_atm_wav_intel,hercules,intel,819.8478260869565,93.61195730634327,604,927,24935.847826086956,161560.55040743737,1082,1096872,46
hafs_regional_atm_wav_intel,orion,intel,1476.0222222222221,448.7668198361579,773,1799,22421.266666666666,143847.48502816193,960,965936,45
hafs_regional_atm_wav_intel,ursa,intel,1834.18,403.76694075788276,454,2445,1319.6,18.182745801939785,1287,1361,50
hafs_regional_atm_wav_intel,wcoss2,intel,730.8125,11.70861884763305,713,776,739.5416666666666,55.18709313079422,691,850,48
