test_name,machine,compiler,core_mean,core_std,core_min,core_max,mem_mean,mem_std,mem_min,mem_max,n_hashes
hafs_regional_atm_wav_intel,acorn,intel,701.5681818181819,12.145240674269932,683,731,783.1136363636364,30.271804295524802,762,889,44
hafs_regional_atm_wav_intel,derecho,intel,611.8409090909091,68.17349385406774,591,1053,835.1818181818181,7.97458966582402,819,854,44
hafs_regional_atm_wav_intel,gaeac6,intel,447.86046511627904,5.821067629734665,435,461,6338.627906976744,0.6554989308027043,6338,6340,43
hafs_regional_atm_wav_intel,hera,intel,1732.0,,1732,1732,926.0,,926,926,1
hafs_regional_atm_wav_intel,hercules,intel,829.304347826087,82.31129787856653,604,927,24935.804347826088,161560.55695973156,1082,1096872,46
hafs_regional_atm_wav_intel,orion,intel,1518.1555555555556,424.9075276700886,773,1799,22422.133333333335,143847.35289686898,960,965936,45
hafs_regional_atm_wav_intel,ursa,intel,1830.34,398.5585051668277,454,2445,1320.4,18.295756171242104,1287,1361,50
hafs_regional_atm_wav_intel,wcoss2,intel,730.4166666666666,12.114407342013346,712,776,743.7083333333334,55.404492610423155,691,850,48
