test_name,machine,compiler,core_mean,core_std,core_min,core_max,mem_mean,mem_std,mem_min,mem_max,n_hashes
hafs_regional_atm_thompson_gfdlsf_intel,acorn,intel,224.26190476190476,9.703053388695702,211,244,1042.904761904762,5.1457276799849,1033,1053,42
hafs_regional_atm_thompson_gfdlsf_intel,derecho,intel,214.9318181818182,89.81567629453802,192,794,998.2272727272727,4.523137603959793,977,1006,44
hafs_regional_atm_thompson_gfdlsf_intel,gaeac6,intel,145.2325581395349,3.993072628239616,141,164,6338.790697674419,0.6746476870643295,6338,6340,43
hafs_regional_atm_thompson_gfdlsf_intel,hercules,intel,184.34782608695653,21.885781677004978,166,264,29223.760869565216,189466.98688258007,1270,1286316,46
hafs_regional_atm_thompson_gfdlsf_intel,orion,intel,264.77777777777777,5.120763831912418,257,276,27483.4,176633.8127302049,1099,1186048,45
hafs_regional_atm_thompson_gfdlsf_intel,ursa,intel,155.42,15.482827880709438,142,218,1462.46,12.859063348630052,1427,1488,50
hafs_regional_atm_thompson_gfdlsf_intel,wcoss2,intel,224.33333333333334,10.88495610939916,214,286,958.0833333333334,15.042964473196225,945,1051,48
