test_name,machine,compiler,core_mean,core_std,core_min,core_max,mem_mean,mem_std,mem_min,mem_max,n_hashes
hafs_global_storm_following_1nest_atm_intel,acorn,intel,94.36363636363636,4.063970501466081,84,101,404.09090909090907,2.0094912212516713,400,409,44
hafs_global_storm_following_1nest_atm_intel,derecho,intel,77.75,2.3637278401553727,74,84,369.1363636363636,3.092307854126633,363,375,44
hafs_global_storm_following_1nest_atm_intel,gaeac6,intel,56.86046511627907,5.4492524404241385,54,81,6338.697674418605,0.7411343853764628,6338,6340,43
hafs_global_storm_following_1nest_atm_intel,hera,intel,64.0,1.7320508075688772,62,65,399.6666666666667,2.5166114784235907,397,402,3
hafs_global_storm_following_1nest_atm_intel,hercules,intel,58.06521739130435,11.146304168573431,50,114,10130.195652173914,65652.02064711913,437,445724,46
hafs_global_storm_following_1nest_atm_intel,orion,intel,87.33333333333333,7.245688373094718,82,118,9217.866666666667,59184.369246986455,389,397416,45
hafs_global_storm_following_1nest_atm_intel,ursa,intel,46.7,2.894399941336401,43,54,524.28,8.444391932048212,508,550,50
hafs_global_storm_following_1nest_atm_intel,wcoss2,intel,84.35416666666667,7.53287711227606,77,111,318.375,32.03430674309399,302,417,48
