test_name,machine,compiler,core_mean,core_std,core_min,core_max,mem_mean,mem_std,mem_min,mem_max,n_hashes
hafs_regional_telescopic_2nests_atm_intel,acorn,intel,407.8636363636364,10.632532151736799,389,432,470.09090909090907,5.264263820605738,464,501,44
hafs_regional_telescopic_2nests_atm_intel,derecho,intel,338.6363636363636,4.784135163228814,331,347,426.15909090909093,2.2613350843332096,421,431,44
hafs_regional_telescopic_2nests_atm_intel,gaeac6,intel,242.34883720930233,2.9911275221596,238,251,6338.697674418605,0.8600909066274915,6338,6342,43
hafs_regional_telescopic_2nests_atm_intel,hera,intel,353.0,2.8284271247461903,351,355,502.5,2.1213203435596424,501,504,2
hafs_regional_telescopic_2nests_atm_intel,hercules,intel,354.39130434782606,66.62548003108105,317,714,13717.173913043478,88845.93754942172,593,603200,46
hafs_regional_telescopic_2nests_atm_intel,orion,intel,458.31111111111113,9.300103181788858,445,480,11625.533333333333,74615.72847371816,497,501040,45
hafs_regional_telescopic_2nests_atm_intel,ursa,intel,246.98,10.282717817497737,235,280,812.34,9.3952006853695,794,834,50
hafs_regional_telescopic_2nests_atm_intel,wcoss2,intel,412.2708333333333,11.192207743979598,401,451,404.9583333333333,21.224191670278934,392,475,48
