test_name,machine,compiler,core_mean,core_std,core_min,core_max,mem_mean,mem_std,mem_min,mem_max,n_hashes
hafs_regional_specified_moving_1nest_atm_intel,acorn,intel,235.6590909090909,8.405267401134035,221,261,492.27272727272725,2.0272978506013564,487,497,44
hafs_regional_specified_moving_1nest_atm_intel,derecho,intel,206.3181818181818,3.455852651310349,199,213,452.15909090909093,4.31300457415242,446,469,44
hafs_regional_specified_moving_1nest_atm_intel,gaeac6,intel,149.06976744186048,3.9604914848755604,145,169,6338.7441860465115,0.9535153819472884,6338,6343,43
hafs_regional_specified_moving_1nest_atm_intel,hera,intel,201.0,,201,201,517.0,,517,517,1
hafs_regional_specified_moving_1nest_atm_intel,hercules,intel,194.34782608695653,20.597969038291513,180,268,13673.5,88513.70660731968,601,600952,46
hafs_regional_specified_moving_1nest_atm_intel,orion,intel,266.6,5.314645288770865,258,279,12111.555555555555,77753.03010890419,512,522104,45
hafs_regional_specified_moving_1nest_atm_intel,ursa,intel,144.74,12.575989432409747,137,223,751.04,7.464090906548798,728,766,50
hafs_regional_specified_moving_1nest_atm_intel,wcoss2,intel,239.5625,7.213775975852538,227,262,424.7291666666667,18.89809129541736,414,499,48
