test_name,machine,compiler,core_mean,core_std,core_min,core_max,mem_mean,mem_std,mem_min,mem_max,n_hashes
hafs_regional_docn_intel,acorn,intel,414.1860465116279,12.053957686276654,397,441,737.6279069767442,22.487057924201224,719,830,43
hafs_regional_docn_intel,derecho,intel,357.45454545454544,5.500336334132985,348,370,787.8636363636364,4.459590705439477,776,796,44
hafs_regional_docn_intel,gaeac6,intel,260.5348837209302,3.514248800101434,255,273,6338.6511627906975,0.7199114009717407,6338,6340,43
hafs_regional_docn_intel,hercules,intel,337.17391304347825,60.82992843359852,305,688,24246.521739130436,157174.23984719624,1045,1067080,46
hafs_regional_docn_intel,orion,intel,401.53333333333336,24.24927365360193,389,557,21904.444444444445,140588.64199929903,934,944044,45
hafs_regional_docn_intel,ursa,intel,275.34,54.77471858365288,255,646,1285.1,17.246413410045662,1253,1320,50
hafs_regional_docn_intel,wcoss2,intel,433.3125,14.685578756189855,413,494,675.4375,25.496688354005446,652,765,48
