test_name,machine,compiler,core_mean,core_std,core_min,core_max,mem_mean,mem_std,mem_min,mem_max,n_hashes
hafs_global_storm_following_1nest_atm_intel,acorn,intel,94.4390243902439,4.074609063995002,84,101,404.0,1.9104973174542816,400,409,41
hafs_global_storm_following_1nest_atm_intel,derecho,intel,77.88636363636364,2.2947453533641737,74,84,368.65909090909093,2.9956804702630824,363,374,44
hafs_global_storm_following_1nest_atm_intel,gaeac6,intel,57.30232558139535,5.642250833036531,53,81,6338.674418604651,0.7145071639000387,6338,6340,43
hafs_global_storm_following_1nest_atm_intel,hercules,intel,58.54347826086956,11.367998986901062,51,114,10131.434782608696,65651.83402893112,437,445724,46
hafs_global_storm_following_1nest_atm_intel,orion,intel,87.62222222222222,7.145529081781549,82,118,9218.444444444445,59184.28118119155,389,397416,45
hafs_global_storm_following_1nest_atm_intel,ursa,intel,46.9,3.038863912311804,43,54,523.46,8.885231957511055,508,550,50
hafs_global_storm_following_1nest_atm_intel,wcoss2,intel,82.72916666666667,5.409761009915056,77,104,307.5208333333333,3.9732594654945306,302,319,48
