test_name,machine,compiler,core_mean,core_std,core_min,core_max,mem_mean,mem_std,mem_min,mem_max,n_hashes
hafs_regional_docn_intel,acorn,intel,413.6136363636364,12.087310103538833,397,441,738.8409090909091,22.168428400745626,719,830,44
hafs_regional_docn_intel,derecho,intel,356.90909090909093,5.472205379229948,348,370,788.0,4.4198284718900585,776,796,44
hafs_regional_docn_intel,gaeac6,intel,263.6511627906977,14.909063591894496,255,329,6338.6511627906975,0.7199114009719055,6338,6340,43
hafs_regional_docn_intel,hera,intel,347.6666666666667,1.1547005383792557,347,349,905.0,2.6457513110645907,902,907,3
hafs_regional_docn_intel,hercules,intel,335.7173913043478,61.13142964810537,305,688,24246.58695652174,157174.23002382152,1045,1067080,46
hafs_regional_docn_intel,orion,intel,401.22222222222223,24.322538078618738,389,557,21905.28888888889,140588.51325824825,934,944044,45
hafs_regional_docn_intel,ursa,intel,275.24,54.81008398207807,255,646,1287.12,17.344810433659692,1257,1320,50
hafs_regional_docn_intel,wcoss2,intel,432.25,14.856046838226328,413,494,680.7083333333334,31.029127245036346,652,765,48
