test_name,machine,compiler,core_mean,core_std,core_min,core_max,mem_mean,mem_std,mem_min,mem_max,n_hashes
hafs_regional_atm_wav_intel,acorn,intel,702.1951219512196,12.34953341668243,683,731,782.9512195121952,31.376704112694974,762,889,41
hafs_regional_atm_wav_intel,derecho,intel,612.6590909090909,68.0598037917947,596,1053,834.8409090909091,7.982373552172712,819,854,44
hafs_regional_atm_wav_intel,gaeac6,intel,447.3953488372093,6.091131472354722,435,461,6338.511627906977,0.5924964546109236,6338,6340,43
hafs_regional_atm_wav_intel,hercules,intel,814.0869565217391,98.54402875803665,604,927,24936.347826086956,161560.47504884866,1082,1096872,46
hafs_regional_atm_wav_intel,orion,intel,1453.5777777777778,458.1218818020577,773,1799,22420.844444444443,143847.5493819057,960,965936,45
hafs_regional_atm_wav_intel,ursa,intel,1840.34,406.72548080332257,454,2445,1319.56,18.15259581145005,1287,1361,50
hafs_regional_atm_wav_intel,wcoss2,intel,730.2916666666666,11.247615980652379,713,776,737.5833333333334,55.06237597694955,691,850,48
