test_name,machine,compiler,core_mean,core_std,core_min,core_max,mem_mean,mem_std,mem_min,mem_max,n_hashes
hafs_regional_storm_following_1nest_atm_intel,acorn,intel,223.34146341463415,5.939738024936626,211,235,492.1219512195122,2.5218556853160896,488,502,41
hafs_regional_storm_following_1nest_atm_intel,derecho,intel,194.29545454545453,3.6381668362127724,187,205,451.04545454545456,3.58261010122798,445,460,44
hafs_regional_storm_following_1nest_atm_intel,gaeac6,intel,139.46511627906978,4.832178041940757,134,165,6338.697674418605,0.8873417691522009,6338,6342,43
hafs_regional_storm_following_1nest_atm_intel,hercules,intel,189.67391304347825,30.60069305520607,171,344,13740.0,88936.54767779354,596,603824,46
hafs_regional_storm_following_1nest_atm_intel,orion,intel,255.82222222222222,5.824278686860905,247,274,12055.844444444445,77366.95963451639,514,519516,45
hafs_regional_storm_following_1nest_atm_intel,ursa,intel,132.98,9.681646849285805,126,192,750.4,11.355121113850078,695,769,50
hafs_regional_storm_following_1nest_atm_intel,wcoss2,intel,225.72916666666666,5.561033056229952,216,245,419.4791666666667,3.5128310903747906,411,432,48
