test_name,machine,compiler,core_mean,core_std,core_min,core_max,mem_mean,mem_std,mem_min,mem_max,n_hashes
hafs_regional_specified_moving_1nest_atm_intel,acorn,intel,235.47727272727272,8.362398221617614,221,261,492.34090909090907,2.0791677876539283,487,497,44
hafs_regional_specified_moving_1nest_atm_intel,derecho,intel,206.04545454545453,3.5104796296865097,199,213,452.27272727272725,4.2664926849658436,446,469,44
hafs_regional_specified_moving_1nest_atm_intel,gaeac6,intel,148.88372093023256,3.983354068439245,145,169,6338.627906976744,0.6908674951845799,6338,6340,43
hafs_regional_specified_moving_1nest_atm_intel,hera,intel,203.0,1.8257418583505498,201,205,517.25,2.362907813126318,514,519,4
hafs_regional_specified_moving_1nest_atm_intel,hercules,intel,194.8695652173913,20.499982325902593,180,268,13668.95652173913,88514.3904086804,601,600952,46
hafs_regional_specified_moving_1nest_atm_intel,orion,intel,266.15555555555557,5.534830027592862,258,279,12111.044444444444,77753.10802702111,512,522104,45
hafs_regional_specified_moving_1nest_atm_intel,ursa,intel,144.68,12.560774706382157,137,223,751.04,7.513144943282765,728,766,50
hafs_regional_specified_moving_1nest_atm_intel,wcoss2,intel,239.22916666666666,7.331771674467561,227,262,429.5208333333333,25.288959480990986,415,499,48
