test_name,machine,compiler,core_mean,core_std,core_min,core_max,mem_mean,mem_std,mem_min,mem_max,n_hashes
hafs_regional_docn_intel,acorn,intel,413.97727272727275,11.993193101134505,397,441,737.9090909090909,22.30217236453867,719,830,44
hafs_regional_docn_intel,derecho,intel,357.27272727272725,5.579712572257304,348,370,787.9318181818181,4.469002944171138,776,796,44
hafs_regional_docn_intel,gaeac6,intel,262.06976744186045,10.874599825887865,255,328,6338.6511627906975,0.7199114009717866,6338,6340,43
hafs_regional_docn_intel,hera,intel,349.0,,349,349,906.0,,906,906,1
hafs_regional_docn_intel,hercules,intel,336.30434782608694,60.928325675052136,305,688,24246.565217391304,157174.23329861282,1045,1067080,46
hafs_regional_docn_intel,orion,intel,401.4222222222222,24.26790706120561,389,557,21904.844444444443,140588.58101582585,934,944044,45
hafs_regional_docn_intel,ursa,intel,275.22,54.80663225172215,255,646,1285.84,17.594479653735583,1253,1320,50
hafs_regional_docn_intel,wcoss2,intel,432.7916666666667,14.633040918579493,413,494,677.1458333333334,27.6443904381167,652,765,48
