test_name,machine,compiler,core_mean,core_std,core_min,core_max,mem_mean,mem_std,mem_min,mem_max,n_hashes
hafs_regional_docn_intel,acorn,intel,413.75,12.067879719744983,397,441,738.3636363636364,22.23666667036402,719,830,44
hafs_regional_docn_intel,derecho,intel,356.97727272727275,5.504706807829973,348,370,787.9090909090909,4.460775726772966,776,796,44
hafs_regional_docn_intel,gaeac6,intel,263.6279069767442,14.914076533539827,255,329,6338.674418604651,0.7145071639002615,6338,6340,43
hafs_regional_docn_intel,hera,intel,348.0,1.4142135623730951,347,349,904.0,2.8284271247461903,902,906,2
hafs_regional_docn_intel,hercules,intel,336.0,61.02094358132751,305,688,24246.456521739132,157174.2496704012,1045,1067080,46
hafs_regional_docn_intel,orion,intel,401.2888888888889,24.30920347805279,389,557,21904.955555555556,140588.56407535682,934,944044,45
hafs_regional_docn_intel,ursa,intel,275.12,54.82835554189612,255,646,1286.98,17.26680193259865,1257,1320,50
hafs_regional_docn_intel,wcoss2,intel,432.4375,14.832262492226125,413,494,678.9583333333334,29.361980289565338,652,765,48
