test_name,machine,compiler,core_mean,core_std,core_min,core_max,mem_mean,mem_std,mem_min,mem_max,n_hashes
hafs_regional_atm_gfdlmpv3_intel,acorn,intel,295.0681818181818,11.310414479014636,279,326,905.3409090909091,1.89175913971785,902,911,44
hafs_regional_atm_gfdlmpv3_intel,derecho,intel,341.1818181818182,13.289745526240129,321,382,994.3636363636364,1.6152026165780045,992,998,44
hafs_regional_atm_gfdlmpv3_intel,gaeac6,intel,237.53488372093022,5.328936448920503,232,259,6338.720930232558,0.7012092071268602,6338,6340,43
hafs_regional_atm_gfdlmpv3_intel,hera,intel,318.75,4.349329450233293,315,325,1066.75,3.3040379335998606,1063,1071,4
hafs_regional_atm_gfdlmpv3_intel,hercules,intel,320.2826086956522,32.15218191557717,293,398,26888.760869565216,174293.70972791678,1160,1183308,46
hafs_regional_atm_gfdlmpv3_intel,orion,intel,394.26666666666665,43.98884156031145,353,498,24684.911111111112,158473.86121531815,1044,1064136,45
hafs_regional_atm_gfdlmpv3_intel,ursa,intel,246.18,27.989568027523166,235,429,1369.28,15.617938404283732,1336,1403,50
hafs_regional_atm_gfdlmpv3_intel,wcoss2,intel,336.0416666666667,10.617044372407678,326,392,841.25,26.662189340441113,821,914,48
