test_name,machine,compiler,core_mean,core_std,core_min,core_max,mem_mean,mem_std,mem_min,mem_max,n_hashes
hafs_regional_storm_following_1nest_atm_ocn_wav_mom6_intel,acorn,intel,323.15555555555557,5.865754061249975,304,335,773.2666666666667,2.79122000044945,769,781,45
hafs_regional_storm_following_1nest_atm_ocn_wav_mom6_intel,derecho,intel,275.35555555555555,12.16207883612673,266,351,618.8444444444444,1.9534998377684747,615,624,45
hafs_regional_storm_following_1nest_atm_ocn_wav_mom6_intel,gaeac6,intel,202.54545454545453,3.3163060526880086,198,213,6338.840909090909,0.6078242485494709,6338,6340,44
hafs_regional_storm_following_1nest_atm_ocn_wav_mom6_intel,hera,intel,627.0,7.778174593052033,619,639,697.4,62.47639554263673,664,809,5
hafs_regional_storm_following_1nest_atm_ocn_wav_mom6_intel,hercules,intel,680.3191489361702,91.19475251469501,263,743,18209.14893617021,119115.33952215113,811,817448,47
hafs_regional_storm_following_1nest_atm_ocn_wav_mom6_intel,orion,intel,635.5652173913044,104.7962366105266,402,696,16261.41304347826,105452.65942520286,704,715928,46
hafs_regional_storm_following_1nest_atm_ocn_wav_mom6_intel,ursa,intel,1067.28,239.6501736162228,214,1347,1094.34,13.399070939465025,1069,1128,50
hafs_regional_storm_following_1nest_atm_ocn_wav_mom6_intel,wcoss2,intel,336.7551020408163,11.22410095182998,323,377,711.265306122449,26.65034045295672,693,783,49
