test_name,machine,compiler,core_mean,core_std,core_min,core_max,mem_mean,mem_std,mem_min,mem_max,n_hashes
hafs_regional_atm_thompson_gfdlsf_intel,acorn,intel,223.79545454545453,9.718310565818511,211,244,1043.090909090909,5.102749745802574,1033,1053,44
hafs_regional_atm_thompson_gfdlsf_intel,derecho,intel,213.4318181818182,89.716970401439,192,794,998.6590909090909,3.1471151930069627,993,1006,44
hafs_regional_atm_thompson_gfdlsf_intel,gaeac6,intel,144.95348837209303,3.891097827533122,141,164,6338.813953488372,0.6988362419217988,6338,6340,43
hafs_regional_atm_thompson_gfdlsf_intel,hera,intel,196.0,,196,196,1152.0,,1152,1152,1
hafs_regional_atm_thompson_gfdlsf_intel,hercules,intel,184.58695652173913,22.09331330411134,166,264,29221.978260869564,189467.25551755656,1264,1286316,46
hafs_regional_atm_thompson_gfdlsf_intel,orion,intel,264.26666666666665,5.171600772048677,256,276,27487.0,176633.2636639852,1099,1186048,45
hafs_regional_atm_thompson_gfdlsf_intel,ursa,intel,153.78,12.758814480145691,142,201,1462.32,12.75745480341683,1427,1488,50
hafs_regional_atm_thompson_gfdlsf_intel,wcoss2,intel,224.29166666666666,10.874444634062504,214,286,961.9375,23.45789006673408,945,1051,48
