test_name,machine,compiler,core_mean,core_std,core_min,core_max,mem_mean,mem_std,mem_min,mem_max,n_hashes
hafs_regional_atm_wav_intel,acorn,intel,701.6818181818181,11.999559540894667,683,731,783.0909090909091,30.190725652647128,762,889,44
hafs_regional_atm_wav_intel,derecho,intel,601.4090909090909,4.1947818183037,591,609,835.2954545454545,7.978399750531613,819,854,44
hafs_regional_atm_wav_intel,gaeac6,intel,448.0,5.723801600501609,435,461,6338.6511627906975,0.6504108932136803,6338,6340,43
hafs_regional_atm_wav_intel,hera,intel,1727.5,6.363961030678928,1723,1732,930.5,6.363961030678928,926,935,2
hafs_regional_atm_wav_intel,hercules,intel,834.6521739130435,75.37940107403479,604,927,24935.804347826088,161560.5569597315,1082,1096872,46
hafs_regional_atm_wav_intel,orion,intel,1539.8,410.92504293251716,773,1799,22422.466666666667,143847.30207167598,960,965936,45
hafs_regional_atm_wav_intel,ursa,intel,1833.76,398.75502990877874,454,2445,1320.74,18.046210524254334,1287,1361,50
hafs_regional_atm_wav_intel,wcoss2,intel,730.3125,12.235553791951737,712,776,745.5625,55.43403449913302,691,850,48
