test_name,machine,compiler,core_mean,core_std,core_min,core_max,mem_mean,mem_std,mem_min,mem_max,n_hashes
hafs_global_1nest_atm_intel,acorn,intel,184.47727272727272,6.2001074122865,175,202,374.15909090909093,3.722609623657568,368,386,44
hafs_global_1nest_atm_intel,derecho,intel,149.9318181818182,3.5397919218358473,145,160,335.59090909090907,2.138443052601034,331,339,44
hafs_global_1nest_atm_intel,gaeac6,intel,104.86046511627907,4.575199164797494,101,126,6338.697674418605,0.5990024930756854,6338,6340,43
hafs_global_1nest_atm_intel,hera,intel,150.0,2.7080128015453226,148,154,363.25,3.862210075418824,358,367,4
hafs_global_1nest_atm_intel,hercules,intel,144.7173913043478,22.43871955495011,128,232,9712.847826086956,62953.15777552118,425,427400,46
hafs_global_1nest_atm_intel,orion,intel,201.84444444444443,5.946563390868393,196,227,8333.622222222222,53461.69873261387,353,358996,45
hafs_global_1nest_atm_intel,ursa,intel,101.24,8.69801760196435,94,135,533.14,6.29547942769176,524,551,50
hafs_global_1nest_atm_intel,wcoss2,intel,172.64583333333334,9.077654546012297,163,203,287.7291666666667,36.25133281971403,267,387,48
