test_name,machine,compiler,core_mean,core_std,core_min,core_max,mem_mean,mem_std,mem_min,mem_max,n_hashes
hafs_regional_storm_following_1nest_atm_intel,acorn,intel,223.27272727272728,5.731851587538238,211,235,492.70454545454544,2.4167972796469783,488,502,44
hafs_regional_storm_following_1nest_atm_intel,derecho,intel,193.27272727272728,3.172290173856411,187,200,451.47727272727275,3.6946764742628657,445,460,44
hafs_regional_storm_following_1nest_atm_intel,gaeac6,intel,139.2325581395349,4.941742556081502,134,165,6338.767441860465,0.8954171494557949,6338,6342,43
hafs_regional_storm_following_1nest_atm_intel,hera,intel,194.75,4.1129875597510255,190,200,517.75,1.8929694486000987,515,519,4
hafs_regional_storm_following_1nest_atm_intel,hercules,intel,189.7173913043478,30.602587431260165,171,344,13731.347826086956,88937.85031587878,596,603824,46
hafs_regional_storm_following_1nest_atm_intel,orion,intel,254.57777777777778,6.2576821474556725,247,274,12055.177777777777,77367.06127941744,514,519516,45
hafs_regional_storm_following_1nest_atm_intel,ursa,intel,132.62,9.785224179593339,126,192,749.82,11.365342951629929,695,769,50
hafs_regional_storm_following_1nest_atm_intel,wcoss2,intel,225.77083333333334,5.631369522153153,216,245,429.3125,26.20715855590735,411,500,48
