test_name,machine,compiler,core_mean,core_std,core_min,core_max,mem_mean,mem_std,mem_min,mem_max,n_hashes
hafs_regional_specified_moving_1nest_atm_intel,acorn,intel,235.82926829268294,8.677276182721132,221,261,492.1219512195122,1.9390090504071853,487,496,41
hafs_regional_specified_moving_1nest_atm_intel,derecho,intel,206.8409090909091,3.291590283767792,200,214,452.02272727272725,4.310552958451084,446,469,44
hafs_regional_specified_moving_1nest_atm_intel,gaeac6,intel,149.34883720930233,3.9574145054702403,145,169,6338.790697674419,0.94006432239109,6338,6343,43
hafs_regional_specified_moving_1nest_atm_intel,hercules,intel,194.8695652173913,20.722085583209864,180,268,13677.869565217392,88513.04880941656,601,600952,46
hafs_regional_specified_moving_1nest_atm_intel,orion,intel,267.35555555555555,5.0863254979117265,259,279,12111.955555555556,77752.96913446618,512,522104,45
hafs_regional_specified_moving_1nest_atm_intel,ursa,intel,144.78,12.541018413874646,137,223,751.04,8.002448604862728,728,771,50
hafs_regional_specified_moving_1nest_atm_intel,wcoss2,intel,239.16666666666666,6.6854345753281335,227,262,420.0833333333333,3.3948229254315336,414,428,48
