test_name,machine,compiler,core_mean,core_std,core_min,core_max,mem_mean,mem_std,mem_min,mem_max,n_hashes
hafs_regional_storm_following_1nest_atm_ocn_wav_mom6_intel,acorn,intel,322.47727272727275,6.094178069477031,304,335,773.0227272727273,2.791087446353531,769,781,44
hafs_regional_storm_following_1nest_atm_ocn_wav_mom6_intel,derecho,intel,275.8636363636364,12.204823501464618,266,351,618.8409090909091,2.10141903128143,615,624,44
hafs_regional_storm_following_1nest_atm_ocn_wav_mom6_intel,gaeac6,intel,202.11627906976744,3.163853153578504,197,213,6338.813953488372,0.6270039854622664,6338,6340,43
hafs_regional_storm_following_1nest_atm_ocn_wav_mom6_intel,hera,intel,624.0,,624,624,664.0,,664,664,1
hafs_regional_storm_following_1nest_atm_ocn_wav_mom6_intel,hercules,intel,651.5,138.3560222357122,259,743,18591.717391304348,120402.37927893896,811,817448,46
hafs_regional_storm_following_1nest_atm_ocn_wav_mom6_intel,orion,intel,617.1111111111111,119.38977842310949,402,696,16607.244444444445,106617.86922871186,704,715928,45
hafs_regional_storm_following_1nest_atm_ocn_wav_mom6_intel,ursa,intel,1067.2,241.9671085760482,214,1347,1093.68,13.365261092909247,1069,1128,50
hafs_regional_storm_following_1nest_atm_ocn_wav_mom6_intel,wcoss2,intel,336.2083333333333,11.44265691013764,323,377,705.1875,19.520481605935387,693,783,48
