test_name,machine,compiler,core_mean,core_std,core_min,core_max,mem_mean,mem_std,mem_min,mem_max,n_hashes
hafs_regional_storm_following_1nest_atm_intel,acorn,intel,223.25,5.67378713604206,211,235,492.40909090909093,2.5180112290621004,488,502,44
hafs_regional_storm_following_1nest_atm_intel,derecho,intel,193.61363636363637,3.3771868649080394,187,201,451.34090909090907,3.6975364634469963,445,460,44
hafs_regional_storm_following_1nest_atm_intel,gaeac6,intel,139.02325581395348,4.837789598040188,134,165,6338.720930232558,0.908310346463483,6338,6342,43
hafs_regional_storm_following_1nest_atm_intel,hera,intel,192.0,2.8284271247461903,190,194,518.5,0.7071067811865476,518,519,2
hafs_regional_storm_following_1nest_atm_intel,hercules,intel,189.1086956521739,30.681321325211364,171,344,13734.391304347826,88937.39220010102,596,603824,46
hafs_regional_storm_following_1nest_atm_intel,orion,intel,254.84444444444443,6.134683645824253,247,274,12055.4,77367.02739345748,514,519516,45
hafs_regional_storm_following_1nest_atm_intel,ursa,intel,132.84,9.746501203728736,126,192,749.76,11.312914779857843,695,769,50
hafs_regional_storm_following_1nest_atm_intel,wcoss2,intel,225.77083333333334,5.623807990326195,216,245,425.9791666666667,22.14794508822898,411,500,48
