test_name,machine,compiler,core_mean,core_std,core_min,core_max,mem_mean,mem_std,mem_min,mem_max,n_hashes
hafs_regional_docn_oisst_intel,acorn,intel,417.1363636363636,11.147198853671602,402,440,723.6363636363636,7.8149853340662245,717,769,44
hafs_regional_docn_oisst_intel,derecho,intel,360.47727272727275,6.986660500349566,350,382,779.1590909090909,5.447180545797982,771,788,44
hafs_regional_docn_oisst_intel,gaeac6,intel,263.93023255813955,4.090612649639475,258,277,6338.697674418605,0.7411343853763067,6338,6340,43
hafs_regional_docn_oisst_intel,hera,intel,352.5,3.5355339059327378,350,355,883.5,2.1213203435596424,882,885,2
hafs_regional_docn_oisst_intel,hercules,intel,330.32608695652175,27.827288243997007,307,437,24093.847826086956,156214.5662094241,1037,1060560,46
hafs_regional_docn_oisst_intel,orion,intel,403.4222222222222,8.046707087342932,392,428,21672.644444444446,139111.58575797337,929,934124,45
hafs_regional_docn_oisst_intel,ursa,intel,271.24,18.96673780219316,257,367,1280.16,11.901569095660305,1258,1304,50
hafs_regional_docn_oisst_intel,wcoss2,intel,437.5208333333333,13.216671585592904,419,485,660.9166666666666,24.846621700526565,640,722,48
