test_name,machine,compiler,core_mean,core_std,core_min,core_max,mem_mean,mem_std,mem_min,mem_max,n_hashes
hafs_regional_atm_gfdlmpv3_intel,acorn,intel,296.8095238095238,11.760284746922046,279,326,905.5952380952381,2.242162760454015,902,911,42
hafs_regional_atm_gfdlmpv3_intel,derecho,intel,341.6363636363636,13.09018966780513,321,382,994.5909090909091,1.6469588862320756,992,998,44
hafs_regional_atm_gfdlmpv3_intel,gaeac6,intel,237.7906976744186,5.311972728051785,232,259,6338.767441860465,0.7183714817731899,6338,6340,43
hafs_regional_atm_gfdlmpv3_intel,hercules,intel,323.2826086956522,35.05719963683369,293,422,26894.739130434784,174292.809152164,1160,1183308,46
hafs_regional_atm_gfdlmpv3_intel,orion,intel,398.24444444444447,44.19386812441271,353,498,24683.066666666666,158474.14245941024,1044,1064136,45
hafs_regional_atm_gfdlmpv3_intel,ursa,intel,243.1,9.14118288241714,235,287,1373.2,14.93250119158668,1339,1405,50
hafs_regional_atm_gfdlmpv3_intel,wcoss2,intel,335.7708333333333,10.454032273727782,326,392,832.9791666666666,12.185602916545264,821,908,48
