test_name,machine,compiler,core_mean,core_std,core_min,core_max,mem_mean,mem_std,mem_min,mem_max,n_hashes
hafs_regional_atm_wav_intel,acorn,intel,701.9090909090909,11.748959739836009,683,731,780.8409090909091,25.42745557126694,762,888,44
hafs_regional_atm_wav_intel,derecho,intel,601.1818181818181,4.2111299222402385,591,609,835.5681818181819,7.928159196512391,819,854,44
hafs_regional_atm_wav_intel,gaeac6,intel,447.9767441860465,5.746586448836702,435,461,6338.627906976744,0.6554989308025021,6338,6340,43
hafs_regional_atm_wav_intel,hera,intel,1721.0,12.12435565298214,1708,1732,932.0,5.196152422706632,926,935,3
hafs_regional_atm_wav_intel,hercules,intel,839.5,67.50102879874416,604,927,24935.869565217392,161560.54713334888,1082,1096872,46
hafs_regional_atm_wav_intel,orion,intel,1561.911111111111,395.1957410415422,774,1799,22423.0,143847.22076295834,960,965936,45
hafs_regional_atm_wav_intel,ursa,intel,1826.08,394.86281988889795,454,2445,1320.44,18.09855107516633,1287,1361,50
hafs_regional_atm_wav_intel,wcoss2,intel,730.1041666666666,12.514229489517586,709,776,747.625,55.27826128065871,691,850,48
