test_name,machine,compiler,core_mean,core_std,core_min,core_max,mem_mean,mem_std,mem_min,mem_max,n_hashes
hafs_global_1nest_atm_intel,acorn,intel,184.8181818181818,6.391392202936316,175,202,374.34090909090907,3.917421920494551,368,386,44
hafs_global_1nest_atm_intel,derecho,intel,163.6818181818182,89.59229948410687,145,744,335.6818181818182,2.3003814372557865,331,341,44
hafs_global_1nest_atm_intel,gaeac6,intel,104.97674418604652,4.677648840079422,101,126,6338.697674418605,0.5990024930760122,6338,6340,43
hafs_global_1nest_atm_intel,hera,intel,149.0,,149,149,358.0,,358,358,1
hafs_global_1nest_atm_intel,hercules,intel,143.82608695652175,22.354024591982032,128,232,9713.282608695652,62953.092264942454,425,427400,46
hafs_global_1nest_atm_intel,orion,intel,202.15555555555557,5.838569078883019,196,227,8333.822222222223,53461.668244763285,353,358996,45
hafs_global_1nest_atm_intel,ursa,intel,100.92,8.108549280146942,94,135,533.04,6.213743818737482,524,551,50
hafs_global_1nest_atm_intel,wcoss2,intel,171.64583333333334,8.37038747757968,163,203,281.125,26.579167173927306,267,385,48
