test_name,machine,compiler,core_mean,core_std,core_min,core_max,mem_mean,mem_std,mem_min,mem_max,n_hashes
hafs_global_storm_following_1nest_atm_intel,acorn,intel,94.5,4.111809424594728,84,101,404.0681818181818,1.969508583174144,400,409,44
hafs_global_storm_following_1nest_atm_intel,derecho,intel,77.81818181818181,2.3255179695367834,74,84,368.97727272727275,3.1511432872710237,363,375,44
hafs_global_storm_following_1nest_atm_intel,gaeac6,intel,57.06976744186046,5.548038472920854,54,81,6338.720930232558,0.7343796019623321,6338,6340,43
hafs_global_storm_following_1nest_atm_intel,hera,intel,62.0,,62,62,400.0,,400,400,1
hafs_global_storm_following_1nest_atm_intel,hercules,intel,57.91304347826087,11.111207729048521,50,114,10130.673913043478,65651.94861220948,437,445724,46
hafs_global_storm_following_1nest_atm_intel,orion,intel,87.4,7.209211279517842,82,118,9217.955555555556,59184.35569931834,389,397416,45
hafs_global_storm_following_1nest_atm_intel,ursa,intel,46.72,2.8787752497851424,43,54,523.64,8.872705222150888,508,550,50
hafs_global_storm_following_1nest_atm_intel,wcoss2,intel,83.89583333333333,7.241251753002005,77,111,314.1458333333333,25.767363146936457,302,417,48
