test_name,machine,compiler,core_mean,core_std,core_min,core_max,mem_mean,mem_std,mem_min,mem_max,n_hashes
hafs_global_multiple_4nests_atm_intel,acorn,intel,545.3777777777777,77.3995797759583,462,632,426.0444444444444,15.192635111005645,416,481,45
hafs_global_multiple_4nests_atm_intel,derecho,intel,427.3777777777778,63.636499278354755,359,505,382.1777777777778,2.2186081723058337,377,387,45
hafs_global_multiple_4nests_atm_intel,gaeac6,intel,299.65909090909093,45.967098031961015,253,362,6338.613636363636,0.6181709363548971,6338,6340,44
hafs_global_multiple_4nests_atm_intel,hera,intel,381.8,3.1144823004794877,377,385,418.4,1.673320053068148,416,420,5
hafs_global_multiple_4nests_atm_intel,hercules,intel,442.93617021276594,99.37815442197657,342,664,11139.531914893618,72894.75662179034,494,500248,47
hafs_global_multiple_4nests_atm_intel,orion,intel,590.8695652173913,102.07657445829616,486,742,9417.434782608696,61055.825511722265,410,414516,46
hafs_global_multiple_4nests_atm_intel,ursa,intel,319.46,62.208408776056835,259,537,123864.0,871452.2507220757,601,6162720,50
hafs_global_multiple_4nests_atm_intel,wcoss2,intel,539.0816326530612,74.4876490697994,446,721,340.81632653061223,37.898259342936775,317,449,49
