test_name,machine,compiler,core_mean,core_std,core_min,core_max,mem_mean,mem_std,mem_min,mem_max,n_hashes
hafs_regional_atm_intel,acorn,intel,282.75,10.259708958200367,270,311,695.4545454545455,3.3442386796882535,689,706,44
hafs_regional_atm_intel,derecho,intel,228.0909090909091,4.355259754185404,221,239,749.1590909090909,8.319054009889074,738,764,44
hafs_regional_atm_intel,gaeac6,intel,167.74418604651163,3.3101073443665383,164,182,6338.674418604651,0.7783049418465138,6338,6342,43
hafs_regional_atm_intel,hera,intel,223.25,1.8929694486000894,222,226,866.0,2.1602468994693,863,868,4
hafs_regional_atm_intel,hercules,intel,215.65217391304347,22.306169939980844,199,300,22532.065217391304,146079.92409612276,973,991756,46
hafs_regional_atm_intel,orion,intel,287.35555555555555,6.759355656339454,276,303,20173.266666666666,129515.10072809689,840,869680,45
hafs_regional_atm_intel,ursa,intel,174.2,14.480105986758355,163,248,1160.64,11.109400321808682,1139,1182,50
hafs_regional_atm_intel,wcoss2,intel,284.9166666666667,11.283264453941893,274,343,619.25,30.252483632876377,595,703,48
