test_name,machine,compiler,core_mean,core_std,core_min,core_max,mem_mean,mem_std,mem_min,mem_max,n_hashes
hafs_regional_specified_moving_1nest_atm_intel,acorn,intel,235.4,8.283060479622916,221,261,492.4222222222222,2.1265517210315363,487,497,45
hafs_regional_specified_moving_1nest_atm_intel,derecho,intel,206.0222222222222,3.4738561812021995,199,213,452.26666666666665,4.217927108297313,446,469,45
hafs_regional_specified_moving_1nest_atm_intel,gaeac6,intel,148.79545454545453,3.9800639556304973,145,169,6338.613636363636,0.6893174612382558,6338,6340,44
hafs_regional_specified_moving_1nest_atm_intel,hera,intel,203.8,2.38746727726266,201,207,517.8,2.3874672772626813,514,520,5
hafs_regional_specified_moving_1nest_atm_intel,hercules,intel,194.95744680851064,20.28488133390986,180,268,13390.936170212766,87567.7366878137,601,600952,47
hafs_regional_specified_moving_1nest_atm_intel,orion,intel,266.0217391304348,5.54772878626835,258,279,11858.95652173913,76903.33912269538,512,522104,46
hafs_regional_specified_moving_1nest_atm_intel,ursa,intel,144.66,12.569171875372414,137,223,751.22,7.546562942485644,728,766,50
hafs_regional_specified_moving_1nest_atm_intel,wcoss2,intel,239.18367346938774,7.2619828254976735,227,262,430.81632653061223,26.616625028187823,415,499,49
