test_name,machine,compiler,core_mean,core_std,core_min,core_max,mem_mean,mem_std,mem_min,mem_max,n_hashes
hafs_global_1nest_atm_intel,acorn,intel,184.77272727272728,6.38626300583555,175,202,374.1136363636364,3.661337340440974,368,386,44
hafs_global_1nest_atm_intel,derecho,intel,150.13636363636363,3.6254328311983177,145,160,335.70454545454544,2.288287116626389,331,341,44
hafs_global_1nest_atm_intel,gaeac6,intel,104.79069767441861,4.595847709435962,101,126,6338.674418604651,0.6063524918786228,6338,6340,43
hafs_global_1nest_atm_intel,hera,intel,148.66666666666666,0.5773502691896278,148,149,363.3333333333333,4.7258156262526105,358,367,3
hafs_global_1nest_atm_intel,hercules,intel,144.17391304347825,22.338113267414194,128,232,9713.0,62953.13485619457,425,427400,46
hafs_global_1nest_atm_intel,orion,intel,201.93333333333334,5.917616227686774,196,227,8333.711111111112,53461.68518397172,353,358996,45
hafs_global_1nest_atm_intel,ursa,intel,100.86,8.266011055854579,94,135,533.08,6.281946922957635,524,551,50
hafs_global_1nest_atm_intel,wcoss2,intel,172.39583333333334,8.777969482001533,163,203,285.6458333333333,33.42281650490526,267,387,48
