test_name,machine,compiler,core_mean,core_std,core_min,core_max,mem_mean,mem_std,mem_min,mem_max,n_hashes
hafs_global_storm_following_1nest_atm_intel,acorn,intel,94.3953488372093,4.100752166102729,84,101,403.9767441860465,1.8959652911860136,400,409,43
hafs_global_storm_following_1nest_atm_intel,derecho,intel,77.86363636363636,2.3086380671639635,74,84,368.8863636363636,3.149129884187676,363,375,44
hafs_global_storm_following_1nest_atm_intel,gaeac6,intel,57.27906976744186,5.637145433450671,54,81,6338.674418604651,0.7145071639003284,6338,6340,43
hafs_global_storm_following_1nest_atm_intel,hercules,intel,58.130434782608695,11.230135441257397,50,114,10130.934782608696,65651.90933109162,437,445724,46
hafs_global_storm_following_1nest_atm_intel,orion,intel,87.57777777777778,7.1715628095494734,82,118,9218.155555555555,59184.32521137038,389,397416,45
hafs_global_storm_following_1nest_atm_intel,ursa,intel,46.7,2.8873404187725322,43,54,523.72,8.811032045923195,508,550,50
hafs_global_storm_following_1nest_atm_intel,wcoss2,intel,83.64583333333333,7.0905678533012795,77,111,312.0416666666667,21.75096802280483,302,417,48
