test_name,machine,compiler,core_mean,core_std,core_min,core_max,mem_mean,mem_std,mem_min,mem_max,n_hashes
hafs_global_1nest_atm_intel,acorn,intel,185.2439024390244,6.335536630013613,176,202,374.1951219512195,3.880847279880519,368,386,41
hafs_global_1nest_atm_intel,derecho,intel,164.02272727272728,89.54341252863178,145,744,335.6818181818182,2.290249577876616,331,341,44
hafs_global_1nest_atm_intel,gaeac6,intel,105.30232558139535,4.75862567055082,101,126,6338.720930232558,0.6296477244630272,6338,6340,43
hafs_global_1nest_atm_intel,hercules,intel,144.30434782608697,22.421090830056905,128,232,9713.652173913044,62953.03657497121,425,427400,46
hafs_global_1nest_atm_intel,orion,intel,202.77777777777777,5.834415484039856,196,227,8333.755555555555,53461.678410017776,353,358996,45
hafs_global_1nest_atm_intel,ursa,intel,101.24,7.991219671410285,94,135,532.86,6.236855565662754,524,551,50
hafs_global_1nest_atm_intel,wcoss2,intel,170.375,5.847803733936211,163,193,274.2708333333333,3.0369328265386146,267,283,48
