test_name,machine,compiler,core_mean,core_std,core_min,core_max,mem_mean,mem_std,mem_min,mem_max,n_hashes
hafs_regional_docn_intel,acorn,intel,413.5681818181818,12.078036432268135,397,441,739.2045454545455,22.134451254700675,719,830,44
hafs_regional_docn_intel,derecho,intel,356.6363636363636,5.357415678143167,348,370,788.2045454545455,4.577902157175987,776,796,44
hafs_regional_docn_intel,gaeac6,intel,263.6279069767442,14.915672894506047,255,329,6338.6511627906975,0.7199114009717814,6338,6340,43
hafs_regional_docn_intel,hera,intel,347.0,1.6329931618554578,345,349,904.0,2.943920288775949,901,907,4
hafs_regional_docn_intel,hercules,intel,335.60869565217394,61.17533208768587,305,688,24248.717391304348,157173.90975104444,1045,1067080,46
hafs_regional_docn_intel,orion,intel,401.0888888888889,24.35702458151748,389,557,21905.62222222222,140588.46242818868,934,944044,45
hafs_regional_docn_intel,ursa,intel,274.82,54.89235848830112,254,646,1288.08,18.031536998564846,1257,1324,50
hafs_regional_docn_intel,wcoss2,intel,431.875,14.909121868628525,413,494,682.3333333333334,32.36318721209053,652,765,48
