test_name,machine,compiler,core_mean,core_std,core_min,core_max,mem_mean,mem_std,mem_min,mem_max,n_hashes
hafs_regional_atm_thompson_gfdlsf_intel,acorn,intel,223.0681818181818,9.772761689304634,211,244,1043.1818181818182,5.195135145063692,1033,1053,44
hafs_regional_atm_thompson_gfdlsf_intel,derecho,intel,199.86363636363637,5.333487488963097,192,215,998.3636363636364,3.2996892671950686,992,1006,44
hafs_regional_atm_thompson_gfdlsf_intel,gaeac6,intel,144.65116279069767,3.810285084511287,141,164,6338.790697674419,0.6746476870643598,6338,6340,43
hafs_regional_atm_thompson_gfdlsf_intel,hera,intel,195.33333333333334,0.5773502691896278,195,196,1148.3333333333333,3.2145502536643065,1146,1152,3
hafs_regional_atm_thompson_gfdlsf_intel,hercules,intel,185.1086956521739,22.09698648219261,166,264,29220.217391304348,189467.52083597195,1264,1286316,46
hafs_regional_atm_thompson_gfdlsf_intel,orion,intel,264.02222222222224,5.3618555509725345,256,276,27490.533333333333,176632.72473638627,1099,1186048,45
hafs_regional_atm_thompson_gfdlsf_intel,ursa,intel,153.58,12.708811020351998,142,201,1461.7,12.96030045003215,1427,1488,50
hafs_regional_atm_thompson_gfdlsf_intel,wcoss2,intel,224.35416666666666,10.848060093925476,214,286,965.75,28.60702190245716,945,1051,48
