test_name,machine,compiler,core_mean,core_std,core_min,core_max,mem_mean,mem_std,mem_min,mem_max,n_hashes
hafs_regional_storm_following_1nest_atm_intel,acorn,intel,223.3095238095238,5.8705054223681135,211,235,492.1666666666667,2.507711683224163,488,502,42
hafs_regional_storm_following_1nest_atm_intel,derecho,intel,193.9318181818182,3.3299048612202142,187,201,451.0681818181818,3.604891555784179,445,460,44
hafs_regional_storm_following_1nest_atm_intel,gaeac6,intel,139.3953488372093,4.860626722689174,134,165,6338.697674418605,0.8873417691522831,6338,6342,43
hafs_regional_storm_following_1nest_atm_intel,hercules,intel,189.52173913043478,30.677345336717334,171,344,13738.521739130434,88936.77026260828,596,603824,46
hafs_regional_storm_following_1nest_atm_intel,orion,intel,255.62222222222223,5.901805921183166,247,274,12055.777777777777,77366.96979857187,514,519516,45
hafs_regional_storm_following_1nest_atm_intel,ursa,intel,132.74,9.678104891233327,126,192,750.2,11.449979948293638,695,769,50
hafs_regional_storm_following_1nest_atm_intel,wcoss2,intel,225.72916666666666,5.561033056229959,216,245,421.0833333333333,12.140723335970053,411,500,48
