test_name,machine,compiler,core_mean,core_std,core_min,core_max,mem_mean,mem_std,mem_min,mem_max,n_hashes
hafs_regional_telescopic_2nests_atm_intel,acorn,intel,408.13953488372096,10.742841238413359,389,432,469.27906976744185,2.1857283998415213,464,476,43
hafs_regional_telescopic_2nests_atm_intel,derecho,intel,340.0681818181818,9.553759097674899,331,394,426.1818181818182,2.233703018638702,421,431,44
hafs_regional_telescopic_2nests_atm_intel,gaeac6,intel,242.93023255813952,3.3834002961039973,238,251,6338.7441860465115,0.8477708376289633,6338,6342,43
hafs_regional_telescopic_2nests_atm_intel,hercules,intel,353.54347826086956,66.28648480371281,317,714,13719.782608695652,88845.54480993356,593,603200,46
hafs_regional_telescopic_2nests_atm_intel,orion,intel,459.0444444444444,9.122787541385167,445,480,11625.533333333333,74615.72847371816,497,501040,45
hafs_regional_telescopic_2nests_atm_intel,ursa,intel,249.04,14.843345241527711,235,324,812.68,9.524276179043428,794,834,50
hafs_regional_telescopic_2nests_atm_intel,wcoss2,intel,412.5,11.074217709271414,401,451,401.75,15.593915889408846,392,475,48
