test_name,machine,compiler,core_mean,core_std,core_min,core_max,mem_mean,mem_std,mem_min,mem_max,n_hashes
hafs_regional_atm_intel,acorn,intel,284.0487804878049,10.099384187939897,271,311,695.609756097561,3.4632213961894567,689,706,41
hafs_regional_atm_intel,derecho,intel,240.75,74.70037047322596,222,724,751.9545454545455,8.842167853344748,738,766,44
hafs_regional_atm_intel,gaeac6,intel,168.41860465116278,3.4381096559947895,164,182,6338.720930232558,0.7965874057607216,6338,6342,43
hafs_regional_atm_intel,hercules,intel,216.1304347826087,22.759231285253275,199,300,22536.739130434784,146079.2198978858,973,991756,46
hafs_regional_atm_intel,orion,intel,288.77777777777777,6.288116096288622,277,303,20169.82222222222,129515.62599657949,840,869680,45
hafs_regional_atm_intel,ursa,intel,174.86,14.159456348378374,163,248,1161.56,10.507839638933866,1139,1182,50
hafs_regional_atm_intel,wcoss2,intel,283.75,10.604093950481493,274,343,608.6458333333334,5.669964101103401,595,619,48
