test_name,machine,compiler,core_mean,core_std,core_min,core_max,mem_mean,mem_std,mem_min,mem_max,n_hashes
hafs_regional_atm_intel,acorn,intel,283.7142857142857,10.208283853491249,270,311,695.6190476190476,3.4212562302170717,689,706,42
hafs_regional_atm_intel,derecho,intel,240.29545454545453,74.75963951082552,221,724,751.3636363636364,8.74999244940781,738,764,44
hafs_regional_atm_intel,gaeac6,intel,168.34883720930233,3.4564206708415304,164,182,6338.720930232558,0.796587405760764,6338,6342,43
hafs_regional_atm_intel,hercules,intel,215.93478260869566,22.869098193280646,199,300,22535.804347826088,146079.36068583778,973,991756,46
hafs_regional_atm_intel,orion,intel,288.4222222222222,6.492964335231301,277,303,20170.155555555557,129515.57518095084,840,869680,45
hafs_regional_atm_intel,ursa,intel,174.72,14.212727839970107,163,248,1161.2,10.762747543906908,1139,1182,50
hafs_regional_atm_intel,wcoss2,intel,284.0416666666667,10.884223080070415,274,343,610.3541666666666,14.190931451493704,595,699,48
