test_name,machine,compiler,core_mean,core_std,core_min,core_max,mem_mean,mem_std,mem_min,mem_max,n_hashes
hafs_regional_docn_oisst_intel,acorn,intel,416.9111111111111,11.129041088771126,402,440,723.6444444444444,7.734678566382211,717,769,45
hafs_regional_docn_oisst_intel,derecho,intel,359.6222222222222,6.620522119237539,350,382,778.7333333333333,5.399494925874649,771,788,45
hafs_regional_docn_oisst_intel,gaeac6,intel,263.77272727272725,4.079806404228454,258,277,6338.613636363636,0.6893174612381193,6338,6340,44
hafs_regional_docn_oisst_intel,hera,intel,352.8,2.5884358211089533,350,356,887.0,3.9999999999999867,882,892,5
hafs_regional_docn_oisst_intel,hercules,intel,329.51063829787233,27.828568633553825,307,437,23603.510638297874,154543.8162046007,1037,1060560,47
hafs_regional_docn_oisst_intel,orion,intel,402.8478260869565,8.09654903524911,392,428,21222.065217391304,137591.159238182,929,934124,46
hafs_regional_docn_oisst_intel,ursa,intel,269.38,17.97377908771212,257,367,1280.4,12.442520907380956,1258,1305,50
hafs_regional_docn_oisst_intel,wcoss2,intel,436.53061224489795,13.428983023074172,419,485,664.6122448979592,28.409077427331333,640,723,49
