test_name,machine,compiler,core_mean,core_std,core_min,core_max,mem_mean,mem_std,mem_min,mem_max,n_hashes
hafs_regional_docn_oisst_intel,acorn,intel,417.34090909090907,11.038923063874853,402,440,723.6590909090909,7.8085915170352616,717,769,44
hafs_regional_docn_oisst_intel,derecho,intel,360.6818181818182,6.924082433620288,350,382,779.3863636363636,5.520431012372928,771,788,44
hafs_regional_docn_oisst_intel,gaeac6,intel,264.0232558139535,4.0207105039794655,258,277,6338.720930232558,0.7343796019623681,6338,6340,43
hafs_regional_docn_oisst_intel,hera,intel,355.0,,355,355,885.0,,885,885,1
hafs_regional_docn_oisst_intel,hercules,intel,330.80434782608694,27.658729435924233,307,437,24094.08695652174,156214.530191703,1037,1060560,46
hafs_regional_docn_oisst_intel,orion,intel,403.68888888888887,7.925282393082368,392,428,21672.533333333333,139111.6026958865,929,934124,45
hafs_regional_docn_oisst_intel,ursa,intel,271.46,18.885487355455272,257,367,1280.48,12.217819037815891,1258,1304,50
hafs_regional_docn_oisst_intel,wcoss2,intel,437.9166666666667,13.05607111300338,419,485,659.3541666666666,23.229190718112392,640,722,48
