test_name,machine,compiler,core_mean,core_std,core_min,core_max,mem_mean,mem_std,mem_min,mem_max,n_hashes
hafs_regional_storm_following_1nest_atm_intel,acorn,intel,223.2,5.687306440262796,211,235,492.7111111111111,2.389581764682045,488,502,45
hafs_regional_storm_following_1nest_atm_intel,derecho,intel,193.22222222222223,3.1542820022146105,187,200,451.4888888888889,3.653281353313028,445,460,45
hafs_regional_storm_following_1nest_atm_intel,gaeac6,intel,139.1818181818182,4.895525851379216,134,165,6338.75,0.892475001278575,6338,6342,44
hafs_regional_storm_following_1nest_atm_intel,hera,intel,194.0,3.937003937005908,190,200,518.8,2.8635642126552847,515,523,5
hafs_regional_storm_following_1nest_atm_intel,hercules,intel,189.6595744680851,30.27071809072308,171,344,13452.106382978724,87986.65146912517,596,603824,47
hafs_regional_storm_following_1nest_atm_intel,orion,intel,254.45652173913044,6.24217384406398,247,274,11804.45652173913,76521.494162884,514,519516,46
hafs_regional_storm_following_1nest_atm_intel,ursa,intel,132.34,9.65234453912835,126,192,749.78,11.382568125992334,695,769,50
hafs_regional_storm_following_1nest_atm_intel,wcoss2,intel,225.85714285714286,5.605057240266743,216,245,430.61224489795916,27.48243099882981,411,500,49
