test_name,machine,compiler,core_mean,core_std,core_min,core_max,mem_mean,mem_std,mem_min,mem_max,n_hashes
hrrr_control_2threads_gnu,derecho,gnu,415.5,6.701266801447764,408,448,1018.7727272727273,2.448194744150397,1013,1023,44
hrrr_control_2threads_gnu,hera,gnu,480.5,2.1213203435596424,479,482,1001.0,1.4142135623730951,1000,1002,2
hrrr_control_2threads_gnu,hercules,gnu,227.9111111111111,22.680410271884632,211,318,989.2222222222222,1.9643283479566,984,993,45
hrrr_control_2threads_gnu,ursa,gnu,156.98,3.3593609693584683,153,170,888.54,1.2811028412254486,886,890,50
