test_name,machine,compiler,core_mean,core_std,core_min,core_max,mem_mean,mem_std,mem_min,mem_max,n_hashes
hrrr_control_debug_dyn32_phy32_gnu,derecho,gnu,156.61363636363637,8.874357910846827,149,195,816.2727272727273,2.2758963106682835,810,822,44
hrrr_control_debug_dyn32_phy32_gnu,hera,gnu,145.5,3.1091263510296048,142,149,808.5,1.290994448735791,807,810,4
hrrr_control_debug_dyn32_phy32_gnu,hercules,gnu,123.76086956521739,22.332024620967477,111,266,18096.956521739132,117340.79618140898,791,796640,46
hrrr_control_debug_dyn32_phy32_gnu,ursa,gnu,149.98,125.18109168035609,102,921,720.34,4.967691534674197,715,729,50
