test_name,machine,compiler,core_mean,core_std,core_min,core_max,mem_mean,mem_std,mem_min,mem_max,n_hashes
hrrr_control_2threads_dyn32_phy32_gnu,derecho,gnu,387.25,5.439412587984625,379,401,853.5909090909091,2.5455678017691694,841,857,44
hrrr_control_2threads_dyn32_phy32_gnu,hercules,gnu,258.5869565217391,25.724675648063418,206,365,18833.239130434784,122115.51390988322,819,829056,46
hrrr_control_2threads_dyn32_phy32_gnu,ursa,gnu,147.34,4.706096783830042,141,159,726.18,1.3200185527453134,724,728,50
