test_name,machine,compiler,core_mean,core_std,core_min,core_max,mem_mean,mem_std,mem_min,mem_max,n_hashes
hrrr_control_restart_intel,acorn,intel,126.97727272727273,5.634151001285414,114,144,757.9318181818181,1.7440627158651758,754,762,44
hrrr_control_restart_intel,derecho,intel,114.06818181818181,2.839896225361856,110,121,787.4545454545455,1.8230379125086373,784,790,44
hrrr_control_restart_intel,gaeac6,intel,80.53488372093024,2.0511185938792593,77,86,6338.674418604651,0.474137323515362,6338,6339,43
hrrr_control_restart_intel,hera,intel,105.66666666666667,0.5773502691896247,105,106,1132.0,0.0,1132,1132,3
hrrr_control_restart_intel,hercules,intel,94.1086956521739,6.229778882716162,89,113,23854.456521739132,154653.03152335793,1028,1049960,46
hrrr_control_restart_intel,orion,intel,135.9777777777778,3.4277536302212406,133,148,22545.11111111111,144728.72141797846,955,971840,45
hrrr_control_restart_intel,ursa,intel,105.5,87.73993343037904,76,563,1730.22,49.44107604007013,1695,1913,50
hrrr_control_restart_intel,wcoss2,intel,129.64583333333334,4.8134986759680425,121,146,673.3333333333334,30.42418783918076,654,765,48
