test_name,machine,compiler,core_mean,core_std,core_min,core_max,mem_mean,mem_std,mem_min,mem_max,n_hashes
hrrr_control_gnu,derecho,gnu,252.9318181818182,4.582056648380081,247,272,950.4772727272727,1.7318982241383978,948,955,44
hrrr_control_gnu,hera,gnu,345.5,0.7071067811865476,345,346,945.5,0.7071067811865476,945,946,2
hrrr_control_gnu,hercules,gnu,255.8913043478261,24.973967122113894,239,356,21146.82608695652,137119.59729379872,919,930920,46
hrrr_control_gnu,ursa,gnu,313.9,257.0678660492245,197,1480,855.06,8.940643267730714,843,869,50
