test_name,machine,compiler,core_mean,core_std,core_min,core_max,mem_mean,mem_std,mem_min,mem_max,n_hashes
hrrr_control_restart_dyn32_phy32_gnu,derecho,gnu,135.88636363636363,4.6215667789831185,132,161,673.6590909090909,1.2564842389405795,670,677,44
hrrr_control_restart_dyn32_phy32_gnu,hera,gnu,158.0,1.4142135623730934,157,160,658.5,3.1091263510296048,654,661,4
hrrr_control_restart_dyn32_phy32_gnu,hercules,gnu,145.8695652173913,12.439379576619068,121,172,14648.434782608696,94985.1094450896,639,644864,46
hrrr_control_restart_dyn32_phy32_gnu,ursa,gnu,173.36,200.67841672381093,99,1263,559.46,5.563033968867573,550,569,50
