test_name,machine,compiler,core_mean,core_std,core_min,core_max,mem_mean,mem_std,mem_min,mem_max,n_hashes
hrrr_control_restart_noqr_gnu,derecho,gnu,140.3409090909091,3.0034335530892635,136,155,780.9090909090909,1.8149019041743997,777,785,44
hrrr_control_restart_noqr_gnu,hera,gnu,180.0,4.58257569495584,176,185,765.6666666666666,3.055050463303881,763,769,3
hrrr_control_restart_noqr_gnu,hercules,gnu,135.1086956521739,13.464732964913384,125,178,17050.67391304348,110567.85346585535,736,750656,46
hrrr_control_restart_noqr_gnu,ursa,gnu,153.58,161.13919575374354,104,1123,666.26,5.784603067891604,661,677,50
