test_name,machine,compiler,core_mean,core_std,core_min,core_max,mem_mean,mem_std,mem_min,mem_max,n_hashes
hrrr_control_restart_dyn32_phy32_intel,acorn,intel,110.45454545454545,5.650497181065976,100,130,724.4545454545455,2.1615513965081394,719,730,44
hrrr_control_restart_dyn32_phy32_intel,derecho,intel,104.68181818181819,2.4090211007477254,102,113,727.7272727272727,2.5641865872285643,723,734,44
hrrr_control_restart_dyn32_phy32_intel,gaeac6,intel,71.76744186046511,3.0459747779208213,69,84,6338.837209302325,0.37354368381887837,6338,6339,43
hrrr_control_restart_dyn32_phy32_intel,hera,intel,97.0,0.0,97,97,1051.5,2.1213203435596424,1050,1053,2
hrrr_control_restart_dyn32_phy32_intel,hercules,intel,90.73913043478261,10.272800727289939,81,121,21511.739130434784,139325.3754587815,941,945920,46
hrrr_control_restart_dyn32_phy32_intel,orion,intel,123.75555555555556,2.3563796919268447,121,132,20452.6,131237.38173134968,870,881256,45
hrrr_control_restart_dyn32_phy32_intel,ursa,intel,141.08,149.15446588646802,67,529,1657.6,55.47273645491014,1605,1812,50
hrrr_control_restart_dyn32_phy32_intel,wcoss2,intel,110.41666666666667,4.537472036527553,105,130,638.0833333333334,26.965567747993546,625,728,48
