test_name,machine,compiler,core_mean,core_std,core_min,core_max,mem_mean,mem_std,mem_min,mem_max,n_hashes
hrrr_control_2threads_dyn32_phy32_gnu,derecho,gnu,387.09090909090907,5.535585437067901,379,401,853.6590909090909,2.569437381346291,841,857,44
hrrr_control_2threads_dyn32_phy32_gnu,hera,gnu,429.5,3.5355339059327378,427,432,840.0,2.8284271247461903,838,842,2
hrrr_control_2threads_dyn32_phy32_gnu,hercules,gnu,256.2391304347826,27.669626173123252,204,365,18833.478260869564,122115.47786560048,819,829056,46
hrrr_control_2threads_dyn32_phy32_gnu,ursa,gnu,147.24,4.7662075798141315,141,159,726.2,1.3248026422136612,724,728,50
