test_name,machine,compiler,core_mean,core_std,core_min,core_max,mem_mean,mem_std,mem_min,mem_max,n_hashes
hrrr_gf_debug_intel,acorn,intel,343.70454545454544,10.139904007285038,330,367,1189.0,3.147535026681334,1182,1195,44
hrrr_gf_debug_intel,derecho,intel,300.1136363636364,4.5454598308637255,292,314,1130.1136363636363,2.2641381037969803,1124,1133,44
hrrr_gf_debug_intel,gaeac6,intel,210.04651162790697,12.373076547723043,204,288,6338.7441860465115,0.49246818876291326,6337,6339,43
hrrr_gf_debug_intel,hera,intel,294.6666666666667,1.5275252316519452,293,296,1341.0,2.0,1339,1343,3
hrrr_gf_debug_intel,hercules,intel,259.4130434782609,14.179133474474273,243,304,27853.043478260868,180508.08880563977,1227,1225504,46
hrrr_gf_debug_intel,orion,intel,299.1333333333333,4.669047011971501,286,310,28076.11111111111,180211.00308504803,1200,1210104,45
hrrr_gf_debug_intel,ursa,intel,243.18,96.58869034230051,207,640,1868.94,6.905809444347031,1853,1885,50
hrrr_gf_debug_intel,wcoss2,intel,341.6458333333333,4.679014186649285,336,359,1106.5416666666667,29.723519116223144,1093,1196,48
