test_name,machine,compiler,core_mean,core_std,core_min,core_max,mem_mean,mem_std,mem_min,mem_max,n_hashes
hrrr_control_dyn32_phy32_gnu,derecho,gnu,236.6590909090909,4.3665918902193495,230,250,807.8181818181819,1.8834990603553308,802,812,44
hrrr_control_dyn32_phy32_gnu,hera,gnu,300.0,,300,300,801.0,,801,801,1
hrrr_control_dyn32_phy32_gnu,hercules,gnu,276.45652173913044,17.71340549695387,231,321,17960.130434782608,116475.19392855166,784,790760,46
hrrr_control_dyn32_phy32_gnu,ursa,gnu,222.08,88.09708003222401,186,553,713.02,5.385126909993386,707,721,50
