test_name,machine,compiler,core_mean,core_std,core_min,core_max,mem_mean,mem_std,mem_min,mem_max,n_hashes
hrrr_c3_debug_gnu,derecho,gnu,161.38636363636363,8.496828160844842,154,212,962.6363636363636,2.1468301033385053,958,970,44
hrrr_c3_debug_gnu,hera,gnu,156.0,6.244997998398398,151,163,947.3333333333334,11.503622617824933,936,959,3
hrrr_c3_debug_gnu,hercules,gnu,126.91304347826087,8.156322937741878,114,149,21423.847826086956,138907.56692275096,932,943060,46
hrrr_c3_debug_gnu,ursa,gnu,141.94,118.57786729506016,106,828,867.2,9.642592588963641,858,885,50
