test_name,machine,compiler,core_mean,core_std,core_min,core_max,mem_mean,mem_std,mem_min,mem_max,n_hashes
hrrr_control_decomp_intel,acorn,intel,228.9318181818182,7.368688398240174,217,247,1005.0454545454545,2.332326370860535,1001,1010,44
hrrr_control_decomp_intel,derecho,intel,197.79545454545453,6.234113000649125,192,233,960.2272727272727,1.3270641905161766,955,962,44
hrrr_control_decomp_intel,gaeac6,intel,149.6046511627907,4.488819628936932,143,167,6338.767441860465,0.42746257437548507,6338,6339,43
hrrr_control_decomp_intel,hera,intel,204.0,,204,204,1140.0,,1140,1140,1
hrrr_control_decomp_intel,hercules,intel,178.41304347826087,16.3375179496037,166,231,24052.108695652172,155909.17181704484,1042,1058492,46
hrrr_control_decomp_intel,orion,intel,253.24444444444444,3.199116039524574,249,267,23930.933333333334,153598.51802632023,1024,1031404,45
hrrr_control_decomp_intel,ursa,intel,244.42,214.4839169081097,145,795,1725.18,51.00767849359663,1682,1915,50
hrrr_control_decomp_intel,wcoss2,intel,235.29166666666666,9.294149002128101,221,267,918.7916666666666,23.300039570173094,907,1010,48
