test_name,machine,compiler,core_mean,core_std,core_min,core_max,mem_mean,mem_std,mem_min,mem_max,n_hashes
hrrr_control_gnu,derecho,gnu,253.0681818181818,4.551502319182334,247,272,950.4318181818181,1.6898840922510812,948,955,44
hrrr_control_gnu,hera,gnu,347.6666666666667,3.7859388972001744,345,352,944.6666666666666,1.5275252316519312,943,946,3
hrrr_control_gnu,hercules,gnu,256.5652173913044,25.146373428754252,239,356,21146.978260869564,137119.57435472787,919,930920,46
hrrr_control_gnu,ursa,gnu,294.82,226.75534689823476,197,1480,854.72,8.83878281397691,843,869,50
