test_name,machine,compiler,core_mean,core_std,core_min,core_max,mem_mean,mem_std,mem_min,mem_max,n_hashes
hrrr_gf_debug_intel,acorn,intel,343.59090909090907,10.107142723740264,330,367,1188.8863636363637,3.126896887293038,1182,1195,44
hrrr_gf_debug_intel,derecho,intel,300.0681818181818,4.525882811340485,292,314,1130.0681818181818,2.2453852134703394,1124,1133,44
hrrr_gf_debug_intel,gaeac6,intel,210.1627906976744,12.338345633793816,204,288,6338.7441860465115,0.49246818876281384,6337,6339,43
hrrr_gf_debug_intel,hera,intel,294.0,1.8257418583505562,292,296,1342.25,2.9860788111948193,1339,1346,4
hrrr_gf_debug_intel,hercules,intel,259.2391304347826,14.233270542576093,243,304,27852.869565217392,180508.11501802457,1227,1225504,46
hrrr_gf_debug_intel,orion,intel,299.0888888888889,4.708899805022115,286,310,28075.755555555555,180211.05728803304,1200,1210104,45
hrrr_gf_debug_intel,ursa,intel,234.58,77.86385030085185,207,610,1868.92,6.892290872372404,1853,1885,50
hrrr_gf_debug_intel,wcoss2,intel,341.9791666666667,4.905444579732065,336,359,1108.5,32.146605657816316,1093,1196,48
