test_name,machine,compiler,core_mean,core_std,core_min,core_max,mem_mean,mem_std,mem_min,mem_max,n_hashes
hrrr_control_restart_dyn32_phy32_intel,acorn,intel,110.85365853658537,5.75569707164022,100,130,724.5365853658536,2.169073085163442,719,730,41
hrrr_control_restart_dyn32_phy32_intel,derecho,intel,104.79545454545455,2.628816565066789,102,113,728.1363636363636,2.9062155451594327,723,735,44
hrrr_control_restart_dyn32_phy32_intel,gaeac6,intel,71.74418604651163,3.047973747354553,69,84,6338.837209302325,0.37354368381881,6338,6339,43
hrrr_control_restart_dyn32_phy32_intel,hercules,intel,89.41304347826087,9.408214110745094,81,116,21513.17391304348,139325.15931562625,941,945920,46
hrrr_control_restart_dyn32_phy32_intel,orion,intel,123.82222222222222,2.386409330971846,121,132,20456.37777777778,131236.8060305646,870,881256,45
hrrr_control_restart_dyn32_phy32_intel,ursa,intel,168.04,172.85713813459265,67,538,1663.44,57.61985202114613,1605,1812,50
hrrr_control_restart_dyn32_phy32_intel,wcoss2,intel,110.5,4.621872145317259,105,130,630.1666666666666,2.4174307913993407,625,638,48
