test_name,machine,compiler,core_mean,core_std,core_min,core_max,mem_mean,mem_std,mem_min,mem_max,n_hashes
hrrr_control_2threads_gnu,derecho,gnu,415.5,6.701266801447782,408,448,1018.5681818181819,2.7057022238807216,1011,1023,44
hrrr_control_2threads_gnu,hera,gnu,479.0,,479,479,1002.0,,1002,1002,1
hrrr_control_2threads_gnu,hercules,gnu,227.4,22.591631596275153,211,318,989.2,1.9725387425622296,984,993,45
hrrr_control_2threads_gnu,ursa,gnu,157.06,3.358874933117709,153,170,888.52,1.2655562623056993,886,890,50
