test_name,machine,compiler,core_mean,core_std,core_min,core_max,mem_mean,mem_std,mem_min,mem_max,n_hashes
hrrr_control_restart_dyn32_phy32_gnu,derecho,gnu,135.9090909090909,4.522903892351714,132,161,673.75,1.4487364181597304,670,677,44
hrrr_control_restart_dyn32_phy32_gnu,hercules,gnu,148.6086956521739,10.346181820404553,122,172,14648.54347826087,94985.09306171423,639,644864,46
hrrr_control_restart_dyn32_phy32_gnu,ursa,gnu,173.6,200.59360886720032,99,1263,560.58,5.911213833011939,550,570,50
