test_name,machine,compiler,core_mean,core_std,core_min,core_max,mem_mean,mem_std,mem_min,mem_max,n_hashes
hrrr_control_2threads_intel,acorn,intel,201.1590909090909,6.080633312403856,190,213,1073.0454545454545,4.192765338524586,1064,1087,44
hrrr_control_2threads_intel,derecho,intel,328.95454545454544,5.510896375214372,318,340,1031.9772727272727,4.250792737905973,1021,1042,44
hrrr_control_2threads_intel,gaeac6,intel,169.25581395348837,54.876091169650564,156,520,6338.558139534884,0.5024855165595585,6338,6339,43
hrrr_control_2threads_intel,hera,intel,280.6666666666667,1.5275252316519405,279,282,1164.6666666666667,2.5166114784236133,1162,1167,3
hrrr_control_2threads_intel,hercules,intel,251.34782608695653,5.689043627122617,245,276,25962.32608695652,168299.7017719751,1128,1142612,46
hrrr_control_2threads_intel,orion,intel,255.66666666666666,5.772190383050596,251,283,25905.28888888889,166341.30704198938,1083,1116960,45
hrrr_control_2threads_intel,ursa,intel,117.1,3.7375644148431806,112,134,1161.14,2.0304819976688955,1156,1166,50
hrrr_control_2threads_intel,wcoss2,intel,206.10416666666666,13.615134856589577,194,289,988.0,31.166676148214055,973,1085,48
