test_name,machine,compiler,core_mean,core_std,core_min,core_max,mem_mean,mem_std,mem_min,mem_max,n_hashes
hrrr_control_intel,acorn,intel,222.6590909090909,8.086575673984534,209,243,1005.3863636363636,4.254769739846467,996,1011,44
hrrr_control_intel,derecho,intel,191.61363636363637,3.349529012992638,185,200,958.7727272727273,1.460545236891467,956,961,44
hrrr_control_intel,gaeac6,intel,144.32558139534885,4.22419860098908,138,161,6338.697674418605,0.4647008111180657,6338,6339,43
hrrr_control_intel,hera,intel,194.5,0.7071067811865476,194,195,1155.0,1.4142135623730951,1154,1156,2
hrrr_control_intel,hercules,intel,173.1304347826087,17.686917570342683,160,255,24565.108695652172,159198.90358377725,1067,1080832,46
hrrr_control_intel,orion,intel,248.06666666666666,17.57115404705834,241,361,23968.733333333334,153810.4667663479,1022,1032832,45
hrrr_control_intel,ursa,intel,238.12,205.94556839819873,139,764,1804.52,81.85757666302405,1747,2039,50
hrrr_control_intel,wcoss2,intel,230.6875,8.465590552599107,218,256,920.4791666666666,26.19809119515206,901,1008,48
