test_name,machine,compiler,core_mean,core_std,core_min,core_max,mem_mean,mem_std,mem_min,mem_max,n_hashes
hrrr_c3_debug_intel,acorn,intel,346.3863636363636,10.831083411399483,330,379,1188.7727272727273,2.987288078412413,1182,1194,44
hrrr_c3_debug_intel,derecho,intel,307.6363636363636,27.0727623431365,296,429,1129.6818181818182,4.568714272714869,1105,1135,44
hrrr_c3_debug_intel,gaeac6,intel,210.41860465116278,2.9051068182929436,206,217,6338.813953488372,0.6638923447398132,6338,6342,43
hrrr_c3_debug_intel,hera,intel,290.0,,290,290,1341.0,,1341,1341,1
hrrr_c3_debug_intel,hercules,intel,266.7608695652174,12.202339998921326,246,294,27976.282608695652,181337.75784855333,1211,1231132,46
hrrr_c3_debug_intel,orion,intel,302.0,7.14461017449198,293,329,28096.133333333335,180341.50476370205,1203,1210980,45
hrrr_c3_debug_intel,ursa,intel,260.14,122.64250519959486,209,675,1868.18,6.962552897977955,1856,1890,50
hrrr_c3_debug_intel,wcoss2,intel,343.0416666666667,3.8090504391812603,336,354,1102.3958333333333,23.865527157907593,1086,1195,48
