test_name,machine,compiler,core_mean,core_std,core_min,core_max,mem_mean,mem_std,mem_min,mem_max,n_hashes
hrrr_control_2threads_gnu,derecho,gnu,415.59090909090907,6.707573580690747,408,448,1018.7954545454545,2.4549858660564228,1013,1023,44
hrrr_control_2threads_gnu,hera,gnu,484.0,6.244997998398398,479,491,1000.3333333333334,1.527525231651959,999,1002,3
hrrr_control_2threads_gnu,hercules,gnu,228.35555555555555,22.657685386435816,211,318,989.2,1.9609830558815646,984,993,45
hrrr_control_2threads_gnu,ursa,gnu,156.88,3.402520074465817,153,170,888.56,1.2642655365621456,886,890,50
