test_name,machine,compiler,core_mean,core_std,core_min,core_max,mem_mean,mem_std,mem_min,mem_max,n_hashes
hrrr_c3_debug_gnu,derecho,gnu,161.3409090909091,8.430131952450648,154,212,962.8409090909091,2.188162463869498,958,970,44
hrrr_c3_debug_gnu,hera,gnu,154.0,,154,154,936.0,,936,936,1
hrrr_c3_debug_gnu,hercules,gnu,127.15217391304348,8.0800643322641,114,149,21423.847826086956,138907.5669518671,932,943060,46
hrrr_c3_debug_gnu,ursa,gnu,142.08,118.54024374766193,106,828,868.0,9.885053652575001,858,885,50
