test_name,machine,compiler,core_mean,core_std,core_min,core_max,mem_mean,mem_std,mem_min,mem_max,n_hashes
hrrr_gf_debug_gnu,derecho,gnu,161.47727272727272,8.997386277740155,155,216,963.6363636363636,2.402430059392931,961,972,44
hrrr_gf_debug_gnu,hercules,gnu,127.1086956521739,10.073569952812301,114,155,21480.239130434784,139298.1701612583,932,945708,46
hrrr_gf_debug_gnu,ursa,gnu,159.6,151.81016609770325,106,908,867.66,9.795063313022725,855,881,50
