test_name,machine,compiler,core_mean,core_std,core_min,core_max,mem_mean,mem_std,mem_min,mem_max,n_hashes
hrrr_control_decomp_intel,acorn,intel,228.9047619047619,7.446752521244386,217,247,1005.0238095238095,2.3837672095184623,1001,1010,42
hrrr_control_decomp_intel,derecho,intel,197.8409090909091,6.209307274467317,192,233,960.0909090909091,1.3946439375244588,955,962,44
hrrr_control_decomp_intel,gaeac6,intel,150.11627906976744,4.761998891649946,143,167,6338.767441860465,0.4274625743753494,6338,6339,43
hrrr_control_decomp_intel,hercules,intel,178.67391304347825,16.21392316337493,166,231,24054.956521739132,155908.7428586859,1051,1058492,46
hrrr_control_decomp_intel,orion,intel,253.33333333333334,3.1261361570998965,249,267,23931.6,153598.4163922272,1024,1031404,45
hrrr_control_decomp_intel,ursa,intel,231.58,199.5464336531061,145,773,1724.24,50.3240762762837,1682,1915,50
hrrr_control_decomp_intel,wcoss2,intel,235.4375,9.432641943938776,221,267,914.7083333333334,13.501707273185136,907,1005,48
