test_name,machine,compiler,core_mean,core_std,core_min,core_max,mem_mean,mem_std,mem_min,mem_max,n_hashes
hrrr_control_debug_dyn32_phy32_intel,acorn,intel,327.75,10.336489890471203,313,353,1068.4318181818182,2.1716752431066237,1064,1074,44
hrrr_control_debug_dyn32_phy32_intel,derecho,intel,285.72727272727275,3.391944193565422,279,296,1008.3409090909091,2.4772751517726497,1004,1013,44
hrrr_control_debug_dyn32_phy32_intel,gaeac6,intel,199.86046511627907,2.199365659076629,196,208,6338.767441860465,0.42746257437552376,6338,6339,43
hrrr_control_debug_dyn32_phy32_intel,hera,intel,285.0,2.8284271247461903,283,287,1218.0,0.0,1218,1218,2
hrrr_control_debug_dyn32_phy32_intel,hercules,intel,267.1304347826087,21.282866030528645,234,352,25044.391304347828,162288.73874746662,1102,1101812,46
hrrr_control_debug_dyn32_phy32_intel,orion,intel,293.8222222222222,7.708581077099858,276,314,25152.62222222222,161418.1968185418,1072,1083916,45
hrrr_control_debug_dyn32_phy32_intel,ursa,intel,243.48,109.09240419507321,195,592,1747.2,6.925256939166181,1735,1767,50
hrrr_control_debug_dyn32_phy32_intel,wcoss2,intel,326.75,6.121117962135925,319,354,983.8958333333334,26.160095958680625,971,1071,48
