test_name,machine,compiler,core_mean,core_std,core_min,core_max,mem_mean,mem_std,mem_min,mem_max,n_hashes
hrrr_control_restart_dyn32_phy32_gnu,derecho,gnu,135.86363636363637,4.552489270977783,132,161,673.6818181818181,1.3601081911946382,670,677,44
hrrr_control_restart_dyn32_phy32_gnu,hercules,gnu,148.15217391304347,10.475298757456564,122,172,14648.565217391304,94985.08978563182,639,644864,46
hrrr_control_restart_dyn32_phy32_gnu,ursa,gnu,173.56,200.60837673518657,99,1263,560.34,5.847064499841461,550,570,50
