test_name,machine,compiler,core_mean,core_std,core_min,core_max,mem_mean,mem_std,mem_min,mem_max,n_hashes
hrrr_gf_debug_gnu,derecho,gnu,161.5,8.940370940746222,155,216,963.1818181818181,2.003168737133576,960,970,44
hrrr_gf_debug_gnu,hera,gnu,152.33333333333334,3.5118845842842425,149,156,958.6666666666666,4.163331998932277,954,962,3
hrrr_gf_debug_gnu,hercules,gnu,126.76086956521739,10.020389840739053,114,155,21481.195652173912,139298.02599153604,932,945708,46
hrrr_gf_debug_gnu,ursa,gnu,155.56,150.59367685996676,106,908,866.52,9.45502781700858,855,881,50
