test_name,machine,compiler,core_mean,core_std,core_min,core_max,mem_mean,mem_std,mem_min,mem_max,n_hashes
hrrr_gf_debug_intel,acorn,intel,343.8181818181818,10.10473692112975,330,367,1188.909090909091,3.1387909227375927,1182,1195,44
hrrr_gf_debug_intel,derecho,intel,301.97727272727275,10.801568870466221,292,365,1130.090909090909,2.2393747239651534,1124,1133,44
hrrr_gf_debug_intel,gaeac6,intel,210.2093023255814,12.462435249934256,204,288,6338.767441860465,0.47994093398119797,6337,6339,43
hrrr_gf_debug_intel,hera,intel,293.0,,293,293,1343.0,,1343,1343,1
hrrr_gf_debug_intel,hercules,intel,261.10869565217394,16.13171928685093,243,315,27853.739130434784,180507.98394450097,1228,1225504,46
hrrr_gf_debug_intel,orion,intel,299.4222222222222,4.207616950726427,292,310,28076.355555555554,180210.96581748492,1200,1210104,45
hrrr_gf_debug_intel,ursa,intel,243.34,96.54978836151359,207,640,1868.7,6.967123963769463,1853,1885,50
hrrr_gf_debug_intel,wcoss2,intel,341.8541666666667,4.6994322125728525,336,359,1102.4791666666667,23.703837182260592,1093,1196,48
