test_name,machine,compiler,core_mean,core_std,core_min,core_max,mem_mean,mem_std,mem_min,mem_max,n_hashes
hrrr_control_restart_gnu,derecho,gnu,141.95555555555555,2.8038573718390483,139,157,693.8888888888889,1.2653102785523112,690,697,45
hrrr_control_restart_gnu,hera,gnu,180.4,1.5165750888103127,179,183,682.6,3.9115214431215817,676,686,5
hrrr_control_restart_gnu,hercules,gnu,137.25531914893617,15.879256478468156,127,194,14877.553191489362,97428.15884578048,653,668600,47
hrrr_control_restart_gnu,ursa,gnu,131.32,65.12012134572257,105,387,579.62,6.823997272530867,568,591,50
