test_name,machine,compiler,core_mean,core_std,core_min,core_max,mem_mean,mem_std,mem_min,mem_max,n_hashes
hrrr_c3_debug_intel,acorn,intel,345.8888888888889,10.730632071153293,330,379,1188.8222222222223,2.9410023715554234,1182,1194,45
hrrr_c3_debug_intel,derecho,intel,307.5111111111111,26.77738379357256,296,429,1129.5555555555557,4.4443813126830225,1105,1133,45
hrrr_c3_debug_intel,gaeac6,intel,210.3409090909091,2.8525238259460433,206,217,6338.795454545455,0.667502999019297,6338,6342,44
hrrr_c3_debug_intel,hera,intel,292.6,3.911521443121588,287,296,1339.4,3.0495901363954085,1335,1343,5
hrrr_c3_debug_intel,hercules,intel,265.5744680851064,11.687497371961687,246,294,27406.297872340427,179398.42726043626,1211,1231132,47
hrrr_c3_debug_intel,orion,intel,302.0217391304348,7.307497308122143,292,329,27510.630434782608,178370.66210318072,1186,1210980,46
hrrr_c3_debug_intel,ursa,intel,259.9,122.72422211559359,209,675,1868.1,7.177771810476109,1856,1890,50
hrrr_c3_debug_intel,wcoss2,intel,343.44897959183675,3.8082215035903717,337,354,1110.3877551020407,34.33949155523575,1086,1195,49
