test_name,machine,compiler,core_mean,core_std,core_min,core_max,mem_mean,mem_std,mem_min,mem_max,n_hashes
hrrr_control_restart_dyn32_phy32_gnu,derecho,gnu,136.0,4.503228815798929,132,161,673.75,1.4487364181597542,670,677,44
hrrr_control_restart_dyn32_phy32_gnu,hercules,gnu,149.52173913043478,9.878684416312806,122,172,14648.695652173914,94985.07012902829,639,644864,46
hrrr_control_restart_dyn32_phy32_gnu,ursa,gnu,173.68,200.56445246313396,99,1263,560.78,5.9566118297062065,550,570,50
