test_name,machine,compiler,core_mean,core_std,core_min,core_max,mem_mean,mem_std,mem_min,mem_max,n_hashes
hrrr_control_decomp_dyn32_phy32_gnu,derecho,gnu,238.6818181818182,5.102542582221394,233,259,807.25,2.30394000244884,802,814,44
hrrr_control_decomp_dyn32_phy32_gnu,hera,gnu,307.6666666666667,1.5275252316519405,306,309,803.6666666666666,5.686240703077323,799,810,3
hrrr_control_decomp_dyn32_phy32_gnu,hercules,gnu,281.17391304347825,25.688133315535293,231,382,17874.804347826088,115896.63497053829,783,786836,46
hrrr_control_decomp_dyn32_phy32_gnu,ursa,gnu,233.66,143.4847087067227,186,989,712.9,5.206941991030741,707,721,50
