test_name,machine,compiler,core_mean,core_std,core_min,core_max,mem_mean,mem_std,mem_min,mem_max,n_hashes
hrrr_control_2threads_gnu,derecho,gnu,415.25,6.651193283390827,408,448,1018.9090909090909,2.485475779807295,1013,1023,44
hrrr_control_2threads_gnu,hera,gnu,486.5,7.14142842854285,479,494,1000.25,1.2583057392118029,999,1002,4
hrrr_control_2threads_gnu,hercules,gnu,229.11111111111111,22.802733311264397,211,318,989.1777777777778,1.980460103668394,984,993,45
hrrr_control_2threads_gnu,ursa,gnu,156.88,3.402520074465817,153,170,888.62,1.2598995748771578,886,890,50
