test_name,machine,compiler,core_mean,core_std,core_min,core_max,mem_mean,mem_std,mem_min,mem_max,n_hashes
hrrr_control_dyn32_phy32_intel,acorn,intel,191.5121951219512,7.82023641336857,178,211,886.1463414634146,1.605630337433784,883,890,41
hrrr_control_dyn32_phy32_intel,derecho,intel,180.6590909090909,79.85828820168368,164,698,840.6818181818181,1.1963651786105824,837,843,44
hrrr_control_dyn32_phy32_intel,gaeac6,intel,125.46511627906976,1.856120342071734,123,133,6338.813953488372,0.8523305292658331,6338,6342,43
hrrr_control_dyn32_phy32_intel,hercules,intel,162.69565217391303,35.87563058073289,146,381,23616.91304347826,153056.25315285966,1003,1039128,46
hrrr_control_dyn32_phy32_intel,orion,intel,220.33333333333334,4.90361647617904,216,242,21652.62222222222,138935.3482173844,917,932948,45
hrrr_control_dyn32_phy32_intel,ursa,intel,183.42,159.3053914815881,122,723,1752.36,82.41427457098209,1692,2012,50
hrrr_control_dyn32_phy32_intel,wcoss2,intel,192.64583333333334,11.952903294309742,183,258,796.1875,3.6939067135636465,788,805,48
