test_name,machine,compiler,core_mean,core_std,core_min,core_max,mem_mean,mem_std,mem_min,mem_max,n_hashes
hrrr_control_dyn32_phy32_gnu,derecho,gnu,236.72727272727272,4.299073109207225,230,250,807.7954545454545,1.8872835832135237,802,812,44
hrrr_control_dyn32_phy32_gnu,hercules,gnu,277.7173913043478,16.734081050330587,231,321,17960.152173913044,116475.19065200438,784,790760,46
hrrr_control_dyn32_phy32_gnu,ursa,gnu,222.46,87.99239531148736,186,553,713.22,5.4931868747401635,707,721,50
