test_name,machine,compiler,core_mean,core_std,core_min,core_max,mem_mean,mem_std,mem_min,mem_max,n_hashes
hrrr_control_2threads_dyn32_phy32_gnu,derecho,gnu,387.54545454545456,5.445093996047531,379,401,853.6363636363636,2.588803342939428,841,857,44
hrrr_control_2threads_dyn32_phy32_gnu,hercules,gnu,260.7391304347826,24.745311369683943,207,365,18833.065217391304,122115.5401226236,819,829056,46
hrrr_control_2threads_dyn32_phy32_gnu,ursa,gnu,147.86,5.050803128701202,142,163,726.2,1.3702375780893692,724,729,50
