test_name,machine,compiler,core_mean,core_std,core_min,core_max,mem_mean,mem_std,mem_min,mem_max,n_hashes
hrrr_control_dyn32_phy32_intel,acorn,intel,190.6590909090909,7.7517985364483595,178,211,886.0,1.642459868186941,883,890,44
hrrr_control_dyn32_phy32_intel,derecho,intel,168.70454545454547,4.0553125962988075,164,187,840.7727272727273,1.0535352747074227,839,843,44
hrrr_control_dyn32_phy32_intel,gaeac6,intel,126.06976744186046,3.875413027679142,123,148,6338.837209302325,0.8431864889509528,6338,6342,43
hrrr_control_dyn32_phy32_intel,hera,intel,177.0,0.0,177,177,1100.0,2.8284271247461903,1098,1102,2
hrrr_control_dyn32_phy32_intel,hercules,intel,164.1086956521739,36.57274532330177,145,381,23610.717391304348,153057.1859692627,1003,1039128,46
hrrr_control_dyn32_phy32_intel,orion,intel,220.48888888888888,4.855279330145418,216,242,21647.733333333334,138936.0932159426,916,932948,45
hrrr_control_dyn32_phy32_intel,ursa,intel,183.12,159.41431579890386,122,723,1751.94,82.53073886221341,1692,2012,50
hrrr_control_dyn32_phy32_intel,wcoss2,intel,191.9375,11.19157405315419,183,258,803.6041666666666,25.490707178936205,788,887,48
