test_name,machine,compiler,core_mean,core_std,core_min,core_max,mem_mean,mem_std,mem_min,mem_max,n_hashes
hrrr_control_debug_dyn32_phy32_intel,acorn,intel,328.0487804878049,10.47843313552218,313,353,1068.5853658536585,2.1676670611062603,1064,1074,41
hrrr_control_debug_dyn32_phy32_intel,derecho,intel,288.3636363636364,16.343821688931172,281,392,1008.6363636363636,2.5798044733094687,1004,1013,44
hrrr_control_debug_dyn32_phy32_intel,gaeac6,intel,199.65116279069767,2.256036568116249,196,208,6338.7441860465115,0.4414814484489307,6338,6339,43
hrrr_control_debug_dyn32_phy32_intel,hercules,intel,265.4782608695652,21.68946403767382,234,352,25045.67391304348,162288.5454542213,1102,1101812,46
hrrr_control_debug_dyn32_phy32_intel,orion,intel,293.97777777777776,7.475684489453697,281,314,25153.066666666666,161418.12906567723,1072,1083916,45
hrrr_control_debug_dyn32_phy32_intel,ursa,intel,251.64,118.96556867687492,195,592,1747.2,6.937034595530844,1735,1767,50
hrrr_control_debug_dyn32_phy32_intel,wcoss2,intel,327.3125,6.133813676071845,320,354,976.2916666666666,2.88029500065186,971,982,48
