test_name,machine,compiler,core_mean,core_std,core_min,core_max,mem_mean,mem_std,mem_min,mem_max,n_hashes
hrrr_control_gnu,derecho,gnu,252.5,3.480844591441477,247,262,950.4545454545455,1.744820180706912,948,955,44
hrrr_control_gnu,hercules,gnu,254.15217391304347,23.392275449913768,239,356,21146.282608695652,137119.6792159905,919,930920,46
hrrr_control_gnu,ursa,gnu,314.12,256.97483717044264,197,1480,856.18,9.279536406435643,843,869,50
