test_name,machine,compiler,core_mean,core_std,core_min,core_max,mem_mean,mem_std,mem_min,mem_max,n_hashes
hrrr_gf_debug_gnu,derecho,gnu,160.1818181818182,3.200819134059912,155,169,963.7954545454545,2.4549858660564854,961,972,44
hrrr_gf_debug_gnu,hercules,gnu,127.1086956521739,10.073569952812305,114,155,21479.934782608696,139298.2160336277,932,945708,46
hrrr_gf_debug_gnu,ursa,gnu,159.82,151.7388586502805,106,908,868.06,9.883835494464222,855,881,50
