test_name,machine,compiler,core_mean,core_std,core_min,core_max,mem_mean,mem_std,mem_min,mem_max,n_hashes
hrrr_control_debug_dyn32_phy32_gnu,derecho,gnu,156.5,8.877722314218447,149,195,816.4318181818181,2.3762167240513827,810,822,44
hrrr_control_debug_dyn32_phy32_gnu,hera,gnu,147.0,,147,147,807.0,,807,807,1
hrrr_control_debug_dyn32_phy32_gnu,hercules,gnu,124.0,22.265069803019564,111,266,18096.978260869564,117340.79290482424,791,796640,46
hrrr_control_debug_dyn32_phy32_gnu,ursa,gnu,149.98,125.17962440967358,102,921,721.0,5.205962045225405,715,729,50
