test_name,machine,compiler,core_mean,core_std,core_min,core_max,mem_mean,mem_std,mem_min,mem_max,n_hashes
hrrr_control_decomp_intel,acorn,intel,228.52272727272728,7.318306565979418,217,247,1005.3181818181819,2.218031048839272,1001,1010,44
hrrr_control_decomp_intel,derecho,intel,196.4090909090909,3.090256118069232,191,201,960.2045454545455,1.3043673589860834,955,962,44
hrrr_control_decomp_intel,gaeac6,intel,149.2325581395349,4.566113327454574,143,167,6338.720930232558,0.4538502687509207,6338,6339,43
hrrr_control_decomp_intel,hera,intel,205.75,5.560275772537426,202,214,1148.75,9.945685831890486,1140,1163,4
hrrr_control_decomp_intel,hercules,intel,178.15217391304347,16.451906193244124,166,231,24048.369565217392,155909.73485312422,1042,1058492,46
hrrr_control_decomp_intel,orion,intel,253.06666666666666,3.305642558909353,249,267,23929.955555555556,153598.667087309,1024,1031404,45
hrrr_control_decomp_intel,ursa,intel,244.84,214.3396465463929,145,795,1725.52,50.844797859641076,1682,1915,50
hrrr_control_decomp_intel,wcoss2,intel,235.33333333333334,9.361154078090948,221,267,924.6875,32.02735283764848,907,1010,48
