test_name,machine,compiler,core_mean,core_std,core_min,core_max,mem_mean,mem_std,mem_min,mem_max,n_hashes
hrrr_control_2threads_dyn32_phy32_intel,acorn,intel,171.4090909090909,5.780151208363266,158,186,930.1363636363636,5.904633218591045,922,945,44
hrrr_control_2threads_dyn32_phy32_intel,derecho,intel,287.65909090909093,3.8816394391711975,281,296,889.9090909090909,6.238731914301162,878,901,44
hrrr_control_2threads_dyn32_phy32_intel,gaeac6,intel,142.8372093023256,1.9387063993210953,140,149,6338.3488372093025,0.6860418191553763,6337,6339,43
hrrr_control_2threads_dyn32_phy32_intel,hera,intel,252.0,4.242640687119285,249,255,1018.0,7.0710678118654755,1013,1023,2
hrrr_control_2threads_dyn32_phy32_intel,hercules,intel,219.08695652173913,3.0318757447166127,212,229,24018.304347826088,155667.6908013234,1043,1056856,46
hrrr_control_2threads_dyn32_phy32_intel,orion,intel,236.9111111111111,17.68643833591436,229,344,22540.62222222222,144724.52649277728,955,971808,45
hrrr_control_2threads_dyn32_phy32_intel,ursa,intel,98.14,1.3249566800773624,96,102,1047.94,4.244612431527519,1038,1055,50
hrrr_control_2threads_dyn32_phy32_intel,wcoss2,intel,170.35416666666666,6.567131513229862,164,194,842.5416666666666,27.623577913398332,828,940,48
