test_name,machine,compiler,core_mean,core_std,core_min,core_max,mem_mean,mem_std,mem_min,mem_max,n_hashes
hrrr_control_restart_dyn32_phy32_intel,acorn,intel,110.67441860465117,5.67668972214885,100,130,724.5348837209302,2.11962302588727,719,730,43
hrrr_control_restart_dyn32_phy32_intel,derecho,intel,104.5909090909091,2.471400900329204,102,113,728.0454545454545,2.9171070844368954,723,735,44
hrrr_control_restart_dyn32_phy32_intel,gaeac6,intel,71.79069767441861,3.0202344558540157,69,84,6338.837209302325,0.37354368381878794,6338,6339,43
hrrr_control_restart_dyn32_phy32_intel,hercules,intel,90.32608695652173,10.383864294238414,81,121,21512.82608695652,139325.21175808687,941,945920,46
hrrr_control_restart_dyn32_phy32_intel,orion,intel,123.84444444444445,2.3736771967442074,121,132,20454.48888888889,131237.09387690492,870,881256,45
hrrr_control_restart_dyn32_phy32_intel,ursa,intel,159.4,166.66243532043677,67,538,1661.58,56.242220323692536,1605,1812,50
hrrr_control_restart_dyn32_phy32_intel,wcoss2,intel,110.375,4.465589475276709,105,130,634.1041666666666,19.608117710322045,625,728,48
