test_name,machine,compiler,core_mean,core_std,core_min,core_max,mem_mean,mem_std,mem_min,mem_max,n_hashes
hrrr_control_dyn32_phy32_gnu,derecho,gnu,236.55555555555554,4.372203290809057,230,250,807.5111111111111,1.604287185555459,802,812,45
hrrr_control_dyn32_phy32_gnu,hera,gnu,302.6,1.8165902124584903,300,305,801.6,1.341640786499862,800,803,5
hrrr_control_dyn32_phy32_gnu,hercules,gnu,272.468085106383,21.369269955414563,230,321,17594.55319148936,115229.46201663814,784,790760,47
hrrr_control_dyn32_phy32_gnu,ursa,gnu,230.5,108.27803402842713,186,665,712.3,5.245989721993888,707,721,50
