test_name,machine,compiler,core_mean,core_std,core_min,core_max,mem_mean,mem_std,mem_min,mem_max,n_hashes
hrrr_control_2threads_gnu,derecho,gnu,415.5681818181818,6.659135104371014,408,448,1018.5,2.7322364976461135,1011,1023,44
hrrr_control_2threads_gnu,hercules,gnu,227.46666666666667,22.57371762188779,211,318,989.2666666666667,1.981734777227446,984,993,45
hrrr_control_2threads_gnu,ursa,gnu,157.08,3.343223423156579,153,170,888.5,1.2494896917525875,886,890,50
