test_name,machine,compiler,core_mean,core_std,core_min,core_max,mem_mean,mem_std,mem_min,mem_max,n_hashes
hrrr_control_restart_noqr_gnu,derecho,gnu,140.4318181818182,2.9836588064237697,136,155,781.0,1.8172301949382548,777,785,44
hrrr_control_restart_noqr_gnu,hercules,gnu,134.56521739130434,13.265916518009675,125,178,17049.58695652174,110568.01733826328,734,750656,46
hrrr_control_restart_noqr_gnu,ursa,gnu,153.6,161.1337383438151,103,1123,666.86,5.935056693847504,661,677,50
