test_name,machine,compiler,core_mean,core_std,core_min,core_max,mem_mean,mem_std,mem_min,mem_max,n_hashes
hrrr_control_restart_gnu,derecho,gnu,141.97727272727272,2.832441927511893,139,157,693.8636363636364,1.2684161354226209,690,697,44
hrrr_control_restart_gnu,hera,gnu,180.5,1.73205080756888,179,183,681.75,3.9475730941089977,676,685,4
hrrr_control_restart_gnu,hercules,gnu,137.1086956521739,16.02252339797471,127,194,15186.434782608696,98481.47603769106,653,668600,46
hrrr_control_restart_gnu,ursa,gnu,131.34,65.11233934281488,105,387,579.84,6.914521837762838,568,591,50
