test_name,machine,compiler,core_mean,core_std,core_min,core_max,mem_mean,mem_std,mem_min,mem_max,n_hashes
hrrr_control_intel,acorn,intel,222.76190476190476,8.248605274003488,209,243,1005.0,4.271288147505876,996,1011,42
hrrr_control_intel,derecho,intel,192.38636363636363,5.771686743465334,187,224,958.6818181818181,1.5215158792548422,956,961,44
hrrr_control_intel,gaeac6,intel,144.88372093023256,4.425087044210235,138,161,6338.720930232558,0.4538502687508347,6338,6339,43
hrrr_control_intel,hercules,intel,173.41304347826087,17.534190203341485,161,255,24569.282608695652,159198.27521771754,1067,1080832,46
hrrr_control_intel,orion,intel,248.26666666666668,17.516745235241725,241,361,23969.355555555554,153810.37190735803,1022,1032832,45
hrrr_control_intel,ursa,intel,238.2,205.90834101113822,139,764,1804.44,81.87500677675621,1747,2039,50
hrrr_control_intel,wcoss2,intel,231.04166666666666,8.676106424833405,218,256,914.7083333333334,14.024231815475124,901,1008,48
