test_name,machine,compiler,core_mean,core_std,core_min,core_max,mem_mean,mem_std,mem_min,mem_max,n_hashes
hrrr_control_dyn32_phy32_intel,acorn,intel,190.51111111111112,7.524572540629259,178,211,885.6888888888889,2.031817616884628,880,890,45
hrrr_control_dyn32_phy32_intel,derecho,intel,168.55555555555554,3.997473949858579,164,187,840.8444444444444,1.106911254461062,839,843,45
hrrr_control_dyn32_phy32_intel,gaeac6,intel,126.04545454545455,3.8334788709082237,123,148,6338.818181818182,0.8428282197660276,6338,6342,44
hrrr_control_dyn32_phy32_intel,hera,intel,177.2,1.095445115010335,176,179,1105.8,9.176055797563588,1098,1118,5
hrrr_control_dyn32_phy32_intel,hercules,intel,164.51063829787233,36.026483218071384,145,381,23128.76595744681,151420.43181676135,1003,1039128,47
hrrr_control_dyn32_phy32_intel,orion,intel,220.58695652173913,4.782263931359163,216,242,21195.347826086956,137417.9424432741,916,932948,46
hrrr_control_dyn32_phy32_intel,ursa,intel,171.34,144.7515267269949,122,723,1748.8,80.80487962634781,1692,2012,50
hrrr_control_dyn32_phy32_intel,wcoss2,intel,190.71428571428572,5.564021327541201,183,211,809.1836734693877,32.210035618698456,788,888,49
