test_name,machine,compiler,core_mean,core_std,core_min,core_max,mem_mean,mem_std,mem_min,mem_max,n_hashes
hrrr_control_decomp_gnu,derecho,gnu,252.63636363636363,4.784135163228801,247,279,949.6363636363636,1.7265493088400994,945,954,44
hrrr_control_decomp_gnu,hercules,gnu,257.9782608695652,24.907374303326122,243,357,21188.369565217392,137401.5095932531,920,932832,46
hrrr_control_decomp_gnu,ursa,gnu,299.0,255.89092063866997,198,1767,856.78,9.22793009713185,847,870,50
