test_name,machine,compiler,core_mean,core_std,core_min,core_max,mem_mean,mem_std,mem_min,mem_max,n_hashes
hrrr_control_2threads_dyn32_phy32_gnu,derecho,gnu,387.09090909090907,5.535585437067883,379,401,853.7272727272727,2.5912521563606314,841,857,44
hrrr_control_2threads_dyn32_phy32_gnu,hera,gnu,433.6666666666667,7.637626158259725,427,442,839.0,2.6457513110645907,837,842,3
hrrr_control_2threads_dyn32_phy32_gnu,hercules,gnu,255.2391304347826,28.53316571805025,204,365,18833.369565217392,122115.49424983958,819,829056,46
hrrr_control_2threads_dyn32_phy32_gnu,ursa,gnu,147.16,4.803740039526171,141,159,726.2,1.324802642213681,724,728,50
