test_name,machine,compiler,core_mean,core_std,core_min,core_max,mem_mean,mem_std,mem_min,mem_max,n_hashes
hrrr_control_decomp_intel,acorn,intel,229.02439024390245,7.498292488553802,217,247,1005.0487804878048,2.407812487634745,1001,1010,41
hrrr_control_decomp_intel,derecho,intel,197.88636363636363,6.217813528403341,192,233,960.0454545454545,1.3632134650795316,955,962,44
hrrr_control_decomp_intel,gaeac6,intel,150.04651162790697,4.7707116788253545,143,167,6338.767441860465,0.4274625743753596,6338,6339,43
hrrr_control_decomp_intel,hercules,intel,178.2826086956522,15.442600591981853,166,231,24056.043478260868,155908.57916954005,1051,1058492,46
hrrr_control_decomp_intel,orion,intel,253.4,3.085155071982906,249,267,23932.066666666666,153598.34525319008,1024,1031404,45
hrrr_control_decomp_intel,ursa,intel,231.62,199.5299466041044,145,773,1724.4,50.261357737656226,1682,1915,50
hrrr_control_decomp_intel,wcoss2,intel,235.20833333333334,9.303301480642036,221,267,912.875,2.3486075548733862,907,917,48
