test_name,machine,compiler,core_mean,core_std,core_min,core_max,mem_mean,mem_std,mem_min,mem_max,n_hashes
hrrr_control_restart_gnu,derecho,gnu,142.1818181818182,2.7217703478872846,140,157,694.0227272727273,1.438484932362524,690,697,44
hrrr_control_restart_gnu,hercules,gnu,135.7608695652174,15.859360758602396,127,194,15184.260869565218,98481.80378040171,650,668600,46
hrrr_control_restart_gnu,ursa,gnu,135.94,68.06131989100801,106,387,581.86,7.202635572043982,569,591,50
