test_name,machine,compiler,core_mean,core_std,core_min,core_max,mem_mean,mem_std,mem_min,mem_max,n_hashes
hrrr_control_gnu,derecho,gnu,252.97727272727272,4.546854963975092,247,272,950.4318181818181,1.7440627158651798,948,955,44
hrrr_control_gnu,hercules,gnu,255.5,24.88618536904003,239,356,21146.456521739132,137119.65300126365,919,930920,46
hrrr_control_gnu,ursa,gnu,313.9,257.06786604922445,197,1480,855.84,9.185969780939207,843,869,50
