test_name,machine,compiler,core_mean,core_std,core_min,core_max,mem_mean,mem_std,mem_min,mem_max,n_hashes
hrrr_control_2threads_dyn32_phy32_gnu,derecho,gnu,387.29545454545456,5.3941378406930935,379,401,853.6363636363636,2.5888033429394164,841,857,44
hrrr_control_2threads_dyn32_phy32_gnu,hercules,gnu,259.0217391304348,25.745324607206534,206,365,18833.17391304348,122115.52373866757,819,829056,46
hrrr_control_2threads_dyn32_phy32_gnu,ursa,gnu,147.42,4.647096965211882,141,159,726.16,1.314906685600448,724,728,50
