test_name,machine,compiler,core_mean,core_std,core_min,core_max,mem_mean,mem_std,mem_min,mem_max,n_hashes
hrrr_control_restart_noqr_gnu,derecho,gnu,140.3181818181818,3.009849932693677,136,155,780.8863636363636,1.7812447841250034,777,785,44
hrrr_control_restart_noqr_gnu,hera,gnu,180.5,3.872983346207417,176,185,765.25,2.6299556396765706,763,769,4
hrrr_control_restart_noqr_gnu,hercules,gnu,135.58695652173913,13.560688423948129,125,178,17051.0,110567.804303463,736,750656,46
hrrr_control_restart_noqr_gnu,ursa,gnu,153.48,161.16770831677675,104,1123,666.08,5.677884055432895,661,677,50
