test_name,machine,compiler,core_mean,core_std,core_min,core_max,mem_mean,mem_std,mem_min,mem_max,n_hashes
hrrr_control_debug_dyn32_phy32_intel,acorn,intel,327.8333333333333,10.443615546881086,313,353,1068.6190476190477,2.1521671545425747,1064,1074,42
hrrr_control_debug_dyn32_phy32_intel,derecho,intel,288.3181818181818,16.3533265619137,281,392,1008.5681818181819,2.527962018340716,1004,1013,44
hrrr_control_debug_dyn32_phy32_intel,gaeac6,intel,199.58139534883722,2.259715090970277,196,208,6338.767441860465,0.42746257437556756,6338,6339,43
hrrr_control_debug_dyn32_phy32_intel,hercules,intel,266.10869565217394,21.561517428428484,234,352,25045.391304347828,162288.58803412566,1102,1101812,46
hrrr_control_debug_dyn32_phy32_intel,orion,intel,293.84444444444443,7.5466896883683585,281,314,25152.933333333334,161418.14939036156,1072,1083916,45
hrrr_control_debug_dyn32_phy32_intel,ursa,intel,251.5,119.02567893063224,195,592,1747.3,6.955397258274188,1735,1767,50
hrrr_control_debug_dyn32_phy32_intel,wcoss2,intel,327.1666666666667,6.029478412688607,320,354,978.1666666666666,13.96703312033007,971,1071,48
