test_name,machine,compiler,core_mean,core_std,core_min,core_max,mem_mean,mem_std,mem_min,mem_max,n_hashes
hrrr_control_gnu,derecho,gnu,252.97727272727272,4.572356963641382,247,272,950.5,1.6495242443074847,948,955,44
hrrr_control_gnu,hera,gnu,346.75,3.593976442141301,344,352,944.0,1.8257418583505383,942,946,4
hrrr_control_gnu,hercules,gnu,257.2826086956522,25.366349576185694,239,356,21147.369565217392,137119.51537211105,921,930920,46
hrrr_control_gnu,ursa,gnu,294.84,226.7471269759261,197,1480,854.34,8.662869393131233,843,869,50
