test_name,machine,compiler,core_mean,core_std,core_min,core_max,mem_mean,mem_std,mem_min,mem_max,n_hashes
hrrr_gf_debug_intel,acorn,intel,343.27906976744185,9.562639557388954,330,366,1189.0,3.1167748898959577,1182,1195,43
hrrr_gf_debug_intel,derecho,intel,302.0,10.789745346909855,292,365,1129.9545454545455,2.240790407210986,1124,1133,44
hrrr_gf_debug_intel,gaeac6,intel,210.4418604651163,12.532438529826344,204,288,6338.790697674419,0.4658908279477689,6337,6339,43
hrrr_gf_debug_intel,hercules,intel,262.5869565217391,18.50114241152154,243,323,27853.91304347826,180507.95774305923,1228,1225504,46
hrrr_gf_debug_intel,orion,intel,299.44444444444446,4.2025725647056,292,310,28076.68888888889,180210.91498875097,1204,1210104,45
hrrr_gf_debug_intel,ursa,intel,243.38,96.5369528486689,207,640,1868.82,6.865144141358732,1853,1885,50
hrrr_gf_debug_intel,wcoss2,intel,342.0,4.749020055691669,336,359,1100.5,19.90188700558271,1093,1196,48
