test_name,machine,compiler,core_mean,core_std,core_min,core_max,mem_mean,mem_std,mem_min,mem_max,n_hashes
hrrr_control_restart_intel,acorn,intel,126.97727272727273,5.567716898224422,114,144,757.8409090909091,1.7245583434362715,754,762,44
hrrr_control_restart_intel,derecho,intel,114.54545454545455,3.6437557001721452,111,130,787.5,1.8863031397110108,783,790,44
hrrr_control_restart_intel,gaeac6,intel,80.74418604651163,2.4308828815083197,77,89,6338.674418604651,0.47413732351558396,6338,6339,43
hrrr_control_restart_intel,hera,intel,105.0,,105,105,1132.0,,1132,1132,1
hrrr_control_restart_intel,hercules,intel,94.1086956521739,6.233344958525935,89,113,23856.804347826088,154652.6778319901,1031,1049960,46
hrrr_control_restart_intel,orion,intel,135.9777777777778,3.4277536302212464,133,148,22547.0,144728.43358699576,955,971840,45
hrrr_control_restart_intel,ursa,intel,104.94,87.77020320945242,76,563,1730.7,49.23713962414295,1695,1913,50
hrrr_control_restart_intel,wcoss2,intel,129.4375,4.65812605001972,121,146,669.3958333333334,24.34917935908711,654,765,48
