test_name,machine,compiler,core_mean,core_std,core_min,core_max,mem_mean,mem_std,mem_min,mem_max,n_hashes
hrrr_control_restart_intel,acorn,intel,127.06818181818181,5.633775747709139,114,144,757.8636363636364,1.71980135536137,754,762,44
hrrr_control_restart_intel,derecho,intel,114.0909090909091,2.826931789127666,110,121,787.4090909090909,1.908587470114531,783,790,44
hrrr_control_restart_intel,gaeac6,intel,80.51162790697674,2.07447174025279,77,86,6338.674418604651,0.4741373235154208,6338,6339,43
hrrr_control_restart_intel,hera,intel,105.5,0.7071067811865476,105,106,1132.0,0.0,1132,1132,2
hrrr_control_restart_intel,hercules,intel,94.08695652173913,6.2461582395599935,89,113,23855.32608695652,154652.90055261087,1028,1049960,46
hrrr_control_restart_intel,orion,intel,135.9777777777778,3.4277536302212472,133,148,22546.044444444444,144728.57920383802,955,971840,45
hrrr_control_restart_intel,ursa,intel,104.78,87.81643423897933,76,563,1730.36,49.4272336730616,1695,1913,50
hrrr_control_restart_intel,wcoss2,intel,129.5,4.753498151977241,121,146,671.3958333333334,27.61955796658421,654,765,48
