test_name,machine,compiler,core_mean,core_std,core_min,core_max,mem_mean,mem_std,mem_min,mem_max,n_hashes
hrrr_control_intel,acorn,intel,222.51111111111112,7.861361847734154,209,243,1005.9111111111112,4.049816057676056,996,1011,45
hrrr_control_intel,derecho,intel,191.33333333333334,3.26830509313592,185,200,958.8666666666667,1.4238232781047533,956,961,45
hrrr_control_intel,gaeac6,intel,144.27272727272728,4.189486488839549,138,161,6338.659090909091,0.4794949774542577,6338,6339,44
hrrr_control_intel,hera,intel,194.8,0.836660026534073,194,196,1155.6,2.60768096208104,1154,1160,5
hrrr_control_intel,hercules,intel,172.85106382978722,17.584551920221557,160,255,24063.08510638298,157496.58070985842,1067,1080832,47
hrrr_control_intel,orion,intel,248.19565217391303,17.404494394287156,241,361,23469.630434782608,152129.52596000535,1022,1032832,46
hrrr_control_intel,ursa,intel,239.7,209.819772029935,139,771,1805.18,81.17320609508472,1747,2039,50
hrrr_control_intel,wcoss2,intel,231.26530612244898,8.308568644788952,218,256,925.9387755102041,32.95666862416042,901,1008,49
