test_name,machine,compiler,core_mean,core_std,core_min,core_max,mem_mean,mem_std,mem_min,mem_max,n_hashes
hrrr_control_restart_gnu,derecho,gnu,142.02272727272728,2.799407216019025,139,157,693.9772727272727,1.4057793727396795,690,697,44
hrrr_control_restart_gnu,hercules,gnu,135.95652173913044,15.850631283242155,127,194,15185.0,98481.69235819079,650,668600,46
hrrr_control_restart_gnu,ursa,gnu,135.14,68.25462830983908,106,387,581.14,7.19696648113724,569,591,50
