test_name,machine,compiler,core_mean,core_std,core_min,core_max,mem_mean,mem_std,mem_min,mem_max,n_hashes
hrrr_control_decomp_dyn32_phy32_intel,acorn,intel,199.97727272727272,8.598238425219039,183,225,888.5681818181819,2.8886121820463226,881,893,44
hrrr_control_decomp_dyn32_phy32_intel,derecho,intel,176.4318181818182,2.4150470867644827,172,183,841.3409090909091,1.841930001677072,837,845,44
hrrr_control_decomp_dyn32_phy32_intel,gaeac6,intel,131.95348837209303,2.6987959252767,128,144,6338.790697674419,0.41162509149305676,6338,6339,43
hrrr_control_decomp_dyn32_phy32_intel,hera,intel,186.0,0.0,186,186,1042.6666666666667,1.154700538379268,1042,1044,3
hrrr_control_decomp_dyn32_phy32_intel,hercules,intel,174.1086956521739,33.37013186193744,153,356,22749.391304347828,147510.94730561198,979,1001468,46
hrrr_control_decomp_dyn32_phy32_intel,orion,intel,230.84444444444443,6.208335875533346,226,262,21138.044444444444,135656.64747944206,905,910928,45
hrrr_control_decomp_dyn32_phy32_intel,ursa,intel,274.0,241.7607182690339,125,788,1679.6,52.82160967804361,1626,1848,50
hrrr_control_decomp_dyn32_phy32_intel,wcoss2,intel,198.75,5.763051792014961,191,219,807.4166666666666,29.020046873969342,784,893,48
