test_name,machine,compiler,core_mean,core_std,core_min,core_max,mem_mean,mem_std,mem_min,mem_max,n_hashes
hrrr_control_decomp_gnu,derecho,gnu,252.55555555555554,4.7508638236332414,247,279,949.9111111111112,1.7165269139937114,945,954,45
hrrr_control_decomp_gnu,hera,gnu,344.8,2.5884358211089533,342,348,945.6,3.2093613071762452,943,950,5
hrrr_control_decomp_gnu,hercules,gnu,261.17021276595744,26.62486509370695,243,357,20758.382978723403,135931.7758904065,922,932832,47
hrrr_control_decomp_gnu,ursa,gnu,291.8,253.96159118244313,198,1767,854.98,8.539201320010696,847,870,50
