test_name,machine,compiler,core_mean,core_std,core_min,core_max,mem_mean,mem_std,mem_min,mem_max,n_hashes
hrrr_control_2threads_dyn32_phy32_intel,acorn,intel,171.37777777777777,5.62982677308543,158,186,930.1555555555556,5.775951537332707,923,945,45
hrrr_control_2threads_dyn32_phy32_intel,derecho,intel,287.3777777777778,3.8629292282181757,281,296,890.0444444444445,6.0601363454342145,878,901,45
hrrr_control_2threads_dyn32_phy32_intel,gaeac6,intel,142.8409090909091,1.904012676064188,140,149,6338.409090909091,0.6583341138788118,6337,6339,44
hrrr_control_2threads_dyn32_phy32_intel,hera,intel,251.8,2.3874672772626635,249,255,1016.8,3.7013511046643517,1013,1023,5
hrrr_control_2threads_dyn32_phy32_intel,hercules,intel,218.93617021276594,3.002927957548073,212,229,23529.14893617021,154002.8694389616,1043,1056856,47
hrrr_control_2threads_dyn32_phy32_intel,orion,intel,236.69565217391303,17.53963076415792,229,344,22071.58695652174,143142.79465571375,955,971808,46
hrrr_control_2threads_dyn32_phy32_intel,ursa,intel,98.02,1.362620524532622,96,102,1047.8,4.257046978786107,1038,1055,50
hrrr_control_2threads_dyn32_phy32_intel,wcoss2,intel,170.3673469387755,6.398873200126139,164,194,848.3265306122449,34.57021101752079,828,940,49
