test_name,machine,compiler,core_mean,core_std,core_min,core_max,mem_mean,mem_std,mem_min,mem_max,n_hashes
hrrr_control_2threads_dyn32_phy32_gnu,derecho,gnu,387.1818181818182,5.499567540176579,379,401,853.6818181818181,2.558821742591569,841,857,44
hrrr_control_2threads_dyn32_phy32_gnu,hera,gnu,432.0,,432,432,838.0,,838,838,1
hrrr_control_2threads_dyn32_phy32_gnu,hercules,gnu,257.5,26.53446396251064,206,365,18833.456521739132,122115.48114245638,819,829056,46
hrrr_control_2threads_dyn32_phy32_gnu,ursa,gnu,147.24,4.766207579814149,141,159,726.18,1.3200185527453205,724,728,50
