test_name,machine,compiler,core_mean,core_std,core_min,core_max,mem_mean,mem_std,mem_min,mem_max,n_hashes
hrrr_control_restart_dyn32_phy32_gnu,derecho,gnu,135.8409090909091,4.569581843462419,132,161,673.6136363636364,1.2615219507148052,670,677,44
hrrr_control_restart_dyn32_phy32_gnu,hera,gnu,157.5,0.7071067811865476,157,158,660.0,1.4142135623730951,659,661,2
hrrr_control_restart_dyn32_phy32_gnu,hercules,gnu,146.67391304347825,11.686752895339021,121,172,14648.565217391304,94985.08978563185,639,644864,46
hrrr_control_restart_dyn32_phy32_gnu,ursa,gnu,173.6,200.59605058476123,99,1263,559.82,5.623166367803779,550,569,50
