test_name,machine,compiler,core_mean,core_std,core_min,core_max,mem_mean,mem_std,mem_min,mem_max,n_hashes
hrrr_c3_debug_intel,acorn,intel,346.1904761904762,10.435020995778864,330,379,1188.595238095238,2.9222404018694954,1182,1194,42
hrrr_c3_debug_intel,derecho,intel,307.4318181818182,27.120229922254367,296,429,1129.5,4.582575694955829,1105,1135,44
hrrr_c3_debug_intel,gaeac6,intel,210.30232558139534,2.8160668596713934,206,216,6338.813953488372,0.6638923447398135,6338,6342,43
hrrr_c3_debug_intel,hercules,intel,268.7608695652174,14.132994937157498,246,314,27976.67391304348,181337.69886596224,1211,1231132,46
hrrr_c3_debug_intel,orion,intel,302.02222222222224,7.133432454706379,293,329,28096.466666666667,180341.45394508514,1203,1210980,45
hrrr_c3_debug_intel,ursa,intel,260.18,122.62647615038615,209,675,1867.94,6.822561611211423,1856,1890,50
hrrr_c3_debug_intel,wcoss2,intel,343.3125,4.317979482178053,336,359,1098.4375,14.463315664120698,1086,1195,48
