test_name,machine,compiler,core_mean,core_std,core_min,core_max,mem_mean,mem_std,mem_min,mem_max,n_hashes
hrrr_control_2threads_intel,acorn,intel,201.3111111111111,6.04461526793671,190,213,1072.8444444444444,4.253103442063129,1064,1087,45
hrrr_control_2threads_intel,derecho,intel,328.55555555555554,5.46291445507195,318,340,1031.8666666666666,4.245853592303072,1021,1042,45
hrrr_control_2threads_intel,gaeac6,intel,168.9090909090909,54.27955980945149,156,520,6338.590909090909,0.497350272814685,6338,6339,44
hrrr_control_2threads_intel,hera,intel,280.8,1.095445115010327,279,282,1165.4,2.7018512172212694,1162,1169,5
hrrr_control_2threads_intel,hercules,intel,251.2340425531915,5.634570181352312,245,276,25433.787234042553,166499.73845585107,1128,1142612,47
hrrr_control_2threads_intel,orion,intel,255.47826086956522,5.753217961125116,251,283,25366.17391304348,164523.32316717005,1083,1116960,46
hrrr_control_2threads_intel,ursa,intel,116.96,3.822383058367905,112,134,1161.18,1.9865876804824911,1156,1166,50
hrrr_control_2threads_intel,wcoss2,intel,206.57142857142858,13.54467915210004,194,289,992.1224489795918,36.513486465654594,973,1087,49
