test_name,machine,compiler,core_mean,core_std,core_min,core_max,mem_mean,mem_std,mem_min,mem_max,n_hashes
hrrr_control_decomp_gnu,derecho,gnu,251.9090909090909,2.6309268136001185,247,261,949.6136363636364,1.7282321803926555,945,954,44
hrrr_control_decomp_gnu,hercules,gnu,256.7391304347826,23.754704593788663,243,357,21188.195652173912,137401.53580584648,920,932832,46
hrrr_control_decomp_gnu,ursa,gnu,299.46,255.7281089639653,198,1767,857.14,9.348163630644601,847,870,50
