test_name,machine,compiler,core_mean,core_std,core_min,core_max,mem_mean,mem_std,mem_min,mem_max,n_hashes
hrrr_control_decomp_dyn32_phy32_intel,acorn,intel,199.8372093023256,8.733979163392704,183,225,888.5581395348837,2.897472836319451,881,893,43
hrrr_control_decomp_dyn32_phy32_intel,derecho,intel,183.79545454545453,48.83602346793478,172,500,841.0227272727273,1.6773267264150007,837,843,44
hrrr_control_decomp_dyn32_phy32_intel,gaeac6,intel,131.90697674418604,2.7063765398844257,128,144,6338.813953488372,0.39374961547894205,6338,6339,43
hrrr_control_decomp_dyn32_phy32_intel,hercules,intel,173.52173913043478,33.4801693414241,153,356,22752.304347826088,147510.50883044375,979,1001468,46
hrrr_control_decomp_dyn32_phy32_intel,orion,intel,230.77777777777777,6.248232073187115,226,262,21139.022222222222,135656.49844912247,905,910928,45
hrrr_control_decomp_dyn32_phy32_intel,ursa,intel,274.16,241.66610124259446,125,788,1680.1,52.43859382600737,1633,1848,50
hrrr_control_decomp_dyn32_phy32_intel,wcoss2,intel,198.83333333333334,5.721677083904881,191,219,801.7083333333334,19.46295808937205,784,893,48
