test_name,machine,compiler,core_mean,core_std,core_min,core_max,mem_mean,mem_std,mem_min,mem_max,n_hashes
hrrr_control_restart_gnu,derecho,gnu,142.02272727272728,2.799407216019022,139,157,694.0,1.414213562373101,690,697,44
hrrr_control_restart_gnu,hera,gnu,179.0,,179,179,676.0,,676,676,1
hrrr_control_restart_gnu,hercules,gnu,135.91304347826087,15.872864457524875,127,194,15185.326086956522,98481.64318943558,650,668600,46
hrrr_control_restart_gnu,ursa,gnu,135.06,68.28822768835289,105,387,580.86,7.07686659591137,569,591,50
