test_name,machine,compiler,core_mean,core_std,core_min,core_max,mem_mean,mem_std,mem_min,mem_max,n_hashes
hrrr_control_debug_intel,acorn,intel,339.2439024390244,11.121556743111283,324,368,1184.0487804878048,2.5094941672795055,1179,1189,41
hrrr_control_debug_intel,derecho,intel,297.8181818181818,16.019280138390105,289,397,1124.8636363636363,2.4926954598167255,1116,1130,44
hrrr_control_debug_intel,gaeac6,intel,205.97674418604652,3.3557936545694704,201,216,6338.627906976744,0.4890834875632374,6338,6339,43
hrrr_control_debug_intel,hercules,intel,261.7608695652174,16.519597496587966,238,319,27868.347826086956,180636.0029530495,1224,1226368,46
hrrr_control_debug_intel,orion,intel,295.3333333333333,7.440674456232868,284,325,27919.333333333332,179167.08123501015,1198,1203100,45
hrrr_control_debug_intel,ursa,intel,253.48,116.37785749138757,202,653,1865.3,7.627153426262994,1854,1883,50
hrrr_control_debug_intel,wcoss2,intel,335.7916666666667,4.997694503929768,329,356,1091.1875,1.4681911000898433,1087,1094,48
