test_name,machine,compiler,core_mean,core_std,core_min,core_max,mem_mean,mem_std,mem_min,mem_max,n_hashes
hrrr_control_decomp_dyn32_phy32_gnu,derecho,gnu,238.79545454545453,5.032820400524176,233,259,807.4090909090909,2.3159525823376583,802,814,44
hrrr_control_decomp_dyn32_phy32_gnu,hercules,gnu,284.6521739130435,23.020008100495108,231,382,17874.847826086956,115896.6284172557,783,786836,46
hrrr_control_decomp_dyn32_phy32_gnu,ursa,gnu,233.76,143.44899683817084,186,989,713.56,5.3343706474223955,707,721,50
