test_name,machine,compiler,core_mean,core_std,core_min,core_max,mem_mean,mem_std,mem_min,mem_max,n_hashes
hrrr_control_restart_noqr_gnu,derecho,gnu,140.38636363636363,3.0055445591858363,136,155,780.9772727272727,1.8106742463004342,777,785,44
hrrr_control_restart_noqr_gnu,hera,gnu,176.0,,176,176,765.0,,765,765,1
hrrr_control_restart_noqr_gnu,hercules,gnu,134.3913043478261,13.325794970439965,125,178,17049.891304347828,110567.97145511457,734,750656,46
hrrr_control_restart_noqr_gnu,ursa,gnu,153.62,161.12739160841215,104,1123,666.58,5.8242631135900185,661,677,50
