test_name,machine,compiler,core_mean,core_std,core_min,core_max,mem_mean,mem_std,mem_min,mem_max,n_hashes
hrrr_control_intel,acorn,intel,222.63636363636363,8.101366261721155,209,243,1005.1590909090909,4.269650504830995,996,1011,44
hrrr_control_intel,derecho,intel,192.5,5.812976662125765,187,224,958.7727272727273,1.4605452368914957,956,961,44
hrrr_control_intel,gaeac6,intel,144.58139534883722,4.3492339672501625,138,161,6338.720930232558,0.4538502687507698,6338,6339,43
hrrr_control_intel,hera,intel,194.0,,194,194,1156.0,,1156,1156,1
hrrr_control_intel,hercules,intel,173.19565217391303,17.65423407220852,160,255,24566.804347826088,159198.64836202035,1067,1080832,46
hrrr_control_intel,orion,intel,248.13333333333333,17.553295468890784,241,361,23968.82222222222,153810.45321497155,1022,1032832,45
hrrr_control_intel,ursa,intel,238.1,205.95524082792792,139,764,1804.12,81.99368815926738,1747,2039,50
hrrr_control_intel,wcoss2,intel,230.79166666666666,8.525202520420525,218,256,918.5208333333334,22.98564731021301,901,1008,48
