test_name,machine,compiler,core_mean,core_std,core_min,core_max,mem_mean,mem_std,mem_min,mem_max,n_hashes
hrrr_control_dyn32_phy32_intel,acorn,intel,191.0,7.781911046451496,178,211,886.0454545454545,1.6132380474950716,883,890,44
hrrr_control_dyn32_phy32_intel,derecho,intel,180.79545454545453,79.88671617183182,164,698,840.6363636363636,1.1430458919943136,837,842,44
hrrr_control_dyn32_phy32_intel,gaeac6,intel,125.51162790697674,1.8305878970228326,123,133,6338.837209302325,0.8431864889510166,6338,6342,43
hrrr_control_dyn32_phy32_intel,hera,intel,177.0,,177,177,1102.0,,1102,1102,1
hrrr_control_dyn32_phy32_intel,hercules,intel,164.02173913043478,36.606914423027774,145,381,23612.608695652172,153056.9011910245,1003,1039128,46
hrrr_control_dyn32_phy32_intel,orion,intel,220.35555555555555,4.867123266251728,216,242,21648.733333333334,138935.94084969844,916,932948,45
hrrr_control_dyn32_phy32_intel,ursa,intel,183.08,159.4291909870194,122,723,1751.72,82.64036667441417,1692,2012,50
hrrr_control_dyn32_phy32_intel,wcoss2,intel,191.95833333333334,11.194524370714687,183,258,801.8958333333334,22.413179617523628,788,887,48
