test_name,machine,compiler,core_mean,core_std,core_min,core_max,mem_mean,mem_std,mem_min,mem_max,n_hashes
hrrr_control_2threads_dyn32_phy32_intel,acorn,intel,171.17073170731706,5.8133572014129244,158,186,929.9024390243902,5.911027313626543,922,945,41
hrrr_control_2threads_dyn32_phy32_intel,derecho,intel,297.90909090909093,64.75672477670173,281,717,890.2727272727273,5.687046220542557,883,901,44
hrrr_control_2threads_dyn32_phy32_intel,gaeac6,intel,142.95348837209303,1.9142757970685769,140,149,6338.2558139534885,0.6580281965231805,6337,6339,43
hrrr_control_2threads_dyn32_phy32_intel,hercules,intel,219.56521739130434,2.817817704954932,214,229,24020.304347826088,155667.38944841045,1043,1056856,46
hrrr_control_2threads_dyn32_phy32_intel,orion,intel,237.22222222222223,17.583423093265083,229,344,22540.933333333334,144724.47905799863,955,971808,45
hrrr_control_2threads_dyn32_phy32_intel,ursa,intel,98.78,3.4834301649790103,96,121,1048.66,4.245573925770708,1038,1058,50
hrrr_control_2threads_dyn32_phy32_intel,wcoss2,intel,171.14583333333334,8.656542436235998,164,210,834.2291666666666,4.73663667071421,828,847,48
