test_name,machine,compiler,core_mean,core_std,core_min,core_max,mem_mean,mem_std,mem_min,mem_max,n_hashes
hrrr_control_debug_gnu,derecho,gnu,159.04545454545453,7.8738736232616136,152,207,959.0,2.5150708529480656,955,968,44
hrrr_control_debug_gnu,hera,gnu,149.75,2.7537852736430524,147,153,953.25,3.5000000000000013,949,957,4
hrrr_control_debug_gnu,hercules,gnu,123.78260869565217,8.617586781249562,113,144,21349.630434782608,138430.42509335533,927,939820,46
hrrr_control_debug_gnu,ursa,gnu,135.7,64.90251716762516,104,373,862.04,9.354601617843954,851,877,50
