test_name,machine,compiler,core_mean,core_std,core_min,core_max,mem_mean,mem_std,mem_min,mem_max,n_hashes
hrrr_control_noqr_gnu,derecho,gnu,252.8409090909091,9.355866662944662,245,309,935.4318181818181,1.9337603717823413,931,939,44
hrrr_control_noqr_gnu,hera,gnu,342.0,0.0,342,342,934.0,0.0,934,934,2
hrrr_control_noqr_gnu,hercules,gnu,263.5217391304348,53.622441044537304,242,576,20881.956521739132,135405.15535088786,907,919280,46
hrrr_control_noqr_gnu,ursa,gnu,261.98,194.9852417230492,199,1448,841.38,9.218194076977191,833,856,50
