test_name,machine,compiler,core_mean,core_std,core_min,core_max,mem_mean,mem_std,mem_min,mem_max,n_hashes
hrrr_control_debug_dyn32_phy32_intel,acorn,intel,327.6046511627907,10.426932925484728,313,353,1068.5813953488373,2.1406781095133027,1064,1074,43
hrrr_control_debug_dyn32_phy32_intel,derecho,intel,288.25,16.38650181888939,279,392,1008.4545454545455,2.4820710168666418,1004,1013,44
hrrr_control_debug_dyn32_phy32_intel,gaeac6,intel,199.72093023255815,2.218167212076428,196,208,6338.790697674419,0.41162509149317617,6338,6339,43
hrrr_control_debug_dyn32_phy32_intel,hercules,intel,266.7826086956522,21.402920925765937,234,352,25044.91304347826,162288.66011384723,1102,1101812,46
hrrr_control_debug_dyn32_phy32_intel,orion,intel,294.06666666666666,7.303174901121002,283,314,25152.733333333334,161418.17987527134,1072,1083916,45
hrrr_control_debug_dyn32_phy32_intel,ursa,intel,243.78,108.98142324380287,195,592,1747.0,6.895724792084109,1735,1767,50
hrrr_control_debug_dyn32_phy32_intel,wcoss2,intel,327.0,6.031830462090611,320,354,980.0833333333334,19.356491388297787,971,1071,48
