test_name,machine,compiler,core_mean,core_std,core_min,core_max,mem_mean,mem_std,mem_min,mem_max,n_hashes
hrrr_c3_debug_gnu,derecho,gnu,161.27272727272728,8.453329153910621,154,212,962.7045454545455,2.1084497275723106,958,970,44
hrrr_c3_debug_gnu,hera,gnu,152.5,2.1213203435596424,151,154,947.5,16.263455967290593,936,959,2
hrrr_c3_debug_gnu,hercules,gnu,126.95652173913044,8.118446818447564,114,149,21424.152173913044,138907.52107834868,932,943060,46
hrrr_c3_debug_gnu,ursa,gnu,142.02,118.55653779130542,106,828,867.58,9.766853565577314,858,885,50
