test_name,machine,compiler,core_mean,core_std,core_min,core_max,mem_mean,mem_std,mem_min,mem_max,n_hashes
hrrr_gf_debug_gnu,derecho,gnu,161.54545454545453,8.974005212614118,155,216,963.4090909090909,2.038218348964344,961,970,44
hrrr_gf_debug_gnu,hera,gnu,149.0,,149,149,960.0,,960,960,1
hrrr_gf_debug_gnu,hercules,gnu,127.19565217391305,10.010260436655074,114,155,21480.608695652172,139298.11446222942,932,945708,46
hrrr_gf_debug_gnu,ursa,gnu,155.68,150.55712049123497,106,908,867.34,9.744930654929616,855,881,50
