test_name,machine,compiler,core_mean,core_std,core_min,core_max,mem_mean,mem_std,mem_min,mem_max,n_hashes
hrrr_control_restart_noqr_gnu,derecho,gnu,140.26666666666668,2.995451096701004,136,155,780.8888888888889,1.760968512214263,777,785,45
hrrr_control_restart_noqr_gnu,hera,gnu,179.8,3.701351104664351,176,185,765.4,2.3021728866442577,763,769,5
hrrr_control_restart_noqr_gnu,hercules,gnu,135.6595744680851,13.421716011172013,125,178,16704.191489361703,109385.21954276573,736,750656,47
hrrr_control_restart_noqr_gnu,ursa,gnu,157.2,162.23955580988184,104,1123,665.82,5.5574550040867505,661,677,50
