test_name,machine,compiler,core_mean,core_std,core_min,core_max,mem_mean,mem_std,mem_min,mem_max,n_hashes
hrrr_control_restart_intel,acorn,intel,126.69047619047619,5.532555953396952,114,144,757.7857142857143,1.7465745469586604,754,762,42
hrrr_control_restart_intel,derecho,intel,114.4090909090909,3.756038126822993,110,130,787.6363636363636,1.8055587177652233,783,790,44
hrrr_control_restart_intel,gaeac6,intel,80.93023255813954,2.6850143995109956,77,89,6338.674418604651,0.4741373235153997,6338,6339,43
hrrr_control_restart_intel,hercules,intel,94.34782608695652,6.219029546674906,89,113,23857.282608695652,154652.60574485612,1031,1049960,46
hrrr_control_restart_intel,orion,intel,136.04444444444445,3.390867115942435,133,148,22548.977777777778,144728.13216706587,958,971840,45
hrrr_control_restart_intel,ursa,intel,105.02,87.74510626507546,77,563,1731.0,49.16735269900716,1695,1913,50
hrrr_control_restart_intel,wcoss2,intel,129.1875,4.029974130110726,121,139,665.3541666666666,14.690407325050128,654,763,48
