test_name,machine,compiler,core_mean,core_std,core_min,core_max,mem_mean,mem_std,mem_min,mem_max,n_hashes
hrrr_control_decomp_dyn32_phy32_gnu,derecho,gnu,238.5,5.1602235394161,233,259,807.2045454545455,2.308523593973532,802,814,44
hrrr_control_decomp_dyn32_phy32_gnu,hera,gnu,308.25,1.7078251276599261,306,310,803.0,4.830458915396473,799,810,4
hrrr_control_decomp_dyn32_phy32_gnu,hercules,gnu,280.2391304347826,26.501307961523302,231,382,17874.847826086956,115896.6284176392,783,786836,46
hrrr_control_decomp_dyn32_phy32_gnu,ursa,gnu,258.12,221.07036833348346,186,1424,712.56,5.288261934295149,703,721,50
