test_name,machine,compiler,core_mean,core_std,core_min,core_max,mem_mean,mem_std,mem_min,mem_max,n_hashes
hrrr_control_dyn32_phy32_gnu,derecho,gnu,236.9318181818182,4.145031922747027,231,250,808.0454545454545,2.1882832333849542,802,814,44
hrrr_control_dyn32_phy32_gnu,hercules,gnu,280.32608695652175,15.877383422586538,231,321,17960.217391304348,116475.18082443585,784,790760,46
hrrr_control_dyn32_phy32_gnu,ursa,gnu,222.96,87.84563455405217,186,553,713.64,5.557712053111966,707,721,50
