test_name,machine,compiler,core_mean,core_std,core_min,core_max,mem_mean,mem_std,mem_min,mem_max,n_hashes
hrrr_control_decomp_gnu,derecho,gnu,252.52272727272728,4.800623197740139,247,279,949.9090909090909,1.736317699712287,945,954,44
hrrr_control_decomp_gnu,hera,gnu,345.5,2.3804761428476087,343,348,946.25,3.304037933599835,943,950,4
hrrr_control_decomp_gnu,hercules,gnu,260.4347826086956,26.432011042095702,243,357,21189.369565217392,137401.35886152554,922,932832,46
hrrr_control_decomp_gnu,ursa,gnu,292.2,253.83298381705515,198,1767,855.32,8.714145197930378,847,870,50
