test_name,machine,compiler,core_mean,core_std,core_min,core_max,mem_mean,mem_std,mem_min,mem_max,n_hashes
hrrr_control_restart_noqr_gnu,derecho,gnu,140.36363636363637,3.012307383330956,136,155,781.0,1.817230194938308,777,785,44
hrrr_control_restart_noqr_gnu,hera,gnu,177.5,2.1213203435596424,176,179,767.0,2.8284271247461903,765,769,2
hrrr_control_restart_noqr_gnu,hercules,gnu,134.80434782608697,13.417434040526677,125,178,17050.282608695652,110567.91246120851,734,750656,46
hrrr_control_restart_noqr_gnu,ursa,gnu,153.54,161.1509889032326,104,1123,666.38,5.735282851591135,661,677,50
