test_name,machine,compiler,core_mean,core_std,core_min,core_max,mem_mean,mem_std,mem_min,mem_max,n_hashes
hrrr_control_2threads_intel,acorn,intel,201.54545454545453,6.218706010075266,190,213,1072.840909090909,4.361262788209668,1064,1087,44
hrrr_control_2threads_intel,derecho,intel,329.09090909090907,5.535585437067916,318,340,1031.659090909091,3.9996696480920835,1021,1042,44
hrrr_control_2threads_intel,gaeac6,intel,169.34883720930233,54.85820844987567,156,520,6338.558139534884,0.5024855165594985,6338,6339,43
hrrr_control_2threads_intel,hera,intel,280.0,1.4142135623730951,279,281,1166.0,1.4142135623730951,1165,1167,2
hrrr_control_2threads_intel,hercules,intel,251.54347826086956,5.690953920191158,245,276,25962.434782608696,168299.68539914506,1128,1142612,46
hrrr_control_2threads_intel,orion,intel,255.84444444444443,5.7483418777447675,251,283,25905.355555555554,166341.2968796323,1083,1116960,45
hrrr_control_2threads_intel,ursa,intel,117.16,3.694231576224686,112,134,1161.14,2.0304819976687942,1156,1166,50
hrrr_control_2threads_intel,wcoss2,intel,206.16666666666666,13.602774018298911,194,289,985.8125,28.186050760026816,973,1085,48
