test_name,machine,compiler,core_mean,core_std,core_min,core_max,mem_mean,mem_std,mem_min,mem_max,n_hashes
hrrr_control_2threads_dyn32_phy32_intel,acorn,intel,171.22727272727272,5.725762410343623,158,186,930.1363636363636,5.904633218591037,922,945,44
hrrr_control_2threads_dyn32_phy32_intel,derecho,intel,297.52272727272725,64.82157573494415,281,717,890.1136363636364,5.981428269549244,879,901,44
hrrr_control_2threads_dyn32_phy32_intel,gaeac6,intel,142.88372093023256,1.9174549392555038,140,149,6338.325581395349,0.6803686057171211,6337,6339,43
hrrr_control_2threads_dyn32_phy32_intel,hera,intel,255.0,,255,255,1013.0,,1013,1013,1
hrrr_control_2threads_dyn32_phy32_intel,hercules,intel,219.2826086956522,2.849273150809308,214,229,24018.434782608696,155667.67114460387,1043,1056856,46
hrrr_control_2threads_dyn32_phy32_intel,orion,intel,236.9777777777778,17.661577311534575,229,344,22540.71111111111,144724.51294247762,955,971808,45
hrrr_control_2threads_dyn32_phy32_intel,ursa,intel,98.24,1.4222718245318406,96,102,1048.06,4.244612431527468,1038,1055,50
hrrr_control_2threads_dyn32_phy32_intel,wcoss2,intel,170.45833333333334,6.519882303249574,164,194,840.5833333333334,24.84576536831963,828,940,48
