test_name,machine,compiler,core_mean,core_std,core_min,core_max,mem_mean,mem_std,mem_min,mem_max,n_hashes
hrrr_control_restart_gnu,derecho,gnu,142.0681818181818,2.7986518953399053,139,157,693.9318181818181,1.3536810670499992,690,697,44
hrrr_control_restart_gnu,hera,gnu,180.66666666666666,2.0816659994661366,179,183,681.3333333333334,4.725815626252603,676,685,3
hrrr_control_restart_gnu,hercules,gnu,136.7608695652174,16.021076094540373,127,194,15186.130434782608,98481.52192424699,653,668600,46
hrrr_control_restart_gnu,ursa,gnu,131.66,65.0295411677631,105,387,580.1,7.010924420109699,568,591,50
