test_name,machine,compiler,core_mean,core_std,core_min,core_max,mem_mean,mem_std,mem_min,mem_max,n_hashes
hrrr_control_noqr_gnu,derecho,gnu,252.88636363636363,9.35654455470759,245,309,935.3409090909091,1.9040126760641745,931,939,44
hrrr_control_noqr_gnu,hera,gnu,344.0,3.4641016151377544,342,348,933.3333333333334,1.154700538379268,932,934,3
hrrr_control_noqr_gnu,hercules,gnu,264.39130434782606,53.63973579389302,242,576,20882.195652173912,135405.11930197873,907,919280,46
hrrr_control_noqr_gnu,ursa,gnu,261.92,195.00359389676143,199,1448,841.02,9.105929891212377,833,856,50
