test_name,machine,compiler,core_mean,core_std,core_min,core_max,mem_mean,mem_std,mem_min,mem_max,n_hashes
hrrr_control_restart_dyn32_phy32_intel,acorn,intel,110.29545454545455,5.588940680318437,100,130,724.4545454545455,2.1615513965081816,719,730,44
hrrr_control_restart_dyn32_phy32_intel,derecho,intel,104.68181818181819,2.409021100747727,102,113,727.7272727272727,2.5641865872284755,723,734,44
hrrr_control_restart_dyn32_phy32_intel,gaeac6,intel,71.81395348837209,3.0178501805210387,69,84,6338.837209302325,0.37354368381898084,6338,6339,43
hrrr_control_restart_dyn32_phy32_intel,hera,intel,97.0,0.0,97,97,1048.6666666666667,5.131601439446915,1043,1053,3
hrrr_control_restart_dyn32_phy32_intel,hercules,intel,90.91304347826087,10.223776399390504,81,121,21511.782608695652,139325.36890952024,941,945920,46
hrrr_control_restart_dyn32_phy32_intel,orion,intel,123.77777777777777,2.353806287782413,121,132,20451.68888888889,131237.52057413486,870,881256,45
hrrr_control_restart_dyn32_phy32_intel,ursa,intel,141.06,149.16439499657375,67,529,1657.36,55.558669119100756,1605,1812,50
hrrr_control_restart_dyn32_phy32_intel,wcoss2,intel,110.3125,4.580979408426277,105,130,640.125,29.821900420342967,625,728,48
