test_name,machine,compiler,core_mean,core_std,core_min,core_max,mem_mean,mem_std,mem_min,mem_max,n_hashes
hrrr_control_debug_dyn32_phy32_intel,acorn,intel,327.72727272727275,10.337026778603406,313,353,1068.5227272727273,2.1511342207119926,1064,1074,44
hrrr_control_debug_dyn32_phy32_intel,derecho,intel,288.1136363636364,16.37953332823436,279,392,1008.4545454545455,2.482071016866663,1004,1013,44
hrrr_control_debug_dyn32_phy32_intel,gaeac6,intel,199.7906976744186,2.209914235945042,196,208,6338.790697674419,0.4116250914931577,6338,6339,43
hrrr_control_debug_dyn32_phy32_intel,hera,intel,283.0,,283,283,1218.0,,1218,1218,1
hrrr_control_debug_dyn32_phy32_intel,hercules,intel,267.1521739130435,21.27070744401987,234,352,25044.58695652174,162288.7092654564,1102,1101812,46
hrrr_control_debug_dyn32_phy32_intel,orion,intel,294.0444444444444,7.317337927377297,283,314,25152.555555555555,161418.2069800728,1072,1083916,45
hrrr_control_debug_dyn32_phy32_intel,ursa,intel,243.72,109.00571788035822,195,592,1746.94,6.908764028982529,1735,1767,50
hrrr_control_debug_dyn32_phy32_intel,wcoss2,intel,326.9791666666667,6.0300297565806655,320,354,981.9375,22.97862674822064,971,1071,48
