test_name,machine,compiler,core_mean,core_std,core_min,core_max,mem_mean,mem_std,mem_min,mem_max,n_hashes
hrrr_gf_debug_gnu,derecho,gnu,161.48888888888888,8.838506204059138,155,216,963.1111111111111,1.9681812349825347,960,970,45
hrrr_gf_debug_gnu,hera,gnu,153.4,2.9664793948382617,149,156,958.2,3.4928498393145957,954,962,5
hrrr_gf_debug_gnu,hercules,gnu,126.85106382978724,9.8421867564079,114,155,21044.531914893618,137808.11656853682,932,945708,47
hrrr_gf_debug_gnu,ursa,gnu,155.54,150.5997818249226,106,908,865.74,9.14466499983373,855,881,50
