test_name,machine,compiler,core_mean,core_std,core_min,core_max,mem_mean,mem_std,mem_min,mem_max,n_hashes
hrrr_c3_debug_gnu,derecho,gnu,161.45454545454547,8.390067620246239,154,212,962.9545454545455,2.271712246911897,958,970,44
hrrr_c3_debug_gnu,hercules,gnu,127.08695652173913,8.142688845983983,114,149,21423.543478260868,138907.6128269284,932,943060,46
hrrr_c3_debug_gnu,ursa,gnu,142.08,118.54024374766193,106,828,868.34,9.931623374712935,858,885,50
