test_name,machine,compiler,core_mean,core_std,core_min,core_max,mem_mean,mem_std,mem_min,mem_max,n_hashes
hrrr_gf_debug_intel,acorn,intel,343.65909090909093,10.124672103374284,330,367,1188.9772727272727,3.151143287270953,1182,1195,44
hrrr_gf_debug_intel,derecho,intel,300.40909090909093,4.755990992119804,292,314,1130.1136363636363,2.2641381037970327,1124,1133,44
hrrr_gf_debug_intel,gaeac6,intel,209.97674418604652,12.387567446537876,204,288,6338.767441860465,0.4799409339811024,6337,6339,43
hrrr_gf_debug_intel,hera,intel,294.5,2.1213203435596424,293,296,1341.0,2.8284271247461903,1339,1343,2
hrrr_gf_debug_intel,hercules,intel,259.69565217391306,14.014071603161979,243,304,27853.369565217392,180508.03965232972,1227,1225504,46
hrrr_gf_debug_intel,orion,intel,299.0888888888889,4.650621767923389,286,310,28076.28888888889,180210.97598126257,1200,1210104,45
hrrr_gf_debug_intel,ursa,intel,243.36,96.5434786265034,207,640,1868.84,6.94103444622438,1853,1885,50
hrrr_gf_debug_intel,wcoss2,intel,341.6041666666667,4.629873319039579,336,359,1104.4583333333333,26.826438478084224,1093,1196,48
