test_name,machine,compiler,core_mean,core_std,core_min,core_max,mem_mean,mem_std,mem_min,mem_max,n_hashes
hrrr_c3_debug_intel,acorn,intel,345.90697674418607,10.476308768082763,330,379,1188.7209302325582,3.002582867460784,1182,1194,43
hrrr_c3_debug_intel,derecho,intel,307.45454545454544,27.110844432350223,296,429,1129.5454545454545,4.556898912150722,1105,1135,44
hrrr_c3_debug_intel,gaeac6,intel,210.53488372093022,2.9467402264786955,206,217,6338.813953488372,0.6638923447398571,6338,6342,43
hrrr_c3_debug_intel,hercules,intel,268.04347826086956,13.918742794023586,246,314,27976.391304347828,181337.74146547387,1211,1231132,46
hrrr_c3_debug_intel,orion,intel,302.0888888888889,7.080132966850464,293,329,28096.28888888889,180341.4810496039,1203,1210980,45
hrrr_c3_debug_intel,ursa,intel,260.14,122.64250519959488,209,675,1867.94,6.822561611211351,1856,1890,50
hrrr_c3_debug_intel,wcoss2,intel,343.1041666666667,3.7486995380998986,336,354,1100.375,19.788912649000938,1086,1195,48
