test_name,machine,compiler,core_mean,core_std,core_min,core_max,mem_mean,mem_std,mem_min,mem_max,n_hashes
hrrr_c3_debug_gnu,derecho,gnu,161.29545454545453,8.522417894314248,154,212,962.6136363636364,2.1589824163239006,958,970,44
hrrr_c3_debug_gnu,hera,gnu,155.5,5.196152422706632,151,163,949.5,10.344080432788598,936,959,4
hrrr_c3_debug_gnu,hercules,gnu,127.06521739130434,8.070253125351542,114,149,21424.065217391304,138907.534157623,932,943060,46
hrrr_c3_debug_gnu,ursa,gnu,141.92,118.58379281490093,106,828,866.82,9.541937509152568,858,885,50
