test_name,machine,compiler,core_mean,core_std,core_min,core_max,mem_mean,mem_std,mem_min,mem_max,n_hashes
hrrr_control_debug_gnu,derecho,gnu,159.29545454545453,7.875719370478929,152,207,959.2045454545455,2.646450413021863,955,968,44
hrrr_control_debug_gnu,hera,gnu,148.0,,148,148,957.0,,957,957,1
hrrr_control_debug_gnu,hercules,gnu,123.97826086956522,8.483943345284102,113,144,21348.869565217392,138430.53977398176,927,939820,46
hrrr_control_debug_gnu,ursa,gnu,135.7,64.90377492873584,104,373,863.18,9.665191067296485,851,877,50
