test_name,machine,compiler,core_mean,core_std,core_min,core_max,mem_mean,mem_std,mem_min,mem_max,n_hashes
hrrr_control_2threads_intel,acorn,intel,202.07142857142858,6.406524331255492,190,213,1072.8095238095239,4.581181524230977,1064,1087,42
hrrr_control_2threads_intel,derecho,intel,330.09090909090907,6.954396908692811,320,360,1031.4545454545455,4.500411068845159,1021,1042,44
hrrr_control_2threads_intel,gaeac6,intel,169.58139534883722,54.823193109928845,156,520,6338.511627906977,0.5057805388587996,6338,6339,43
hrrr_control_2threads_intel,hercules,intel,252.15217391304347,5.988757583280878,245,276,25963.739130434784,168299.48888170024,1128,1142612,46
hrrr_control_2threads_intel,orion,intel,256.1777777777778,5.617702898746585,251,283,25905.755555555555,166341.2358931531,1083,1116960,45
hrrr_control_2threads_intel,ursa,intel,117.46,3.654519148134486,112,134,1161.1,2.0228288940723353,1156,1166,50
hrrr_control_2threads_intel,wcoss2,intel,206.58333333333334,13.863826086577445,194,289,979.4583333333334,14.945230981086063,973,1078,48
