test_name,machine,compiler,core_mean,core_std,core_min,core_max,mem_mean,mem_std,mem_min,mem_max,n_hashes
hrrr_control_noqr_gnu,derecho,gnu,252.70454545454547,9.392177708825832,245,309,935.3863636363636,1.9435750934201461,931,939,44
hrrr_control_noqr_gnu,hercules,gnu,262.5217391304348,53.5282849966818,242,576,20881.543478260868,135405.21761384833,907,919280,46
hrrr_control_noqr_gnu,ursa,gnu,262.12,194.9444337366367,199,1448,842.14,9.445893179534936,833,856,50
