test_name,machine,compiler,core_mean,core_std,core_min,core_max,mem_mean,mem_std,mem_min,mem_max,n_hashes
hrrr_control_decomp_intel,acorn,intel,228.6818181818182,7.309670966643574,217,247,1005.1136363636364,2.314925375168789,1001,1010,44
hrrr_control_decomp_intel,derecho,intel,196.88636363636363,3.119450675336344,192,205,960.2045454545455,1.3220763348214397,955,962,44
hrrr_control_decomp_intel,gaeac6,intel,149.34883720930233,4.4874625395981615,143,167,6338.7441860465115,0.44148144844883613,6338,6339,43
hrrr_control_decomp_intel,hera,intel,203.5,0.7071067811865476,203,204,1142.5,3.5355339059327378,1140,1145,2
hrrr_control_decomp_intel,hercules,intel,178.34782608695653,16.369643166278983,166,231,24050.739130434784,155909.37803244474,1042,1058492,46
hrrr_control_decomp_intel,orion,intel,253.15555555555557,3.2610341050567824,249,267,23930.644444444446,153598.5620646406,1024,1031404,45
hrrr_control_decomp_intel,ursa,intel,244.46,214.46518294090893,145,795,1725.1,51.03350240133372,1682,1915,50
hrrr_control_decomp_intel,wcoss2,intel,234.85416666666666,9.12790806667984,221,267,920.75,26.67973970334605,907,1010,48
