test_name,machine,compiler,core_mean,core_std,core_min,core_max,mem_mean,mem_std,mem_min,mem_max,n_hashes
hrrr_control_gnu,derecho,gnu,252.77272727272728,3.588506435206433,247,262,950.4090909090909,1.7296078574002205,948,955,44
hrrr_control_gnu,hercules,gnu,254.17391304347825,23.383093938262398,239,356,21146.043478260868,137119.71526175487,919,930920,46
hrrr_control_gnu,ursa,gnu,314.16,256.9571837596962,197,1480,856.56,9.409417774609876,843,869,50
