test_name,machine,compiler,core_mean,core_std,core_min,core_max,mem_mean,mem_std,mem_min,mem_max,n_hashes
hrrr_control_intel,acorn,intel,222.5681818181818,7.942812246602462,209,243,1005.8409090909091,4.068844655274192,996,1011,44
hrrr_control_intel,derecho,intel,191.36363636363637,3.2996892671950633,185,200,958.8636363636364,1.4401374141624241,956,961,44
hrrr_control_intel,gaeac6,intel,144.37209302325581,4.186277217710456,138,161,6338.674418604651,0.4741373235155209,6338,6339,43
hrrr_control_intel,hera,intel,194.5,0.5773502691896257,194,195,1156.0,2.828427124746177,1154,1160,4
hrrr_control_intel,hercules,intel,173.04347826086956,17.72876698318192,160,255,24562.391304347828,159199.3128113977,1067,1080832,46
hrrr_control_intel,orion,intel,248.06666666666666,17.578912987388666,241,361,23968.17777777778,153810.55147105907,1022,1032832,45
hrrr_control_intel,ursa,intel,238.1,205.95504264726495,139,764,1805.34,81.47983599314242,1747,2039,50
hrrr_control_intel,wcoss2,intel,231.27083333333334,8.396401415939375,218,256,924.2916666666666,31.20076262934099,901,1008,48
