test_name,machine,compiler,core_mean,core_std,core_min,core_max,mem_mean,mem_std,mem_min,mem_max,n_hashes
hrrr_control_decomp_dyn32_phy32_intel,acorn,intel,200.20454545454547,8.486869599713266,183,225,888.6818181818181,2.842965429140772,881,893,44
hrrr_control_decomp_dyn32_phy32_intel,derecho,intel,176.25,2.4411682296763955,172,183,841.4090909090909,1.8466586017841067,837,845,44
hrrr_control_decomp_dyn32_phy32_intel,gaeac6,intel,132.0,2.6815063286287764,128,144,6338.767441860465,0.42746257437548923,6338,6339,43
hrrr_control_decomp_dyn32_phy32_intel,hera,intel,186.0,0.0,186,186,1043.25,1.4999999999999936,1042,1045,4
hrrr_control_decomp_dyn32_phy32_intel,hercules,intel,174.2391304347826,33.30144126517897,153,356,22747.91304347826,147511.16985410155,979,1001468,46
hrrr_control_decomp_dyn32_phy32_intel,orion,intel,230.82222222222222,6.205894884150984,226,262,21137.755555555555,135656.69151209266,905,910928,45
hrrr_control_decomp_dyn32_phy32_intel,ursa,intel,260.94,230.8175717500109,125,768,1677.02,49.88987464242345,1626,1848,50
hrrr_control_decomp_dyn32_phy32_intel,wcoss2,intel,198.75,5.763051792014954,191,219,809.3125,31.400065218796673,784,893,48
