test_name,machine,compiler,core_mean,core_std,core_min,core_max,mem_mean,mem_std,mem_min,mem_max,n_hashes
hrrr_gf_debug_intel,acorn,intel,343.5238095238095,9.541278983750571,330,366,1188.9285714285713,3.118730645028071,1182,1195,42
hrrr_gf_debug_intel,derecho,intel,302.0,10.789745346909848,292,365,1129.9318181818182,2.266004857162756,1124,1133,44
hrrr_gf_debug_intel,gaeac6,intel,210.48837209302326,12.511655695358737,204,288,6338.767441860465,0.4799409339813437,6337,6339,43
hrrr_gf_debug_intel,hercules,intel,263.5652173913044,18.898150613707088,243,323,27854.021739130436,180507.94135937482,1228,1225504,46
hrrr_gf_debug_intel,orion,intel,299.4222222222222,4.21840603723129,292,310,28076.977777777778,180210.87095141536,1204,1210104,45
hrrr_gf_debug_intel,ursa,intel,243.46,96.51038011212967,207,640,1868.76,6.9386818721172885,1853,1885,50
hrrr_gf_debug_intel,wcoss2,intel,342.2708333333333,5.051814855409225,336,359,1098.4583333333333,14.505990447578837,1093,1196,48
