test_name,machine,compiler,core_mean,core_std,core_min,core_max,mem_mean,mem_std,mem_min,mem_max,n_hashes
hrrr_control_intel,acorn,intel,222.75,8.043847858586885,209,243,1005.5909090909091,4.2058551757027525,996,1011,44
hrrr_control_intel,derecho,intel,191.54545454545453,3.3303016516389454,185,200,958.8181818181819,1.4349901105360177,956,961,44
hrrr_control_intel,gaeac6,intel,144.41860465116278,4.170374872607147,138,161,6338.674418604651,0.4741373235153868,6338,6339,43
hrrr_control_intel,hera,intel,194.66666666666666,0.5773502691896278,194,195,1154.6666666666667,1.154700538379268,1154,1156,3
hrrr_control_intel,hercules,intel,173.06521739130434,17.719295413522815,160,255,24563.434782608696,159199.15569229663,1067,1080832,46
hrrr_control_intel,orion,intel,248.0,17.588736064983074,241,361,23968.6,153810.4870933118,1022,1032832,45
hrrr_control_intel,ursa,intel,238.12,205.9455683981987,139,764,1804.62,81.81260069606061,1747,2039,50
hrrr_control_intel,wcoss2,intel,230.83333333333334,8.425728918106635,218,256,922.4583333333334,28.984191093306887,901,1008,48
