test_name,machine,compiler,core_mean,core_std,core_min,core_max,mem_mean,mem_std,mem_min,mem_max,n_hashes
hrrr_control_debug_intel,acorn,intel,339.4318181818182,11.50408972227992,324,368,1184.1818181818182,2.4803668827716088,1179,1189,44
hrrr_control_debug_intel,derecho,intel,297.65909090909093,16.081107190012116,289,397,1124.7272727272727,2.5912521563606443,1116,1130,44
hrrr_control_debug_intel,gaeac6,intel,205.7906976744186,2.891351138554961,202,216,6338.6511627906975,0.48224282216988273,6338,6339,43
hrrr_control_debug_intel,hera,intel,291.0,,291,291,1342.0,,1342,1342,1
hrrr_control_debug_intel,hercules,intel,258.8695652173913,13.339346470168918,238,296,27867.739130434784,180636.0946848583,1224,1226368,46
hrrr_control_debug_intel,orion,intel,295.64444444444445,7.728799611475481,284,325,27919.422222222223,179167.06767928906,1198,1203100,45
hrrr_control_debug_intel,ursa,intel,253.72,116.29905855340431,202,653,1865.16,7.662151879764013,1854,1883,50
hrrr_control_debug_intel,wcoss2,intel,335.7708333333333,4.9561463381161905,329,356,1097.25,23.984480797985395,1087,1190,48
