test_name,machine,compiler,core_mean,core_std,core_min,core_max,mem_mean,mem_std,mem_min,mem_max,n_hashes
hrrr_control_restart_intel,acorn,intel,126.8048780487805,5.550763515927884,114,144,757.7560975609756,1.7575620587177367,754,762,41
hrrr_control_restart_intel,derecho,intel,114.45454545454545,3.75068704065743,110,130,787.75,1.7930745324915398,783,790,44
hrrr_control_restart_intel,gaeac6,intel,80.97674418604652,2.6858391620552586,77,89,6338.6511627906975,0.482242822170223,6338,6339,43
hrrr_control_restart_intel,hercules,intel,94.26086956521739,6.034842472798907,89,113,23857.760869565216,154652.53374037985,1031,1049960,46
hrrr_control_restart_intel,orion,intel,136.0888888888889,3.376538182963453,133,148,22549.8,144728.00684600815,958,971840,45
hrrr_control_restart_intel,ursa,intel,105.1,87.72178888336668,77,563,1730.76,49.27621440535436,1695,1913,50
hrrr_control_restart_intel,wcoss2,intel,129.29166666666666,4.115142423187873,121,139,663.25,2.9427154922086887,654,668,48
