test_name,machine,compiler,core_mean,core_std,core_min,core_max,mem_mean,mem_std,mem_min,mem_max,n_hashes
hrrr_control_decomp_gnu,derecho,gnu,252.0681818181818,2.662379834805324,247,261,949.6363636363636,1.7399667076594592,945,954,44
hrrr_control_decomp_gnu,hercules,gnu,256.7608695652174,23.746049760477064,243,357,21188.0,137401.56529692243,920,932832,46
hrrr_control_decomp_gnu,ursa,gnu,300.24,255.48413905000533,198,1767,857.52,9.43774445554461,847,870,50
