test_name,machine,compiler,core_mean,core_std,core_min,core_max,mem_mean,mem_std,mem_min,mem_max,n_hashes
hrrr_control_restart_noqr_gnu,derecho,gnu,140.45454545454547,3.0381645733287757,136,155,781.0,1.8172301949382612,777,785,44
hrrr_control_restart_noqr_gnu,hercules,gnu,133.84782608695653,12.629713450262786,125,178,17048.978260869564,110568.10910133157,734,750656,46
hrrr_control_restart_noqr_gnu,ursa,gnu,153.9,161.0602941986228,103,1123,667.26,6.033275077705644,661,677,50
