test_name,machine,compiler,core_mean,core_std,core_min,core_max,mem_mean,mem_std,mem_min,mem_max,n_hashes
hrrr_gf_debug_gnu,derecho,gnu,161.47727272727272,8.940341381452571,155,216,963.1136363636364,1.9908617871140937,960,970,44
hrrr_gf_debug_gnu,hera,gnu,152.75,2.9860788111948158,149,156,957.75,3.862210075418826,954,962,4
hrrr_gf_debug_gnu,hercules,gnu,126.93478260869566,9.934009314612197,114,155,21481.456521739132,139297.98667376614,932,945708,46
hrrr_gf_debug_gnu,ursa,gnu,155.58,150.58716236581307,106,908,866.12,9.294808733252921,855,881,50
