test_name,machine,compiler,core_mean,core_std,core_min,core_max,mem_mean,mem_std,mem_min,mem_max,n_hashes
hrrr_control_restart_gnu,derecho,gnu,142.0909090909091,2.7603351820249515,139,157,694.0,1.4142135623731267,690,697,44
hrrr_control_restart_gnu,hercules,gnu,135.82608695652175,15.8413023424017,127,194,15184.608695652174,98481.75134905356,650,668600,46
hrrr_control_restart_gnu,ursa,gnu,135.5,68.14517815753692,106,387,581.58,7.11161739977744,569,591,50
