test_name,machine,compiler,core_mean,core_std,core_min,core_max,mem_mean,mem_std,mem_min,mem_max,n_hashes
hrrr_control_dyn32_phy32_gnu,derecho,gnu,236.61363636363637,4.383987295702333,230,250,807.75,1.8567914310996028,802,812,44
hrrr_control_dyn32_phy32_gnu,hera,gnu,301.5,2.1213203435596424,300,303,800.5,0.7071067811865476,800,801,2
hrrr_control_dyn32_phy32_gnu,hercules,gnu,275.1521739130435,18.865568155657233,230,321,17960.043478260868,116475.20703507993,784,790760,46
hrrr_control_dyn32_phy32_gnu,ursa,gnu,221.84,88.17199333214185,186,553,712.82,5.344041121679781,707,721,50
