test_name,machine,compiler,core_mean,core_std,core_min,core_max,mem_mean,mem_std,mem_min,mem_max,n_hashes
hrrr_control_decomp_intel,acorn,intel,228.6590909090909,7.287910287842213,217,247,1005.2045454545455,2.308523593973456,1001,1010,44
hrrr_control_decomp_intel,derecho,intel,196.72727272727272,3.237596268577775,191,205,960.1818181818181,1.3166682277579935,955,962,44
hrrr_control_decomp_intel,gaeac6,intel,149.30232558139534,4.5226145183896715,143,167,6338.7441860465115,0.441481448448878,6338,6339,43
hrrr_control_decomp_intel,hera,intel,207.0,6.082762530298219,203,214,1149.3333333333333,12.096831541082736,1140,1163,3
hrrr_control_decomp_intel,hercules,intel,178.2826086956522,16.409567728720898,166,231,24049.847826086956,155909.5122410528,1042,1058492,46
hrrr_control_decomp_intel,orion,intel,253.0888888888889,3.2947770115070774,249,267,23930.244444444445,153598.62304649674,1024,1031404,45
hrrr_control_decomp_intel,ursa,intel,244.2,214.5787520150272,145,795,1725.3,50.93262857011422,1682,1915,50
hrrr_control_decomp_intel,wcoss2,intel,234.85416666666666,9.127908066679838,221,267,922.6875,29.48288811309638,907,1010,48
