test_name,machine,compiler,core_mean,core_std,core_min,core_max,mem_mean,mem_std,mem_min,mem_max,n_hashes
hrrr_control_dyn32_phy32_gnu,derecho,gnu,236.75,4.270640712237828,230,250,807.9545454545455,2.1015447856893426,802,814,44
hrrr_control_dyn32_phy32_gnu,hercules,gnu,278.6521739130435,16.40625543478171,231,321,17960.239130434784,116475.17754768081,784,790760,46
hrrr_control_dyn32_phy32_gnu,ursa,gnu,222.54,87.96873516964386,186,553,713.42,5.518392253294925,707,721,50
