test_name,machine,compiler,core_mean,core_std,core_min,core_max,mem_mean,mem_std,mem_min,mem_max,n_hashes
hrrr_control_decomp_dyn32_phy32_intel,acorn,intel,199.86363636363637,8.633603653790217,183,225,888.5227272727273,2.873201248131072,881,893,44
hrrr_control_decomp_dyn32_phy32_intel,derecho,intel,183.77272727272728,48.83996820959845,172,500,841.0909090909091,1.6956604231428969,837,843,44
hrrr_control_decomp_dyn32_phy32_intel,gaeac6,intel,131.95348837209303,2.707603828832645,128,144,6338.790697674419,0.4116250914931531,6338,6339,43
hrrr_control_decomp_dyn32_phy32_intel,hera,intel,186.0,,186,186,1044.0,,1044,1044,1
hrrr_control_decomp_dyn32_phy32_intel,hercules,intel,173.93478260869566,33.43943259348031,153,356,22751.065217391304,147510.6953921801,979,1001468,46
hrrr_control_decomp_dyn32_phy32_intel,orion,intel,230.73333333333332,6.246453539263849,226,262,21138.577777777777,135656.5661897199,905,910928,45
hrrr_control_decomp_dyn32_phy32_intel,ursa,intel,274.2,241.64174865672015,125,788,1679.32,52.95529111564638,1626,1848,50
hrrr_control_decomp_dyn32_phy32_intel,wcoss2,intel,198.72916666666666,5.708297742809798,191,219,803.6458333333334,23.245671830800042,784,893,48
