test_name,machine,compiler,core_mean,core_std,core_min,core_max,mem_mean,mem_std,mem_min,mem_max,n_hashes
hrrr_control_debug_dyn32_phy32_intel,acorn,intel,328.0888888888889,10.306269544272206,313,353,1067.9777777777779,2.3692047849714326,1062,1074,45
hrrr_control_debug_dyn32_phy32_intel,derecho,intel,285.2888888888889,3.4418693534857803,279,296,1008.2444444444444,2.4229542031798648,1004,1013,45
hrrr_control_debug_dyn32_phy32_intel,gaeac6,intel,199.8181818181818,2.1810252258836393,196,208,6338.75,0.43801879539142324,6338,6339,44
hrrr_control_debug_dyn32_phy32_intel,hera,intel,286.2,2.2803508501982797,283,289,1220.0,3.2403703492039213,1217,1224,5
hrrr_control_debug_dyn32_phy32_intel,hercules,intel,266.7659574468085,21.20112052612708,234,352,24534.893617021276,160553.03818489853,1102,1101812,47
hrrr_control_debug_dyn32_phy32_intel,orion,intel,293.5652173913044,7.461462990036926,276,314,24628.847826086956,159654.11153253456,1072,1083916,46
hrrr_control_debug_dyn32_phy32_intel,ursa,intel,249.52,115.32796888943834,195,592,1747.78,6.858005898069718,1735,1767,50
hrrr_control_debug_dyn32_phy32_intel,wcoss2,intel,326.8979591836735,6.3352351244158704,318,354,989.530612244898,32.774546806437314,971,1071,49
