test_name,machine,compiler,core_mean,core_std,core_min,core_max,mem_mean,mem_std,mem_min,mem_max,n_hashes
hrrr_gf_debug_intel,acorn,intel,343.7317073170732,9.563013097983013,330,366,1188.9024390243903,3.1528152344276874,1182,1195,41
hrrr_gf_debug_intel,derecho,intel,302.15909090909093,10.690015297524633,295,365,1129.8863636363637,2.304857449972539,1124,1133,44
hrrr_gf_debug_intel,gaeac6,intel,210.4418604651163,12.524836897676545,204,288,6338.7441860465115,0.49246818876311305,6337,6339,43
hrrr_gf_debug_intel,hercules,intel,264.0652173913044,18.69925984739984,243,323,27854.304347826088,180507.8987758793,1228,1225504,46
hrrr_gf_debug_intel,orion,intel,299.5111111111111,4.186679212488456,292,310,28077.37777777778,180210.80997697831,1204,1210104,45
hrrr_gf_debug_intel,ursa,intel,243.6,96.46888046390497,207,640,1868.48,7.08617510022301,1853,1885,50
hrrr_gf_debug_intel,wcoss2,intel,342.2708333333333,5.051814855409221,336,359,1096.3958333333333,1.9212095407037324,1093,1100,48
