test_name,machine,compiler,core_mean,core_std,core_min,core_max,mem_mean,mem_std,mem_min,mem_max,n_hashes
hrrr_control_2threads_intel,acorn,intel,201.95454545454547,6.302286574542074,190,213,1072.75,4.4831726722603245,1064,1087,44
hrrr_control_2threads_intel,derecho,intel,330.04545454545456,7.004830710085411,320,360,1031.8181818181818,4.188981822634144,1021,1042,44
hrrr_control_2threads_intel,gaeac6,intel,169.48837209302326,54.836281043807055,156,520,6338.53488372093,0.5046845884077394,6338,6339,43
hrrr_control_2threads_intel,hera,intel,279.0,,279,279,1167.0,,1167,1167,1
hrrr_control_2threads_intel,hercules,intel,251.58695652173913,5.694348414413571,245,276,25962.804347826088,168299.62971526175,1128,1142612,46
hrrr_control_2threads_intel,orion,intel,255.93333333333334,5.7183913821983126,251,283,25905.244444444445,166341.31381482905,1083,1116960,45
hrrr_control_2threads_intel,ursa,intel,117.32,3.7276681993012244,112,134,1161.14,2.0304819976688275,1156,1166,50
hrrr_control_2threads_intel,wcoss2,intel,206.16666666666666,13.602774018298911,194,289,983.7916666666666,25.111630206563692,973,1085,48
