test_name,machine,compiler,core_mean,core_std,core_min,core_max,mem_mean,mem_std,mem_min,mem_max,n_hashes
hrrr_control_decomp_dyn32_phy32_intel,acorn,intel,200.0,8.899438184514787,183,225,888.4146341463414,2.889425632855893,881,893,41
hrrr_control_decomp_dyn32_phy32_intel,derecho,intel,183.9318181818182,48.81164449675715,172,500,841.0227272727273,1.7318982241383247,837,844,44
hrrr_control_decomp_dyn32_phy32_intel,gaeac6,intel,131.86046511627907,2.695511218840886,128,144,6338.813953488372,0.39374961547898635,6338,6339,43
hrrr_control_decomp_dyn32_phy32_intel,hercules,intel,172.02173913043478,32.700994976663445,153,356,22754.978260869564,147510.10625362274,979,1001468,46
hrrr_control_decomp_dyn32_phy32_intel,orion,intel,230.73333333333332,6.268246093677967,226,262,21139.88888888889,135656.36635685942,905,910928,45
hrrr_control_decomp_dyn32_phy32_intel,ursa,intel,274.92,241.2453099893068,125,788,1681.36,52.16682814954036,1633,1848,50
hrrr_control_decomp_dyn32_phy32_intel,wcoss2,intel,199.47916666666666,6.7129268225433965,191,224,797.8125,3.588730884547101,784,803,48
