test_name,machine,compiler,core_mean,core_std,core_min,core_max,mem_mean,mem_std,mem_min,mem_max,n_hashes
hrrr_control_2threads_intel,acorn,intel,202.1951219512195,6.4351360210764845,190,213,1072.8048780487804,4.637992627177783,1064,1087,41
hrrr_control_2threads_intel,derecho,intel,330.27272727272725,7.108343071786558,320,360,1031.3181818181818,4.573801671871563,1021,1042,44
hrrr_control_2threads_intel,gaeac6,intel,169.65116279069767,54.81131431727536,156,520,6338.488372093023,0.5057805388588607,6338,6339,43
hrrr_control_2threads_intel,hercules,intel,252.30434782608697,5.943697185412806,245,276,25964.5,168299.3742359463,1128,1142612,46
hrrr_control_2threads_intel,orion,intel,256.31111111111113,5.56295466874075,251,283,25906.28888888889,166341.15459030992,1083,1116960,45
hrrr_control_2threads_intel,ursa,intel,117.86,4.110762380257316,113,134,1161.0,2.050385727772442,1156,1166,50
hrrr_control_2threads_intel,wcoss2,intel,206.54166666666666,13.862483172805376,194,289,977.4375,3.5544772485751506,973,989,48
