test_name,machine,compiler,core_mean,core_std,core_min,core_max,mem_mean,mem_std,mem_min,mem_max,n_hashes
hrrr_control_debug_gnu,derecho,gnu,158.95555555555555,7.80720982506075,152,207,959.0222222222222,2.4907911201143453,955,968,45
hrrr_control_debug_gnu,hera,gnu,150.2,2.588435821108959,147,153,953.4,3.0495901363953832,949,957,5
hrrr_control_debug_gnu,hercules,gnu,123.68085106382979,8.551903889164667,113,144,20915.40425531915,136949.83744083878,927,939820,47
hrrr_control_debug_gnu,ursa,gnu,135.84,64.84246529954308,104,373,861.64,9.171295059108337,851,877,50
