test_name,machine,compiler,core_mean,core_std,core_min,core_max,mem_mean,mem_std,mem_min,mem_max,n_hashes
hrrr_control_noqr_gnu,derecho,gnu,252.75,9.373701460456669,245,309,935.3863636363636,1.9435750934201725,931,939,44
hrrr_control_noqr_gnu,hera,gnu,342.0,,342,342,934.0,,934,934,1
hrrr_control_noqr_gnu,hercules,gnu,262.4782608695652,53.54281324549118,242,576,20881.739130434784,135405.18812141984,907,919280,46
hrrr_control_noqr_gnu,ursa,gnu,262.06,194.9634617782815,199,1448,841.76,9.340628829943794,833,856,50
