test_name,machine,compiler,core_mean,core_std,core_min,core_max,mem_mean,mem_std,mem_min,mem_max,n_hashes
hrrr_control_decomp_dyn32_phy32_gnu,derecho,gnu,238.8181818181818,5.022149670709811,233,259,807.5227272727273,2.4159223416946567,802,814,44
hrrr_control_decomp_dyn32_phy32_gnu,hercules,gnu,285.39130434782606,23.052093913925148,231,382,17874.891304347828,115896.62186395604,783,786836,46
hrrr_control_decomp_dyn32_phy32_gnu,ursa,gnu,233.96,143.3908544603077,186,989,713.8,5.439837932759965,707,722,50
