test_name,machine,compiler,core_mean,core_std,core_min,core_max,mem_mean,mem_std,mem_min,mem_max,n_hashes
hrrr_control_debug_intel,acorn,intel,338.75,11.473173969317827,324,368,1184.340909090909,2.302104010522578,1179,1189,44
hrrr_control_debug_intel,derecho,intel,295.04545454545456,5.029931551869322,288,312,1124.5,2.6014307333591074,1116,1130,44
hrrr_control_debug_intel,gaeac6,intel,205.4418604651163,2.4231259384109163,202,214,6338.697674418605,0.46470081111790923,6338,6339,43
hrrr_control_debug_intel,hera,intel,289.5,1.2909944487358056,288,291,1338.5,2.6457513110645907,1336,1342,4
hrrr_control_debug_intel,hercules,intel,257.39130434782606,12.672767409544969,238,292,27866.695652173912,180636.25195905834,1222,1226368,46
hrrr_control_debug_intel,orion,intel,295.6666666666667,7.778174593052017,284,325,27918.48888888889,179167.2099644279,1198,1203100,45
hrrr_control_debug_intel,ursa,intel,254.02,116.19784149177185,202,653,1865.34,7.657489331180467,1854,1883,50
hrrr_control_debug_intel,wcoss2,intel,335.8333333333333,5.024761382429495,329,356,1103.1666666666667,32.257166997351575,1087,1190,48
