test_name,machine,compiler,core_mean,core_std,core_min,core_max,mem_mean,mem_std,mem_min,mem_max,n_hashes
hrrr_control_2threads_gnu,derecho,gnu,414.84090909090907,4.461427354340179,408,424,1018.2045454545455,2.741409800733929,1011,1023,44
hrrr_control_2threads_gnu,hercules,gnu,226.2888888888889,21.39522272741173,211,318,989.2444444444444,1.9789294116167304,984,993,45
hrrr_control_2threads_gnu,ursa,gnu,158.88,13.540023814527045,154,250,888.54,1.2650723944760476,886,890,50
