test_name,machine,compiler,core_mean,core_std,core_min,core_max,mem_mean,mem_std,mem_min,mem_max,n_hashes
hrrr_c3_debug_gnu,derecho,gnu,161.24444444444444,8.431961800078307,154,212,962.7333333333333,2.2803508501982845,958,970,45
hrrr_c3_debug_gnu,hera,gnu,156.6,5.128352561983235,151,163,950.6,9.289779329994868,936,959,5
hrrr_c3_debug_gnu,hercules,gnu,126.95744680851064,8.016172367561524,114,149,20988.382978723403,137421.83752837908,932,943060,47
hrrr_c3_debug_gnu,ursa,gnu,141.88,118.5954605594418,106,828,866.42,9.396243278837677,858,885,50
