test_name,machine,compiler,core_mean,core_std,core_min,core_max,mem_mean,mem_std,mem_min,mem_max,n_hashes
hrrr_control_intel,acorn,intel,222.7674418604651,8.149896900610882,209,243,1005.1395348837209,4.318186322039515,996,1011,43
hrrr_control_intel,derecho,intel,192.5,5.812976662125749,187,224,958.7045454545455,1.5185602951410753,956,961,44
hrrr_control_intel,gaeac6,intel,144.8372093023256,4.45576262810382,138,161,6338.720930232558,0.4538502687507907,6338,6339,43
hrrr_control_intel,hercules,intel,173.2826086956522,17.5975541778816,161,255,24568.217391304348,159198.43553124557,1067,1080832,46
hrrr_control_intel,orion,intel,248.2,17.539047346369237,241,361,23969.2,153810.39562227845,1022,1032832,45
hrrr_control_intel,ursa,intel,238.1,205.95524082792795,139,764,1804.22,81.94305887602187,1747,2039,50
hrrr_control_intel,wcoss2,intel,230.70833333333334,8.512714728965003,218,256,916.7291666666666,19.320080594666212,901,1008,48
