test_name,machine,compiler,core_mean,core_std,core_min,core_max,mem_mean,mem_std,mem_min,mem_max,n_hashes
hrrr_control_decomp_gnu,derecho,gnu,252.63636363636363,4.784135163228804,247,279,949.75,1.713489571496707,945,954,44
hrrr_control_decomp_gnu,hera,gnu,343.0,,343,343,948.0,,948,948,1
hrrr_control_decomp_gnu,hercules,gnu,257.8695652173913,24.94937870137333,243,357,21188.608695652172,137401.47354967217,920,932832,46
hrrr_control_decomp_gnu,ursa,gnu,299.0,255.89092063867005,198,1767,856.44,9.156596819021976,847,870,50
