test_name,machine,compiler,core_mean,core_std,core_min,core_max,mem_mean,mem_std,mem_min,mem_max,n_hashes
hrrr_c3_debug_gnu,derecho,gnu,160.27272727272728,3.1056110986379326,154,167,963.0227272727273,2.2669376573904314,958,970,44
hrrr_c3_debug_gnu,hercules,gnu,127.04347826086956,8.060759605063785,114,149,21423.021739130436,138907.69147210903,932,943060,46
hrrr_c3_debug_gnu,ursa,gnu,142.16,118.51984420082466,106,828,869.04,10.00807836965021,858,885,50
