test_name,machine,compiler,core_mean,core_std,core_min,core_max,mem_mean,mem_std,mem_min,mem_max,n_hashes
hrrr_control_restart_noqr_gnu,derecho,gnu,140.38636363636363,3.0363373674345677,136,155,781.0,1.8172301949382996,777,785,44
hrrr_control_restart_noqr_gnu,hercules,gnu,133.8913043478261,12.612565622988964,125,178,17049.260869565216,110568.06649328624,734,750656,46
hrrr_control_restart_noqr_gnu,ursa,gnu,153.54,161.1508622631702,103,1123,666.98,5.895311177329917,661,677,50
