test_name,machine,compiler,core_mean,core_std,core_min,core_max,mem_mean,mem_std,mem_min,mem_max,n_hashes
hrrr_control_dyn32_phy32_gnu,derecho,gnu,236.5909090909091,4.416239491621488,230,250,807.5227272727273,1.6209190095492287,802,812,44
hrrr_control_dyn32_phy32_gnu,hera,gnu,302.5,2.081665999466128,300,305,801.25,1.2583057392117802,800,803,4
hrrr_control_dyn32_phy32_gnu,hercules,gnu,273.32608695652175,20.77076401293801,230,321,17959.978260869564,116475.2168636915,784,790760,46
hrrr_control_dyn32_phy32_gnu,ursa,gnu,221.04,88.37534978137055,186,553,712.5,5.307868629474029,707,721,50
