test_name,machine,compiler,core_mean,core_std,core_min,core_max,mem_mean,mem_std,mem_min,mem_max,n_hashes
hrrr_control_2threads_dyn32_phy32_intel,acorn,intel,171.25581395348837,5.790357433065579,158,186,930.1627906976744,5.971879470278214,922,945,43
hrrr_control_2threads_dyn32_phy32_intel,derecho,intel,297.6136363636364,64.80497250125138,281,717,890.1590909090909,5.972585361342316,879,901,44
hrrr_control_2threads_dyn32_phy32_intel,gaeac6,intel,142.90697674418604,1.9125394921334569,140,149,6338.302325581395,0.6738264479440499,6337,6339,43
hrrr_control_2threads_dyn32_phy32_intel,hercules,intel,219.3695652173913,2.8390819772295957,214,229,24019.239130434784,155667.54997582146,1043,1056856,46
hrrr_control_2threads_dyn32_phy32_intel,orion,intel,237.06666666666666,17.635707579175318,229,344,22540.8,144724.49938835198,955,971808,45
hrrr_control_2threads_dyn32_phy32_intel,ursa,intel,98.26,1.4114690566778971,96,102,1048.14,4.300023730356981,1038,1055,50
hrrr_control_2threads_dyn32_phy32_intel,wcoss2,intel,170.375,6.499181617875252,164,194,838.5625,20.979124629325405,828,940,48
