test_name,machine,compiler,core_mean,core_std,core_min,core_max,mem_mean,mem_std,mem_min,mem_max,n_hashes
hrrr_control_debug_gnu,derecho,gnu,159.0909090909091,7.87347085727639,152,207,959.0227272727273,2.4917411150348387,955,968,44
hrrr_control_debug_gnu,hera,gnu,149.33333333333334,3.214550253664321,147,153,952.6666666666666,4.041451884327378,949,957,3
hrrr_control_debug_gnu,hercules,gnu,123.78260869565217,8.617586781249564,113,144,21349.369565217392,138430.46441129586,927,939820,46
hrrr_control_debug_gnu,ursa,gnu,135.58,64.95087311474227,104,373,862.4,9.463140092388143,851,877,50
