test_name,machine,compiler,core_mean,core_std,core_min,core_max,mem_mean,mem_std,mem_min,mem_max,n_hashes
hrrr_control_dyn32_phy32_gnu,derecho,gnu,236.70454545454547,4.412348135364328,230,250,807.6136363636364,1.7549386670646603,802,812,44
hrrr_control_dyn32_phy32_gnu,hera,gnu,301.6666666666667,1.5275252316519452,300,303,801.3333333333334,1.5275252316519312,800,803,3
hrrr_control_dyn32_phy32_gnu,hercules,gnu,274.2173913043478,19.861647065502638,230,321,17960.021739130436,116475.21031122447,784,790760,46
hrrr_control_dyn32_phy32_gnu,ursa,gnu,221.48,88.262188266273,186,553,712.72,5.387210856865169,707,721,50
