test_name,machine,compiler,core_mean,core_std,core_min,core_max,mem_mean,mem_std,mem_min,mem_max,n_hashes
hrrr_control_debug_dyn32_phy32_gnu,derecho,gnu,156.70454545454547,8.877930686649654,149,195,816.2954545454545,2.2781014683747824,810,822,44
hrrr_control_debug_dyn32_phy32_gnu,hera,gnu,146.66666666666666,2.5166114784235867,144,149,808.3333333333334,1.5275252316519312,807,810,3
hrrr_control_debug_dyn32_phy32_gnu,hercules,gnu,123.84782608695652,22.308909422325574,111,266,18096.934782608696,117340.79945798946,791,796640,46
hrrr_control_debug_dyn32_phy32_gnu,ursa,gnu,149.92,125.20136271019496,102,921,720.58,5.043039252074079,715,729,50
