test_name,machine,compiler,core_mean,core_std,core_min,core_max,mem_mean,mem_std,mem_min,mem_max,n_hashes
hrrr_control_2threads_dyn32_phy32_intel,acorn,intel,171.1590909090909,5.498173827136042,158,186,930.2045454545455,5.833262860744137,923,945,44
hrrr_control_2threads_dyn32_phy32_intel,derecho,intel,287.40909090909093,3.9018074632041344,281,296,890.0,6.1227748687195325,878,901,44
hrrr_control_2threads_dyn32_phy32_intel,gaeac6,intel,142.86046511627907,1.9220697592617286,140,149,6338.418604651163,0.6630577845798337,6337,6339,43
hrrr_control_2threads_dyn32_phy32_intel,hera,intel,251.5,2.6457513110645907,249,255,1017.0,4.24264068711929,1013,1023,4
hrrr_control_2threads_dyn32_phy32_intel,hercules,intel,218.95652173913044,3.0328316196007674,212,229,24017.478260869564,155667.81527880867,1043,1056856,46
hrrr_control_2threads_dyn32_phy32_intel,orion,intel,236.84444444444443,17.708441176142202,229,344,22540.51111111111,144724.5434333197,955,971808,45
hrrr_control_2threads_dyn32_phy32_intel,ursa,intel,98.1,1.3590212564600255,96,102,1047.8,4.257046978786008,1038,1055,50
hrrr_control_2threads_dyn32_phy32_intel,wcoss2,intel,170.3125,6.454937908628969,164,194,846.6041666666666,32.742541514407414,828,940,48
