test_name,machine,compiler,core_mean,core_std,core_min,core_max,mem_mean,mem_std,mem_min,mem_max,n_hashes
hrrr_control_decomp_dyn32_phy32_gnu,derecho,gnu,238.6818181818182,5.1025425822213855,233,259,807.3181818181819,2.3104688668705538,802,814,44
hrrr_control_decomp_dyn32_phy32_gnu,hera,gnu,307.0,1.4142135623730951,306,308,804.5,7.7781745930520225,799,810,2
hrrr_control_decomp_dyn32_phy32_gnu,hercules,gnu,282.0217391304348,24.93145191692595,231,382,17874.891304347828,115896.62186472301,783,786836,46
hrrr_control_decomp_dyn32_phy32_gnu,ursa,gnu,233.5,143.5286005772838,186,989,713.08,5.2249011317665515,707,721,50
