test_name,machine,compiler,core_mean,core_std,core_min,core_max,mem_mean,mem_std,mem_min,mem_max,n_hashes
hrrr_c3_debug_intel,acorn,intel,346.0,10.828472373954108,330,379,1188.8181818181818,2.9748771893566333,1182,1194,44
hrrr_c3_debug_intel,derecho,intel,307.6818181818182,27.062178814698772,296,429,1129.5454545454545,4.495240612100464,1105,1133,44
hrrr_c3_debug_intel,gaeac6,intel,210.41860465116278,2.83878376153235,206,217,6338.813953488372,0.6638923447398424,6338,6342,43
hrrr_c3_debug_intel,hera,intel,292.0,4.2426406871192865,287,296,1339.75,3.403429642777048,1335,1343,4
hrrr_c3_debug_intel,hercules,intel,265.6521739130435,11.804363395333185,246,294,27975.282608695652,181337.9085595193,1211,1231132,46
hrrr_c3_debug_intel,orion,intel,302.0,7.388566105199905,292,329,28095.17777777778,180341.65048448372,1186,1210980,45
hrrr_c3_debug_intel,ursa,intel,260.06,122.66836160467582,209,675,1868.22,7.175041776170823,1856,1890,50
hrrr_c3_debug_intel,wcoss2,intel,343.4583333333333,3.8479523890833716,337,354,1108.7083333333333,32.60593754395918,1086,1195,48
