test_name,machine,compiler,core_mean,core_std,core_min,core_max,mem_mean,mem_std,mem_min,mem_max,n_hashes
hrrr_control_debug_dyn32_phy32_intel,acorn,intel,328.04545454545456,10.421254099094156,313,353,1068.1136363636363,2.2121851670985526,1063,1074,44
hrrr_control_debug_dyn32_phy32_intel,derecho,intel,285.3863636363636,3.41825407012838,279,296,1008.2954545454545,2.426400774566304,1004,1013,44
hrrr_control_debug_dyn32_phy32_intel,gaeac6,intel,199.86046511627907,2.1885132521203774,196,208,6338.767441860465,0.4274625743753549,6338,6339,43
hrrr_control_debug_dyn32_phy32_intel,hera,intel,286.0,2.5819888974716148,283,289,1219.0,2.708012801545306,1217,1223,4
hrrr_control_debug_dyn32_phy32_intel,hercules,intel,266.80434782608694,21.433742417264927,234,352,25043.934782608696,162288.80754936754,1102,1101812,46
hrrr_control_debug_dyn32_phy32_intel,orion,intel,293.68888888888887,7.4979458466430575,276,314,25152.11111111111,161418.27474638988,1072,1083916,45
hrrr_control_debug_dyn32_phy32_intel,ursa,intel,249.52,115.32796888943837,195,592,1747.44,6.913931513950068,1735,1767,50
hrrr_control_debug_dyn32_phy32_intel,wcoss2,intel,326.6875,6.226765322619651,318,354,987.8541666666666,30.925435089275556,971,1071,48
