test_name,machine,compiler,core_mean,core_std,core_min,core_max,mem_mean,mem_std,mem_min,mem_max,n_hashes
hrrr_control_2threads_intel,acorn,intel,201.95348837209303,6.376868496938172,190,213,1072.7674418604652,4.534719024751534,1064,1087,43
hrrr_control_2threads_intel,derecho,intel,330.1136363636364,6.959069401468916,320,360,1031.6363636363637,4.308406650339929,1021,1042,44
hrrr_control_2threads_intel,gaeac6,intel,169.58139534883722,54.823193109928845,156,520,6338.53488372093,0.5046845884077273,6338,6339,43
hrrr_control_2threads_intel,hercules,intel,251.93478260869566,5.953158541342354,245,276,25963.5,168299.5249110281,1128,1142612,46
hrrr_control_2threads_intel,orion,intel,256.06666666666666,5.670497813644377,251,283,25905.422222222223,166341.28671574444,1083,1116960,45
hrrr_control_2threads_intel,ursa,intel,117.36,3.7348879173412985,112,134,1161.12,2.0166652611452967,1156,1166,50
hrrr_control_2threads_intel,wcoss2,intel,206.20833333333334,13.595929198849996,194,289,981.7708333333334,21.313505441020222,973,1085,48
