test_name,machine,compiler,core_mean,core_std,core_min,core_max,mem_mean,mem_std,mem_min,mem_max,n_hashes
hrrr_control_debug_intel,acorn,intel,339.1363636363636,11.472091330380874,324,368,1184.3863636363637,2.4132956245911026,1179,1189,44
hrrr_control_debug_intel,derecho,intel,295.1818181818182,4.998942805781608,288,312,1124.7045454545455,2.575190626988136,1116,1130,44
hrrr_control_debug_intel,gaeac6,intel,205.51162790697674,2.4238113731344746,202,214,6338.674418604651,0.4741373235155336,6338,6339,43
hrrr_control_debug_intel,hera,intel,290.5,0.7071067811865476,290,291,1340.5,2.1213203435596424,1339,1342,2
hrrr_control_debug_intel,hercules,intel,257.6304347826087,12.429997221153128,238,292,27867.434782608696,180636.14054922084,1224,1226368,46
hrrr_control_debug_intel,orion,intel,295.4,7.8259475174226845,284,325,27919.11111111111,179167.11510324432,1198,1203100,45
hrrr_control_debug_intel,ursa,intel,253.7,116.3069917353665,202,653,1865.24,7.670670353591624,1854,1883,50
hrrr_control_debug_intel,wcoss2,intel,335.6666666666667,4.982237954520131,329,356,1099.2708333333333,27.303448136487113,1087,1190,48
