test_name,machine,compiler,core_mean,core_std,core_min,core_max,mem_mean,mem_std,mem_min,mem_max,n_hashes
hrrr_control_debug_intel,acorn,intel,338.8837209302326,11.043656447471992,324,368,1184.1162790697674,2.4708712780407662,1179,1189,43
hrrr_control_debug_intel,derecho,intel,297.65909090909093,16.081107190012126,289,397,1124.7272727272727,2.591252156360549,1116,1130,44
hrrr_control_debug_intel,gaeac6,intel,206.06976744186048,3.2688672046707254,202,216,6338.627906976744,0.48908348756305076,6338,6339,43
hrrr_control_debug_intel,hercules,intel,259.6304347826087,14.14584147083073,238,296,27868.0,180636.0553676923,1224,1226368,46
hrrr_control_debug_intel,orion,intel,295.1333333333333,7.51543865531602,284,325,27919.266666666666,179167.09139710898,1198,1203100,45
hrrr_control_debug_intel,ursa,intel,253.58,116.35082241888549,202,653,1865.18,7.655037023864368,1854,1883,50
hrrr_control_debug_intel,wcoss2,intel,335.7291666666667,4.936790168026258,329,356,1095.2291666666667,19.917104360305203,1087,1190,48
