test_name,machine,compiler,core_mean,core_std,core_min,core_max,mem_mean,mem_std,mem_min,mem_max,n_hashes
hrrr_gf_debug_intel,acorn,intel,343.6222222222222,9.99383648439219,330,367,1188.8666666666666,3.0939824292854285,1182,1195,45
hrrr_gf_debug_intel,derecho,intel,300.0,4.4974740385323715,292,314,1130.0666666666666,2.2197460952264176,1124,1133,45
hrrr_gf_debug_intel,gaeac6,intel,210.02272727272728,12.229374922442169,204,288,6338.75,0.48823364593509616,6337,6339,44
hrrr_gf_debug_intel,hera,intel,294.2,1.6431676725155013,292,296,1341.4,3.2093613071762577,1338,1346,5
hrrr_gf_debug_intel,hercules,intel,259.17021276595744,14.085637379562534,243,304,27286.425531914894,178577.5180753317,1227,1225504,47
hrrr_gf_debug_intel,orion,intel,299.0869565217391,4.656303192478965,286,310,27491.67391304348,178241.4897925539,1200,1210104,46
hrrr_gf_debug_intel,ursa,intel,234.48,77.89140530513083,207,610,1868.88,6.933032437217531,1853,1885,50
hrrr_gf_debug_intel,wcoss2,intel,342.14285714285717,4.987484335815,336,359,1110.2244897959183,34.02343879967311,1093,1196,49
