test_name,machine,compiler,core_mean,core_std,core_min,core_max,mem_mean,mem_std,mem_min,mem_max,n_hashes
hrrr_control_restart_gnu,derecho,gnu,142.02272727272728,2.7994072160190195,139,157,693.9772727272727,1.3891378682166076,690,697,44
hrrr_control_restart_gnu,hera,gnu,179.5,0.7071067811865476,179,180,680.5,6.363961030678928,676,685,2
hrrr_control_restart_gnu,hercules,gnu,136.2608695652174,15.893303666930773,127,194,15185.739130434782,98481.58091167998,653,668600,46
hrrr_control_restart_gnu,ursa,gnu,135.04,68.29675941755053,105,387,580.56,6.955133179962784,569,591,50
