test_name,machine,compiler,core_mean,core_std,core_min,core_max,mem_mean,mem_std,mem_min,mem_max,n_hashes
hrrr_control_debug_dyn32_phy32_gnu,derecho,gnu,156.6,8.77341024190293,149,195,816.2,2.302172886644309,810,822,45
hrrr_control_debug_dyn32_phy32_gnu,hera,gnu,145.2,2.774887385102321,142,149,808.6,1.1401754250991243,807,810,5
hrrr_control_debug_dyn32_phy32_gnu,hercules,gnu,123.53191489361703,22.14365260297621,111,266,17728.85106382979,116085.778320617,791,796640,47
hrrr_control_debug_dyn32_phy32_gnu,ursa,gnu,149.94,125.19607642023132,102,921,720.1,4.828698223187227,715,728,50
