test_name,machine,compiler,core_mean,core_std,core_min,core_max,mem_mean,mem_std,mem_min,mem_max,n_hashes
hrrr_control_restart_dyn32_phy32_gnu,derecho,gnu,135.9318181818182,4.59219624850441,132,161,673.6363636363636,1.2775505103728317,670,677,44
hrrr_control_restart_dyn32_phy32_gnu,hera,gnu,157.33333333333334,0.5773502691896278,157,158,660.0,1.0,659,661,3
hrrr_control_restart_dyn32_phy32_gnu,hercules,gnu,146.2608695652174,12.111399189943514,121,172,14648.521739130434,94985.09633849328,639,644864,46
hrrr_control_restart_dyn32_phy32_gnu,ursa,gnu,173.36,200.67841672381093,99,1263,559.62,5.5765178221188405,550,569,50
