test_name,machine,compiler,core_mean,core_std,core_min,core_max,mem_mean,mem_std,mem_min,mem_max,n_hashes
hrrr_control_decomp_dyn32_phy32_intel,acorn,intel,199.97619047619048,8.79159270022993,183,225,888.5,2.9070981256563924,881,893,42
hrrr_control_decomp_dyn32_phy32_intel,derecho,intel,183.8409090909091,48.82667169613117,172,500,840.9772727272727,1.6773267264147964,837,843,44
hrrr_control_decomp_dyn32_phy32_intel,gaeac6,intel,131.88372093023256,2.692222504828287,128,144,6338.790697674419,0.4116250914932454,6338,6339,43
hrrr_control_decomp_dyn32_phy32_intel,hercules,intel,173.45652173913044,33.510002832812056,153,356,22753.652173913044,147510.3058586028,979,1001468,46
hrrr_control_decomp_dyn32_phy32_intel,orion,intel,230.73333333333332,6.26824609367796,226,262,21139.355555555554,135656.44762885323,905,910928,45
hrrr_control_decomp_dyn32_phy32_intel,ursa,intel,274.82,241.30636721218704,125,788,1680.86,52.416701653622816,1633,1848,50
hrrr_control_decomp_dyn32_phy32_intel,wcoss2,intel,199.33333333333334,6.777099528130341,191,224,799.7708333333334,14.061021395867206,784,892,48
