test_name,machine,compiler,core_mean,core_std,core_min,core_max,mem_mean,mem_std,mem_min,mem_max,n_hashes
hrrr_control_gnu,derecho,gnu,253.0,4.528976474544416,247,272,950.4318181818181,1.744062715865194,948,955,44
hrrr_control_gnu,hera,gnu,346.0,,346,346,945.0,,945,945,1
hrrr_control_gnu,hercules,gnu,255.43478260869566,24.9021660583198,239,356,21146.717391304348,137119.61367874127,919,930920,46
hrrr_control_gnu,ursa,gnu,313.9,257.06786604922456,197,1480,855.44,9.080501649362832,843,869,50
