test_name,machine,compiler,core_mean,core_std,core_min,core_max,mem_mean,mem_std,mem_min,mem_max,n_hashes
hrrr_c3_debug_gnu,derecho,gnu,160.29545454545453,3.099734013004053,154,167,963.0454545454545,2.2717122469119184,958,970,44
hrrr_c3_debug_gnu,hercules,gnu,126.93478260869566,8.190515311187806,114,149,21423.239130434784,138907.65870353262,932,943060,46
hrrr_c3_debug_gnu,ursa,gnu,142.18,118.51387415550528,106,828,868.68,9.966146779606106,858,885,50
