test_name,machine,compiler,core_mean,core_std,core_min,core_max,mem_mean,mem_std,mem_min,mem_max,n_hashes
hrrr_gf_debug_gnu,derecho,gnu,161.4318181818182,8.947905373372272,155,216,963.25,1.9424870177052693,961,970,44
hrrr_gf_debug_gnu,hera,gnu,150.5,2.1213203435596424,149,152,957.0,4.242640687119285,954,960,2
hrrr_gf_debug_gnu,hercules,gnu,126.8695652173913,9.927758381096405,114,155,21480.91304347826,139298.06858832148,932,945708,46
hrrr_gf_debug_gnu,ursa,gnu,155.64,150.5694984967109,106,908,866.94,9.62439502471905,855,881,50
