test_name,machine,compiler,core_mean,core_std,core_min,core_max,mem_mean,mem_std,mem_min,mem_max,n_hashes
hrrr_c3_debug_intel,acorn,intel,346.3181818181818,10.836571858322735,330,379,1188.7727272727273,2.9872880784123934,1182,1194,44
hrrr_c3_debug_intel,derecho,intel,307.65909090909093,27.06748085959547,296,429,1129.7045454545455,4.582979357206721,1105,1135,44
hrrr_c3_debug_intel,gaeac6,intel,210.37209302325581,2.86209426996881,206,217,6338.813953488372,0.6638923447398861,6338,6342,43
hrrr_c3_debug_intel,hera,intel,292.5,3.5355339059327378,290,295,1342.0,1.4142135623730951,1341,1343,2
hrrr_c3_debug_intel,hercules,intel,265.9347826086956,11.732958656731887,246,294,27976.021739130436,181337.79716693124,1211,1231132,46
hrrr_c3_debug_intel,orion,intel,302.0444444444444,7.106193059436205,293,329,28095.977777777778,180341.528478542,1203,1210980,45
hrrr_c3_debug_intel,ursa,intel,260.36,122.56422889277944,209,675,1868.46,7.23147880549241,1856,1890,50
hrrr_c3_debug_intel,wcoss2,intel,343.125,3.82947693778422,336,354,1104.5,27.31300056749531,1086,1195,48
