test_name,machine,compiler,core_mean,core_std,core_min,core_max,mem_mean,mem_std,mem_min,mem_max,n_hashes
hrrr_control_2threads_dyn32_phy32_intel,acorn,intel,171.33333333333334,5.837919219465796,158,186,929.9285714285714,5.840952382846136,922,945,42
hrrr_control_2threads_dyn32_phy32_intel,derecho,intel,297.65909090909093,64.79733815298643,281,717,890.3181818181819,5.757796442489995,883,901,44
hrrr_control_2threads_dyn32_phy32_intel,gaeac6,intel,142.93023255813952,1.907321093616077,140,149,6338.279069767442,0.6663897542282969,6337,6339,43
hrrr_control_2threads_dyn32_phy32_intel,hercules,intel,219.47826086956522,2.8026902190160454,214,229,24019.695652173912,155667.48117843576,1043,1056856,46
hrrr_control_2threads_dyn32_phy32_intel,orion,intel,237.11111111111111,17.620006993887554,229,344,22540.933333333334,144724.4790579987,955,971808,45
hrrr_control_2threads_dyn32_phy32_intel,ursa,intel,98.28,1.4002915148391868,96,102,1048.36,4.099576882099591,1038,1055,50
hrrr_control_2threads_dyn32_phy32_intel,wcoss2,intel,171.16666666666666,8.657387285430234,164,210,836.5208333333334,15.960042637565449,828,940,48
