test_name,machine,compiler,core_mean,core_std,core_min,core_max,mem_mean,mem_std,mem_min,mem_max,n_hashes
hrrr_control_debug_dyn32_phy32_gnu,derecho,gnu,155.5,6.807998032410286,149,195,816.5909090909091,2.414280978408677,810,822,44
hrrr_control_debug_dyn32_phy32_gnu,hercules,gnu,124.91304347826087,22.161855204087868,112,266,18097.021739130436,117340.7863491802,791,796640,46
hrrr_control_debug_dyn32_phy32_gnu,ursa,gnu,149.9,125.20925342344765,102,921,721.56,5.3648896369195285,715,729,50
