test_name,machine,compiler,core_mean,core_std,core_min,core_max,mem_mean,mem_std,mem_min,mem_max,n_hashes
hrrr_control_decomp_gnu,derecho,gnu,252.61363636363637,4.789600697494274,247,279,949.8181818181819,1.7289965805274752,945,954,44
hrrr_control_decomp_gnu,hera,gnu,344.6666666666667,2.0816659994661246,343,347,945.0,2.6457513110645907,943,948,3
hrrr_control_decomp_gnu,hercules,gnu,259.7826086956522,26.358985854271786,243,357,21189.130434782608,137401.39490826926,922,932832,46
hrrr_control_decomp_gnu,ursa,gnu,292.3,253.8021284547536,198,1767,855.66,8.872360199530029,847,870,50
