test_name,machine,compiler,core_mean,core_std,core_min,core_max,mem_mean,mem_std,mem_min,mem_max,n_hashes
hrrr_control_dyn32_phy32_intel,acorn,intel,191.1627906976744,7.797833131735232,178,211,886.0930232558139,1.6008026779500035,883,890,43
hrrr_control_dyn32_phy32_intel,derecho,intel,180.9090909090909,79.86582299629337,164,698,840.6136363636364,1.1251027672112581,837,842,44
hrrr_control_dyn32_phy32_intel,gaeac6,intel,125.46511627906976,1.843248132138876,123,133,6338.837209302325,0.843186488951021,6338,6342,43
hrrr_control_dyn32_phy32_intel,hercules,intel,164.0,36.60843861431103,145,381,23614.260869565216,153056.65247097012,1003,1039128,46
hrrr_control_dyn32_phy32_intel,orion,intel,220.37777777777777,4.867745833026774,216,242,21649.955555555556,138935.75463205934,916,932948,45
hrrr_control_dyn32_phy32_intel,ursa,intel,183.22,159.37931778865007,122,723,1751.68,82.66540376476627,1692,2012,50
hrrr_control_dyn32_phy32_intel,wcoss2,intel,191.95833333333334,11.194524370714676,183,258,800.0625,18.574068230689203,788,887,48
