test_name,machine,compiler,core_mean,core_std,core_min,core_max,mem_mean,mem_std,mem_min,mem_max,n_hashes
hrrr_control_2threads_gnu,derecho,gnu,414.70454545454544,4.454313537562079,408,424,1018.4090909090909,2.6791024340268046,1011,1023,44
hrrr_control_2threads_gnu,hercules,gnu,226.35555555555555,21.379849854430198,211,318,989.2222222222222,1.9643283479565958,984,993,45
hrrr_control_2threads_gnu,ursa,gnu,157.12,3.3051598497883643,154,170,888.52,1.2493263490900037,886,890,50
