test_name,machine,compiler,core_mean,core_std,core_min,core_max,mem_mean,mem_std,mem_min,mem_max,n_hashes
hrrr_control_decomp_dyn32_phy32_gnu,derecho,gnu,238.77272727272728,5.052577681363815,233,259,807.3636363636364,2.3236990267715716,802,814,44
hrrr_control_decomp_dyn32_phy32_gnu,hera,gnu,308.0,,308,308,810.0,,810,810,1
hrrr_control_decomp_dyn32_phy32_gnu,hercules,gnu,283.30434782608694,23.9572485576726,231,382,17874.891304347828,115896.62186472301,783,786836,46
hrrr_control_decomp_dyn32_phy32_gnu,ursa,gnu,233.66,143.47901930105263,186,989,713.32,5.2622645858440595,707,721,50
