test_name,machine,compiler,core_mean,core_std,core_min,core_max,mem_mean,mem_std,mem_min,mem_max,n_hashes
hrrr_control_decomp_intel,acorn,intel,228.48888888888888,7.238226246251159,217,247,1005.3555555555556,2.2069678454175268,1001,1010,45
hrrr_control_decomp_intel,derecho,intel,196.44444444444446,3.064129385141713,191,201,960.2222222222222,1.2949006435892465,955,962,45
hrrr_control_decomp_intel,gaeac6,intel,149.1590909090909,4.538943539708281,143,167,6338.727272727273,0.4505106334670731,6338,6339,44
hrrr_control_decomp_intel,hera,intel,206.0,4.847679857416329,202,214,1148.0,8.774964387392142,1140,1163,5
hrrr_control_decomp_intel,hercules,intel,178.06382978723406,16.28336608631129,166,231,23559.212765957447,154242.21178181106,1042,1058492,47
hrrr_control_decomp_intel,orion,intel,253.0,3.299831645537229,249,267,23432.065217391304,151919.96179105513,1024,1031404,46
hrrr_control_decomp_intel,ursa,intel,244.5,214.47422660438951,145,795,1725.44,50.87125004983311,1682,1915,50
hrrr_control_decomp_intel,wcoss2,intel,235.3469387755102,9.263618399434426,221,267,926.4285714285714,33.95462658705971,907,1010,49
