test_name,machine,compiler,core_mean,core_std,core_min,core_max,mem_mean,mem_std,mem_min,mem_max,n_hashes
hrrr_control_debug_dyn32_phy32_intel,acorn,intel,327.8863636363636,10.365900961730942,313,353,1068.2727272727273,2.3063475238207523,1063,1074,44
hrrr_control_debug_dyn32_phy32_intel,derecho,intel,285.59090909090907,3.4189498035193573,279,296,1008.3863636363636,2.4132956245909996,1004,1013,44
hrrr_control_debug_dyn32_phy32_intel,gaeac6,intel,199.88372093023256,2.1735345618817203,196,208,6338.767441860465,0.4274625743753321,6338,6339,43
hrrr_control_debug_dyn32_phy32_intel,hera,intel,286.3333333333333,3.0550504633038997,283,289,1217.6666666666667,0.5773502691896586,1217,1218,3
hrrr_control_debug_dyn32_phy32_intel,hercules,intel,267.2826086956522,21.226464659296585,234,352,25044.152173913044,162288.7747942561,1102,1101812,46
hrrr_control_debug_dyn32_phy32_intel,orion,intel,294.02222222222224,7.750333977815195,276,314,25152.4,161418.2307063915,1072,1083916,45
hrrr_control_debug_dyn32_phy32_intel,ursa,intel,243.32,109.15135344641253,195,592,1747.12,7.020785466842634,1735,1767,50
hrrr_control_debug_dyn32_phy32_intel,wcoss2,intel,326.625,6.238606636578176,318,354,985.9166666666666,28.831744719078255,971,1071,48
