test_name,machine,compiler,core_mean,core_std,core_min,core_max,mem_mean,mem_std,mem_min,mem_max,n_hashes
hrrr_control_debug_intel,acorn,intel,338.92857142857144,11.173559506967743,324,368,1184.0714285714287,2.483043540995794,1179,1189,42
hrrr_control_debug_intel,derecho,intel,297.72727272727275,16.05856090798668,289,397,1124.7727272727273,2.523043901429566,1116,1130,44
hrrr_control_debug_intel,gaeac6,intel,206.0,3.3452169123206588,201,216,6338.627906976744,0.489083487563253,6338,6339,43
hrrr_control_debug_intel,hercules,intel,261.04347826086956,16.603823551270942,238,319,27868.08695652174,180636.04226040657,1224,1226368,46
hrrr_control_debug_intel,orion,intel,295.2,7.482099851099173,284,325,27919.422222222223,179167.06768372882,1198,1203100,45
hrrr_control_debug_intel,ursa,intel,253.34,116.43174579371137,202,653,1865.28,7.631941470703582,1854,1883,50
hrrr_control_debug_intel,wcoss2,intel,335.7708333333333,4.964724857210249,329,356,1093.2291666666667,14.339707678751907,1087,1190,48
