test_name,machine,compiler,core_mean,core_std,core_min,core_max,mem_mean,mem_std,mem_min,mem_max,n_hashes
hrrr_control_debug_gnu,derecho,gnu,159.13636363636363,7.849132403813847,152,207,959.0454545454545,2.496085730625087,955,968,44
hrrr_control_debug_gnu,hera,gnu,150.5,3.5355339059327378,148,153,953.0,5.656854249492381,949,957,2
hrrr_control_debug_gnu,hercules,gnu,123.91304347826087,8.526627800162975,113,144,21349.152173913044,138430.49717745924,927,939820,46
hrrr_control_debug_gnu,ursa,gnu,135.62,64.93352644930707,104,373,862.84,9.57539363500562,851,877,50
