test_name,machine,compiler,core_mean,core_std,core_min,core_max,mem_mean,mem_std,mem_min,mem_max,n_hashes
hrrr_control_2threads_dyn32_phy32_gnu,derecho,gnu,386.7111111111111,5.5170076796551495,379,401,853.7333333333333,2.5796405669289153,841,857,45
hrrr_control_2threads_dyn32_phy32_gnu,hera,gnu,432.8,5.630275304103695,427,442,839.0,1.8708286933869707,837,842,5
hrrr_control_2threads_dyn32_phy32_gnu,hercules,gnu,253.12765957446808,29.881371993759217,204,365,18450.40425531915,120809.39094520097,819,829056,47
hrrr_control_2threads_dyn32_phy32_gnu,ursa,gnu,147.04,4.856974787008137,141,159,726.18,1.3044664246584556,724,728,50
