test_name,machine,compiler,core_mean,core_std,core_min,core_max,mem_mean,mem_std,mem_min,mem_max,n_hashes
hrrr_control_restart_intel,acorn,intel,126.86046511627907,5.578792305511997,114,144,757.8139534883721,1.7355637749253137,754,762,43
hrrr_control_restart_intel,derecho,intel,114.47727272727273,3.700965533124894,110,130,787.5681818181819,1.847660082408773,783,790,44
hrrr_control_restart_intel,gaeac6,intel,81.0,2.699206232527312,77,89,6338.674418604651,0.4741373235155091,6338,6339,43
hrrr_control_restart_intel,hercules,intel,94.30434782608695,6.242754254039519,89,113,23857.065217391304,154652.63850095402,1031,1049960,46
hrrr_control_restart_intel,orion,intel,136.0222222222222,3.4011287490591684,133,148,22548.088888888888,144728.2676280908,958,971840,45
hrrr_control_restart_intel,ursa,intel,104.96,87.76428542361846,76,563,1730.92,49.22204583231345,1695,1913,50
hrrr_control_restart_intel,wcoss2,intel,129.4375,4.658126050019722,121,146,667.4791666666666,20.550911957124974,654,765,48
