test_name,machine,compiler,core_mean,core_std,core_min,core_max,mem_mean,mem_std,mem_min,mem_max,n_hashes
hrrr_control_decomp_dyn32_phy32_gnu,derecho,gnu,238.44444444444446,5.114842730878046,233,259,807.2444444444444,2.297781099190716,802,814,45
hrrr_control_decomp_dyn32_phy32_gnu,hera,gnu,309.0,2.236067977499786,306,312,803.2,4.20713679359252,799,810,5
hrrr_control_decomp_dyn32_phy32_gnu,hercules,gnu,279.3191489361702,26.959798076087733,231,382,17511.23404255319,114657.0624240169,783,786836,47
hrrr_control_decomp_dyn32_phy32_gnu,ursa,gnu,258.02,221.10247785650373,186,1424,712.38,5.217278984298175,703,721,50
