test_name,machine,compiler,core_mean,core_std,core_min,core_max,mem_mean,mem_std,mem_min,mem_max,n_hashes
hrrr_control_2threads_dyn32_phy32_intel,acorn,intel,171.47727272727272,5.768755604653014,158,186,930.0909090909091,5.944777586224987,922,945,44
hrrr_control_2threads_dyn32_phy32_intel,derecho,intel,287.75,3.983249812623809,281,296,889.8863636363636,6.206582811038185,878,901,44
hrrr_control_2threads_dyn32_phy32_intel,gaeac6,intel,142.86046511627907,1.9220697592617297,140,149,6338.395348837209,0.6597089864810072,6337,6339,43
hrrr_control_2threads_dyn32_phy32_intel,hera,intel,252.0,3.0,249,255,1017.3333333333334,5.131601439446888,1013,1023,3
hrrr_control_2threads_dyn32_phy32_intel,hercules,intel,219.08695652173913,3.0318757447166176,212,229,24017.804347826088,155667.76614609855,1043,1056856,46
hrrr_control_2threads_dyn32_phy32_intel,orion,intel,236.86666666666667,17.70156644326864,229,344,22540.6,144724.52988120695,955,971808,45
hrrr_control_2threads_dyn32_phy32_intel,ursa,intel,98.14,1.3249566800773678,96,102,1047.88,4.221615901088947,1038,1055,50
hrrr_control_2threads_dyn32_phy32_intel,wcoss2,intel,170.25,6.432960339019997,164,194,844.5,30.14927401123041,828,940,48
