test_name,machine,compiler,core_mean,core_std,core_min,core_max,mem_mean,mem_std,mem_min,mem_max,n_hashes
hrrr_control_noqr_gnu,derecho,gnu,252.61363636363637,9.378887495614341,245,309,935.2727272727273,1.8969208386424916,931,939,44
hrrr_control_noqr_gnu,hera,gnu,343.75,2.8722813232690143,342,348,933.25,0.957427107756353,932,934,4
hrrr_control_noqr_gnu,hercules,gnu,265.0217391304348,53.5891735046195,242,576,20881.91304347826,135405.16187958536,907,919280,46
hrrr_control_noqr_gnu,ursa,gnu,261.9,195.00970671811623,199,1448,840.66,8.977545685242164,833,856,50
