test_name,machine,compiler,core_mean,core_std,core_min,core_max,mem_mean,mem_std,mem_min,mem_max,n_hashes
hrrr_control_2threads_intel,acorn,intel,201.3181818181818,6.114309283368386,190,213,1072.9318181818182,4.261224451567739,1064,1087,44
hrrr_control_2threads_intel,derecho,intel,328.6363636363636,5.49879863873413,318,340,1031.8863636363637,4.292859994742556,1021,1042,44
hrrr_control_2threads_intel,gaeac6,intel,169.2093023255814,54.88496981329608,156,520,6338.581395348837,0.4991687442297228,6338,6339,43
hrrr_control_2threads_intel,hera,intel,280.75,1.258305739211786,279,282,1165.75,2.986078811194823,1162,1169,4
hrrr_control_2threads_intel,hercules,intel,251.2608695652174,5.693796946809534,245,276,25961.782608695652,168299.78366803465,1128,1142612,46
hrrr_control_2threads_intel,orion,intel,255.55555555555554,5.794023392316185,251,283,25904.977777777778,166341.35446882178,1083,1116960,45
hrrr_control_2threads_intel,ursa,intel,117.04,3.779428744222207,112,134,1161.14,2.0304819976687423,1156,1166,50
hrrr_control_2threads_intel,wcoss2,intel,206.39583333333334,13.631533504113136,194,289,990.1875,34.267195559154715,973,1087,48
