test_name,machine,compiler,core_mean,core_std,core_min,core_max,mem_mean,mem_std,mem_min,mem_max,n_hashes
hrrr_control_restart_dyn32_phy32_gnu,derecho,gnu,135.8409090909091,4.569581843462422,132,161,673.7045454545455,1.356801050599916,670,677,44
hrrr_control_restart_dyn32_phy32_gnu,hera,gnu,157.0,,157,157,659.0,,659,659,1
hrrr_control_restart_dyn32_phy32_gnu,hercules,gnu,147.45652173913044,11.120964230255762,122,172,14648.54347826087,94985.09306148026,639,644864,46
hrrr_control_restart_dyn32_phy32_gnu,ursa,gnu,173.48,200.63788479827664,99,1263,560.04,5.724847382334319,550,569,50
