test_name,machine,compiler,core_mean,core_std,core_min,core_max,mem_mean,mem_std,mem_min,mem_max,n_hashes
hrrr_control_decomp_dyn32_phy32_intel,acorn,intel,200.04444444444445,8.458335199283283,183,225,888.7111111111111,2.8173345093143736,881,893,45
hrrr_control_decomp_dyn32_phy32_intel,derecho,intel,176.26666666666668,2.4158567085743368,172,183,841.4666666666667,1.8659630708612829,837,845,45
hrrr_control_decomp_dyn32_phy32_intel,gaeac6,intel,131.97727272727272,2.6544270731517092,128,144,6338.772727272727,0.42391510578574415,6338,6339,44
hrrr_control_decomp_dyn32_phy32_intel,hera,intel,186.0,0.0,186,186,1043.4,1.341640786499862,1042,1045,5
hrrr_control_decomp_dyn32_phy32_intel,hercules,intel,174.08510638297872,32.95440182198668,153,356,22285.021276595744,145933.4857829429,979,1001468,47
hrrr_control_decomp_dyn32_phy32_intel,orion,intel,230.7826086956522,6.142431814764724,226,262,20698.021739130436,134174.077406511,905,910928,46
hrrr_control_decomp_dyn32_phy32_intel,ursa,intel,250.64,224.83370362495546,125,768,1677.26,49.731856500842696,1626,1848,50
hrrr_control_decomp_dyn32_phy32_intel,wcoss2,intel,198.69387755102042,5.71621991074759,191,219,810.9591836734694,33.14045814388206,784,893,49
