test_name,machine,compiler,core_mean,core_std,core_min,core_max,mem_mean,mem_std,mem_min,mem_max,n_hashes
hrrr_control_noqr_gnu,derecho,gnu,252.55555555555554,9.279879396638814,245,309,935.2444444444444,1.8848143814511995,931,939,45
hrrr_control_noqr_gnu,hera,gnu,343.0,3.0,340,348,933.0,1.0000000000000107,932,934,5
hrrr_control_noqr_gnu,hercules,gnu,265.59574468085106,53.14936278176163,242,576,20457.17021276596,133956.93197057923,907,919280,47
hrrr_control_noqr_gnu,ursa,gnu,261.9,195.00970671811623,199,1448,840.24,8.782078225521772,833,856,50
