test_name,machine,compiler,core_mean,core_std,core_min,core_max,mem_mean,mem_std,mem_min,mem_max,n_hashes
hrrr_control_debug_dyn32_phy32_gnu,derecho,gnu,155.5,6.787471358455996,149,195,816.4772727272727,2.386869472212232,810,822,44
hrrr_control_debug_dyn32_phy32_gnu,hercules,gnu,124.56521739130434,22.2577349091282,112,266,18097.08695652174,117340.77652278445,791,796640,46
hrrr_control_debug_dyn32_phy32_gnu,ursa,gnu,149.96,125.18703721118369,102,921,721.22,5.308022422787703,715,729,50
