test_name,machine,compiler,core_mean,core_std,core_min,core_max,mem_mean,mem_std,mem_min,mem_max,n_hashes
hrrr_control_noqr_gnu,derecho,gnu,251.4090909090909,3.5784768867148804,245,262,935.3863636363636,1.9435750934201679,931,939,44
hrrr_control_noqr_gnu,hercules,gnu,261.4782608695652,53.2285383482018,242,576,20881.391304347828,135405.24055105075,907,919280,46
hrrr_control_noqr_gnu,ursa,gnu,262.2,194.9230093955989,199,1448,842.52,9.534555841885938,833,856,50
