test_name,machine,compiler,core_mean,core_std,core_min,core_max,mem_mean,mem_std,mem_min,mem_max,n_hashes
hrrr_control_intel,acorn,intel,223.0,8.203657720797468,209,243,1004.9268292682926,4.297617036814907,996,1011,41
hrrr_control_intel,derecho,intel,192.52272727272728,5.856773603287822,187,224,958.7045454545455,1.5337982259364982,956,961,44
hrrr_control_intel,gaeac6,intel,144.88372093023256,4.425087044210226,138,161,6338.720930232558,0.4538502687508658,6338,6339,43
hrrr_control_intel,hercules,intel,173.3695652173913,17.486958563648614,161,255,24570.347826086956,159198.114862543,1067,1080832,46
hrrr_control_intel,orion,intel,248.3111111111111,17.50820875296424,241,361,23969.82222222222,153810.30073368252,1031,1032832,45
hrrr_control_intel,ursa,intel,238.34,205.84327404456957,139,764,1804.4,81.89465607643488,1747,2039,50
hrrr_control_intel,wcoss2,intel,231.04166666666666,8.676106424833403,218,256,912.7291666666666,2.7501611816078526,901,919,48
