test_name,machine,compiler,core_mean,core_std,core_min,core_max,mem_mean,mem_std,mem_min,mem_max,n_hashes
hrrr_control_restart_dyn32_phy32_intel,acorn,intel,110.72727272727273,5.621237289785595,100,130,724.4545454545455,2.1615513965081394,719,730,44
hrrr_control_restart_dyn32_phy32_intel,derecho,intel,104.63636363636364,2.440843440678398,102,113,727.9318181818181,2.773610922167817,723,735,44
hrrr_control_restart_dyn32_phy32_intel,gaeac6,intel,71.81395348837209,3.0178501805210414,69,84,6338.837209302325,0.3735436838190067,6338,6339,43
hrrr_control_restart_dyn32_phy32_intel,hera,intel,97.0,,97,97,1050.0,,1050,1050,1
hrrr_control_restart_dyn32_phy32_intel,hercules,intel,90.6304347826087,10.339479238234112,81,121,21512.391304347828,139325.27724708398,941,945920,46
hrrr_control_restart_dyn32_phy32_intel,orion,intel,123.82222222222222,2.376866624254493,121,132,20453.644444444446,131237.2225701084,870,881256,45
hrrr_control_restart_dyn32_phy32_intel,ursa,intel,150.04,157.87594716700056,67,529,1659.42,56.10489083413503,1605,1812,50
hrrr_control_restart_dyn32_phy32_intel,wcoss2,intel,110.39583333333333,4.489892115148622,105,130,636.0833333333334,23.577697118642444,625,728,48
