test_name,machine,compiler,core_mean,core_std,core_min,core_max,mem_mean,mem_std,mem_min,mem_max,n_hashes
hrrr_c3_debug_intel,acorn,intel,346.20454545454544,10.855455268707493,330,379,1188.7954545454545,3.00835692970276,1182,1194,44
hrrr_c3_debug_intel,derecho,intel,307.77272727272725,27.032163131199777,296,429,1129.590909090909,4.510031102961654,1105,1133,44
hrrr_c3_debug_intel,gaeac6,intel,210.41860465116278,2.8387837615323512,206,217,6338.813953488372,0.6638923447398527,6338,6342,43
hrrr_c3_debug_intel,hera,intel,293.6666666666667,3.214550253664313,290,296,1339.6666666666667,4.163331998932297,1335,1343,3
hrrr_c3_debug_intel,hercules,intel,265.82608695652175,11.793226582946467,246,294,27975.5,181337.87580251042,1211,1231132,46
hrrr_c3_debug_intel,orion,intel,302.22222222222223,7.229638771589959,293,329,28095.911111111112,180341.5386423799,1203,1210980,45
hrrr_c3_debug_intel,ursa,intel,260.06,122.66836160467584,209,675,1868.22,7.175041776170801,1856,1890,50
hrrr_c3_debug_intel,wcoss2,intel,343.1458333333333,3.8315020294159385,336,354,1106.6041666666667,30.07985088191128,1086,1195,48
