test_name,machine,compiler,core_mean,core_std,core_min,core_max,mem_mean,mem_std,mem_min,mem_max,n_hashes
hrrr_control_debug_intel,acorn,intel,338.77272727272725,11.470616934329302,324,368,1184.4772727272727,2.2771732411922354,1179,1189,44
hrrr_control_debug_intel,derecho,intel,295.1818181818182,4.9989428057816045,288,312,1124.6136363636363,2.5988898264084366,1116,1130,44
hrrr_control_debug_intel,gaeac6,intel,205.51162790697674,2.423811373134468,202,214,6338.697674418605,0.4647008111182732,6338,6339,43
hrrr_control_debug_intel,hera,intel,290.0,1.0,289,291,1339.0,3.0,1336,1342,3
hrrr_control_debug_intel,hercules,intel,257.54347826086956,12.512583038666182,238,292,27867.065217391304,180636.19625662605,1222,1226368,46
hrrr_control_debug_intel,orion,intel,295.6222222222222,7.811090276851961,284,325,27918.71111111111,179167.1760897705,1198,1203100,45
hrrr_control_debug_intel,ursa,intel,253.94,116.22943706658967,202,653,1865.3,7.648529270389161,1854,1883,50
hrrr_control_debug_intel,wcoss2,intel,335.6666666666667,4.982237954520132,329,356,1101.1458333333333,29.772177203909663,1087,1190,48
