test_name,machine,compiler,core_mean,core_std,core_min,core_max,mem_mean,mem_std,mem_min,mem_max,n_hashes
hrrr_control_debug_dyn32_phy32_gnu,derecho,gnu,156.5909090909091,8.892950387593222,149,195,816.3636363636364,2.3136692804098566,810,822,44
hrrr_control_debug_dyn32_phy32_gnu,hera,gnu,145.5,2.1213203435596424,144,147,807.5,0.7071067811865476,807,808,2
hrrr_control_debug_dyn32_phy32_gnu,hercules,gnu,123.78260869565217,22.333744318087387,111,266,18096.91304347826,117340.80273456573,791,796640,46
hrrr_control_debug_dyn32_phy32_gnu,ursa,gnu,149.98,125.17962440967355,102,921,720.8,5.1229774505831935,715,729,50
