test_name,machine,compiler,core_mean,core_std,core_min,core_max,mem_mean,mem_std,mem_min,mem_max,n_hashes
hrrr_control_debug_gnu,derecho,gnu,158.1590909090909,2.811464749566491,152,167,959.4772727272727,2.6102538089515197,955,968,44
hrrr_control_debug_gnu,hercules,gnu,124.3695652173913,8.220188415391766,113,144,21347.956521739132,138430.67738907467,927,939820,46
hrrr_control_debug_gnu,ursa,gnu,139.16,67.52939193795693,104,373,864.32,9.914820899511328,851,877,50
