test_name,machine,compiler,core_mean,core_std,core_min,core_max,mem_mean,mem_std,mem_min,mem_max,n_hashes
hrrr_control_decomp_dyn32_phy32_gnu,derecho,gnu,239.25,5.482000144235247,233,259,807.5454545454545,2.4347727600814464,802,814,44
hrrr_control_decomp_dyn32_phy32_gnu,hercules,gnu,286.9130434782609,22.07645914337666,231,382,17874.91304347826,115896.61858758744,783,786836,46
hrrr_control_decomp_dyn32_phy32_gnu,ursa,gnu,234.4,143.2869249343528,186,989,714.02,5.505062605067725,707,722,50
