test_name,machine,compiler,core_mean,core_std,core_min,core_max,mem_mean,mem_std,mem_min,mem_max,n_hashes
hrrr_control_decomp_gnu,derecho,gnu,252.61363636363637,4.789600697494273,247,279,949.7954545454545,1.7464854469735678,945,954,44
hrrr_control_decomp_gnu,hera,gnu,343.5,0.7071067811865476,343,344,946.0,2.8284271247461903,944,948,2
hrrr_control_decomp_gnu,hercules,gnu,258.2608695652174,25.028370375865414,243,357,21188.82608695652,137401.44078644627,920,932832,46
hrrr_control_decomp_gnu,ursa,gnu,299.08,255.8602807496821,198,1767,856.02,9.00224461805307,847,870,50
