test_name,machine,compiler,core_mean,core_std,core_min,core_max,mem_mean,mem_std,mem_min,mem_max,n_hashes
hrrr_control_2threads_dyn32_phy32_gnu,derecho,gnu,386.84090909090907,5.5108484208082595,379,401,853.7727272727273,2.595735647518233,841,857,44
hrrr_control_2threads_dyn32_phy32_gnu,hera,gnu,432.75,6.499999999999995,427,442,839.0,2.160246899469287,837,842,4
hrrr_control_2threads_dyn32_phy32_gnu,hercules,gnu,254.1304347826087,29.401140337410336,204,365,18833.41304347826,122115.48769670198,819,829056,46
hrrr_control_2threads_dyn32_phy32_gnu,ursa,gnu,147.1,4.83714370095342,141,159,726.14,1.309463202060686,724,728,50
