test_name,machine,compiler,core_mean,core_std,core_min,core_max,mem_mean,mem_std,mem_min,mem_max,n_hashes
hrrr_control_dyn32_phy32_intel,acorn,intel,190.38636363636363,7.662096103671802,178,211,885.8636363636364,1.875061662129148,880,890,44
hrrr_control_dyn32_phy32_intel,derecho,intel,168.79545454545453,4.0380719867257,164,187,840.8181818181819,1.105435350896016,839,843,44
hrrr_control_dyn32_phy32_intel,gaeac6,intel,126.06976744186046,3.875413027679141,123,148,6338.813953488372,0.8523305292658766,6338,6342,43
hrrr_control_dyn32_phy32_intel,hera,intel,177.0,0.0,177,177,1104.3333333333333,7.767453465154061,1098,1113,3
hrrr_control_dyn32_phy32_intel,hercules,intel,164.34782608695653,36.50096947954753,145,381,23609.717391304348,153057.33658856415,1003,1039128,46
hrrr_control_dyn32_phy32_intel,orion,intel,220.57777777777778,4.845283033710993,216,242,21646.666666666668,138936.25574341638,916,932948,45
hrrr_control_dyn32_phy32_intel,ursa,intel,182.92,159.48601627652218,122,723,1752.1,82.49112506376501,1692,2012,50
hrrr_control_dyn32_phy32_intel,wcoss2,intel,191.8125,11.15587098557565,183,258,805.6041666666666,28.18460390289557,788,888,48
