test_name,machine,compiler,core_mean,core_std,core_min,core_max,mem_mean,mem_std,mem_min,mem_max,n_hashes
hrrr_control_dyn32_phy32_intel,acorn,intel,190.47727272727272,7.60810044551242,178,211,885.75,2.0130388921715503,880,890,44
hrrr_control_dyn32_phy32_intel,derecho,intel,168.61363636363637,4.02443645681305,164,187,840.8181818181819,1.1054353508960195,839,843,44
hrrr_control_dyn32_phy32_intel,gaeac6,intel,126.06976744186046,3.8754130276791408,123,148,6338.813953488372,0.8523305292658635,6338,6342,43
hrrr_control_dyn32_phy32_intel,hera,intel,176.75,0.5,176,177,1102.75,7.088723439378927,1098,1113,4
hrrr_control_dyn32_phy32_intel,hercules,intel,164.58695652173913,36.4207365151939,145,381,23608.82608695652,153057.47070841715,1003,1039128,46
hrrr_control_dyn32_phy32_intel,orion,intel,220.62222222222223,4.830249800094522,216,242,21645.8,138936.38774283457,916,932948,45
hrrr_control_dyn32_phy32_intel,ursa,intel,181.9,159.7136787619441,122,723,1751.78,82.67277270624693,1692,2012,50
hrrr_control_dyn32_phy32_intel,wcoss2,intel,190.5625,5.519428932840865,183,211,807.5625,30.46372537674582,788,888,48
