test_name,machine,compiler,core_mean,core_std,core_min,core_max,mem_mean,mem_std,mem_min,mem_max,n_hashes
hrrr_control_debug_dyn32_phy32_gnu,derecho,gnu,155.45454545454547,6.811257936116088,149,195,816.5227272727273,2.4159223416946034,810,822,44
hrrr_control_debug_dyn32_phy32_gnu,hercules,gnu,124.82608695652173,22.201405709074756,112,266,18096.956521739132,117340.79617724253,791,796640,46
hrrr_control_debug_dyn32_phy32_gnu,ursa,gnu,149.94,125.19428330170899,102,921,721.4,5.349041493385514,715,729,50
