test_name,machine,compiler,core_mean,core_std,core_min,core_max,mem_mean,mem_std,mem_min,mem_max,n_hashes
hrrr_gf_debug_gnu,derecho,gnu,160.29545454545453,3.13702232872338,155,169,963.9545454545455,2.623281678609415,961,972,44
hrrr_gf_debug_gnu,hercules,gnu,127.3913043478261,9.936416212586835,114,155,21480.260869565216,139298.16691215284,932,945708,46
hrrr_gf_debug_gnu,ursa,gnu,178.56,212.1964973070662,106,1213,868.24,9.797042452512144,855,881,50
