test_name,machine,compiler,core_mean,core_std,core_min,core_max,mem_mean,mem_std,mem_min,mem_max,n_hashes
hrrr_control_restart_dyn32_phy32_intel,acorn,intel,110.76190476190476,5.716085663089878,100,130,724.547619047619,2.143650646732825,719,730,42
hrrr_control_restart_dyn32_phy32_intel,derecho,intel,104.61363636363636,2.461006686542127,102,113,728.1590909090909,2.8930002276399422,723,735,44
hrrr_control_restart_dyn32_phy32_intel,gaeac6,intel,71.74418604651163,3.0479737473545554,69,84,6338.837209302325,0.3735436838188556,6338,6339,43
hrrr_control_restart_dyn32_phy32_intel,hercules,intel,90.26086956521739,10.427388684738325,81,121,21513.282608695652,139325.14295124562,941,945920,46
hrrr_control_restart_dyn32_phy32_intel,orion,intel,123.8,2.3893704001453813,121,132,20455.422222222223,131236.95164498326,870,881256,45
hrrr_control_restart_dyn32_phy32_intel,ursa,intel,159.42,166.6511803689591,67,538,1661.38,56.39977203601339,1605,1812,50
hrrr_control_restart_dyn32_phy32_intel,wcoss2,intel,110.5,4.621872145317264,105,130,632.1041666666666,14.323377088022049,625,728,48
