test_name,machine,compiler,core_mean,core_std,core_min,core_max,mem_mean,mem_std,mem_min,mem_max,n_hashes
hrrr_control_gnu,derecho,gnu,252.95555555555555,4.522446821414848,247,272,950.5555555555555,1.6727162933324535,948,955,45
hrrr_control_gnu,hera,gnu,345.8,3.768288736283354,342,352,945.0,2.7386127875258226,942,949,5
hrrr_control_gnu,hercules,gnu,257.93617021276594,25.48606119918609,239,356,20717.36170212766,135652.93276648657,921,930920,47
hrrr_control_gnu,ursa,gnu,294.76,226.7805340240755,197,1480,853.98,8.498475253400187,843,869,50
