test_name,machine,compiler,core_mean,core_std,core_min,core_max,mem_mean,mem_std,mem_min,mem_max,n_hashes
hrrr_c3_debug_intel,acorn,intel,346.2682926829268,10.552308729003085,330,379,1188.560975609756,2.9499896651328177,1182,1194,41
hrrr_c3_debug_intel,derecho,intel,307.54545454545456,27.098832503345932,296,429,1129.4545454545455,4.597545075234763,1105,1135,44
hrrr_c3_debug_intel,gaeac6,intel,210.30232558139534,2.816066859671391,206,216,6338.837209302325,0.6521113167513015,6338,6342,43
hrrr_c3_debug_intel,hercules,intel,269.17391304347825,14.208454991191514,246,314,27977.195652173912,181337.6202356771,1211,1231132,46
hrrr_c3_debug_intel,orion,intel,302.0444444444444,7.118974503381644,293,329,28096.71111111111,180341.4166739932,1203,1210980,45
hrrr_c3_debug_intel,ursa,intel,260.24,122.60315273770284,209,675,1868.24,6.885536452949638,1856,1890,50
hrrr_c3_debug_intel,wcoss2,intel,343.1666666666667,4.059836142450357,336,359,1096.3958333333333,2.5660598435280826,1086,1102,48
