test_name,machine,compiler,core_mean,core_std,core_min,core_max,mem_mean,mem_std,mem_min,mem_max,n_hashes
hrrr_control_decomp_intel,acorn,intel,228.7906976744186,7.395488133974409,217,247,1005.046511627907,2.3599181621413248,1001,1010,43
hrrr_control_decomp_intel,derecho,intel,197.86363636363637,6.207987761806552,192,233,960.1590909090909,1.3630195927234594,955,962,44
hrrr_control_decomp_intel,gaeac6,intel,149.8139534883721,4.526408299416131,143,167,6338.767441860465,0.4274625743754484,6338,6339,43
hrrr_control_decomp_intel,hercules,intel,178.54347826086956,16.259980212833568,166,231,24053.652173913044,155908.93930941686,1051,1058492,46
hrrr_control_decomp_intel,orion,intel,253.26666666666668,3.1866197536802825,249,267,23931.31111111111,153598.46043185904,1024,1031404,45
hrrr_control_decomp_intel,ursa,intel,231.48,199.58888767071338,145,773,1724.0,50.36843844945708,1682,1915,50
hrrr_control_decomp_intel,wcoss2,intel,235.08333333333334,9.229539379791417,221,267,916.8125,19.242745248036993,907,1010,48
