test_name,machine,compiler,core_mean,core_std,core_min,core_max,mem_mean,mem_std,mem_min,mem_max,n_hashes
hrrr_control_noqr_gnu,derecho,gnu,251.54545454545453,3.5598180346397346,245,262,935.4318181818181,1.9337603717823155,931,939,44
hrrr_control_noqr_gnu,hercules,gnu,261.5217391304348,53.213924297409555,242,576,20881.217391304348,135405.26676543403,907,919280,46
hrrr_control_noqr_gnu,ursa,gnu,262.26,194.90424755321706,199,1448,842.94,9.613786868824615,833,856,50
