test_name,machine,compiler,core_mean,core_std,core_min,core_max,mem_mean,mem_std,mem_min,mem_max,n_hashes
hrrr_control_debug_gnu,derecho,gnu,158.0909090909091,2.8269317891276677,152,167,959.4090909090909,2.608734717972042,955,968,44
hrrr_control_debug_gnu,hercules,gnu,124.26086956521739,8.325155407581683,113,144,21348.130434782608,138430.65117132096,927,939820,46
hrrr_control_debug_gnu,ursa,gnu,139.16,67.52939193795693,104,373,863.92,9.837122526015355,851,877,50
