test_name,machine,compiler,core_mean,core_std,core_min,core_max,mem_mean,mem_std,mem_min,mem_max,n_hashes
hrrr_control_restart_intel,acorn,intel,126.86363636363636,5.642821779228483,114,144,758.0,1.6844017639285425,754,762,44
hrrr_control_restart_intel,derecho,intel,113.8409090909091,2.6671401094873803,110,121,787.4772727272727,1.7848019415054575,784,790,44
hrrr_control_restart_intel,gaeac6,intel,80.55813953488372,2.0389344273698558,77,86,6338.6511627906975,0.48224282217038267,6338,6339,43
hrrr_control_restart_intel,hera,intel,107.25,3.201562118716423,105,112,1130.0,4.0,1124,1132,4
hrrr_control_restart_intel,hercules,intel,94.06521739130434,6.258868104672823,89,113,23853.369565217392,154653.19524397643,1028,1049960,46
hrrr_control_restart_intel,orion,intel,136.0,3.4245105821522386,133,148,22544.0,144728.89075942835,952,971840,45
hrrr_control_restart_intel,ursa,intel,105.4,87.77010787696852,76,563,1730.22,49.441076040070165,1695,1913,50
hrrr_control_restart_intel,wcoss2,intel,129.9375,4.94826963093418,121,146,675.25,32.87985867340332,654,765,48
