test_name,machine,compiler,core_mean,core_std,core_min,core_max,mem_mean,mem_std,mem_min,mem_max,n_hashes
hrrr_control_restart_intel,acorn,intel,126.84444444444445,5.579815716880212,114,144,758.0444444444445,1.691631213242459,754,762,45
hrrr_control_restart_intel,derecho,intel,113.84444444444445,2.636764163235924,110,121,787.4222222222222,1.8026355564824827,784,790,45
hrrr_control_restart_intel,gaeac6,intel,80.52272727272727,2.028731260798532,77,86,6338.659090909091,0.4794949774541886,6338,6339,44
hrrr_control_restart_intel,hera,intel,107.0,2.828427124746189,105,112,1129.6,3.577708763999657,1124,1132,5
hrrr_control_restart_intel,hercules,intel,94.06382978723404,6.190470429968209,89,113,23368.23404255319,152999.0996465712,1028,1049960,47
hrrr_control_restart_intel,orion,intel,135.93478260869566,3.415013739442295,133,148,22074.91304347826,143147.1168821823,952,971840,46
hrrr_control_restart_intel,ursa,intel,105.38,87.77636007351353,76,563,1730.0,49.457464717942514,1695,1913,50
hrrr_control_restart_intel,wcoss2,intel,130.0204081632653,4.930727616684166,121,146,677.0,34.76528440844396,654,765,49
