test_name,machine,compiler,core_mean,core_std,core_min,core_max,mem_mean,mem_std,mem_min,mem_max,n_hashes
hrrr_control_restart_dyn32_phy32_intel,acorn,intel,110.27272727272727,5.57554309113466,100,130,724.4318181818181,2.1823576676221803,719,730,44
hrrr_control_restart_dyn32_phy32_intel,derecho,intel,104.68181818181819,2.409021100747724,102,113,727.7045454545455,2.5479544504576173,723,734,44
hrrr_control_restart_dyn32_phy32_intel,gaeac6,intel,71.86046511627907,2.9887200266273983,69,84,6338.837209302325,0.3735436838190335,6338,6339,43
hrrr_control_restart_dyn32_phy32_intel,hera,intel,97.75,1.5,97,100,1047.5,4.795831523312751,1043,1053,4
hrrr_control_restart_dyn32_phy32_intel,hercules,intel,91.08695652173913,10.13646023456692,81,121,21511.91304347826,139325.3492511245,941,945920,46
hrrr_control_restart_dyn32_phy32_intel,orion,intel,123.93333333333334,2.4624452001285975,121,132,20451.088888888888,131237.61198019664,870,881256,45
hrrr_control_restart_dyn32_phy32_intel,ursa,intel,133.9,143.69997798701775,67,529,1655.96,54.90323956093772,1605,1812,50
hrrr_control_restart_dyn32_phy32_intel,wcoss2,intel,110.39583333333333,4.666492524613051,105,130,642.0833333333334,32.263432520644585,625,728,48
