test_name,machine,compiler,core_mean,core_std,core_min,core_max,mem_mean,mem_std,mem_min,mem_max,n_hashes
hrrr_control_2threads_gnu,derecho,gnu,415.22222222222223,6.577817021449956,408,448,1018.9111111111112,2.4571067818420014,1013,1023,45
hrrr_control_2threads_gnu,hera,gnu,484.8,7.259476565152616,478,494,1000.6,1.341640786499878,999,1002,5
hrrr_control_2threads_gnu,hercules,gnu,229.58695652173913,22.77774360784524,211,318,989.1739130434783,1.9585067761615051,984,993,46
hrrr_control_2threads_gnu,ursa,gnu,156.84,3.4128209649460866,153,170,888.64,1.2577920401745841,886,890,50
