test_name,machine,compiler,core_mean,core_std,core_min,core_max,mem_mean,mem_std,mem_min,mem_max,n_hashes
hrrr_control_restart_dyn32_phy32_gnu,derecho,gnu,135.88888888888889,4.568778542864313,132,161,673.6666666666666,1.2431631210161058,670,677,45
hrrr_control_restart_dyn32_phy32_gnu,hera,gnu,157.8,1.3038404810405295,157,160,657.6,3.361547262794326,654,661,5
hrrr_control_restart_dyn32_phy32_gnu,hercules,gnu,145.4255319148936,12.674425946782792,121,172,14350.446808510638,93969.1987563197,639,644864,47
hrrr_control_restart_dyn32_phy32_gnu,ursa,gnu,173.22,200.72809205184888,99,1263,559.22,5.4446753618481845,550,569,50
