test_name,machine,compiler,core_mean,core_std,core_min,core_max,mem_mean,mem_std,mem_min,mem_max,n_hashes
hrrr_control_restart_dyn32_phy32_intel,acorn,intel,110.35555555555555,5.539755309477934,100,130,724.3777777777777,2.1876605280204497,719,730,45
hrrr_control_restart_dyn32_phy32_intel,derecho,intel,104.62222222222222,2.414811199931193,102,113,727.7333333333333,2.526226074962058,723,734,45
hrrr_control_restart_dyn32_phy32_intel,gaeac6,intel,71.8409090909091,2.9566101096324067,69,84,6338.840909090909,0.3699894290246767,6338,6339,44
hrrr_control_restart_dyn32_phy32_intel,hera,intel,97.4,1.516575088810311,96,100,1049.2,5.63027530410371,1043,1056,5
hrrr_control_restart_dyn32_phy32_intel,hercules,intel,91.04255319148936,10.030296382132159,81,121,21074.72340425532,137835.2131976728,941,945920,47
hrrr_control_restart_dyn32_phy32_intel,orion,intel,123.91304347826087,2.438816534091182,121,132,20025.782608695652,129803.2791888322,870,881256,46
hrrr_control_restart_dyn32_phy32_intel,ursa,intel,133.7,143.78629976461596,67,529,1655.94,54.91827323117403,1605,1812,50
hrrr_control_restart_dyn32_phy32_intel,wcoss2,intel,110.61224489795919,4.859768198049727,105,130,643.795918367347,34.10216243866655,625,728,49
