test_name,machine,compiler,core_mean,core_std,core_min,core_max,mem_mean,mem_std,mem_min,mem_max,n_hashes
hrrr_control_debug_intel,acorn,intel,338.7111111111111,11.345047422117752,324,368,1184.2666666666667,2.329650773672431,1179,1189,45
hrrr_control_debug_intel,derecho,intel,295.02222222222224,4.974886425788531,288,312,1124.4444444444443,2.598562150983776,1116,1130,45
hrrr_control_debug_intel,gaeac6,intel,205.3409090909091,2.4866450903771598,201,214,6338.704545454545,0.4615215208034597,6338,6339,44
hrrr_control_debug_intel,hera,intel,290.0,1.5811388300841898,288,292,1336.6,4.827007354458845,1329,1342,5
hrrr_control_debug_intel,hercules,intel,257.1914893617021,12.608896613920527,238,292,27300.042553191488,178704.25577399455,1222,1226368,47
hrrr_control_debug_intel,orion,intel,295.6304347826087,7.69518953821057,284,325,27337.782608695652,177209.05209609398,1198,1203100,46
hrrr_control_debug_intel,ursa,intel,253.98,116.21329615875126,202,653,1865.42,7.65343726967279,1854,1883,50
hrrr_control_debug_intel,wcoss2,intel,335.9183673469388,5.007647213237474,329,356,1104.8979591836735,34.142620541120706,1087,1190,49
