test_name,machine,compiler,core_mean,core_std,core_min,core_max,mem_mean,mem_std,mem_min,mem_max,n_hashes
hrrr_control_decomp_dyn32_phy32_intel,acorn,intel,199.9090909090909,8.618039980634945,183,225,888.5909090909091,2.87182125033394,881,893,44
hrrr_control_decomp_dyn32_phy32_intel,derecho,intel,176.36363636363637,2.4120907566221055,172,183,841.2045454545455,1.7859860862311403,837,845,44
hrrr_control_decomp_dyn32_phy32_intel,gaeac6,intel,131.93023255813952,2.7202533918842158,128,144,6338.790697674419,0.41162509149320314,6338,6339,43
hrrr_control_decomp_dyn32_phy32_intel,hera,intel,186.0,0.0,186,186,1043.0,1.4142135623730951,1042,1044,2
hrrr_control_decomp_dyn32_phy32_intel,hercules,intel,174.1086956521739,33.37013186193743,153,356,22750.043478260868,147510.8491943644,979,1001468,46
hrrr_control_decomp_dyn32_phy32_intel,orion,intel,230.77777777777777,6.233665523477007,226,262,21138.2,135656.6237751505,905,910928,45
hrrr_control_decomp_dyn32_phy32_intel,ursa,intel,274.04,241.7364022303329,125,788,1679.22,52.98952149015032,1626,1848,50
hrrr_control_decomp_dyn32_phy32_intel,wcoss2,intel,198.6875,5.698660723587006,191,219,805.4791666666666,26.372930660645373,784,893,48
