test_name,machine,compiler,core_mean,core_std,core_min,core_max,mem_mean,mem_std,mem_min,mem_max,n_hashes
hrrr_control_debug_gnu,derecho,gnu,159.22727272727272,7.891307069980699,152,207,959.3181818181819,2.6569148682891917,955,968,44
hrrr_control_debug_gnu,hercules,gnu,124.04347826086956,8.408874998711859,113,144,21348.456521739132,138430.6020232531,927,939820,46
hrrr_control_debug_gnu,ursa,gnu,139.06,67.57562958852633,104,373,863.54,9.727323184028164,851,877,50
