test_name,machine,compiler,core_mean,core_std,core_min,core_max,mem_mean,mem_std,mem_min,mem_max,n_hashes
merra2_thompson_intel,acorn,intel,213.21951219512195,7.1746504971390355,202,232,1856.6829268292684,1.490621085156186,1854,1860,41
merra2_thompson_intel,derecho,intel,239.5,14.576980897738157,220,312,1812.909090909091,2.310926340168191,1807,1816,44
merra2_thompson_intel,gaeac6,intel,139.58139534883722,7.445780390643559,132,184,6338.720930232558,0.4538502687507901,6338,6339,43
merra2_thompson_intel,hercules,intel,220.54347826086956,50.14543582719684,166,424,43470.67391304348,281825.0012384009,1908,1913348,46
merra2_thompson_intel,orion,intel,276.97777777777776,39.622932345761186,217,378,43822.77777777778,281248.9542883096,1888,1888572,45
merra2_thompson_intel,ursa,intel,292.48,252.75552760462799,140,861,2532.24,9.565157860587549,2517,2554,50
merra2_thompson_intel,wcoss2,intel,227.4375,12.752815709114527,215,276,1768.6875,3.9418985057695206,1761,1776,48
