test_name,machine,compiler,core_mean,core_std,core_min,core_max,mem_mean,mem_std,mem_min,mem_max,n_hashes
merra2_thompson_intel,acorn,intel,212.33333333333334,7.367002597578399,199,232,1856.5777777777778,1.5298379131150333,1854,1860,45
merra2_thompson_intel,derecho,intel,236.22222222222223,9.433713452026712,220,257,1813.3333333333333,2.121320343559605,1808,1817,45
merra2_thompson_intel,gaeac6,intel,139.0909090909091,7.432856603881775,132,184,6338.659090909091,0.47949497745399905,6338,6339,44
merra2_thompson_intel,hera,intel,195.6,4.335896677735759,192,203,2022.6,5.0299105359837295,2015,2027,5
merra2_thompson_intel,hercules,intel,216.85106382978722,50.69472947624585,165,424,42585.936170212764,278810.8380669281,1908,1913348,47
merra2_thompson_intel,orion,intel,267.2391304347826,37.80722140462278,217,364,42910.67391304348,278175.2033877654,1888,1888572,46
merra2_thompson_intel,ursa,intel,286.98,243.33142679338837,140,833,2533.06,9.759161054608947,2517,2554,50
merra2_thompson_intel,wcoss2,intel,226.14285714285714,12.070970687286634,215,276,1781.7551020408164,31.774944670975145,1761,1860,49
