test_name,machine,compiler,core_mean,core_std,core_min,core_max,mem_mean,mem_std,mem_min,mem_max,n_hashes
merra2_thompson_intel,acorn,intel,212.6590909090909,7.442627636196655,199,232,1856.659090909091,1.5087833049548915,1854,1860,44
merra2_thompson_intel,derecho,intel,236.88636363636363,9.160623288154811,220,257,1813.2727272727273,2.255367101183194,1808,1817,44
merra2_thompson_intel,gaeac6,intel,139.25581395348837,7.480428505856417,132,184,6338.697674418605,0.4647008111179599,6338,6339,43
merra2_thompson_intel,hera,intel,198.0,7.0710678118654755,193,203,2020.5,7.7781745930520225,2015,2026,2
merra2_thompson_intel,hercules,intel,219.1086956521739,49.95563732436102,166,424,43470.34782608696,281825.05038033135,1908,1913348,46
merra2_thompson_intel,orion,intel,270.8888888888889,37.82989571887569,217,364,43822.22222222222,281249.03898857144,1888,1888572,45
merra2_thompson_intel,ursa,intel,287.04,243.27434416849684,140,833,2532.7,9.871108119669426,2517,2554,50
merra2_thompson_intel,wcoss2,intel,226.0,12.07071363505798,215,276,1776.375,24.909730645895536,1761,1858,48
