test_name,machine,compiler,core_mean,core_std,core_min,core_max,mem_mean,mem_std,mem_min,mem_max,n_hashes
merra2_thompson_intel,acorn,intel,212.88095238095238,7.418508103755218,199,232,1856.7142857142858,1.4862904270193908,1854,1860,42
merra2_thompson_intel,derecho,intel,238.9318181818182,14.52567530715745,220,312,1812.9772727272727,2.327676117920306,1807,1816,44
merra2_thompson_intel,gaeac6,intel,139.41860465116278,7.423362600086218,132,184,6338.720930232558,0.4538502687508555,6338,6339,43
merra2_thompson_intel,hercules,intel,221.8913043478261,49.780954975380595,166,424,43470.608695652176,281825.0110677016,1908,1913348,46
merra2_thompson_intel,orion,intel,273.4,37.50599952007676,217,364,43822.822222222225,281248.9475122359,1888,1888572,45
merra2_thompson_intel,ursa,intel,278.14,239.8525065492524,140,833,2532.1,9.5152938118867,2517,2554,50
merra2_thompson_intel,wcoss2,intel,227.14583333333334,12.87582194580765,215,276,1770.6875,13.424582484890143,1761,1858,48
