test_name,machine,compiler,core_mean,core_std,core_min,core_max,mem_mean,mem_std,mem_min,mem_max,n_hashes
merra2_hf_thompson_intel,acorn,intel,280.1111111111111,9.02073929197254,262,297,1862.3111111111111,1.5641178492891983,1859,1865,45
merra2_hf_thompson_intel,derecho,intel,290.8666666666667,9.623834049804753,277,315,1820.4,1.8265715524893897,1816,1824,45
merra2_hf_thompson_intel,gaeac6,intel,242.77272727272728,12.030704200162061,231,279,6338.75,0.4380187953917795,6338,6339,44
merra2_hf_thompson_intel,hera,intel,282.2,6.760177512462231,275,291,2023.8,6.648308055437868,2014,2032,5
merra2_hf_thompson_intel,hercules,intel,303.63829787234044,48.86424207497256,258,542,42785.425531914894,280139.122744687,1912,1922460,47
merra2_hf_thompson_intel,orion,intel,346.9130434782609,13.670448398655036,329,402,43198.717391304344,280080.27799175825,1891,1901500,46
merra2_hf_thompson_intel,ursa,intel,354.92,260.4812531935957,201,1000,2537.96,11.401682654193596,2521,2563,50
merra2_hf_thompson_intel,wcoss2,intel,336.83673469387753,16.62245837561278,321,419,1788.6734693877552,31.69870380834608,1763,1867,49
