test_name,machine,compiler,core_mean,core_std,core_min,core_max,mem_mean,mem_std,mem_min,mem_max,n_hashes
merra2_hf_thompson_intel,acorn,intel,281.90909090909093,10.265811812886028,262,305,1862.5454545454545,1.5319017737431866,1859,1865,44
merra2_hf_thompson_intel,derecho,intel,294.15909090909093,18.72685322504756,277,396,1820.1136363636363,2.180419301375282,1813,1824,44
merra2_hf_thompson_intel,gaeac6,intel,241.7674418604651,10.803079828285139,231,274,6338.720930232558,0.4538502687508056,6338,6339,43
merra2_hf_thompson_intel,hera,intel,276.0,,276,276,2024.0,,2024,2024,1
merra2_hf_thompson_intel,hercules,intel,305.1521739130435,48.61822584235227,264,542,43674.413043478264,283167.64045958326,1912,1922460,46
merra2_hf_thompson_intel,orion,intel,348.1111111111111,13.789360559738249,329,402,44116.822222222225,283175.1168162948,1891,1901500,45
merra2_hf_thompson_intel,ursa,intel,342.62,250.97197908474624,201,1000,2537.84,11.046026157743308,2521,2563,50
merra2_hf_thompson_intel,wcoss2,intel,337.3333333333333,16.495432421738506,321,419,1781.1458333333333,21.968051834845028,1763,1864,48
