test_name,machine,compiler,core_mean,core_std,core_min,core_max,mem_mean,mem_std,mem_min,mem_max,n_hashes
merra2_hf_thompson_intel,acorn,intel,282.3333333333333,10.316140956173616,262,305,1862.5714285714287,1.5002903319489316,1859,1865,42
merra2_hf_thompson_intel,derecho,intel,294.6136363636364,18.53872867507232,277,396,1819.7954545454545,2.2472675444838273,1813,1824,44
merra2_hf_thompson_intel,gaeac6,intel,241.72093023255815,10.837161773478346,231,274,6338.720930232558,0.4538502687507218,6338,6339,43
merra2_hf_thompson_intel,hercules,intel,305.4347826086956,48.40231958349519,268,542,43674.63043478261,283167.6076935009,1912,1922460,46
merra2_hf_thompson_intel,orion,intel,348.3333333333333,13.716280969576369,329,402,44117.15555555555,283175.0659937927,1891,1901500,45
merra2_hf_thompson_intel,ursa,intel,336.04,244.71941117141,201,1000,2537.78,10.608602593159473,2521,2563,50
merra2_hf_thompson_intel,wcoss2,intel,338.3125,18.281668821352643,321,419,1777.4791666666667,13.338457570296901,1763,1862,48
