test_name,machine,compiler,core_mean,core_std,core_min,core_max,mem_mean,mem_std,mem_min,mem_max,n_hashes
merra2_thompson_intel,acorn,intel,212.3409090909091,7.464468335147989,199,232,1856.659090909091,1.5087833049549655,1854,1860,44
merra2_thompson_intel,derecho,intel,236.86363636363637,9.143789121179495,220,257,1813.25,2.2425587545129164,1808,1817,44
merra2_thompson_intel,gaeac6,intel,139.13953488372093,7.507397606769948,132,184,6338.674418604651,0.474137323515398,6338,6339,43
merra2_thompson_intel,hera,intel,197.0,5.291502622129181,193,203,2022.0,6.082762530298219,2015,2026,3
merra2_thompson_intel,hercules,intel,218.84782608695653,50.2110954499122,165,424,43470.15217391304,281825.07986653055,1908,1913348,46
merra2_thompson_intel,orion,intel,270.3777777777778,37.52652933646279,217,364,43822.11111111111,281249.05592910014,1888,1888572,45
merra2_thompson_intel,ursa,intel,286.72,243.45531710885146,140,833,2532.9,9.708506684388647,2517,2554,50
merra2_thompson_intel,wcoss2,intel,225.97916666666666,12.08214716603982,215,276,1778.25,27.655556172929032,1761,1860,48
