test_name,machine,compiler,core_mean,core_std,core_min,core_max,mem_mean,mem_std,mem_min,mem_max,n_hashes
merra2_hf_thompson_intel,acorn,intel,282.2926829268293,10.440890532993421,262,305,1862.560975609756,1.5173789982698147,1859,1865,41
merra2_hf_thompson_intel,derecho,intel,295.34090909090907,18.53964097620087,277,396,1819.659090909091,2.166802185819934,1813,1823,44
merra2_hf_thompson_intel,gaeac6,intel,241.8372093023256,10.834095722385701,231,274,6338.697674418605,0.46470081111827105,6338,6339,43
merra2_hf_thompson_intel,hercules,intel,304.1304347826087,48.313609168824,268,542,43674.760869565216,283167.5880332026,1912,1922460,46
merra2_hf_thompson_intel,orion,intel,348.35555555555555,13.714881690994625,329,402,44117.26666666667,283175.0490532956,1891,1901500,45
merra2_hf_thompson_intel,ursa,intel,351.58,260.5791109456483,201,1000,2537.82,10.659268267568793,2521,2563,50
merra2_hf_thompson_intel,wcoss2,intel,338.1666666666667,18.287693028702574,321,419,1775.625,4.778609251966359,1763,1783,48
