test_name,machine,compiler,core_mean,core_std,core_min,core_max,mem_mean,mem_std,mem_min,mem_max,n_hashes
merra2_hf_thompson_intel,acorn,intel,281.04545454545456,9.86880107572866,262,305,1862.4318181818182,1.6051911032026756,1859,1865,44
merra2_hf_thompson_intel,derecho,intel,291.52272727272725,10.346302870430629,277,321,1820.1818181818182,2.223267313565559,1813,1824,44
merra2_hf_thompson_intel,gaeac6,intel,241.8139534883721,10.773105432717712,231,274,6338.720930232558,0.45385026875081685,6338,6339,43
merra2_hf_thompson_intel,hera,intel,279.5,4.949747468305833,276,283,2025.5,2.1213203435596424,2024,2027,2
merra2_hf_thompson_intel,hercules,intel,305.1521739130435,48.618225842352295,264,542,43674.34782608696,283167.65028906794,1912,1922460,46
merra2_hf_thompson_intel,orion,intel,347.4888888888889,13.826230377968058,329,402,44116.8,283175.1202038799,1891,1901500,45
merra2_hf_thompson_intel,ursa,intel,342.04,251.25911172431105,201,1000,2537.78,11.058822316160434,2521,2563,50
merra2_hf_thompson_intel,wcoss2,intel,337.1041666666667,16.57637332115411,321,419,1783.0833333333333,24.95257913871336,1763,1864,48
