test_name,machine,compiler,core_mean,core_std,core_min,core_max,mem_mean,mem_std,mem_min,mem_max,n_hashes
merra2_hf_thompson_intel,acorn,intel,280.3181818181818,9.220232371769638,262,297,1862.3863636363637,1.58797675999209,1859,1865,44
merra2_hf_thompson_intel,derecho,intel,291.79545454545456,10.568887084607717,277,321,1820.3636363636363,1.9300669839069848,1816,1824,44
merra2_hf_thompson_intel,gaeac6,intel,241.93023255813952,10.780041851754628,231,274,6338.7441860465115,0.44148144844883,6338,6339,43
merra2_hf_thompson_intel,hera,intel,283.3333333333333,7.505553499465142,276,291,2021.6666666666667,6.8068592855540775,2014,2027,3
merra2_hf_thompson_intel,hercules,intel,304.80434782608694,48.90245145648739,258,542,43674.15217391304,283167.6797774278,1912,1922460,46
merra2_hf_thompson_intel,orion,intel,347.3333333333333,13.894079838026501,329,402,44116.53333333333,283175.16085909214,1891,1901500,45
merra2_hf_thompson_intel,ursa,intel,342.08,251.23830788106096,201,1000,2537.54,11.227171850252407,2521,2563,50
merra2_hf_thompson_intel,wcoss2,intel,336.875,16.70982002016727,321,419,1785.0625,27.673942156261216,1763,1867,48
