test_name,machine,compiler,core_mean,core_std,core_min,core_max,mem_mean,mem_std,mem_min,mem_max,n_hashes
merra2_thompson_intel,acorn,intel,212.72093023255815,7.40439245890523,199,232,1856.7441860465117,1.4815214710980316,1854,1860,43
merra2_thompson_intel,derecho,intel,238.86363636363637,14.532387100591464,220,312,1813.0681818181818,2.4053982629456727,1807,1817,44
merra2_thompson_intel,gaeac6,intel,139.37209302325581,7.438712304763868,132,184,6338.697674418605,0.4647008111181538,6338,6339,43
merra2_thompson_intel,hercules,intel,220.2391304347826,50.25587186593057,166,424,43470.565217391304,281825.01762063894,1908,1913348,46
merra2_thompson_intel,orion,intel,273.0,37.54088680116896,217,364,43822.62222222222,281248.97800560086,1888,1888572,45
merra2_thompson_intel,ursa,intel,287.04,243.27031743913759,140,833,2532.56,9.814940714262553,2517,2554,50
merra2_thompson_intel,wcoss2,intel,226.39583333333334,11.871187331201636,215,276,1772.5208333333333,18.309385551972586,1761,1858,48
