test_name,machine,compiler,core_mean,core_std,core_min,core_max,mem_mean,mem_std,mem_min,mem_max,n_hashes
merra2_hf_thompson_intel,acorn,intel,280.09090909090907,9.12399897489411,262,297,1862.340909090909,1.5692270622631728,1859,1865,44
merra2_hf_thompson_intel,derecho,intel,290.84090909090907,9.733526767846282,277,315,1820.409090909091,1.8466586017840987,1816,1824,44
merra2_hf_thompson_intel,gaeac6,intel,242.95348837209303,12.112475835883497,231,279,6338.7441860465115,0.44148144844901704,6338,6339,43
merra2_hf_thompson_intel,hera,intel,281.25,7.410578025138572,275,291,2024.25,7.5883682918881465,2014,2032,4
merra2_hf_thompson_intel,hercules,intel,304.4130434782609,49.111472335655414,258,542,43673.934782608696,283167.71254171396,1912,1922460,46
merra2_hf_thompson_intel,orion,intel,347.0,13.812050074942801,329,402,44116.2,283175.2116831557,1891,1901500,45
merra2_hf_thompson_intel,ursa,intel,354.94,260.4697804556456,201,1000,2537.78,11.343055054048872,2521,2563,50
merra2_hf_thompson_intel,wcoss2,intel,336.5208333333333,16.649055411622925,321,419,1787.0625,29.93852300255427,1763,1867,48
