test_name,machine,compiler,core_mean,core_std,core_min,core_max,mem_mean,mem_std,mem_min,mem_max,n_hashes
merra2_thompson_intel,acorn,intel,212.9318181818182,7.450293352341279,199,232,1856.7045454545455,1.4876162523194316,1854,1860,44
merra2_thompson_intel,derecho,intel,238.5909090909091,14.565518666977,220,312,1813.0681818181818,2.4053982629458694,1807,1817,44
merra2_thompson_intel,gaeac6,intel,139.32558139534885,7.453733261586687,132,184,6338.697674418605,0.46470081111784317,6338,6339,43
merra2_thompson_intel,hera,intel,193.0,,193,193,2026.0,,2026,2026,1
merra2_thompson_intel,hercules,intel,218.95652173913044,50.075479260696106,166,424,43470.586956521736,281825.0143440529,1908,1913348,46
merra2_thompson_intel,orion,intel,271.97777777777776,37.83185820111794,217,364,43822.333333333336,281249.0220492088,1888,1888572,45
merra2_thompson_intel,ursa,intel,287.2,243.1796178354844,140,833,2532.56,9.81494071426264,2517,2554,50
merra2_thompson_intel,wcoss2,intel,226.22916666666666,11.96135547597742,215,276,1774.375,21.98028613834221,1761,1858,48
