test_name,machine,compiler,core_mean,core_std,core_min,core_max,mem_mean,mem_std,mem_min,mem_max,n_hashes
merra2_hf_thompson_intel,acorn,intel,282.09302325581393,10.31368474519443,262,305,1862.6046511627908,1.498245559435346,1859,1865,43
merra2_hf_thompson_intel,derecho,intel,294.40909090909093,18.606473219446023,277,396,1820.0,2.2099142359450026,1813,1824,44
merra2_hf_thompson_intel,gaeac6,intel,241.74418604651163,10.819059512104895,231,274,6338.720930232558,0.453850268750869,6338,6339,43
merra2_hf_thompson_intel,hercules,intel,305.1304347826087,48.622175414403095,264,542,43674.54347826087,283167.6207993897,1912,1922460,46
merra2_hf_thompson_intel,orion,intel,348.26666666666665,13.769861688088625,329,402,44116.91111111111,283175.1032644918,1891,1901500,45
merra2_hf_thompson_intel,ursa,intel,345.5,250.20899427543873,201,1000,2538.28,10.961975093895441,2521,2563,50
merra2_hf_thompson_intel,wcoss2,intel,337.2916666666667,16.50139688907518,321,419,1779.3333333333333,18.263244489706103,1763,1864,48
