test_name,machine,compiler,core_mean,core_std,core_min,core_max,mem_mean,mem_std,mem_min,mem_max,n_hashes
merra2_thompson_intel,acorn,intel,212.29545454545453,7.4477389903012075,199,232,1856.6136363636363,1.5282747392556888,1854,1860,44
merra2_thompson_intel,derecho,intel,236.5681818181818,9.249507157889441,220,257,1813.340909090909,2.145229231727803,1808,1817,44
merra2_thompson_intel,gaeac6,intel,139.1627906976744,7.505332176139648,132,184,6338.674418604651,0.4741373235152986,6338,6339,43
merra2_thompson_intel,hera,intel,196.5,4.43471156521669,193,203,2021.5,5.066228051190222,2015,2026,4
merra2_thompson_intel,hercules,intel,217.82608695652175,50.807394189702606,165,424,43470.065217391304,281825.0929725663,1908,1913348,46
merra2_thompson_intel,orion,intel,268.2,37.66213434786146,217,364,43822.2,281249.04237781215,1888,1888572,45
merra2_thompson_intel,ursa,intel,287.22,243.19642602771336,140,833,2533.06,9.759161054608889,2517,2554,50
merra2_thompson_intel,wcoss2,intel,225.83333333333334,12.00059100199498,215,276,1780.125,29.969221800359517,1761,1860,48
