test_name,machine,compiler,core_mean,core_std,core_min,core_max,mem_mean,mem_std,mem_min,mem_max,n_hashes
rap_decomp_intel,acorn,intel,238.41463414634146,7.456458977812785,224,253,1014.8536585365854,2.6034686056274605,1011,1020,41
rap_decomp_intel,derecho,intel,208.3409090909091,7.844248913363164,197,254,962.6363636363636,4.851712280292388,939,967,44
rap_decomp_intel,gaeac6,intel,155.25581395348837,3.7990789814663937,149,166,6338.767441860465,0.42746257437545687,6338,6339,43
rap_decomp_intel,hercules,intel,192.7173913043478,33.617233043305674,177,399,24094.565217391304,156078.21031331297,1058,1059656,46
rap_decomp_intel,orion,intel,268.5777777777778,5.176383824152685,263,285,23970.066666666666,153837.09630503182,1028,1033008,45
rap_decomp_intel,ursa,intel,250.34,204.3294268916681,151,784,1741.58,48.80033874087852,1686,1926,50
rap_decomp_intel,wcoss2,intel,247.66666666666666,9.25141353968514,237,279,919.9791666666666,4.545231699888824,908,929,48
