test_name,machine,compiler,core_mean,core_std,core_min,core_max,mem_mean,mem_std,mem_min,mem_max,n_hashes
rap_noah_debug_intel,acorn,intel,340.9756097560976,10.925858787477628,323,370,1188.3658536585365,3.307235231737995,1182,1193,41
rap_noah_debug_intel,derecho,intel,302.3181818181818,33.58486143409808,290,516,1127.909090909091,4.987510829122398,1098,1132,44
rap_noah_debug_intel,gaeac6,intel,205.95348837209303,2.8280355656490324,199,214,6338.813953488372,0.5457984083405371,6338,6341,43
rap_noah_debug_intel,hercules,intel,261.5869565217391,18.086921102715227,241,308,28151.32608695652,182507.47712671384,1226,1239068,46
rap_noah_debug_intel,orion,intel,298.15555555555557,8.19632832308455,286,336,28227.755555555555,181218.50757343587,1202,1216864,45
rap_noah_debug_intel,ursa,intel,275.3,137.91275710183078,204,631,1867.32,7.265911462972533,1845,1887,50
rap_noah_debug_intel,wcoss2,intel,338.3958333333333,4.7880151057074025,329,352,1097.625,2.2936081395636196,1092,1105,48
