test_name,machine,compiler,core_mean,core_std,core_min,core_max,mem_mean,mem_std,mem_min,mem_max,n_hashes
rap_clm_lake_debug_gnu,derecho,gnu,161.38636363636363,3.4655507907543477,153,170,964.6818181818181,2.648147463686489,955,971,44
rap_clm_lake_debug_gnu,hera,gnu,156.5,5.916079783099616,152,165,951.5,2.3804761428476167,948,953,4
rap_clm_lake_debug_gnu,hercules,gnu,126.91304347826087,9.488767832329199,116,162,21437.217391304348,138981.51397888426,933,943564,46
rap_clm_lake_debug_gnu,ursa,gnu,193.02,282.79598833860445,106,1794,862.14,10.216053793028022,851,880,50
