test_name,machine,compiler,core_mean,core_std,core_min,core_max,mem_mean,mem_std,mem_min,mem_max,n_hashes
rap_control_debug_dyn32_phy32_gnu,derecho,gnu,160.27272727272728,9.485272884389353,153,204,819.5681818181819,2.555411287815239,816,826,44
rap_control_debug_dyn32_phy32_gnu,hera,gnu,146.0,2.8284271247461903,144,148,803.5,0.7071067811865476,803,804,2
rap_control_debug_dyn32_phy32_gnu,hercules,gnu,126.30434782608695,22.164906762435052,114,268,18112.369565217392,117423.47846460289,791,797204,46
rap_control_debug_dyn32_phy32_gnu,ursa,gnu,202.58,315.18048538471874,104,1575,718.18,6.252150650384452,711,728,50
