test_name,machine,compiler,core_mean,core_std,core_min,core_max,mem_mean,mem_std,mem_min,mem_max,n_hashes
rap_unified_drag_suite_debug_intel,acorn,intel,346.3953488372093,9.870927815906857,332,375,1191.3720930232557,5.920196488912306,1180,1201,43
rap_unified_drag_suite_debug_intel,derecho,intel,306.29545454545456,18.978052863406667,295,425,1129.8181818181818,1.6603827980139978,1127,1133,44
rap_unified_drag_suite_debug_intel,gaeac6,intel,211.06976744186048,3.6929491946346693,206,222,6338.813953488372,0.3937496154792457,6338,6339,43
rap_unified_drag_suite_debug_intel,hercules,intel,264.4347826086956,14.188653015566173,245,305,28100.934782608696,182167.21379318897,1232,1236760,46
rap_unified_drag_suite_debug_intel,orion,intel,302.1333333333333,7.566673341339987,289,322,28143.355555555554,180644.7122166194,1199,1213016,45
rap_unified_drag_suite_debug_intel,ursa,intel,291.0,144.73409820658526,209,636,1868.7,6.902380541730261,1848,1885,50
rap_unified_drag_suite_debug_intel,wcoss2,intel,344.2916666666667,4.181816429792473,338,355,1102.0625,19.410905302969553,1092,1194,48
