test_name,machine,compiler,core_mean,core_std,core_min,core_max,mem_mean,mem_std,mem_min,mem_max,n_hashes
rap_clm_lake_debug_intel,acorn,intel,344.09090909090907,9.656467122807847,328,367,1191.75,3.58371640281627,1184,1197,44
rap_clm_lake_debug_intel,derecho,intel,301.75,4.6512063951444444,295,321,1133.0,4.215144346338003,1109,1138,44
rap_clm_lake_debug_intel,gaeac6,intel,210.34883720930233,2.4483592263880776,206,220,6338.837209302325,0.3735436838188198,6338,6339,43
rap_clm_lake_debug_intel,hera,intel,293.5,2.1213203435596424,292,295,1345.5,7.7781745930520225,1340,1351,2
rap_clm_lake_debug_intel,hercules,intel,265.89130434782606,35.953196897491026,245,488,28193.41304347826,182783.88164466873,1228,1240944,46
rap_clm_lake_debug_intel,orion,intel,305.3777777777778,8.099632115351909,295,335,28068.066666666666,180121.97379306357,1201,1209512,45
rap_clm_lake_debug_intel,ursa,intel,298.7,204.1667235873862,209,1335,1870.3,8.096988606253301,1854,1893,50
rap_clm_lake_debug_intel,wcoss2,intel,344.75,11.536251834238834,337,419,1108.2291666666667,26.811588145151873,1095,1197,48
