test_name,machine,compiler,core_mean,core_std,core_min,core_max,mem_mean,mem_std,mem_min,mem_max,n_hashes
rap_sfcdiff_debug_intel,acorn,intel,345.1162790697674,10.048002176044244,331,367,1187.6976744186047,3.45401687287997,1181,1194,43
rap_sfcdiff_debug_intel,derecho,intel,302.20454545454544,6.446847239036097,296,335,1129.659090909091,1.5543364967186029,1127,1134,44
rap_sfcdiff_debug_intel,gaeac6,intel,217.4418604651163,49.32366491113348,206,533,6338.860465116279,0.6392478969494599,6338,6342,43
rap_sfcdiff_debug_intel,hercules,intel,265.9347826086956,19.144366358932444,243,326,28008.5,181556.56818398074,1226,1232616,46
rap_sfcdiff_debug_intel,orion,intel,304.6,11.600156738752997,287,342,28250.11111111111,181367.55846036453,1197,1217864,45
rap_sfcdiff_debug_intel,ursa,intel,285.38,140.9826867355835,209,635,1869.7,7.559964366615083,1846,1883,50
rap_sfcdiff_debug_intel,wcoss2,intel,343.2916666666667,3.3704493881401416,337,353,1100.9583333333333,19.74406275781145,1091,1194,48
