test_name,machine,compiler,core_mean,core_std,core_min,core_max,mem_mean,mem_std,mem_min,mem_max,n_hashes
rap_decomp_intel,acorn,intel,238.13636363636363,7.296354327288706,224,253,1015.0227272727273,2.6102538089515024,1011,1020,44
rap_decomp_intel,derecho,intel,208.0681818181818,7.869274152493579,197,254,963.0681818181819,4.667541194610151,939,967,44
rap_decomp_intel,gaeac6,intel,155.04651162790697,3.7477198678923394,149,166,6338.790697674419,0.41162509149323195,6338,6339,43
rap_decomp_intel,hera,intel,213.0,,213,213,1138.0,,1138,1138,1
rap_decomp_intel,hercules,intel,193.3913043478261,34.316486650568514,177,399,24090.521739130436,156078.81926268167,1058,1059656,46
rap_decomp_intel,orion,intel,268.35555555555555,5.356200975401206,262,285,23969.533333333333,153837.17761345184,1028,1033008,45
rap_decomp_intel,ursa,intel,254.52,200.74913169812473,151,784,1741.72,48.396339885219724,1686,1926,50
rap_decomp_intel,wcoss2,intel,247.0,8.906129851746513,237,279,926.4166666666666,25.175835537980923,908,1022,48
