test_name,machine,compiler,core_mean,core_std,core_min,core_max,mem_mean,mem_std,mem_min,mem_max,n_hashes
rap_control_debug_gnu,derecho,gnu,162.3409090909091,9.562385568412585,155,220,964.0227272727273,2.43509835877594,960,972,44
rap_control_debug_gnu,hera,gnu,150.0,,150,150,948.0,,948,948,1
rap_control_debug_gnu,hercules,gnu,127.82608695652173,6.957982938326903,116,145,21409.478260869564,138811.46423016267,933,942408,46
rap_control_debug_gnu,ursa,gnu,144.56,107.7470886012277,107,790,862.3,11.042127124271504,847,879,50
