test_name,machine,compiler,core_mean,core_std,core_min,core_max,mem_mean,mem_std,mem_min,mem_max,n_hashes
rap_noah_debug_intel,acorn,intel,340.7857142857143,10.86173797862828,323,370,1188.357142857143,3.2671418744638014,1182,1193,42
rap_noah_debug_intel,derecho,intel,302.22727272727275,33.61053519523212,290,516,1127.909090909091,4.987510829122361,1098,1132,44
rap_noah_debug_intel,gaeac6,intel,205.86046511627907,2.7218813114745033,199,214,6338.837209302325,0.5314057080781704,6338,6341,43
rap_noah_debug_intel,hercules,intel,261.30434782608694,18.26091097303794,241,308,28151.130434782608,182507.50661671226,1226,1239068,46
rap_noah_debug_intel,orion,intel,297.8222222222222,8.502109066923257,283,336,28227.555555555555,181218.53806605435,1202,1216864,45
rap_noah_debug_intel,ursa,intel,274.98,138.05743998312397,204,631,1867.22,7.401847535499261,1845,1887,50
rap_noah_debug_intel,wcoss2,intel,338.25,4.719808867388684,329,352,1099.625,14.099381305273333,1092,1194,48
