test_name,machine,compiler,core_mean,core_std,core_min,core_max,mem_mean,mem_std,mem_min,mem_max,n_hashes
rap_control_debug_intel,acorn,intel,348.75,12.262866996618055,332,375,1191.2954545454545,5.817293966348149,1183,1203,44
rap_control_debug_intel,derecho,intel,301.8863636363636,4.611491758291071,295,317,1129.659090909091,3.7907057808704896,1107,1133,44
rap_control_debug_intel,gaeac6,intel,210.09302325581396,1.9738040802129588,207,215,6338.790697674419,0.6746476870643223,6338,6342,43
rap_control_debug_intel,hera,intel,292.0,1.4142135623730951,291,293,1343.5,0.7071067811865476,1343,1344,2
rap_control_debug_intel,hercules,intel,261.17391304347825,12.919071772342537,241,296,27932.108695652172,181033.93560315066,1230,1229072,46
rap_control_debug_intel,orion,intel,303.31111111111113,6.591393224991578,287,317,28015.31111111111,179789.1180348929,1201,1207276,45
rap_control_debug_intel,ursa,intel,257.9,118.71854040854235,207,687,1867.48,7.728135715206705,1852,1894,50
rap_control_debug_intel,wcoss2,intel,343.4791666666667,3.6260850662665582,338,355,1105.9791666666667,26.66776648884468,1092,1195,48
