test_name,machine,compiler,core_mean,core_std,core_min,core_max,mem_mean,mem_std,mem_min,mem_max,n_hashes
rap_restart_gnu,derecho,gnu,146.95454545454547,3.1912274044202866,143,159,704.9772727272727,1.5475206932325833,702,708,44
rap_restart_gnu,hercules,gnu,138.3913043478261,11.062405325886544,131,186,15351.652173913044,99568.27398395029,660,675976,46
rap_restart_gnu,ursa,gnu,172.14,195.52159544591052,108,1405,588.6,10.235990924384552,572,602,50
