test_name,machine,compiler,core_mean,core_std,core_min,core_max,mem_mean,mem_std,mem_min,mem_max,n_hashes
rap_lndp_debug_intel,acorn,intel,351.26666666666665,10.404107580444037,335,379,1195.4666666666667,4.525684277743771,1188,1205,45
rap_lndp_debug_intel,derecho,intel,308.1777777777778,17.18917324270359,300,418,1133.2222222222222,1.7436754400988665,1129,1138,45
rap_lndp_debug_intel,gaeac6,intel,213.5,2.2772892902808546,209,218,6338.727272727273,0.6942835143575914,6338,6342,44
rap_lndp_debug_intel,hera,intel,298.6,1.1401754250991383,297,300,1347.2,3.5637059362410928,1342,1352,5
rap_lndp_debug_intel,hercules,intel,264.9148936170213,12.736168605562128,244,295,27455.27659574468,179720.19903361646,1229,1233340,47
rap_lndp_debug_intel,orion,intel,307.7826086956522,8.765875866685827,295,349,27585.543478260868,178863.37377546728,1198,1214324,46
rap_lndp_debug_intel,ursa,intel,263.34,114.07079971201557,212,677,1871.04,7.534844228716386,1856,1894,50
rap_lndp_debug_intel,wcoss2,intel,349.3673469387755,5.577835144387046,341,367,1116.6938775510205,35.30474713219211,1097,1204,49
