test_name,machine,compiler,core_mean,core_std,core_min,core_max,mem_mean,mem_std,mem_min,mem_max,n_hashes
rap_noah_sfcdiff_cires_ugwp_debug_gnu,derecho,gnu,243.5,4.106149670467342,234,253,961.7045454545455,1.5638287162281634,959,965,44
rap_noah_sfcdiff_cires_ugwp_debug_gnu,hera,gnu,243.0,1.4142135623730934,241,244,943.0,2.7080128015453098,939,945,4
rap_noah_sfcdiff_cires_ugwp_debug_gnu,hercules,gnu,203.2826086956522,14.816901825622816,184,246,21363.739130434784,138524.15559740795,932,940456,46
rap_noah_sfcdiff_cires_ugwp_debug_gnu,ursa,gnu,224.1,235.76694217045818,166,1780,859.3,10.32976677532724,848,875,50
