test_name,machine,compiler,core_mean,core_std,core_min,core_max,mem_mean,mem_std,mem_min,mem_max,n_hashes
rap_flake_debug_intel,acorn,intel,344.6666666666667,0.5773502691896216,344,345,1184.6666666666667,2.081665999466142,1183,1187,3
rap_flake_debug_intel,derecho,intel,297.0,1.0,296,298,1129.0,0.0,1129,1129,3
rap_flake_debug_intel,gaeac6,intel,208.33333333333334,2.309401076758499,207,211,6338.666666666667,0.5773502691895601,6338,6339,3
rap_flake_debug_intel,hera,intel,295.6666666666667,6.110100926607781,289,301,1340.6666666666667,2.0816659994661553,1339,1343,3
rap_flake_debug_intel,hercules,intel,256.0,8.18535277187245,249,265,1232.6666666666667,8.082903768654756,1224,1240,3
rap_flake_debug_intel,orion,intel,300.6666666666667,4.0414518843273814,297,305,1209.0,4.0,1205,1213,3
rap_flake_debug_intel,ursa,intel,212.66666666666666,2.5166114784235836,210,215,1869.6666666666667,10.016652800877784,1860,1880,3
rap_flake_debug_intel,wcoss2,intel,349.3333333333333,6.506407098647719,343,356,1192.6666666666667,0.5773502691896093,1192,1193,3
