test_name,machine,compiler,core_mean,core_std,core_min,core_max,mem_mean,mem_std,mem_min,mem_max,n_hashes
rap_restart_intel,acorn,intel,135.0731707317073,7.181191558169282,122,150,763.4634146341464,2.013672775994264,759,768,41
rap_restart_intel,derecho,intel,119.3409090909091,4.435287577882644,112,141,827.2727272727273,2.0387369136208084,823,833,44
rap_restart_intel,gaeac6,intel,84.25581395348837,2.9284566328147745,80,93,6338.883720930233,0.6252352824025961,6338,6342,43
rap_restart_intel,hercules,intel,98.30434782608695,5.973532605371767,93,117,24348.260869565216,157666.52548371902,1079,1070448,46
rap_restart_intel,orion,intel,142.55555555555554,2.880621425661451,139,151,23402.133333333335,150162.82078927165,998,1008340,45
rap_restart_intel,ursa,intel,150.18,152.580482609898,79,626,1780.46,51.06986411190227,1724,1931,50
rap_restart_intel,wcoss2,intel,136.89583333333334,8.288006159462649,128,180,671.0208333333334,2.6776425272142017,666,678,48
