test_name,machine,compiler,core_mean,core_std,core_min,core_max,mem_mean,mem_std,mem_min,mem_max,n_hashes
rap_restart_dyn32_phy32_intel,acorn,intel,115.4186046511628,6.31412836852908,106,130,729.9767441860465,2.4927358473031367,725,734,43
rap_restart_dyn32_phy32_intel,derecho,intel,104.88636363636364,2.158982416323893,101,113,734.5227272727273,3.7570933617014695,719,739,44
rap_restart_dyn32_phy32_intel,gaeac6,intel,73.4186046511628,2.0497683741332575,71,84,6338.767441860465,0.42746257437542184,6338,6339,43
rap_restart_dyn32_phy32_intel,hercules,intel,88.23913043478261,7.174599586531159,83,116,22296.152173913044,144549.21462286622,958,981364,46
rap_restart_dyn32_phy32_intel,orion,intel,126.62222222222222,3.3863958374172314,123,138,20601.222222222223,132128.25890586374,881,887248,45
rap_restart_dyn32_phy32_intel,ursa,intel,218.12,192.44279722577724,69,552,1682.2,52.58384946435357,1624,1810,50
rap_restart_dyn32_phy32_intel,wcoss2,intel,114.25,7.015181106532233,108,152,639.0833333333334,19.991310168908466,629,734,48
