test_name,machine,compiler,core_mean,core_std,core_min,core_max,mem_mean,mem_std,mem_min,mem_max,n_hashes
rap_control_dyn64_phy32_debug_intel,acorn,intel,341.97727272727275,14.00081166478312,321,378,1099.659090909091,2.03393514586627,1096,1106,44
rap_control_dyn64_phy32_debug_intel,derecho,intel,298.15909090909093,4.280530187864316,289,309,1049.340909090909,3.549930767868615,1037,1055,44
rap_control_dyn64_phy32_debug_intel,gaeac6,intel,208.02325581395348,4.377911940275932,203,225,6338.837209302325,0.6521113167513134,6338,6341,43
rap_control_dyn64_phy32_debug_intel,hera,intel,297.0,3.0,294,300,1293.3333333333333,2.886751345948096,1290,1295,3
rap_control_dyn64_phy32_debug_intel,hercules,intel,276.0652173913044,46.92471614732737,244,570,27553.152173913044,178639.16370841808,1204,1212804,46
rap_control_dyn64_phy32_debug_intel,orion,intel,305.0888888888889,6.494130994500897,294,330,27373.844444444443,175740.63562275196,1162,1180080,45
rap_control_dyn64_phy32_debug_intel,ursa,intel,304.66,162.61192189644996,205,660,1862.22,13.542510544088017,1839,1904,50
rap_control_dyn64_phy32_debug_intel,wcoss2,intel,339.3125,10.784457393703024,332,406,1017.8333333333334,29.62843181187972,1004,1107,48
