test_name,machine,compiler,core_mean,core_std,core_min,core_max,mem_mean,mem_std,mem_min,mem_max,n_hashes
rap_progcld_thompson_debug_gnu,derecho,gnu,160.6590909090909,2.9329180787501725,156,169,963.5454545454545,4.464092112987205,939,970,44
rap_progcld_thompson_debug_gnu,hera,gnu,152.0,1.7320508075688772,150,153,946.3333333333334,4.041451884327396,942,950,3
rap_progcld_thompson_debug_gnu,hercules,gnu,130.54347826086956,22.022923937206002,116,266,21436.239130434784,138985.88158629395,934,943592,46
rap_progcld_thompson_debug_gnu,ursa,gnu,134.82,106.16692478529906,107,815,861.64,10.432993191734475,853,878,50
