test_name,machine,compiler,core_mean,core_std,core_min,core_max,mem_mean,mem_std,mem_min,mem_max,n_hashes
rap_control_dyn32_phy32_gnu,derecho,gnu,241.5681818181818,4.071441818054306,235,254,811.0,1.928971288681611,808,816,44
rap_control_dyn32_phy32_gnu,hera,gnu,309.25,2.0615528128088223,307,311,793.5,1.290994448735813,792,795,4
rap_control_dyn32_phy32_gnu,hercules,gnu,287.5,30.222691989813054,233,390,17923.565217391304,116208.20608443418,785,788952,46
rap_control_dyn32_phy32_gnu,ursa,gnu,277.54,240.44399492163978,191,1640,709.96,6.023626949990623,704,720,50
