test_name,machine,compiler,core_mean,core_std,core_min,core_max,mem_mean,mem_std,mem_min,mem_max,n_hashes
rap_control_debug_intel,acorn,intel,349.1707317073171,11.668124183056136,332,375,1191.8292682926829,5.970353586783725,1183,1203,41
rap_control_debug_intel,derecho,intel,304.04545454545456,13.557722497656716,297,387,1129.6136363636363,3.7985058818515616,1107,1133,44
rap_control_debug_intel,gaeac6,intel,210.0,2.0701966780270635,207,215,6338.767441860465,0.6844256995511706,6338,6342,43
rap_control_debug_intel,hercules,intel,264.7173913043478,16.118537352278942,241,314,27932.58695652174,181033.86351749234,1230,1229072,46
rap_control_debug_intel,orion,intel,303.0888888888889,6.388278407372452,287,317,28016.4,179788.9520146279,1206,1207276,45
rap_control_debug_intel,ursa,intel,258.64,118.48770882609361,207,687,1867.96,7.54837460541497,1852,1894,50
rap_control_debug_intel,wcoss2,intel,343.6458333333333,3.772744265223923,338,355,1098.125,2.02773324864479,1092,1103,48
