test_name,machine,compiler,core_mean,core_std,core_min,core_max,mem_mean,mem_std,mem_min,mem_max,n_hashes
rap_control_debug_dyn32_phy32_intel,acorn,intel,334.5121951219512,8.288914136421953,323,354,1071.3902439024391,3.646080421359974,1065,1087,41
rap_control_debug_dyn32_phy32_intel,derecho,intel,298.04545454545456,25.064525608409777,288,457,1012.4772727272727,2.225524619245263,1001,1015,44
rap_control_debug_dyn32_phy32_intel,gaeac6,intel,203.02325581395348,2.899001240928654,199,215,6338.837209302325,0.4326129116657892,6338,6340,43
rap_control_debug_dyn32_phy32_intel,hercules,intel,267.80434782608694,16.135013087785065,238,310,25357.41304347826,164361.86760026737,1112,1115880,46
rap_control_debug_dyn32_phy32_intel,orion,intel,299.24444444444447,6.786201091371018,288,320,25243.466666666667,161997.7179037633,1074,1087808,45
rap_control_debug_dyn32_phy32_intel,ursa,intel,293.4,164.2331592956943,201,684,1751.72,6.587062149023838,1738,1768,50
rap_control_debug_dyn32_phy32_intel,wcoss2,intel,333.9791666666667,5.38512365109555,328,354,977.6666666666666,2.9559412464530337,970,984,48
