test_name,machine,compiler,core_mean,core_std,core_min,core_max,mem_mean,mem_std,mem_min,mem_max,n_hashes
rap_control_debug_dyn32_phy32_gnu,derecho,gnu,160.02272727272728,9.473312910765983,153,204,819.3636363636364,2.450352694982863,816,826,44
rap_control_debug_dyn32_phy32_gnu,hera,gnu,147.75,2.62995563967658,144,150,803.75,2.5000000000000018,801,807,4
rap_control_debug_dyn32_phy32_gnu,hercules,gnu,126.04347826086956,22.26003546142641,114,268,18111.434782608696,117423.61929255257,791,797204,46
rap_control_debug_dyn32_phy32_gnu,ursa,gnu,173.02,245.42087880842996,104,1544,717.98,6.0490849367015915,713,728,50
