test_name,machine,compiler,core_mean,core_std,core_min,core_max,mem_mean,mem_std,mem_min,mem_max,n_hashes
rap_lndp_debug_intel,acorn,intel,351.22727272727275,10.520994816265643,335,379,1195.5454545454545,4.546680595747329,1188,1205,44
rap_lndp_debug_intel,derecho,intel,308.3181818181818,17.361776684446564,300,418,1133.2045454545455,1.7597508472500867,1129,1138,44
rap_lndp_debug_intel,gaeac6,intel,213.51162790697674,2.302918366140535,209,218,6338.7441860465115,0.6932677369089227,6338,6342,43
rap_lndp_debug_intel,hera,intel,298.25,0.9574271077563455,297,299,1347.25,4.112987559751022,1342,1352,4
rap_lndp_debug_intel,hercules,intel,265.2173913043478,12.705052439400747,244,295,28025.304347826088,181663.15562782917,1229,1233340,46
rap_lndp_debug_intel,orion,intel,307.93333333333334,8.804441028150617,295,349,28171.8,180839.7921904408,1198,1214324,45
rap_lndp_debug_intel,ursa,intel,261.32,107.28874639048038,212,614,1870.44,6.830782666483728,1856,1886,50
rap_lndp_debug_intel,wcoss2,intel,349.2083333333333,5.523483072140895,341,367,1114.9375,33.44503668294302,1097,1204,48
