test_name,machine,compiler,core_mean,core_std,core_min,core_max,mem_mean,mem_std,mem_min,mem_max,n_hashes
rap_restart_intel,acorn,intel,134.0909090909091,6.81932337166652,122,150,763.4772727272727,1.9705817387275377,759,768,44
rap_restart_intel,derecho,intel,118.79545454545455,2.800162332956628,115,127,826.9318181818181,1.662132663005253,825,833,44
rap_restart_intel,gaeac6,intel,83.67441860465117,2.200875694035903,80,90,6338.860465116279,0.6392478969492872,6338,6342,43
rap_restart_intel,hera,intel,111.0,1.4142135623730951,110,112,1177.0,4.242640687119285,1174,1180,2
rap_restart_intel,hercules,intel,98.0,5.914201364324498,93,117,24347.565217391304,157666.63026280797,1079,1070448,46
rap_restart_intel,orion,intel,142.3111111111111,3.0437881767045583,139,151,23398.866666666665,150163.318647731,998,1008340,45
rap_restart_intel,ursa,intel,149.44,152.84968740162836,79,626,1780.8,50.91609745052966,1724,1931,50
rap_restart_intel,wcoss2,intel,136.41666666666666,8.343256503189515,128,180,679.2083333333334,27.62819892585336,666,772,48
