test_name,machine,compiler,core_mean,core_std,core_min,core_max,mem_mean,mem_std,mem_min,mem_max,n_hashes
rap_control_debug_dyn32_phy32_intel,acorn,intel,334.29545454545456,8.28722621829734,323,354,1071.0,3.7602572895642257,1065,1087,44
rap_control_debug_dyn32_phy32_intel,derecho,intel,293.79545454545456,5.555552619214621,286,315,1012.5454545454545,2.245973611377046,1001,1015,44
rap_control_debug_dyn32_phy32_intel,gaeac6,intel,203.09302325581396,2.8934569330224784,199,215,6338.767441860465,0.479940933981212,6338,6340,43
rap_control_debug_dyn32_phy32_intel,hera,intel,290.3333333333333,3.055050463303895,287,293,1229.0,8.660254037844387,1224,1239,3
rap_control_debug_dyn32_phy32_intel,hercules,intel,267.4130434782609,16.130820860778048,238,310,25355.391304347828,164362.17233826825,1104,1115880,46
rap_control_debug_dyn32_phy32_intel,orion,intel,299.06666666666666,6.939347624564255,288,320,25241.844444444443,161997.96520536856,1074,1087808,45
rap_control_debug_dyn32_phy32_intel,ursa,intel,282.24,153.336439483475,200,684,1750.78,7.23452606235818,1730,1768,50
rap_control_debug_dyn32_phy32_intel,wcoss2,intel,333.7083333333333,5.523483072140889,326,354,987.25,28.66720269991995,970,1071,48
