test_name,machine,compiler,core_mean,core_std,core_min,core_max,mem_mean,mem_std,mem_min,mem_max,n_hashes
rap_control_intel,acorn,intel,233.5681818181818,8.417583278188761,222,252,1010.75,3.0737069506713275,1006,1016,44
rap_control_intel,derecho,intel,201.75,14.330200667219945,193,291,963.8636363636364,3.407180578220128,952,968,44
rap_control_intel,gaeac6,intel,149.7674418604651,3.8099944338312297,145,162,6338.6511627906975,0.48224282217036457,6338,6339,43
rap_control_intel,hera,intel,202.0,,202,202,1163.0,,1163,1163,1
rap_control_intel,hercules,intel,184.8913043478261,36.56666864835581,168,413,24926.82608695652,161569.14520061677,1071,1096920,46
rap_control_intel,orion,intel,258.1777777777778,5.605552802554126,253,281,24112.022222222222,154755.21224773143,1034,1039172,45
rap_control_intel,ursa,intel,268.36,217.95550566337982,146,793,1835.44,86.64781165907263,1762,2092,50
rap_control_intel,wcoss2,intel,240.52083333333334,8.631928813159961,230,267,923.0625,22.795488775427437,914,1012,48
