test_name,machine,compiler,core_mean,core_std,core_min,core_max,mem_mean,mem_std,mem_min,mem_max,n_hashes
rap_sfcdiff_gnu,derecho,gnu,261.15909090909093,3.1323011959645637,256,269,954.8409090909091,2.0339351458661956,951,959,44
rap_sfcdiff_gnu,hercules,gnu,263.69565217391306,19.851526182826355,247,348,21236.32608695652,137704.7616760912,925,934892,46
rap_sfcdiff_gnu,ursa,gnu,272.1,153.36048635652602,207,796,856.0,10.732365697710343,844,870,50
