test_name,machine,compiler,core_mean,core_std,core_min,core_max,mem_mean,mem_std,mem_min,mem_max,n_hashes
rap_control_dyn64_phy32_debug_intel,acorn,intel,342.06666666666666,13.796244548295135,321,378,1099.6222222222223,2.0258431341148633,1096,1106,45
rap_control_dyn64_phy32_debug_intel,derecho,intel,298.22222222222223,4.2687494916219,289,309,1049.6,3.525233712432816,1037,1055,45
rap_control_dyn64_phy32_debug_intel,gaeac6,intel,208.0909090909091,4.333848291622488,203,225,6338.840909090909,0.6449511183275113,6338,6341,44
rap_control_dyn64_phy32_debug_intel,hera,intel,296.4,2.302172886644267,294,300,1293.0,2.1213203435596157,1290,1295,5
rap_control_dyn64_phy32_debug_intel,hercules,intel,274.9148936170213,46.699701976162004,244,570,26992.893617021276,176728.50806512008,1204,1212804,47
rap_control_dyn64_phy32_debug_intel,orion,intel,304.82608695652175,6.573699610573058,294,330,26804.304347826088,173819.91846926193,1162,1180080,46
rap_control_dyn64_phy32_debug_intel,ursa,intel,304.54,162.68565030858295,204,660,1862.04,13.466451133184634,1839,1904,50
rap_control_dyn64_phy32_debug_intel,wcoss2,intel,339.3061224489796,10.671621404517714,332,406,1021.5714285714286,33.884608108500636,1004,1107,49
