test_name,machine,compiler,core_mean,core_std,core_min,core_max,mem_mean,mem_std,mem_min,mem_max,n_hashes
rap_unified_ugwp_debug_intel,acorn,intel,353.8181818181818,12.481190922740229,338,384,1191.7954545454545,6.960284495169795,1181,1216,44
rap_unified_ugwp_debug_intel,derecho,intel,309.65909090909093,9.649540733301059,302,364,1131.159090909091,3.003433553089477,1127,1141,44
rap_unified_ugwp_debug_intel,gaeac6,intel,213.88372093023256,3.2308726694161236,209,227,6338.720930232558,0.4538502687508553,6338,6339,43
rap_unified_ugwp_debug_intel,hera,intel,300.5,0.7071067811865476,300,301,1343.0,1.4142135623730951,1342,1344,2
rap_unified_ugwp_debug_intel,hercules,intel,272.19565217391306,43.14091616253642,247,545,28180.608695652172,182695.98324374575,1231,1240348,46
rap_unified_ugwp_debug_intel,orion,intel,308.31111111111113,6.366896711693522,297,324,28135.733333333334,180596.47750055674,1204,1212692,45
rap_unified_ugwp_debug_intel,ursa,intel,303.7,151.67032588842827,213,656,1870.82,8.835665203697836,1835,1891,50
rap_unified_ugwp_debug_intel,wcoss2,intel,351.5,5.630464249027291,345,375,1105.8333333333333,26.984892016888352,1092,1195,48
