test_name,machine,compiler,core_mean,core_std,core_min,core_max,mem_mean,mem_std,mem_min,mem_max,n_hashes
rap_clm_lake_debug_gnu,derecho,gnu,161.5681818181818,3.216221438002427,156,170,964.7727272727273,2.6224756310627497,955,971,44
rap_clm_lake_debug_gnu,hera,gnu,158.0,6.244997998398398,153,165,951.0,2.6457513110645907,948,953,3
rap_clm_lake_debug_gnu,hercules,gnu,127.06521739130434,9.365188908133362,116,162,21436.978260869564,138981.55001477944,933,943564,46
rap_clm_lake_debug_gnu,ursa,gnu,196.0,282.67757648051594,106,1794,862.48,10.290157770353984,851,880,50
