test_name,machine,compiler,core_mean,core_std,core_min,core_max,mem_mean,mem_std,mem_min,mem_max,n_hashes
rap_unified_ugwp_debug_intel,acorn,intel,353.47727272727275,12.37305518918379,338,384,1191.5227272727273,6.946602436606147,1181,1216,44
rap_unified_ugwp_debug_intel,derecho,intel,309.54545454545456,9.698848038656745,302,364,1130.9772727272727,2.8812839221724893,1127,1141,44
rap_unified_ugwp_debug_intel,gaeac6,intel,213.7906976744186,3.342070498350813,208,227,6338.720930232558,0.4538502687508374,6338,6339,43
rap_unified_ugwp_debug_intel,hera,intel,301.3333333333333,1.5275252316519545,300,303,1342.6666666666667,1.154700538379268,1342,1344,3
rap_unified_ugwp_debug_intel,hercules,intel,271.95652173913044,43.24039085121899,247,545,28180.5,182695.99962192812,1231,1240348,46
rap_unified_ugwp_debug_intel,orion,intel,308.2888888888889,6.369751751343008,297,324,28135.4,180596.52831335482,1204,1212692,45
rap_unified_ugwp_debug_intel,ursa,intel,295.88,145.29065028839426,213,656,1870.78,8.802341988913836,1835,1891,50
rap_unified_ugwp_debug_intel,wcoss2,intel,351.5625,5.630109972094,345,375,1107.7916666666667,29.747846933234044,1092,1195,48
