test_name,machine,compiler,core_mean,core_std,core_min,core_max,mem_mean,mem_std,mem_min,mem_max,n_hashes
rap_clm_lake_debug_intel,acorn,intel,344.4047619047619,9.760696506058926,328,367,1191.952380952381,3.7348221687013075,1184,1197,42
rap_clm_lake_debug_intel,derecho,intel,305.45454545454544,23.80194886046152,295,457,1132.9318181818182,4.222848852527128,1109,1138,44
rap_clm_lake_debug_intel,gaeac6,intel,210.2093023255814,2.3660107025367108,206,220,6338.837209302325,0.3735436838187801,6338,6339,43
rap_clm_lake_debug_intel,hercules,intel,268.7826086956522,36.761642475383525,245,488,28194.282608695652,182783.7505845714,1228,1240944,46
rap_clm_lake_debug_intel,orion,intel,305.44444444444446,8.231192213314275,295,335,28068.644444444446,180121.88569652138,1201,1209512,45
rap_clm_lake_debug_intel,ursa,intel,276.84,138.02578286209385,209,638,1870.14,7.7275283161921084,1854,1893,50
rap_clm_lake_debug_intel,wcoss2,intel,345.0625,11.513925426343713,337,419,1102.2708333333333,14.234718694517865,1095,1197,48
