test_name,machine,compiler,core_mean,core_std,core_min,core_max,mem_mean,mem_std,mem_min,mem_max,n_hashes
rap_unified_ugwp_debug_intel,acorn,intel,354.3181818181818,12.47839570650147,338,384,1191.9772727272727,7.016553968887395,1181,1216,44
rap_unified_ugwp_debug_intel,derecho,intel,310.95454545454544,17.635791494828027,302,421,1131.25,3.088801980447903,1127,1141,44
rap_unified_ugwp_debug_intel,gaeac6,intel,214.02325581395348,3.1433101455466295,210,227,6338.720930232558,0.45385026875080753,6338,6339,43
rap_unified_ugwp_debug_intel,hera,intel,300.0,,300,300,1344.0,,1344,1344,1
rap_unified_ugwp_debug_intel,hercules,intel,273.4347826086956,43.36596318871547,247,545,28180.847826086956,182695.9472008029,1231,1240348,46
rap_unified_ugwp_debug_intel,orion,intel,308.31111111111113,6.3668967116935145,297,324,28136.0,180596.43684758974,1204,1212692,45
rap_unified_ugwp_debug_intel,ursa,intel,303.76,151.63632110266664,213,656,1870.52,9.1478557764168,1835,1891,50
rap_unified_ugwp_debug_intel,wcoss2,intel,351.4375,5.5731356008563,345,375,1103.8125,23.75733369415254,1092,1195,48
