test_name,machine,compiler,core_mean,core_std,core_min,core_max,mem_mean,mem_std,mem_min,mem_max,n_hashes
rap_control_intel,acorn,intel,233.3181818181818,8.544746045929589,222,252,1011.0,2.9805571509756907,1006,1016,44
rap_control_intel,derecho,intel,199.4090909090909,4.116434344487171,193,209,963.9318181818181,3.4194908316251715,952,968,44
rap_control_intel,gaeac6,intel,149.48837209302326,3.7567215508513816,145,162,6338.6511627906975,0.48224282217033526,6338,6339,43
rap_control_intel,hera,intel,204.0,2.0,202,206,1166.6666666666667,4.041451884327385,1163,1171,3
rap_control_intel,hercules,intel,184.45652173913044,36.650121431806795,168,413,24924.0,161569.57047840965,1071,1096920,46
rap_control_intel,orion,intel,258.1333333333333,5.6391488719486915,253,281,24111.37777777778,154755.31049212214,1034,1039172,45
rap_control_intel,ursa,intel,267.6,218.3109559078237,146,793,1834.74,87.09010347019333,1762,2092,50
rap_control_intel,wcoss2,intel,240.33333333333334,8.400439029391555,230,267,926.875,28.86625431707196,914,1012,48
