test_name,machine,compiler,core_mean,core_std,core_min,core_max,mem_mean,mem_std,mem_min,mem_max,n_hashes
rap_control_intel,acorn,intel,233.4318181818182,8.491850340104424,222,252,1010.8636363636364,3.023865607716585,1006,1016,44
rap_control_intel,derecho,intel,199.54545454545453,4.066050855071216,193,209,963.9318181818181,3.4194908316251706,952,968,44
rap_control_intel,gaeac6,intel,149.51162790697674,3.750378349315196,145,162,6338.6511627906975,0.48224282217036984,6338,6339,43
rap_control_intel,hera,intel,203.0,1.4142135623730951,202,204,1167.0,5.656854249492381,1163,1171,2
rap_control_intel,hercules,intel,184.54347826086956,36.622219437409015,168,413,24925.217391304348,161569.38722238922,1071,1096920,46
rap_control_intel,orion,intel,258.1333333333333,5.639148871948681,253,281,24111.62222222222,154755.2732268375,1034,1039172,45
rap_control_intel,ursa,intel,267.6,218.31095590782374,146,793,1835.16,86.81680454278661,1762,2092,50
rap_control_intel,wcoss2,intel,240.29166666666666,8.437399854934974,230,267,924.9583333333334,26.15661368977861,914,1012,48
