test_name,machine,compiler,core_mean,core_std,core_min,core_max,mem_mean,mem_std,mem_min,mem_max,n_hashes
rap_control_dyn32_phy32_intel,acorn,intel,196.21951219512195,8.1624512100286,186,215,887.1219512195122,2.9085659864546987,880,891,41
rap_control_dyn32_phy32_intel,derecho,intel,183.1590909090909,64.21364890839858,170,599,844.75,1.8692742031365153,841,848,44
rap_control_dyn32_phy32_intel,gaeac6,intel,130.4418604651163,3.7372151943175385,127,148,6338.813953488372,0.39374961547897236,6338,6339,43
rap_control_dyn32_phy32_intel,hercules,intel,160.2608695652174,28.942421600756596,149,337,23603.58695652174,152891.2654567256,1016,1038020,46
rap_control_dyn32_phy32_intel,orion,intel,228.66666666666666,5.282905536642779,224,245,21889.88888888889,140434.1341689506,927,943016,45
rap_control_dyn32_phy32_intel,ursa,intel,240.78,218.0220256613294,126,784,1780.98,93.73290102570108,1702,2033,50
rap_control_dyn32_phy32_intel,wcoss2,intel,197.77083333333334,7.984665045355677,188,232,797.8125,3.036348941346659,793,805,48
