test_name,machine,compiler,core_mean,core_std,core_min,core_max,mem_mean,mem_std,mem_min,mem_max,n_hashes
rap_control_dyn64_phy32_gnu,derecho,gnu,280.1363636363636,11.155540721763602,272,346,843.4772727272727,2.528798192023837,838,848,44
rap_control_dyn64_phy32_gnu,hera,gnu,339.0,,339,339,823.0,,823,823,1
rap_control_dyn64_phy32_gnu,hercules,gnu,292.1521739130435,39.84802651815147,262,439,18515.956521739132,120017.70655587198,815,814820,46
rap_control_dyn64_phy32_gnu,ursa,gnu,300.52,189.9357829179459,215,995,737.7,6.08192370211663,731,747,50
