test_name,machine,compiler,core_mean,core_std,core_min,core_max,mem_mean,mem_std,mem_min,mem_max,n_hashes
rap_lndp_debug_intel,acorn,intel,351.72093023255815,10.545424603421413,335,379,1196.1627906976744,4.6338826287526755,1188,1205,43
rap_lndp_debug_intel,derecho,intel,308.0,13.278764302274096,300,390,1133.1136363636363,1.6735411431204048,1129,1138,44
rap_lndp_debug_intel,gaeac6,intel,213.37209302325581,2.3906888408987395,209,218,6338.7441860465115,0.6932677369087709,6338,6342,43
rap_lndp_debug_intel,hercules,intel,268.2173913043478,15.643121375761663,244,319,28026.478260869564,181662.97871531706,1229,1233340,46
rap_lndp_debug_intel,orion,intel,308.4,8.51309152263309,295,349,28172.244444444445,180839.7244224534,1198,1214324,45
rap_lndp_debug_intel,ursa,intel,261.46,107.2116369711834,212,614,1870.28,6.614887353075453,1856,1886,50
rap_lndp_debug_intel,wcoss2,intel,349.6041666666667,5.621916018254989,341,367,1106.4791666666667,20.55401765699287,1097,1204,48
