test_name,machine,compiler,core_mean,core_std,core_min,core_max,mem_mean,mem_std,mem_min,mem_max,n_hashes
rap_control_dyn32_phy32_intel,acorn,intel,195.0909090909091,7.648736578504801,186,215,887.2727272727273,2.7310755728019416,880,891,44
rap_control_dyn32_phy32_intel,derecho,intel,173.22727272727272,2.963841287873561,169,181,845.0454545454545,1.7514717459769606,841,848,44
rap_control_dyn32_phy32_intel,gaeac6,intel,130.88372093023256,4.671133758193233,127,149,6338.790697674419,0.41162509149320364,6338,6339,43
rap_control_dyn32_phy32_intel,hera,intel,183.5,0.7071067811865476,183,184,1112.0,1.4142135623730951,1111,1113,2
rap_control_dyn32_phy32_intel,hercules,intel,161.69565217391303,29.86850408426716,149,337,23598.434782608696,152892.0414627629,1016,1038020,46
rap_control_dyn32_phy32_intel,orion,intel,228.6888888888889,5.173455949812118,224,245,21885.11111111111,140434.86218969052,927,943016,45
rap_control_dyn32_phy32_intel,ursa,intel,237.26,210.6832238606732,126,755,1781.16,92.90402333064168,1702,2033,50
rap_control_dyn32_phy32_intel,wcoss2,intel,197.04166666666666,6.263566835561513,188,214,805.3541666666666,25.947975433124235,793,892,48
