test_name,machine,compiler,core_mean,core_std,core_min,core_max,mem_mean,mem_std,mem_min,mem_max,n_hashes
rap_unified_drag_suite_debug_intel,acorn,intel,346.8863636363636,10.284818138584813,332,375,1191.3181818181818,5.861870196339216,1180,1201,44
rap_unified_drag_suite_debug_intel,derecho,intel,306.25,18.995868583874092,295,425,1129.909090909091,1.6680051003517091,1127,1133,44
rap_unified_drag_suite_debug_intel,gaeac6,intel,210.72093023255815,3.3261273162024443,206,222,6338.813953488372,0.3937496154795274,6338,6339,43
rap_unified_drag_suite_debug_intel,hera,intel,294.0,,294,294,1348.0,,1348,1348,1
rap_unified_drag_suite_debug_intel,hercules,intel,263.69565217391306,13.64937046202724,245,305,28100.652173913044,182167.2563941924,1231,1236760,46
rap_unified_drag_suite_debug_intel,orion,intel,302.0,7.549834435270772,289,322,28143.333333333332,180644.71560433958,1199,1213016,45
rap_unified_drag_suite_debug_intel,ursa,intel,283.84,139.40739886083114,209,636,1868.42,6.884143270693087,1848,1885,50
rap_unified_drag_suite_debug_intel,wcoss2,intel,344.25,4.18457145928616,338,355,1104.0208333333333,23.42256557284425,1092,1194,48
