test_name,machine,compiler,core_mean,core_std,core_min,core_max,mem_mean,mem_std,mem_min,mem_max,n_hashes
rap_sfcdiff_debug_intel,acorn,intel,344.95454545454544,10.136176393572008,331,367,1187.5227272727273,3.4201090446620452,1181,1194,44
rap_sfcdiff_debug_intel,derecho,intel,303.8863636363636,18.50231400875702,296,421,1129.6818181818182,1.5814730735781153,1127,1134,44
rap_sfcdiff_debug_intel,gaeac6,intel,217.1627906976744,49.37318060906294,205,533,6338.860465116279,0.6392478969493809,6338,6342,43
rap_sfcdiff_debug_intel,hera,intel,292.25,2.8722813232690143,289,296,1344.5,2.5166114784235907,1341,1347,4
rap_sfcdiff_debug_intel,hercules,intel,262.39130434782606,15.792372646832568,243,326,28008.021739130436,181556.64026052147,1226,1232616,46
rap_sfcdiff_debug_intel,orion,intel,304.4888888888889,11.67285550135681,287,342,28249.51111111111,181367.64993761134,1197,1217864,45
rap_sfcdiff_debug_intel,ursa,intel,300.24,200.68632850540564,209,1331,1869.3,7.511216103064699,1846,1881,50
rap_sfcdiff_debug_intel,wcoss2,intel,343.7291666666667,4.014545804220495,337,355,1108.8125,31.73672029201536,1091,1194,48
