test_name,machine,compiler,core_mean,core_std,core_min,core_max,mem_mean,mem_std,mem_min,mem_max,n_hashes
rap_control_debug_intel,acorn,intel,348.3953488372093,11.928636083139878,332,375,1191.6279069767443,5.90005349376068,1183,1203,43
rap_control_debug_intel,derecho,intel,303.95454545454544,13.574864846566129,297,387,1129.5681818181818,3.7812125978790836,1107,1133,44
rap_control_debug_intel,gaeac6,intel,210.02325581395348,2.0527376852461487,207,215,6338.7441860465115,0.693267736908938,6338,6342,43
rap_control_debug_intel,hercules,intel,263.30434782608694,15.457281010316262,241,314,27932.41304347826,181033.88973480766,1230,1229072,46
rap_control_debug_intel,orion,intel,303.3333333333333,6.708203932499342,287,317,28015.71111111111,179789.05705621978,1201,1207276,45
rap_control_debug_intel,ursa,intel,258.36,118.5894581817319,207,687,1867.66,7.641481852229921,1852,1894,50
rap_control_debug_intel,wcoss2,intel,343.5833333333333,3.6949265580662796,338,355,1102.0833333333333,19.577270073891764,1092,1195,48
