test_name,machine,compiler,core_mean,core_std,core_min,core_max,mem_mean,mem_std,mem_min,mem_max,n_hashes
rap_2threads_intel,acorn,intel,211.70454545454547,6.876246763753149,199,229,1080.659090909091,5.189180075118768,1070,1093,44
rap_2threads_intel,derecho,intel,346.95454545454544,5.619544570864416,335,357,1041.5227272727273,3.896860014216751,1037,1053,44
rap_2threads_intel,gaeac6,intel,169.7674418604651,2.843850586309608,165,179,6338.627906976744,0.6554989308026398,6337,6341,43
rap_2threads_intel,hera,intel,304.0,8.48528137423857,298,310,1172.5,3.5355339059327378,1170,1175,2
rap_2threads_intel,hercules,intel,270.7608695652174,6.374200717157327,261,289,26386.782608695652,171006.53623062526,1155,1160996,46
rap_2threads_intel,orion,intel,273.3777777777778,7.3709777595182455,266,305,25982.266666666666,166779.0208787991,1096,1119908,45
rap_2threads_intel,ursa,intel,123.38,3.7573872815659377,117,136,1170.98,1.9004832897696902,1168,1176,50
rap_2threads_intel,wcoss2,intel,218.47916666666666,11.054968235822088,207,275,993.3541666666666,27.92123388065861,976,1086,48
