test_name,machine,compiler,core_mean,core_std,core_min,core_max,mem_mean,mem_std,mem_min,mem_max,n_hashes
rap_unified_drag_suite_debug_intel,acorn,intel,346.6829268292683,10.018580299598947,332,375,1191.5121951219512,6.029601774659265,1180,1201,41
rap_unified_drag_suite_debug_intel,derecho,intel,306.45454545454544,18.904231771176285,295,425,1129.8181818181818,1.6603827980139867,1127,1133,44
rap_unified_drag_suite_debug_intel,gaeac6,intel,211.1627906976744,3.651028769291901,206,222,6338.813953488372,0.3937496154792963,6338,6339,43
rap_unified_drag_suite_debug_intel,hercules,intel,265.54347826086956,14.888782536212572,245,305,28101.652173913044,182167.10570038186,1232,1236760,46
rap_unified_drag_suite_debug_intel,orion,intel,301.8888888888889,7.541467852728503,289,322,28143.577777777777,180644.67833397657,1199,1213016,45
rap_unified_drag_suite_debug_intel,ursa,intel,291.32,144.6138334196509,209,636,1869.1,7.083323329324687,1848,1885,50
rap_unified_drag_suite_debug_intel,wcoss2,intel,344.1458333333333,3.9732594654945528,338,355,1098.0416666666667,2.360655636779957,1092,1102,48
