test_name,machine,compiler,core_mean,core_std,core_min,core_max,mem_mean,mem_std,mem_min,mem_max,n_hashes
rap_noah_sfcdiff_cires_ugwp_debug_gnu,derecho,gnu,243.4,4.114276695516809,234,253,961.7777777777778,1.6221322792279131,959,965,45
rap_noah_sfcdiff_cires_ugwp_debug_gnu,hera,gnu,243.4,1.516575088810308,241,245,943.2,2.3874672772626533,939,945,5
rap_noah_sfcdiff_cires_ugwp_debug_gnu,hercules,gnu,203.14893617021278,14.683588477711893,184,246,20929.297872340427,137042.55368504356,932,940456,47
rap_noah_sfcdiff_cires_ugwp_debug_gnu,ursa,gnu,223.86,235.81989062911236,166,1780,858.9,10.134302227220877,848,875,50
