test_name,machine,compiler,core_mean,core_std,core_min,core_max,mem_mean,mem_std,mem_min,mem_max,n_hashes
rap_restart_gnu,derecho,gnu,146.9090909090909,3.1975148912734497,143,159,704.6590909090909,1.3630195927234474,702,707,44
rap_restart_gnu,hera,gnu,187.25,2.6299556396765835,185,190,681.5,2.3804761428476167,679,684,4
rap_restart_gnu,hercules,gnu,140.1304347826087,11.984450473012798,131,186,15353.108695652174,99568.05441443963,660,675976,46
rap_restart_gnu,ursa,gnu,172.16,195.51589110215417,108,1405,586.48,9.735774551747273,572,601,50
