test_name,machine,compiler,core_mean,core_std,core_min,core_max,mem_mean,mem_std,mem_min,mem_max,n_hashes
rap_noah_sfcdiff_cires_ugwp_debug_intel,acorn,intel,546.4418604651163,14.331620593540928,524,574,1186.6046511627908,3.8118832671114253,1179,1194,43
rap_noah_sfcdiff_cires_ugwp_debug_intel,derecho,intel,482.3636363636364,36.110998716870355,468,713,1127.909090909091,4.12489989628037,1113,1136,44
rap_noah_sfcdiff_cires_ugwp_debug_intel,gaeac6,intel,333.8837209302326,4.370950110976646,327,344,6338.790697674419,0.41162509149320303,6338,6339,43
rap_noah_sfcdiff_cires_ugwp_debug_intel,hercules,intel,432.0652173913044,32.926451490093335,396,505,28036.891304347828,181747.62023008458,1224,1233912,46
rap_noah_sfcdiff_cires_ugwp_debug_intel,orion,intel,493.68888888888887,13.0485495923741,474,546,28079.37777777778,180231.8493333075,1202,1210244,45
rap_noah_sfcdiff_cires_ugwp_debug_intel,ursa,intel,408.56,161.04925853126238,335,920,1868.18,8.455622450204856,1847,1881,50
rap_noah_sfcdiff_cires_ugwp_debug_intel,wcoss2,intel,546.7291666666666,11.069873979819182,538,612,1098.9791666666667,19.705803857588755,1084,1195,48
