test_name,machine,compiler,core_mean,core_std,core_min,core_max,mem_mean,mem_std,mem_min,mem_max,n_hashes
rap_control_debug_intel,acorn,intel,348.26666666666665,12.205438430172327,332,375,1190.4666666666667,5.891442175655436,1182,1203,45
rap_control_debug_intel,derecho,intel,301.97777777777776,4.550169272020592,295,317,1129.5333333333333,3.7148351242013495,1107,1133,45
rap_control_debug_intel,gaeac6,intel,210.04545454545453,1.9878063807091872,207,215,6338.772727272727,0.6773284169108592,6338,6342,44
rap_control_debug_intel,hera,intel,292.2,2.2803508501982765,289,295,1342.2,1.6431676725154862,1340,1344,5
rap_control_debug_intel,hercules,intel,260.9148936170213,13.019767224316748,241,296,27363.489361702126,179097.79309419706,1230,1229072,47
rap_control_debug_intel,orion,intel,303.3695652173913,6.399162082829198,287,317,27432.065217391304,177824.24215480016,1201,1207276,46
rap_control_debug_intel,ursa,intel,257.92,118.7133127001555,207,687,1867.02,7.657169509548466,1852,1894,50
rap_control_debug_intel,wcoss2,intel,343.59183673469386,3.6166188592093995,338,355,1111.6530612244899,33.670926517056294,1092,1195,49
