test_name,machine,compiler,core_mean,core_std,core_min,core_max,mem_mean,mem_std,mem_min,mem_max,n_hashes
rap_diag_debug_gnu,derecho,gnu,172.36363636363637,2.942004609192073,167,179,1052.4318181818182,2.117454892550782,1048,1057,44
rap_diag_debug_gnu,hercules,gnu,136.69565217391303,7.408312344079435,127,152,23391.347826086956,151665.05423864015,1020,1029672,46
rap_diag_debug_gnu,ursa,gnu,167.06,194.3570677796883,119,1468,950.56,10.924901344531886,939,965,50
