test_name,machine,compiler,core_mean,core_std,core_min,core_max,mem_mean,mem_std,mem_min,mem_max,n_hashes
rap_control_debug_gnu,derecho,gnu,162.3181818181818,9.55467188117263,155,220,963.7954545454545,2.4264007745663405,960,972,44
rap_control_debug_gnu,hera,gnu,154.75,3.201562118716422,150,157,949.0,1.9999999999999905,948,952,4
rap_control_debug_gnu,hercules,gnu,127.71739130434783,7.0068634399209175,116,145,21410.0,138811.38559930882,933,942408,46
rap_control_debug_gnu,ursa,gnu,150.7,114.28629464138359,107,790,861.04,10.631028901766943,847,879,50
