test_name,machine,compiler,core_mean,core_std,core_min,core_max,mem_mean,mem_std,mem_min,mem_max,n_hashes
rap_noah_sfcdiff_cires_ugwp_debug_gnu,derecho,gnu,243.72727272727272,4.183931812573209,234,253,962.0454545454545,1.6275898211136344,959,966,44
rap_noah_sfcdiff_cires_ugwp_debug_gnu,hercules,gnu,203.43478260869566,14.946797760223562,184,246,21363.0,138524.26699382954,932,940456,46
rap_noah_sfcdiff_cires_ugwp_debug_gnu,ursa,gnu,224.1,235.76538407181533,166,1780,861.0,10.937671281457698,848,876,50
