test_name,machine,compiler,core_mean,core_std,core_min,core_max,mem_mean,mem_std,mem_min,mem_max,n_hashes
rap_sfcdiff_intel,acorn,intel,230.7906976744186,6.394037920612649,221,249,1007.0697674418604,2.4141975777945417,1003,1011,43
rap_sfcdiff_intel,derecho,intel,199.97727272727272,6.370311358765037,193,229,963.0454545454545,2.420403055562072,952,967,44
rap_sfcdiff_intel,gaeac6,intel,150.67441860465115,5.352884981962698,145,171,6338.767441860465,0.4799409339812648,6338,6340,43
rap_sfcdiff_intel,hercules,intel,179.2608695652174,13.784749677505848,168,222,24991.108695652172,161982.0715736746,1074,1099724,46
rap_sfcdiff_intel,orion,intel,256.1333333333333,5.20751205646053,251,269,24279.644444444446,155870.6612591693,1028,1046656,45
rap_sfcdiff_intel,ursa,intel,239.3,193.04036270338145,144,796,1822.28,81.04220115067788,1745,2067,50
rap_sfcdiff_intel,wcoss2,intel,237.45833333333334,6.10182509611231,227,255,920.7291666666666,19.144178142129515,911,1012,48
