test_name,machine,compiler,core_mean,core_std,core_min,core_max,mem_mean,mem_std,mem_min,mem_max,n_hashes
rap_2threads_dyn32_phy32_intel,acorn,intel,178.13636363636363,7.315453248896227,164,195,937.75,4.774569260981236,928,951,44
rap_2threads_dyn32_phy32_intel,derecho,intel,299.5681818181818,9.507396697633572,291,356,895.6363636363636,4.851712280292386,884,909,44
rap_2threads_dyn32_phy32_intel,gaeac6,intel,147.86046511627907,1.3901249575357206,145,152,6338.46511627907,0.7019984130120684,6337,6339,43
rap_2threads_dyn32_phy32_intel,hera,intel,261.0,,261,261,1018.0,,1018,1018,1
rap_2threads_dyn32_phy32_intel,hercules,intel,231.32608695652175,18.276948867449992,222,349,24733.67391304348,160362.9667000672,1076,1088724,46
rap_2threads_dyn32_phy32_intel,orion,intel,247.42222222222222,18.479090012139867,238,357,22621.62222222222,145204.9255529278,954,975040,45
rap_2threads_dyn32_phy32_intel,ursa,intel,102.54,2.2058364140874778,100,109,1066.62,4.416527401218484,1052,1076,50
rap_2threads_dyn32_phy32_intel,wcoss2,intel,176.89583333333334,6.106291082166145,170,203,850.2291666666666,24.354858472298172,838,946,48
