test_name,machine,compiler,core_mean,core_std,core_min,core_max,mem_mean,mem_std,mem_min,mem_max,n_hashes
rap_noah_sfcdiff_cires_ugwp_debug_gnu,derecho,gnu,243.72727272727272,4.200573805563128,234,253,962.1590909090909,1.655760653107967,959,966,44
rap_noah_sfcdiff_cires_ugwp_debug_gnu,hercules,gnu,203.6086956521739,14.747471739430926,185,246,21363.282608695652,138524.224430669,932,940456,46
rap_noah_sfcdiff_cires_ugwp_debug_gnu,ursa,gnu,224.0,235.78890593763165,166,1780,861.9,11.170752628436151,848,876,50
