test_name,machine,compiler,core_mean,core_std,core_min,core_max,mem_mean,mem_std,mem_min,mem_max,n_hashes
rap_clm_lake_debug_intel,acorn,intel,344.2,9.531288189193242,328,367,1191.4666666666667,3.5200723133067187,1184,1197,45
rap_clm_lake_debug_intel,derecho,intel,301.7111111111111,4.67402018036557,295,321,1132.888888888889,4.1463139282884995,1109,1138,45
rap_clm_lake_debug_intel,gaeac6,intel,210.22727272727272,2.5687173196122832,205,220,6338.818181818182,0.3901536532574529,6338,6339,44
rap_clm_lake_debug_intel,hera,intel,294.8,5.630275304103696,289,304,1345.0,4.415880433163924,1340,1351,5
rap_clm_lake_debug_intel,hercules,intel,265.21276595744683,35.7515193779976,244,488,27619.042553191488,180829.06157737662,1228,1240944,47
rap_clm_lake_debug_intel,orion,intel,304.7173913043478,8.14770054399332,291,335,27483.543478260868,178153.48997731725,1201,1209512,46
rap_clm_lake_debug_intel,ursa,intel,290.28,198.79258393755893,209,1335,1870.2,7.772268862134527,1854,1888,50
rap_clm_lake_debug_intel,wcoss2,intel,345.18367346938777,11.450388402050965,337,419,1113.9183673469388,33.67048456158968,1095,1197,49
