test_name,machine,compiler,core_mean,core_std,core_min,core_max,mem_mean,mem_std,mem_min,mem_max,n_hashes
rap_control_gnu,derecho,gnu,262.9318181818182,9.069236852263389,257,317,955.3409090909091,1.9993392143078204,952,960,44
rap_control_gnu,hera,gnu,356.5,2.1213203435596424,355,358,940.0,0.0,940,940,2
rap_control_gnu,hercules,gnu,267.2173913043478,27.470317753675914,248,387,21233.065217391304,137672.69792831954,927,934676,46
rap_control_gnu,ursa,gnu,286.8,226.261181931368,206,1543,854.58,10.813993202309161,844,871,50
