test_name,machine,compiler,core_mean,core_std,core_min,core_max,mem_mean,mem_std,mem_min,mem_max,n_hashes
rap_control_dyn64_phy32_intelllvm,hera,intelllvm,250.33333333333334,3.5118845842842425,247,254,1109.3333333333333,2.516611478423557,1107,1112,3
rap_control_dyn64_phy32_intelllvm,ursa,intelllvm,282.88,234.31852035123438,158,803,1843.88,63.667388249641704,1785,2038,50
