test_name,machine,compiler,core_mean,core_std,core_min,core_max,mem_mean,mem_std,mem_min,mem_max,n_hashes
rap_2threads_gnu,derecho,gnu,436.95454545454544,4.978813464020694,428,446,1026.9545454545455,2.6144014874194332,1021,1033,44
rap_2threads_gnu,hercules,gnu,227.8913043478261,27.78826951620618,209,343,22555.804347826088,146265.64785996132,985,993012,46
rap_2threads_gnu,ursa,gnu,168.1,26.694224705974527,159,351,897.74,1.290625540470307,894,900,50
