test_name,machine,compiler,core_mean,core_std,core_min,core_max,mem_mean,mem_std,mem_min,mem_max,n_hashes
rap_decomp_intel,acorn,intel,238.1627906976744,7.380573705143407,224,253,1014.9767441860465,2.6230514045851834,1011,1020,43
rap_decomp_intel,derecho,intel,208.0909090909091,7.858688516593959,197,254,962.9545454545455,4.7296912011621846,939,967,44
rap_decomp_intel,gaeac6,intel,155.11627906976744,3.8681194047999132,149,166,6338.790697674419,0.41162509149327997,6338,6339,43
rap_decomp_intel,hercules,intel,193.5,34.27454513840329,177,399,24091.956521739132,156078.60313016878,1058,1059656,46
rap_decomp_intel,orion,intel,268.4222222222222,5.306466419246046,262,285,23969.68888888889,153837.15389921286,1028,1033008,45
rap_decomp_intel,ursa,intel,257.98,207.99190427730107,151,784,1741.98,48.700454676668926,1686,1926,50
rap_decomp_intel,wcoss2,intel,247.20833333333334,8.879712314041587,237,279,924.2708333333334,21.087194443632036,908,1022,48
