test_name,machine,compiler,core_mean,core_std,core_min,core_max,mem_mean,mem_std,mem_min,mem_max,n_hashes
rap_control_debug_gnu,derecho,gnu,162.36363636363637,9.565176444939892,155,220,963.9318181818181,2.43422999880939,960,972,44
rap_control_debug_gnu,hera,gnu,153.0,4.242640687119285,150,156,948.0,0.0,948,948,2
rap_control_debug_gnu,hercules,gnu,127.82608695652173,6.957982938326908,116,145,21409.630434782608,138811.44129427415,933,942408,46
rap_control_debug_gnu,ursa,gnu,144.54,107.7537271480004,107,790,861.9,10.897013258649462,847,879,50
