test_name,machine,compiler,core_mean,core_std,core_min,core_max,mem_mean,mem_std,mem_min,mem_max,n_hashes
rap_restart_intel,acorn,intel,134.61363636363637,7.13724560607504,122,150,763.4772727272727,1.9705817387275018,759,768,44
rap_restart_intel,derecho,intel,119.36363636363636,4.335311523319671,115,141,827.0909090909091,1.8020425338679342,825,833,44
rap_restart_intel,gaeac6,intel,83.90697674418605,2.6169225245402825,80,93,6338.860465116279,0.6392478969492846,6338,6342,43
rap_restart_intel,hera,intel,110.0,,110,110,1174.0,,1174,1174,1
rap_restart_intel,hercules,intel,98.17391304347827,5.941583581751355,93,117,24347.695652173912,157666.61061322043,1079,1070448,46
rap_restart_intel,orion,intel,142.35555555555555,3.0087414731952786,139,151,23399.777777777777,150163.17979752572,998,1008340,45
rap_restart_intel,ursa,intel,149.98,152.66857394168508,79,626,1780.66,51.00924686080091,1724,1931,50
rap_restart_intel,wcoss2,intel,136.5625,8.307664366959138,128,180,677.1666666666666,24.35406675230829,666,772,48
