test_name,machine,compiler,core_mean,core_std,core_min,core_max,mem_mean,mem_std,mem_min,mem_max,n_hashes
rap_diag_debug_intel,acorn,intel,362.8863636363636,9.448060977617882,348,384,1273.9772727272727,2.583387323539671,1270,1279,44
rap_diag_debug_intel,derecho,intel,318.40909090909093,12.72850341376919,309,395,1217.9545454545455,2.28192641438697,1212,1222,44
rap_diag_debug_intel,gaeac6,intel,219.58139534883722,3.126176412012834,213,228,6338.906976744186,0.6099942813303721,6338,6342,43
rap_diag_debug_intel,hera,intel,311.0,,311,311,1429.0,,1429,1429,1
rap_diag_debug_intel,hercules,intel,276.82608695652175,24.255404298447804,253,404,29967.282608695652,194256.28779237473,1314,1318836,46
rap_diag_debug_intel,orion,intel,319.64444444444445,8.293358667017722,305,342,30341.644444444446,194807.2112409128,1290,1308108,45
rap_diag_debug_intel,ursa,intel,288.14,133.86042228030368,220,691,1955.18,7.649703208861946,1939,1978,50
rap_diag_debug_intel,wcoss2,intel,361.9583333333333,7.019602744816505,352,394,1187.9375,23.427939539443663,1178,1279,48
