test_name,machine,compiler,core_mean,core_std,core_min,core_max,mem_mean,mem_std,mem_min,mem_max,n_hashes
rap_control_dyn64_phy32_debug_intel,acorn,intel,343.1190476190476,14.720489090748595,321,378,1099.452380952381,2.318561170233851,1094,1106,42
rap_control_dyn64_phy32_debug_intel,derecho,intel,303.75,36.85996441593763,289,541,1048.9772727272727,3.36527158697826,1037,1055,44
rap_control_dyn64_phy32_debug_intel,gaeac6,intel,207.93023255813952,4.44219673690742,202,225,6338.837209302325,0.6521113167515248,6338,6341,43
rap_control_dyn64_phy32_debug_intel,hercules,intel,277.1304347826087,46.4918672437101,247,570,27553.456521739132,178639.11785405752,1204,1212804,46
rap_control_dyn64_phy32_debug_intel,orion,intel,305.3777777777778,6.46771312994889,294,330,27373.933333333334,175740.62207624468,1162,1180080,45
rap_control_dyn64_phy32_debug_intel,ursa,intel,305.08,162.375835137913,205,660,1862.52,13.73694556549553,1839,1904,50
rap_control_dyn64_phy32_debug_intel,wcoss2,intel,339.4791666666667,10.788073760453857,332,406,1009.7708333333334,14.041336517784712,1004,1104,48
