test_name,machine,compiler,core_mean,core_std,core_min,core_max,mem_mean,mem_std,mem_min,mem_max,n_hashes
rap_restart_gnu,derecho,gnu,147.04545454545453,3.1912274044202915,143,159,705.0454545454545,1.655920252188114,702,709,44
rap_restart_gnu,hercules,gnu,138.3913043478261,11.062405325886544,131,186,15351.45652173913,99568.30347738549,660,675976,46
rap_restart_gnu,ursa,gnu,172.2,195.50259667360544,108,1405,589.04,10.374537117778413,572,603,50
