test_name,machine,compiler,core_mean,core_std,core_min,core_max,mem_mean,mem_std,mem_min,mem_max,n_hashes
rap_2threads_gnu,derecho,gnu,437.65909090909093,9.301020653715685,427,488,1027.2727272727273,2.4998942895198195,1023,1033,44
rap_2threads_gnu,hera,gnu,508.0,,508,508,1008.0,,1008,1008,1
rap_2threads_gnu,hercules,gnu,229.2826086956522,28.997826005469413,209,343,22555.608695652172,146265.67734844369,985,993012,46
rap_2threads_gnu,ursa,gnu,164.0,3.6140316116210056,159,174,897.74,1.2906255404702973,894,900,50
