test_name,machine,compiler,core_mean,core_std,core_min,core_max,mem_mean,mem_std,mem_min,mem_max,n_hashes
rap_sfcdiff_debug_intel,acorn,intel,345.04545454545456,9.941584136213956,331,367,1187.7272727272727,3.4192589729194327,1181,1194,44
rap_sfcdiff_debug_intel,derecho,intel,302.1818181818182,6.434907445071655,296,335,1129.75,1.5719192830925002,1127,1134,44
rap_sfcdiff_debug_intel,gaeac6,intel,217.41860465116278,49.32749284514262,206,533,6338.837209302325,0.6521113167514738,6338,6342,43
rap_sfcdiff_debug_intel,hera,intel,289.0,,289,289,1345.0,,1345,1345,1
rap_sfcdiff_debug_intel,hercules,intel,264.5217391304348,17.874549418326975,243,326,28008.630434782608,181556.54852688106,1226,1232616,46
rap_sfcdiff_debug_intel,orion,intel,304.3333333333333,11.704699910719626,287,342,28250.066666666666,181367.56523567872,1197,1217864,45
rap_sfcdiff_debug_intel,ursa,intel,278.1,134.93796760749296,209,635,1869.22,7.459523429544189,1846,1881,50
rap_sfcdiff_debug_intel,wcoss2,intel,343.1458333333333,3.445561951717106,337,353,1102.9583333333333,23.69752508249468,1091,1194,48
