test_name,machine,compiler,core_mean,core_std,core_min,core_max,mem_mean,mem_std,mem_min,mem_max,n_hashes
rap_sfcdiff_debug_intel,acorn,intel,344.8181818181818,10.023861594640001,331,367,1187.6136363636363,3.431833933010534,1181,1194,44
rap_sfcdiff_debug_intel,derecho,intel,304.0,18.468074275404575,296,421,1129.7272727272727,1.5901387443288664,1127,1134,44
rap_sfcdiff_debug_intel,gaeac6,intel,217.25581395348837,49.359272310399604,205,533,6338.860465116279,0.6392478969494688,6338,6342,43
rap_sfcdiff_debug_intel,hera,intel,291.0,1.7320508075688772,289,292,1343.6666666666667,2.309401076758536,1341,1345,3
rap_sfcdiff_debug_intel,hercules,intel,262.69565217391306,15.543300900984692,243,326,28008.304347826088,181556.59767477092,1226,1232616,46
rap_sfcdiff_debug_intel,orion,intel,304.3333333333333,11.726039399558575,287,342,28249.911111111112,181367.58894937678,1197,1217864,45
rap_sfcdiff_debug_intel,ursa,intel,300.3,200.65894000537736,209,1331,1869.3,7.511216103064716,1846,1881,50
rap_sfcdiff_debug_intel,wcoss2,intel,343.5833333333333,4.020338364786718,337,355,1106.8958333333333,29.48944245508984,1091,1194,48
