test_name,machine,compiler,core_mean,core_std,core_min,core_max,mem_mean,mem_std,mem_min,mem_max,n_hashes
rap_control_dyn64_phy32_debug_intel,acorn,intel,342.3636363636364,14.234074592069588,321,378,1099.6136363636363,2.1373305355470436,1094,1106,44
rap_control_dyn64_phy32_debug_intel,derecho,intel,298.4318181818182,4.390252031080438,289,309,1049.2045454545455,3.5212282836806974,1037,1055,44
rap_control_dyn64_phy32_debug_intel,gaeac6,intel,207.90697674418604,4.471145338982324,202,225,6338.837209302325,0.6521113167516179,6338,6341,43
rap_control_dyn64_phy32_debug_intel,hera,intel,295.5,2.1213203435596424,294,297,1295.0,0.0,1295,1295,2
rap_control_dyn64_phy32_debug_intel,hercules,intel,276.2826086956522,46.8670284687212,244,570,27553.434782608696,178639.12112072355,1204,1212804,46
rap_control_dyn64_phy32_debug_intel,orion,intel,305.15555555555557,6.455989310694196,294,330,27374.066666666666,175740.60174669628,1162,1180080,45
rap_control_dyn64_phy32_debug_intel,ursa,intel,305.04,162.40111088390537,205,660,1862.78,13.479069186054682,1839,1904,50
rap_control_dyn64_phy32_debug_intel,wcoss2,intel,339.375,10.785382148311047,332,406,1015.875,26.93066353244702,1004,1107,48
