test_name,machine,compiler,core_mean,core_std,core_min,core_max,mem_mean,mem_std,mem_min,mem_max,n_hashes
rap_sfcdiff_decomp_intel,acorn,intel,237.61363636363637,8.118929672529754,222,258,1011.8636363636364,2.961700557158873,1005,1019,44
rap_sfcdiff_decomp_intel,derecho,intel,206.79545454545453,4.0438270237345515,198,220,963.9318181818181,2.806949244143293,951,969,44
rap_sfcdiff_decomp_intel,gaeac6,intel,154.8372093023256,5.018680497037045,148,175,6338.767441860465,0.4274625743754842,6338,6339,43
rap_sfcdiff_decomp_intel,hera,intel,216.0,2.8284271247461903,214,218,1153.5,2.1213203435596424,1152,1155,2
rap_sfcdiff_decomp_intel,hercules,intel,187.91304347826087,15.578940324762534,176,235,24352.695652173912,157887.71537025497,1053,1071920,46
rap_sfcdiff_decomp_intel,orion,intel,267.3333333333333,3.7899388337592392,262,279,23892.4,153321.4286061683,1024,1029548,45
rap_sfcdiff_decomp_intel,ursa,intel,240.6,209.11904626361533,151,836,1742.36,48.97386224991317,1699,1918,50
rap_sfcdiff_decomp_intel,wcoss2,intel,244.41666666666666,8.21475924805749,234,285,925.6875,26.822629577407426,914,1015,48
