test_name,machine,compiler,core_mean,core_std,core_min,core_max,mem_mean,mem_std,mem_min,mem_max,n_hashes
rap_diag_debug_intel,acorn,intel,362.3863636363636,9.191036860026596,348,384,1273.9545454545455,2.5965499959767766,1270,1279,44
rap_diag_debug_intel,derecho,intel,319.04545454545456,16.411786101591677,309,421,1217.840909090909,2.271595912908623,1212,1222,44
rap_diag_debug_intel,gaeac6,intel,219.48837209302326,2.7200498334305405,213,226,6338.906976744186,0.6099942813303223,6338,6342,43
rap_diag_debug_intel,hera,intel,313.6666666666667,4.618802153516998,311,319,1430.0,2.6457513110645907,1428,1433,3
rap_diag_debug_intel,hercules,intel,275.1304347826087,23.431800514734647,253,404,29967.152173913044,194256.30744902953,1314,1318836,46
rap_diag_debug_intel,orion,intel,319.35555555555555,8.61065818294016,303,342,30341.066666666666,194807.29931809305,1290,1308108,45
rap_diag_debug_intel,ursa,intel,287.82,134.01091792256696,220,691,1955.16,7.828154316312404,1939,1978,50
rap_diag_debug_intel,wcoss2,intel,361.9375,7.170881574338788,352,394,1191.8333333333333,29.361527391812285,1178,1279,48
