test_name,machine,compiler,core_mean,core_std,core_min,core_max,mem_mean,mem_std,mem_min,mem_max,n_hashes
rap_lndp_debug_intel,acorn,intel,351.59090909090907,10.612231165835212,335,379,1195.7272727272727,4.642391306230993,1188,1205,44
rap_lndp_debug_intel,derecho,intel,308.3863636363636,17.354331821795185,300,418,1133.2045454545455,1.7597508472501369,1129,1138,44
rap_lndp_debug_intel,gaeac6,intel,213.46511627906978,2.3538098520251305,209,218,6338.720930232558,0.7012092071266924,6338,6342,43
rap_lndp_debug_intel,hera,intel,298.6666666666667,0.577350269189634,298,299,1349.0,2.6457513110645907,1347,1352,3
rap_lndp_debug_intel,hercules,intel,265.5,12.571130948857917,244,295,28025.652173913044,181663.1032143741,1229,1233340,46
rap_lndp_debug_intel,orion,intel,308.02222222222224,8.804670477776112,295,349,28172.044444444444,180839.75492205995,1198,1214324,45
rap_lndp_debug_intel,ursa,intel,261.3,107.29765008743533,212,614,1870.56,6.69498746398056,1856,1886,50
rap_lndp_debug_intel,wcoss2,intel,349.2916666666667,5.6265265855978805,341,367,1112.8125,30.942401019492134,1097,1204,48
