test_name,machine,compiler,core_mean,core_std,core_min,core_max,mem_mean,mem_std,mem_min,mem_max,n_hashes
rap_2threads_intel,acorn,intel,211.52272727272728,6.811374332393062,199,229,1081.0454545454545,5.162271653622322,1070,1093,44
rap_2threads_intel,derecho,intel,346.6363636363636,5.722623032868913,335,357,1041.2954545454545,3.739043189725158,1037,1053,44
rap_2threads_intel,gaeac6,intel,169.72093023255815,2.856284477923397,165,179,6338.604651162791,0.6948632919234327,6337,6341,43
rap_2threads_intel,hera,intel,305.3333333333333,6.42910050732864,298,310,1170.6666666666667,4.041451884327406,1167,1175,3
rap_2threads_intel,hercules,intel,270.60869565217394,6.3542750644115396,261,289,26386.217391304348,171006.62138875245,1155,1160996,46
rap_2threads_intel,orion,intel,273.26666666666665,7.429670248402666,266,305,25982.155555555557,166779.0378192267,1096,1119908,45
rap_2threads_intel,ursa,intel,123.28,3.8334723429394453,117,136,1171.02,1.857032963781582,1168,1176,50
rap_2threads_intel,wcoss2,intel,218.75,11.001934065949017,207,275,995.25,30.77129084756656,976,1086,48
