test_name,machine,compiler,core_mean,core_std,core_min,core_max,mem_mean,mem_std,mem_min,mem_max,n_hashes
rap_control_debug_dyn32_phy32_gnu,derecho,gnu,159.47727272727272,7.4474551182161255,153,204,819.6136363636364,2.5170664827625053,816,826,44
rap_control_debug_dyn32_phy32_gnu,hercules,gnu,127.43478260869566,22.036991298887564,114,268,18113.369565217392,117423.32779427862,791,797204,46
rap_control_debug_dyn32_phy32_gnu,ursa,gnu,205.14,314.9246109980052,104,1575,718.94,6.472579525528065,711,728,50
