test_name,machine,compiler,core_mean,core_std,core_min,core_max,mem_mean,mem_std,mem_min,mem_max,n_hashes
rap_control_dyn32_phy32_intel,acorn,intel,194.26666666666668,6.962235795542083,186,213,887.4666666666667,2.3606624648024574,880,891,45
rap_control_dyn32_phy32_intel,derecho,intel,173.04444444444445,2.907322694942073,169,181,845.1777777777778,1.696103675123585,841,848,45
rap_control_dyn32_phy32_intel,gaeac6,intel,130.86363636363637,4.613382500644361,127,149,6338.795454545455,0.40803245735858695,6338,6339,44
rap_control_dyn32_phy32_intel,hera,intel,183.2,0.8366600265340751,182,184,1111.8,1.643167672515495,1110,1114,5
rap_control_dyn32_phy32_intel,hercules,intel,162.2127659574468,29.520763636149805,149,337,23116.808510638297,151257.08229248787,1016,1038020,47
rap_control_dyn32_phy32_intel,orion,intel,228.82608695652175,5.074136370199528,224,245,21427.32608695652,138900.41268622066,927,943016,46
rap_control_dyn32_phy32_intel,ursa,intel,237.24,210.6808748330236,126,755,1780.88,93.04193480712371,1702,2033,50
rap_control_dyn32_phy32_intel,wcoss2,intel,197.3469387755102,6.36576461893412,188,214,810.530612244898,32.42562132584899,793,892,49
