test_name,machine,compiler,core_mean,core_std,core_min,core_max,mem_mean,mem_std,mem_min,mem_max,n_hashes
rap_control_gnu,derecho,gnu,261.75,3.4783382827583536,257,274,955.3863636363636,2.0484356946035702,952,960,44
rap_control_gnu,hercules,gnu,265.30434782608694,25.321812788553487,248,387,21232.5,137672.78312300268,927,934676,46
rap_control_gnu,ursa,gnu,301.32,245.1169183746185,206,1543,855.86,11.1061850758384,844,871,50
