test_name,machine,compiler,core_mean,core_std,core_min,core_max,mem_mean,mem_std,mem_min,mem_max,n_hashes
rap_control_gnu,derecho,gnu,263.04545454545456,9.062969751622042,257,317,955.25,2.013038892171553,952,960,44
rap_control_gnu,hera,gnu,358.3333333333333,3.5118845842842537,355,362,938.6666666666666,2.3094010767584865,936,940,3
rap_control_gnu,hercules,gnu,268.0217391304348,27.675491869911646,248,387,21233.217391304348,137672.67498961487,927,934676,46
rap_control_gnu,ursa,gnu,286.9,226.22719752045546,206,1543,854.12,10.632334203374423,844,871,50
