test_name,machine,compiler,core_mean,core_std,core_min,core_max,mem_mean,mem_std,mem_min,mem_max,n_hashes
rap_cires_ugwp_debug_intel,acorn,intel,351.7073170731707,9.255387356666974,339,374,1191.121951219512,6.157089904943819,1181,1201,41
rap_cires_ugwp_debug_intel,derecho,intel,310.8636363636364,16.14986630960708,302,411,1131.4772727272727,4.111745152968537,1111,1137,44
rap_cires_ugwp_debug_intel,gaeac6,intel,214.7906976744186,2.773669904613086,209,222,6338.837209302325,0.6521113167513646,6338,6342,43
rap_cires_ugwp_debug_intel,hercules,intel,274.7826086956522,44.62829846806384,244,545,28156.891304347828,182559.69114885599,1233,1239420,46
rap_cires_ugwp_debug_intel,orion,intel,307.7111111111111,7.421168194680495,297,333,28144.422222222223,180653.69715984847,1199,1213076,45
rap_cires_ugwp_debug_intel,ursa,intel,266.58,114.59085870155258,213,630,1870.78,7.2090928977342035,1854,1886,50
rap_cires_ugwp_debug_intel,wcoss2,intel,351.3333333333333,5.435632372666493,344,375,1099.7916666666667,3.2351680105888505,1092,1106,48
