test_name,machine,compiler,core_mean,core_std,core_min,core_max,mem_mean,mem_std,mem_min,mem_max,n_hashes
rap_clm_lake_debug_intel,acorn,intel,344.04545454545456,9.642335299145227,328,367,1191.5454545454545,3.533589949063081,1184,1197,44
rap_clm_lake_debug_intel,derecho,intel,301.70454545454544,4.678399375728425,295,321,1133.0,4.215144346337961,1109,1138,44
rap_clm_lake_debug_intel,gaeac6,intel,210.25581395348837,2.5736117224429735,205,220,6338.837209302325,0.3735436838188702,6338,6339,43
rap_clm_lake_debug_intel,hera,intel,292.0,3.0,289,295,1346.3333333333333,5.686240703077336,1340,1351,3
rap_clm_lake_debug_intel,hercules,intel,265.8478260869565,35.9715735863778,245,488,28193.043478260868,182783.9373526334,1228,1240944,46
rap_clm_lake_debug_intel,orion,intel,305.26666666666665,8.167006795638159,295,335,28067.71111111111,180122.02800256154,1201,1209512,45
rap_clm_lake_debug_intel,ursa,intel,298.66,204.18365182714652,209,1335,1870.64,8.225793181778148,1854,1893,50
rap_clm_lake_debug_intel,wcoss2,intel,344.9166666666667,11.538710671978533,337,419,1110.2083333333333,29.62528989593924,1095,1197,48
