test_name,machine,compiler,core_mean,core_std,core_min,core_max,mem_mean,mem_std,mem_min,mem_max,n_hashes
rap_diag_debug_gnu,derecho,gnu,172.0,2.9805571509757285,167,179,1051.9545454545455,1.9760725136697601,1048,1056,44
rap_diag_debug_gnu,hera,gnu,165.0,1.4142135623730951,164,166,1034.5,4.949747468305833,1031,1038,2
rap_diag_debug_gnu,hercules,gnu,135.95652173913044,7.180085179745825,124,152,23392.260869565216,151664.91662337363,1020,1029672,46
rap_diag_debug_gnu,ursa,gnu,163.72,193.8665688833746,119,1468,948.74,10.58456712504055,938,965,50
