test_name,machine,compiler,core_mean,core_std,core_min,core_max,mem_mean,mem_std,mem_min,mem_max,n_hashes
rap_noah_sfcdiff_cires_ugwp_debug_intel,acorn,intel,547.1111111111111,14.097424365371666,524,574,1186.088888888889,3.4629350545338595,1179,1191,45
rap_noah_sfcdiff_cires_ugwp_debug_intel,derecho,intel,475.75555555555553,6.432006457607697,466,497,1127.5777777777778,3.8523244983261473,1113,1136,45
rap_noah_sfcdiff_cires_ugwp_debug_intel,gaeac6,intel,334.04545454545456,4.231413780201748,324,344,6338.772727272727,0.4239151057856745,6338,6339,44
rap_noah_sfcdiff_cires_ugwp_debug_intel,hera,intel,485.0,8.455767262643883,478,499,1340.6,2.4083189157584437,1338,1344,5
rap_noah_sfcdiff_cires_ugwp_debug_intel,hercules,intel,427.02127659574467,30.64345405785296,396,505,27465.702127659573,179803.89382698064,1224,1233912,47
rap_noah_sfcdiff_cires_ugwp_debug_intel,orion,intel,493.60869565217394,14.720323457903806,475,546,27495.0,178262.0890751094,1202,1210244,46
rap_noah_sfcdiff_cires_ugwp_debug_intel,ursa,intel,408.0,161.25198938813952,335,920,1868.0,8.673205278091734,1847,1881,50
rap_noah_sfcdiff_cires_ugwp_debug_intel,wcoss2,intel,546.4489795918367,11.090651514695086,537,612,1108.857142857143,34.589256520871885,1084,1195,49
