test_name,machine,compiler,core_mean,core_std,core_min,core_max,mem_mean,mem_std,mem_min,mem_max,n_hashes
rap_control_debug_gnu,derecho,gnu,160.95454545454547,3.517098073462124,155,171,964.2727272727273,2.6967994498529677,960,972,44
rap_control_debug_gnu,hercules,gnu,127.5,7.022978159030695,116,145,21408.978260869564,138811.5395957954,933,942408,46
rap_control_debug_gnu,ursa,gnu,144.56,107.74708860122773,107,790,863.24,11.081442475911649,851,879,50
