test_name,machine,compiler,core_mean,core_std,core_min,core_max,mem_mean,mem_std,mem_min,mem_max,n_hashes
rap_sfcdiff_decomp_intel,acorn,intel,237.8372093023256,8.170592542941337,222,258,1011.9069767441861,2.9746064444639035,1005,1019,43
rap_sfcdiff_decomp_intel,derecho,intel,207.86363636363637,6.472090022553951,202,242,964.0681818181819,2.815222138145362,951,969,44
rap_sfcdiff_decomp_intel,gaeac6,intel,155.06976744186048,5.016142270506515,148,175,6338.790697674419,0.41162509149345416,6338,6339,43
rap_sfcdiff_decomp_intel,hercules,intel,188.17391304347825,15.44064527699695,176,235,24356.08695652174,157887.2047148183,1054,1071920,46
rap_sfcdiff_decomp_intel,orion,intel,267.4222222222222,3.726373382507251,262,279,23892.977777777778,153321.3405339033,1024,1029548,45
rap_sfcdiff_decomp_intel,ursa,intel,227.9,193.59164364660967,151,836,1741.16,48.4529479316306,1699,1918,50
rap_sfcdiff_decomp_intel,wcoss2,intel,244.64583333333334,8.146242008757671,234,285,921.5416666666666,19.15442100329925,914,1014,48
