test_name,machine,compiler,core_mean,core_std,core_min,core_max,mem_mean,mem_std,mem_min,mem_max,n_hashes
rap_control_debug_dyn32_phy32_gnu,derecho,gnu,159.63636363636363,7.402359488989196,153,204,819.7045454545455,2.5661440211767577,816,826,44
rap_control_debug_dyn32_phy32_gnu,hercules,gnu,127.52173913043478,21.994685348394487,114,268,18113.5,117423.30813272693,791,797204,46
rap_control_debug_dyn32_phy32_gnu,ursa,gnu,205.04,314.9559062109215,104,1575,719.2,6.530931114664283,711,728,50
