test_name,machine,compiler,core_mean,core_std,core_min,core_max,mem_mean,mem_std,mem_min,mem_max,n_hashes
rap_unified_drag_suite_debug_intel,acorn,intel,346.57142857142856,9.921995415810208,332,375,1191.4285714285713,5.980222922441027,1180,1201,42
rap_unified_drag_suite_debug_intel,derecho,intel,306.3863636363636,18.937124740733186,295,425,1129.840909090909,1.6274274437179777,1127,1133,44
rap_unified_drag_suite_debug_intel,gaeac6,intel,211.04651162790697,3.6706914385121365,206,222,6338.813953488372,0.39374961547906195,6338,6339,43
rap_unified_drag_suite_debug_intel,hercules,intel,264.69565217391306,14.271758538716947,245,305,28101.369565217392,182167.14828034642,1232,1236760,46
rap_unified_drag_suite_debug_intel,orion,intel,301.8222222222222,7.607678205390093,289,322,28143.28888888889,180644.7223793939,1199,1213016,45
rap_unified_drag_suite_debug_intel,ursa,intel,291.86,144.38850793775032,209,636,1868.9,6.9377700351932186,1848,1885,50
rap_unified_drag_suite_debug_intel,wcoss2,intel,344.25,4.112772011310779,338,355,1100.0416666666667,13.903861905475171,1092,1193,48
