test_name,machine,compiler,core_mean,core_std,core_min,core_max,mem_mean,mem_std,mem_min,mem_max,n_hashes
rap_2threads_intel,acorn,intel,212.46341463414635,6.804768772616782,199,229,1079.9024390243903,4.8672624649219705,1070,1093,41
rap_2threads_intel,derecho,intel,350.8636363636364,23.16030175034467,335,497,1041.1818181818182,4.265997128580507,1034,1053,44
rap_2threads_intel,gaeac6,intel,170.04651162790697,2.663273034409713,165,179,6338.604651162791,0.6597089864810906,6337,6341,43
rap_2threads_intel,hercules,intel,271.82608695652175,6.360658064578932,261,289,26388.065217391304,171006.34291087333,1155,1160996,46
rap_2threads_intel,orion,intel,273.9555555555556,7.070924960567744,266,305,25982.37777777778,166779.0039016369,1096,1119908,45
rap_2threads_intel,ursa,intel,124.44,6.987335482346407,118,166,1171.08,1.9149252662989507,1168,1176,50
rap_2threads_intel,wcoss2,intel,218.875,11.146271201712603,207,275,984.9166666666666,5.043779962692327,976,997,48
