test_name,machine,compiler,core_mean,core_std,core_min,core_max,mem_mean,mem_std,mem_min,mem_max,n_hashes
rap_cires_ugwp_debug_intel,acorn,intel,352.22727272727275,10.122192143224458,339,381,1190.8636363636363,6.033206209555505,1181,1201,44
rap_cires_ugwp_debug_intel,derecho,intel,310.5681818181818,16.480288052450863,288,411,1131.090909090909,4.522903892351729,1111,1137,44
rap_cires_ugwp_debug_intel,gaeac6,intel,214.62790697674419,2.7604628305339896,209,222,6338.860465116279,0.6392478969493354,6338,6342,43
rap_cires_ugwp_debug_intel,hera,intel,298.0,,298,298,1345.0,,1345,1345,1
rap_cires_ugwp_debug_intel,hercules,intel,272.0652173913044,44.1222554948372,244,545,28156.108695652172,182559.80911035743,1231,1239420,46
rap_cires_ugwp_debug_intel,orion,intel,307.68888888888887,7.403384429441777,297,333,28144.37777777778,180653.7039389914,1199,1213076,45
rap_cires_ugwp_debug_intel,ursa,intel,272.88,120.7038271039946,213,630,1870.5,7.315764359468156,1854,1886,50
rap_cires_ugwp_debug_intel,wcoss2,intel,351.3958333333333,5.906143874051237,344,375,1105.6666666666667,23.272971569478603,1092,1195,48
