test_name,machine,compiler,core_mean,core_std,core_min,core_max,mem_mean,mem_std,mem_min,mem_max,n_hashes
rap_clm_lake_debug_gnu,derecho,gnu,161.86363636363637,3.239228368428657,156,170,965.3636363636364,2.9577718600868255,955,972,44
rap_clm_lake_debug_gnu,hercules,gnu,127.41304347826087,9.120370574723914,116,162,21436.630434782608,138981.60246023914,933,943564,46
rap_clm_lake_debug_gnu,ursa,gnu,196.12,282.6420278698257,106,1794,864.22,10.795482804376713,851,880,50
