test_name,machine,compiler,core_mean,core_std,core_min,core_max,mem_mean,mem_std,mem_min,mem_max,n_hashes
rap_diag_debug_gnu,derecho,gnu,172.2,3.0644590209218143,167,179,1051.8444444444444,2.0665689126441302,1048,1056,45
rap_diag_debug_gnu,hera,gnu,167.6,4.393176527297757,164,175,1035.0,3.3166247903553976,1031,1038,5
rap_diag_debug_gnu,hercules,gnu,135.93617021276594,7.124374130617114,124,152,22916.82978723404,150042.73295462242,1020,1029672,47
rap_diag_debug_gnu,ursa,gnu,163.9,193.83469182553995,119,1468,947.36,10.021935126185504,938,965,50
