test_name,machine,compiler,core_mean,core_std,core_min,core_max,mem_mean,mem_std,mem_min,mem_max,n_hashes
rap_control_dyn64_phy32_intel,acorn,intel,245.95454545454547,7.265575235968146,233,265,920.3181818181819,2.3104688668705227,914,924,44
rap_control_dyn64_phy32_intel,derecho,intel,221.75,3.4379888658720894,218,234,881.0,2.420839754357807,876,885,44
rap_control_dyn64_phy32_intel,gaeac6,intel,161.3953488372093,11.460365519982588,156,234,6338.790697674419,0.4116250914933975,6338,6339,43
rap_control_dyn64_phy32_intel,hera,intel,226.5,1.2909944487358056,225,228,1114.0,3.5590260840104637,1111,1119,4
rap_control_dyn64_phy32_intel,hercules,intel,206.04347826086956,15.317319930558096,193,262,25206.043478260868,163408.6293081049,1087,1109404,46
rap_control_dyn64_phy32_intel,orion,intel,268.06666666666666,5.069516742254646,263,291,23473.066666666666,150699.0289415538,994,1011928,45
rap_control_dyn64_phy32_intel,ursa,intel,299.96,247.23301080691687,157,822,1845.48,62.40527188614492,1786,2038,50
rap_control_dyn64_phy32_intel,wcoss2,intel,248.4375,8.946427433885955,239,288,840.0416666666666,31.252545995577293,824,923,48
