test_name,machine,compiler,core_mean,core_std,core_min,core_max,mem_mean,mem_std,mem_min,mem_max,n_hashes
rap_control_intel,acorn,intel,233.9512195121951,8.584728357706476,222,252,1010.609756097561,3.0567797498388716,1006,1016,41
rap_control_intel,derecho,intel,201.79545454545453,14.311451822822011,193,291,963.8636363636364,3.0696633334899506,952,968,44
rap_control_intel,gaeac6,intel,150.0,3.854496446637745,145,162,6338.674418604651,0.4741373235154431,6338,6339,43
rap_control_intel,hercules,intel,184.6086956521739,36.22980863621039,168,413,24931.347826086956,161568.4643197177,1071,1096920,46
rap_control_intel,orion,intel,258.4,5.470582485190476,253,281,24113.155555555557,154755.03948424655,1034,1039172,45
rap_control_intel,ursa,intel,258.48,211.40272428881963,146,793,1832.2,86.41735464403828,1762,2092,50
rap_control_intel,wcoss2,intel,241.1875,8.976698559118304,230,267,917.1666666666666,2.2534449592561896,914,922,48
