test_name,machine,compiler,core_mean,core_std,core_min,core_max,mem_mean,mem_std,mem_min,mem_max,n_hashes
rap_decomp_intel,acorn,intel,238.1818181818182,7.114586154669845,224,253,1015.2045454545455,2.5204239718518724,1011,1020,44
rap_decomp_intel,derecho,intel,206.63636363636363,3.7484316664061903,197,213,962.9545454545455,4.600073535582816,939,966,44
rap_decomp_intel,gaeac6,intel,154.3953488372093,3.7425451925491076,149,166,6338.813953488372,0.3937496154790834,6338,6339,43
rap_decomp_intel,hera,intel,214.5,2.3804761428476167,212,217,1148.75,7.365459931328142,1138,1154,4
rap_decomp_intel,hercules,intel,192.7608695652174,34.5022928594664,175,399,24086.217391304348,156079.46727269882,1058,1059656,46
rap_decomp_intel,orion,intel,268.1333333333333,5.488003445532976,262,285,23968.866666666665,153837.27924389343,1028,1033008,45
rap_decomp_intel,ursa,intel,253.66,201.12242286625286,151,784,1741.24,48.55443400169013,1686,1926,50
rap_decomp_intel,wcoss2,intel,247.3125,8.944643589107976,237,279,932.6875,33.780364591207295,908,1022,48
