test_name,machine,compiler,core_mean,core_std,core_min,core_max,mem_mean,mem_std,mem_min,mem_max,n_hashes
rap_noah_sfcdiff_cires_ugwp_debug_gnu,derecho,gnu,243.77272727272728,4.153248302085213,234,253,961.8636363636364,1.5639976965858966,959,965,44
rap_noah_sfcdiff_cires_ugwp_debug_gnu,hera,gnu,243.5,0.7071067811865476,243,244,944.5,0.7071067811865476,944,945,2
rap_noah_sfcdiff_cires_ugwp_debug_gnu,hercules,gnu,203.06521739130434,14.938990258772197,184,246,21363.369565217392,138524.21129324628,932,940456,46
rap_noah_sfcdiff_cires_ugwp_debug_gnu,ursa,gnu,224.04,235.77938148763954,166,1780,860.14,10.720969343929168,848,876,50
