test_name,machine,compiler,core_mean,core_std,core_min,core_max,mem_mean,mem_std,mem_min,mem_max,n_hashes
rap_control_dyn32_phy32_gnu,derecho,gnu,241.75,3.9539500414437,235,254,811.2045454545455,2.108449727572338,808,816,44
rap_control_dyn32_phy32_gnu,hera,gnu,307.5,0.7071067811865476,307,308,794.0,1.4142135623730951,793,795,2
rap_control_dyn32_phy32_gnu,hercules,gnu,289.4782608695652,28.30448659404826,233,390,17923.58695652174,116208.20280830743,785,788952,46
rap_control_dyn32_phy32_gnu,ursa,gnu,276.44,240.66092329250299,191,1640,710.42,6.217454036330022,704,720,50
