test_name,machine,compiler,core_mean,core_std,core_min,core_max,mem_mean,mem_std,mem_min,mem_max,n_hashes
rap_restart_dyn32_phy32_gnu,derecho,gnu,137.61363636363637,4.601394677809381,133,156,674.2954545454545,1.9359457211127737,671,680,44
rap_restart_dyn32_phy32_gnu,hera,gnu,159.5,0.7071067811865476,159,160,657.5,9.192388155425117,651,664,2
rap_restart_dyn32_phy32_gnu,hercules,gnu,151.65217391304347,14.371603778600422,123,179,14662.282608695652,95069.83613642788,641,645440,46
rap_restart_dyn32_phy32_gnu,ursa,gnu,164.46,206.85884075861972,101,1298,556.68,6.015083082534796,547,567,50
