test_name,machine,compiler,core_mean,core_std,core_min,core_max,mem_mean,mem_std,mem_min,mem_max,n_hashes
rap_sfcdiff_restart_gnu,derecho,gnu,146.47727272727272,2.473004352713765,143,155,703.1818181818181,1.2808559505945272,701,707,44
rap_sfcdiff_restart_gnu,hercules,gnu,140.6086956521739,17.64776128184166,130,234,15342.782608695652,99517.16078254223,658,675628,46
rap_sfcdiff_restart_gnu,ursa,gnu,154.76,118.1578950526172,108,795,588.16,9.982351773944572,575,601,50
