test_name,machine,compiler,core_mean,core_std,core_min,core_max,mem_mean,mem_std,mem_min,mem_max,n_hashes
rap_sfcdiff_decomp_gnu,derecho,gnu,262.8636363636364,2.985164161984357,258,272,954.3863636363636,2.294745353364169,949,962,44
rap_sfcdiff_decomp_gnu,hercules,gnu,266.6521739130435,17.030974906921603,254,345,21223.58695652174,137618.66209745055,925,934308,46
rap_sfcdiff_decomp_gnu,ursa,gnu,330.04,191.99446845773275,204,746,856.06,10.84851160674285,845,870,50
