test_name,machine,compiler,core_mean,core_std,core_min,core_max,mem_mean,mem_std,mem_min,mem_max,n_hashes
rap_restart_dyn32_phy32_gnu,derecho,gnu,137.55555555555554,4.565461022003625,133,156,674.1555555555556,1.8580972128834443,671,680,45
rap_restart_dyn32_phy32_gnu,hera,gnu,160.0,0.7071067811865488,159,161,652.6,6.503845016603634,648,664,5
rap_restart_dyn32_phy32_gnu,hercules,gnu,150.10638297872342,15.727619077601645,123,179,14363.978723404256,94053.02672232281,641,645440,47
rap_restart_dyn32_phy32_gnu,ursa,gnu,140.42,126.77331367927752,101,892,556.18,5.902922140424826,547,567,50
