test_name,machine,compiler,core_mean,core_std,core_min,core_max,mem_mean,mem_std,mem_min,mem_max,n_hashes
rap_restart_dyn32_phy32_intel,acorn,intel,115.54545454545455,6.296749052153257,106,130,729.9318181818181,2.4815386006747646,725,734,44
rap_restart_dyn32_phy32_intel,derecho,intel,104.8409090909091,2.1775085167182575,101,113,734.9772727272727,2.9608973841116137,728,739,44
rap_restart_dyn32_phy32_intel,gaeac6,intel,73.46511627906976,2.0394774915497855,71,84,6338.767441860465,0.4274625743755551,6338,6339,43
rap_restart_dyn32_phy32_intel,hera,intel,99.0,,99,99,1062.0,,1062,1062,1
rap_restart_dyn32_phy32_intel,hercules,intel,88.43478260869566,7.151230426881621,83,116,22295.282608695652,144549.3455353435,958,981364,46
rap_restart_dyn32_phy32_intel,orion,intel,126.55555555555556,3.3680015355451296,123,138,20600.422222222223,132128.3807883435,881,887248,45
rap_restart_dyn32_phy32_intel,ursa,intel,209.6,188.97176119889514,69,552,1680.7,52.290495487873805,1624,1810,50
rap_restart_dyn32_phy32_intel,wcoss2,intel,114.3125,7.017171188546118,108,152,641.1041666666666,23.88646869097275,629,734,48
