test_name,machine,compiler,core_mean,core_std,core_min,core_max,mem_mean,mem_std,mem_min,mem_max,n_hashes
rap_sfcdiff_decomp_gnu,derecho,gnu,263.15909090909093,3.1323011959645473,258,272,954.3863636363636,2.29474535336417,949,962,44
rap_sfcdiff_decomp_gnu,hercules,gnu,266.67391304347825,17.02554205086004,254,345,21223.369565217392,137618.69486509272,925,934308,46
rap_sfcdiff_decomp_gnu,ursa,gnu,330.34,191.80832375375292,204,746,856.52,10.986522355567566,845,871,50
