test_name,machine,compiler,core_mean,core_std,core_min,core_max,mem_mean,mem_std,mem_min,mem_max,n_hashes
rap_sfcdiff_restart_intel,acorn,intel,130.79545454545453,6.963624909600371,121,158,762.7954545454545,1.8118414820357023,759,769,44
rap_sfcdiff_restart_intel,derecho,intel,118.22727272727273,3.607895968461245,114,130,825.8409090909091,1.5985921395880969,823,829,44
rap_sfcdiff_restart_intel,gaeac6,intel,83.51162790697674,3.149996923832634,80,97,6338.720930232558,0.5035862528548678,6337,6339,43
rap_sfcdiff_restart_intel,hera,intel,112.66666666666667,3.0550504633038913,110,116,1168.6666666666667,5.507570547286121,1165,1175,3
rap_sfcdiff_restart_intel,hercules,intel,97.45652173913044,6.53097413778418,92,118,24772.08695652174,160576.6235222752,1076,1090180,46
rap_sfcdiff_restart_intel,orion,intel,140.84444444444443,3.240058610269235,137,151,23339.11111111111,149765.66788307874,997,1005672,45
rap_sfcdiff_restart_intel,ursa,intel,147.74,160.08808927128405,79,610,1784.24,50.39377998547516,1740,1939,50
rap_sfcdiff_restart_intel,wcoss2,intel,134.60416666666666,4.928163022886096,126,149,679.75,31.53417598922079,666,772,48
