test_name,machine,compiler,core_mean,core_std,core_min,core_max,mem_mean,mem_std,mem_min,mem_max,n_hashes
rap_unified_drag_suite_debug_intel,acorn,intel,346.6,10.203386247177551,332,375,1190.6444444444444,5.613115953467503,1180,1200,45
rap_unified_drag_suite_debug_intel,derecho,intel,305.8666666666667,19.306852292762418,295,428,1129.8,1.6180796699117759,1127,1133,45
rap_unified_drag_suite_debug_intel,gaeac6,intel,210.47727272727272,2.782742802575439,206,219,6338.840909090909,0.3699894290246018,6338,6339,44
rap_unified_drag_suite_debug_intel,hera,intel,293.6,3.78153408023781,291,300,1344.2,2.8635642126552687,1340,1348,5
rap_unified_drag_suite_debug_intel,hercules,intel,261.9148936170213,12.425131942671035,245,296,27527.744680851065,180219.10167897536,1229,1236760,47
rap_unified_drag_suite_debug_intel,orion,intel,301.7173913043478,7.559138820668996,289,322,27557.130434782608,178670.51643484362,1199,1213016,46
rap_unified_drag_suite_debug_intel,ursa,intel,275.36,131.85021805063502,209,636,1868.22,6.4151924271647225,1857,1885,50
rap_unified_drag_suite_debug_intel,wcoss2,intel,344.734693877551,4.31941117806236,338,355,1111.6326530612246,33.52467615898216,1092,1194,49
