test_name,machine,compiler,core_mean,core_std,core_min,core_max,mem_mean,mem_std,mem_min,mem_max,n_hashes
rap_decomp_gnu,derecho,gnu,263.22727272727275,4.164432099889205,257,276,955.2272727272727,2.301300303454708,951,962,44
rap_decomp_gnu,hercules,gnu,268.82608695652175,25.061971499842883,252,400,21231.0,137665.77469283267,926,934628,46
rap_decomp_gnu,ursa,gnu,271.78,230.9352139913367,205,1700,857.1,10.943733646359028,847,872,50
