test_name,machine,compiler,core_mean,core_std,core_min,core_max,mem_mean,mem_std,mem_min,mem_max,n_hashes
rap_restart_intel,acorn,intel,134.7674418604651,7.147551060136152,122,150,763.4418604651163,1.9796864299728854,759,768,43
rap_restart_intel,derecho,intel,119.38636363636364,4.32524180848918,115,141,827.0454545454545,1.8795663212627944,823,833,44
rap_restart_intel,gaeac6,intel,84.18604651162791,2.9216418570116187,80,93,6338.883720930233,0.6252352824025554,6338,6342,43
rap_restart_intel,hercules,intel,98.21739130434783,5.917631070616238,93,117,24348.217391304348,157666.53199682946,1079,1070448,46
rap_restart_intel,orion,intel,142.4,2.9726021658411863,139,151,23400.577777777777,150163.0578836778,998,1008340,45
rap_restart_intel,ursa,intel,149.98,152.66857394168503,79,626,1780.24,51.193335025376186,1724,1931,50
rap_restart_intel,wcoss2,intel,136.64583333333334,8.28094347418789,128,180,675.0416666666666,19.956290890325562,666,770,48
