test_name,machine,compiler,core_mean,core_std,core_min,core_max,mem_mean,mem_std,mem_min,mem_max,n_hashes
rap_control_debug_dyn32_phy32_gnu,derecho,gnu,160.1818181818182,9.497301274628338,153,204,819.4772727272727,2.5010568590622486,816,826,44
rap_control_debug_dyn32_phy32_gnu,hera,gnu,147.33333333333334,3.0550504633038904,144,150,802.6666666666666,1.5275252316519312,801,804,3
rap_control_debug_dyn32_phy32_gnu,hercules,gnu,126.19565217391305,22.21372905331535,114,268,18111.91304347826,117423.5472409982,791,797204,46
rap_control_debug_dyn32_phy32_gnu,ursa,gnu,173.22,245.36921700380677,104,1544,718.24,6.195982898752372,713,728,50
