test_name,machine,compiler,core_mean,core_std,core_min,core_max,mem_mean,mem_std,mem_min,mem_max,n_hashes
rap_control_gnu,derecho,gnu,262.79545454545456,9.102975607177177,256,317,955.2272727272727,2.0215540460495514,952,960,44
rap_control_gnu,hera,gnu,358.0,2.9439202887759537,355,362,941.0,5.03322295684717,936,948,4
rap_control_gnu,hercules,gnu,269.19565217391306,28.334995688659074,248,387,21233.32608695652,137672.6586031041,927,934676,46
rap_control_gnu,ursa,gnu,287.3,226.11512780087972,206,1543,853.62,10.407787508223189,844,871,50
