test_name,machine,compiler,core_mean,core_std,core_min,core_max,mem_mean,mem_std,mem_min,mem_max,n_hashes
rap_sfcdiff_decomp_gnu,derecho,gnu,263.75,7.713247438434204,258,310,954.4545454545455,2.266587902291924,949,962,44
rap_sfcdiff_decomp_gnu,hera,gnu,356.0,,356,356,942.0,,942,942,1
rap_sfcdiff_decomp_gnu,hercules,gnu,267.45652173913044,18.196100341360236,254,345,21223.891304347828,137618.61622327895,925,934308,46
rap_sfcdiff_decomp_gnu,ursa,gnu,329.96,192.04718382815858,204,746,855.16,10.664379006385508,845,870,50
