test_name,machine,compiler,core_mean,core_std,core_min,core_max,mem_mean,mem_std,mem_min,mem_max,n_hashes
rap_2threads_dyn32_phy32_gnu,derecho,gnu,400.65909090909093,6.519891502229599,391,419,860.1136363636364,2.2331113875811592,850,864,44
rap_2threads_dyn32_phy32_gnu,hera,gnu,440.0,,440,440,844.0,,844,844,1
rap_2threads_dyn32_phy32_gnu,hercules,gnu,262.8666666666667,21.361179742701488,212,315,833.8444444444444,2.8600346116433677,828,840,45
rap_2threads_dyn32_phy32_gnu,ursa,gnu,152.66,4.992279754065977,146,166,732.06,1.1851117229689043,730,734,50
