test_name,machine,compiler,core_mean,core_std,core_min,core_max,mem_mean,mem_std,mem_min,mem_max,n_hashes
rap_2threads_dyn32_phy32_gnu,derecho,gnu,400.70454545454544,6.47923174262428,391,419,859.9318181818181,2.276244635488891,850,864,44
rap_2threads_dyn32_phy32_gnu,hercules,gnu,264.26666666666665,20.154403985233618,212,315,833.6222222222223,2.886401415484865,828,840,45
rap_2threads_dyn32_phy32_gnu,ursa,gnu,152.78,4.920967218682413,146,166,732.06,1.1851117229689239,730,734,50
