test_name,machine,compiler,core_mean,core_std,core_min,core_max,mem_mean,mem_std,mem_min,mem_max,n_hashes
rap_diag_debug_gnu,derecho,gnu,172.0909090909091,2.9791381758174857,167,179,1052.0681818181818,2.1174548925508057,1048,1057,44
rap_diag_debug_gnu,hera,gnu,164.0,,164,164,1038.0,,1038,1038,1
rap_diag_debug_gnu,hercules,gnu,136.08695652173913,7.253584820874663,124,152,23392.043478260868,151664.94939027153,1020,1029672,46
rap_diag_debug_gnu,ursa,gnu,163.98,193.81544872188417,119,1468,949.2,10.739969216692971,938,965,50
