test_name,machine,compiler,core_mean,core_std,core_min,core_max,mem_mean,mem_std,mem_min,mem_max,n_hashes
rap_control_dyn64_phy32_debug_intel,acorn,intel,343.3414634146341,14.831739203642929,321,378,1099.4146341463415,2.334262300557695,1094,1106,41
rap_control_dyn64_phy32_debug_intel,derecho,intel,303.97727272727275,36.79767980322446,290,541,1049.0227272727273,3.392801109076534,1037,1055,44
rap_control_dyn64_phy32_debug_intel,gaeac6,intel,207.93023255813952,4.44219673690742,202,225,6338.860465116279,0.6392478969492958,6338,6341,43
rap_control_dyn64_phy32_debug_intel,hercules,intel,276.8478260869565,46.59421394279403,247,570,27553.67391304348,178639.08509705684,1204,1212804,46
rap_control_dyn64_phy32_debug_intel,orion,intel,305.15555555555557,6.26300666814691,294,330,27373.911111111112,175740.62546429847,1162,1180080,45
rap_control_dyn64_phy32_debug_intel,ursa,intel,305.26,162.26871264060986,205,660,1862.14,13.732146108117774,1839,1904,50
rap_control_dyn64_phy32_debug_intel,wcoss2,intel,339.3541666666667,10.721800387346303,332,406,1007.7916666666666,2.0624126888891,1004,1012,48
