test_name,machine,compiler,core_mean,core_std,core_min,core_max,mem_mean,mem_std,mem_min,mem_max,n_hashes
rap_restart_dyn32_phy32_intel,acorn,intel,114.97727272727273,6.263547684683866,106,130,730.0227272727273,2.4255293007931327,725,734,44
rap_restart_dyn32_phy32_intel,derecho,intel,104.9090909090909,2.249735713865304,101,113,735.1818181818181,2.7892878750488324,728,739,44
rap_restart_dyn32_phy32_intel,gaeac6,intel,73.55813953488372,1.9796864299728916,71,84,6338.767441860465,0.4274625743754194,6338,6339,43
rap_restart_dyn32_phy32_intel,hera,intel,101.75,2.5,99,105,1063.75,4.645786621588778,1058,1068,4
rap_restart_dyn32_phy32_intel,hercules,intel,88.67391304347827,7.080660194661975,83,116,22293.152173913044,144549.66640585163,958,981364,46
rap_restart_dyn32_phy32_intel,orion,intel,126.46666666666667,3.24457589328293,123,138,20597.244444444445,132128.86502459965,881,887248,45
rap_restart_dyn32_phy32_intel,ursa,intel,200.4,184.59365191287213,69,552,1678.22,52.178770411276105,1624,1810,50
rap_restart_dyn32_phy32_intel,wcoss2,intel,114.91666666666667,7.3131572869415375,108,152,646.9583333333334,32.71538016424056,629,735,48
