test_name,machine,compiler,core_mean,core_std,core_min,core_max,mem_mean,mem_std,mem_min,mem_max,n_hashes
rap_2threads_intel,acorn,intel,212.06976744186048,6.884749706130036,199,229,1080.2325581395348,5.102927307892379,1070,1093,43
rap_2threads_intel,derecho,intel,350.72727272727275,23.171116379006683,335,497,1041.590909090909,4.161384954042294,1035,1053,44
rap_2threads_intel,gaeac6,intel,169.90697674418604,2.7151598522473437,165,179,6338.604651162791,0.6597089864810312,6337,6341,43
rap_2threads_intel,hercules,intel,271.2826086956522,6.330395962613871,261,289,26387.260869565216,171006.4641366174,1155,1160996,46
rap_2threads_intel,orion,intel,273.6666666666667,7.21740320966684,266,305,25982.6,166778.97004969293,1096,1119908,45
rap_2threads_intel,ursa,intel,123.4,3.7361990944634313,117,136,1171.06,1.9209903908225767,1168,1176,50
rap_2threads_intel,wcoss2,intel,218.95833333333334,11.146907467961272,207,275,989.2916666666666,20.864260731847803,976,1086,48
