test_name,machine,compiler,core_mean,core_std,core_min,core_max,mem_mean,mem_std,mem_min,mem_max,n_hashes
rap_control_dyn64_phy32_intel,acorn,intel,245.9777777777778,7.184227955259434,233,265,920.3333333333334,2.286322970901677,914,924,45
rap_control_dyn64_phy32_intel,derecho,intel,221.73333333333332,3.400534717310846,218,234,881.0222222222222,2.3978104490336687,876,885,45
rap_control_dyn64_phy32_intel,gaeac6,intel,161.36363636363637,11.328274790327015,156,234,6338.795454545455,0.4080324573585233,6338,6339,44
rap_control_dyn64_phy32_intel,hera,intel,227.2,1.923538406167137,225,230,1115.6,4.722287581247072,1111,1122,5
rap_control_dyn64_phy32_intel,hercules,intel,205.89361702127658,15.184709188999516,193,262,24693.31914893617,161660.90826454514,1087,1109404,47
rap_control_dyn64_phy32_intel,orion,intel,268.0217391304348,5.02212496165069,263,291,22984.804347826088,149051.97978060012,994,1011928,46
rap_control_dyn64_phy32_intel,ursa,intel,287.94,238.87887888113963,157,822,1844.52,62.31101714097478,1786,2038,50
rap_control_dyn64_phy32_intel,wcoss2,intel,248.73469387755102,9.09389793168126,239,288,841.6938775510204,33.01716982724839,824,923,49
