test_name,machine,compiler,core_mean,core_std,core_min,core_max,mem_mean,mem_std,mem_min,mem_max,n_hashes
rap_sfcdiff_restart_intel,acorn,intel,130.8409090909091,6.964839208542127,121,158,762.7272727272727,1.8218778500860626,759,769,44
rap_sfcdiff_restart_intel,derecho,intel,118.25,3.5966715879585,114,130,825.9090909090909,1.5821413487286842,823,829,44
rap_sfcdiff_restart_intel,gaeac6,intel,83.51162790697674,3.1499969238326306,80,97,6338.720930232558,0.5035862528547673,6337,6339,43
rap_sfcdiff_restart_intel,hera,intel,111.0,1.4142135623730951,110,112,1170.5,6.363961030678928,1166,1175,2
rap_sfcdiff_restart_intel,hercules,intel,97.5,6.520906549109731,92,118,24773.152173913044,160576.46300556106,1076,1090180,46
rap_sfcdiff_restart_intel,orion,intel,140.88888888888889,3.227877308571675,137,151,23339.82222222222,149765.55951269134,997,1005672,45
rap_sfcdiff_restart_intel,ursa,intel,147.72,160.09627715591537,79,610,1784.76,50.11397621666922,1740,1939,50
rap_sfcdiff_restart_intel,wcoss2,intel,134.58333333333334,4.919926194453045,126,149,677.5833333333334,28.486527859736547,666,772,48
