test_name,machine,compiler,core_mean,core_std,core_min,core_max,mem_mean,mem_std,mem_min,mem_max,n_hashes
rap_sfcdiff_gnu,derecho,gnu,260.95454545454544,3.102546182063913,256,269,954.6818181818181,1.9739315894077005,951,959,44
rap_sfcdiff_gnu,hercules,gnu,263.7173913043478,19.844577253668362,247,348,21236.521739130436,137704.73218411749,925,934892,46
rap_sfcdiff_gnu,ursa,gnu,273.24,153.19223084685703,207,796,855.54,10.612295525781972,844,869,50
