test_name,machine,compiler,core_mean,core_std,core_min,core_max,mem_mean,mem_std,mem_min,mem_max,n_hashes
rap_control_gnu,derecho,gnu,261.9318181818182,3.4330658023671288,257,274,955.3636363636364,2.0583455660662957,952,960,44
rap_control_gnu,hercules,gnu,265.4347826086956,25.288251267612676,248,387,21232.17391304348,137672.8322705366,926,934676,46
rap_control_gnu,ursa,gnu,301.5,245.05103591717713,206,1543,856.3,11.143315008908058,844,871,50
