test_name,machine,compiler,core_mean,core_std,core_min,core_max,mem_mean,mem_std,mem_min,mem_max,n_hashes
rap_diag_debug_intel,acorn,intel,362.8095238095238,9.123109480707742,348,384,1273.952380952381,2.622160540492649,1270,1279,42
rap_diag_debug_intel,derecho,intel,318.54545454545456,12.679326784003962,310,395,1217.9772727272727,2.2255246192452343,1213,1222,44
rap_diag_debug_intel,gaeac6,intel,219.65116279069767,3.3229628269149623,213,228,6338.837209302325,0.3735436838187023,6338,6339,43
rap_diag_debug_intel,hercules,intel,279.7826086956522,26.79462055751593,253,404,29967.32608695652,194256.28123350113,1314,1318836,46
rap_diag_debug_intel,orion,intel,320.22222222222223,8.298107366055559,305,342,30341.6,194807.21801792106,1290,1308108,45
rap_diag_debug_intel,ursa,intel,288.24,133.81049042186032,220,691,1954.96,7.700940838359843,1939,1978,50
rap_diag_debug_intel,wcoss2,intel,361.5,5.885430984417408,352,394,1184.0416666666667,14.164622297212661,1178,1279,48
