test_name,machine,compiler,core_mean,core_std,core_min,core_max,mem_mean,mem_std,mem_min,mem_max,n_hashes
rap_decomp_gnu,derecho,gnu,264.04545454545456,9.642335299145207,256,320,954.8181818181819,1.968032038791101,951,958,44
rap_decomp_gnu,hera,gnu,359.75,2.0615528128088303,357,362,942.25,1.707825127659933,940,944,4
rap_decomp_gnu,hercules,gnu,272.80434782608694,27.774984400609586,252,400,21231.717391304348,137665.66655595772,928,934628,46
rap_decomp_gnu,ursa,gnu,271.12,231.09964632299256,205,1700,854.86,10.28573412696498,847,871,50
