test_name,machine,compiler,core_mean,core_std,core_min,core_max,mem_mean,mem_std,mem_min,mem_max,n_hashes
rap_clm_lake_debug_gnu,derecho,gnu,161.6590909090909,3.1911445917565047,156,170,965.2272727272727,2.8762349126466327,955,972,44
rap_clm_lake_debug_gnu,hercules,gnu,127.41304347826087,9.120370574723916,116,162,21436.782608695652,138981.57952315727,933,943564,46
rap_clm_lake_debug_gnu,ursa,gnu,196.32,282.58265469538975,106,1794,863.82,10.682218679579941,851,880,50
