test_name,machine,compiler,core_mean,core_std,core_min,core_max,mem_mean,mem_std,mem_min,mem_max,n_hashes
rap_diag_debug_intel,acorn,intel,362.6818181818182,9.320576704566504,348,384,1274.0,2.5969570744454105,1270,1279,44
rap_diag_debug_intel,derecho,intel,319.0,16.431676725154983,309,421,1218.0,2.2412621029128017,1212,1222,44
rap_diag_debug_intel,gaeac6,intel,219.34883720930233,2.8442399681949744,213,226,6338.906976744186,0.6099942813303321,6338,6342,43
rap_diag_debug_intel,hera,intel,311.0,0.0,311,311,1431.0,2.8284271247461903,1429,1433,2
rap_diag_debug_intel,hercules,intel,275.5217391304348,23.25485768172108,253,404,29967.282608695652,194256.2877923747,1314,1318836,46
rap_diag_debug_intel,orion,intel,319.4222222222222,8.603616810517657,303,342,30341.466666666667,194807.23834048226,1290,1308108,45
rap_diag_debug_intel,ursa,intel,288.04,133.90964971096847,220,691,1955.04,7.735315251547101,1939,1978,50
rap_diag_debug_intel,wcoss2,intel,362.1458333333333,7.13990757236002,352,394,1189.875,26.636740743694634,1178,1279,48
