test_name,machine,compiler,core_mean,core_std,core_min,core_max,mem_mean,mem_std,mem_min,mem_max,n_hashes
rap_restart_dyn32_phy32_gnu,derecho,gnu,137.36363636363637,4.451761653343744,133,156,674.3863636363636,1.990861787114074,671,680,44
rap_restart_dyn32_phy32_gnu,hercules,gnu,152.95652173913044,13.062170181676267,123,179,14662.391304347826,95069.81975614396,641,645440,46
rap_restart_dyn32_phy32_gnu,ursa,gnu,164.52,206.84068995342324,101,1298,557.18,6.252150650384473,547,567,50
