test_name,machine,compiler,core_mean,core_std,core_min,core_max,mem_mean,mem_std,mem_min,mem_max,n_hashes
rap_sfcdiff_debug_intel,acorn,intel,345.4878048780488,10.146728416636364,331,367,1187.780487804878,3.5178984857578715,1181,1194,41
rap_sfcdiff_debug_intel,derecho,intel,302.34090909090907,6.3901930014823956,296,335,1129.7045454545455,1.5031679021559314,1127,1134,44
rap_sfcdiff_debug_intel,gaeac6,intel,217.4418604651163,49.33138782791019,206,533,6338.837209302325,0.6521113167514243,6338,6342,43
rap_sfcdiff_debug_intel,hercules,intel,266.5,19.354873058511963,243,326,28008.847826086956,181556.51575503882,1226,1232616,46
rap_sfcdiff_debug_intel,orion,intel,304.8666666666667,11.488334003754339,287,342,28250.28888888889,181367.53135535965,1197,1217864,45
rap_sfcdiff_debug_intel,ursa,intel,278.28,135.01776753827772,209,635,1869.94,7.24613901414022,1846,1883,50
rap_sfcdiff_debug_intel,wcoss2,intel,343.5416666666667,3.5726998750473253,337,353,1096.9166666666667,2.3323199420441036,1091,1101,48
