test_name,machine,compiler,core_mean,core_std,core_min,core_max,mem_mean,mem_std,mem_min,mem_max,n_hashes
rap_unified_ugwp_debug_intel,acorn,intel,353.29545454545456,12.318599183149608,338,384,1191.2045454545455,6.9636249096003295,1181,1216,44
rap_unified_ugwp_debug_intel,derecho,intel,309.22727272727275,9.778627944759414,300,364,1130.7272727272727,2.433904283948958,1127,1139,44
rap_unified_ugwp_debug_intel,gaeac6,intel,213.7906976744186,3.3420704983508105,208,227,6338.720930232558,0.45385026875089984,6338,6339,43
rap_unified_ugwp_debug_intel,hera,intel,300.0,2.9439202887759475,296,303,1341.75,2.0615528128088534,1339,1344,4
rap_unified_ugwp_debug_intel,hercules,intel,271.80434782608694,43.29209297330937,247,545,28180.130434782608,182696.0553175816,1231,1240348,46
rap_unified_ugwp_debug_intel,orion,intel,307.9555555555556,6.40296648421494,297,324,28135.066666666666,180596.579127397,1204,1212692,45
rap_unified_ugwp_debug_intel,ursa,intel,295.72,145.37692599668247,213,656,1870.52,8.83693547398806,1835,1891,50
rap_unified_ugwp_debug_intel,wcoss2,intel,351.7916666666667,5.664215155988806,345,375,1109.8125,32.193336333088084,1092,1195,48
