test_name,machine,compiler,core_mean,core_std,core_min,core_max,mem_mean,mem_std,mem_min,mem_max,n_hashes
rap_2threads_dyn32_phy32_gnu,derecho,gnu,400.2888888888889,6.628527267604291,391,419,860.1111111111111,2.155565968942876,850,864,45
rap_2threads_dyn32_phy32_gnu,hera,gnu,444.2,2.9495762407505293,440,448,843.4,2.1908902300206607,840,846,5
rap_2threads_dyn32_phy32_gnu,hercules,gnu,258.54347826086956,25.758456235435606,210,315,834.0652173913044,2.7840990875808984,828,840,46
rap_2threads_dyn32_phy32_gnu,ursa,gnu,151.72,4.42183819934928,146,165,732.1,1.2657175104763996,730,735,50
