test_name,machine,compiler,core_mean,core_std,core_min,core_max,mem_mean,mem_std,mem_min,mem_max,n_hashes
rap_control_dyn32_phy32_intel,acorn,intel,194.47727272727272,7.075962047710152,186,213,887.3636363636364,2.6156141978769414,880,891,44
rap_control_dyn32_phy32_intel,derecho,intel,173.1818181818182,2.9826843479761203,169,181,845.1363636363636,1.6925405301170555,841,848,44
rap_control_dyn32_phy32_intel,gaeac6,intel,130.86046511627907,4.688290354189117,127,149,6338.790697674419,0.4116250914933254,6338,6339,43
rap_control_dyn32_phy32_intel,hera,intel,183.0,1.0,182,184,1111.3333333333333,1.5275252316519219,1110,1113,3
rap_control_dyn32_phy32_intel,hercules,intel,161.7391304347826,29.85999537293162,149,337,23597.543478260868,152892.17557099316,1016,1038020,46
rap_control_dyn32_phy32_intel,orion,intel,228.73333333333332,5.158400033837135,224,245,21883.88888888889,140435.0484146937,927,943016,45
rap_control_dyn32_phy32_intel,ursa,intel,237.24,210.69375783785512,126,755,1781.08,92.95419982607625,1702,2033,50
rap_control_dyn32_phy32_intel,wcoss2,intel,197.08333333333334,6.269932753833058,188,214,807.1458333333334,28.614078950481623,793,892,48
