test_name,machine,compiler,core_mean,core_std,core_min,core_max,mem_mean,mem_std,mem_min,mem_max,n_hashes
rap_clm_lake_debug_gnu,derecho,gnu,161.61363636363637,3.2076645789015985,156,170,964.9090909090909,2.6834391489210128,955,971,44
rap_clm_lake_debug_gnu,hera,gnu,154.5,2.1213203435596424,153,156,952.5,0.7071067811865476,952,953,2
rap_clm_lake_debug_gnu,hercules,gnu,127.23913043478261,9.228421756505389,116,162,21436.739130434784,138981.5860537623,933,943564,46
rap_clm_lake_debug_gnu,ursa,gnu,196.24,282.60728936104954,106,1794,862.94,10.461611067251948,851,880,50
