test_name,machine,compiler,core_mean,core_std,core_min,core_max,mem_mean,mem_std,mem_min,mem_max,n_hashes
rap_restart_dyn32_phy32_gnu,derecho,gnu,137.4090909090909,4.416239491621501,133,156,674.3409090909091,1.952257867762625,671,680,44
rap_restart_dyn32_phy32_gnu,hera,gnu,160.0,,160,160,664.0,,664,664,1
rap_restart_dyn32_phy32_gnu,hercules,gnu,152.19565217391303,13.762460318186646,123,179,14662.326086956522,95069.82958390914,641,645440,46
rap_restart_dyn32_phy32_gnu,ursa,gnu,164.48,206.85282552716419,101,1298,556.92,6.103996683338294,547,567,50
