test_name,machine,compiler,core_mean,core_std,core_min,core_max,mem_mean,mem_std,mem_min,mem_max,n_hashes
rap_sfcdiff_restart_intel,acorn,intel,130.8139534883721,6.959939155294678,121,158,762.6976744186046,1.858505335464269,759,769,43
rap_sfcdiff_restart_intel,derecho,intel,118.9090909090909,5.250994066766574,114,144,826.0454545454545,1.5545065089146144,823,829,44
rap_sfcdiff_restart_intel,gaeac6,intel,83.97674418604652,3.474316459617998,80,97,6338.720930232558,0.5035862528548387,6337,6339,43
rap_sfcdiff_restart_intel,hercules,intel,97.65217391304348,6.443661455016075,93,118,24774.434782608696,160576.26984121246,1076,1090180,46
rap_sfcdiff_restart_intel,orion,intel,140.9777777777778,3.1586021713358723,138,151,23341.533333333333,149765.29872962137,997,1005672,45
rap_sfcdiff_restart_intel,ursa,intel,147.74,160.0878343094114,79,610,1785.28,49.92690166837998,1740,1939,50
rap_sfcdiff_restart_intel,wcoss2,intel,134.35416666666666,4.782457230662971,126,149,673.4166666666666,20.898776644775833,666,772,48
