test_name,machine,compiler,core_mean,core_std,core_min,core_max,mem_mean,mem_std,mem_min,mem_max,n_hashes
rap_control_dyn64_phy32_intel,acorn,intel,245.6818181818182,7.473278684202443,233,265,920.3863636363636,2.2226729047337472,914,924,44
rap_control_dyn64_phy32_intel,derecho,intel,221.95454545454547,3.53687909633223,218,234,880.8181818181819,2.3749930455000374,876,885,44
rap_control_dyn64_phy32_intel,gaeac6,intel,161.37209302325581,11.464278383233873,156,234,6338.767441860465,0.4274625743755982,6338,6339,43
rap_control_dyn64_phy32_intel,hera,intel,226.5,2.1213203435596424,225,228,1116.5,3.5355339059327378,1114,1119,2
rap_control_dyn64_phy32_intel,hercules,intel,206.15217391304347,15.26065003902281,193,262,25206.195652173912,163408.60638338755,1087,1109404,46
rap_control_dyn64_phy32_intel,orion,intel,267.93333333333334,5.114151489205766,263,291,23472.955555555556,150699.04588193403,994,1011928,45
rap_control_dyn64_phy32_intel,ursa,intel,311.58,253.80203517943764,157,822,1847.5,62.985016034751965,1786,2038,50
rap_control_dyn64_phy32_intel,wcoss2,intel,248.02083333333334,8.716552078766235,239,288,836.2083333333334,26.22890912254775,824,923,48
