test_name,machine,compiler,core_mean,core_std,core_min,core_max,mem_mean,mem_std,mem_min,mem_max,n_hashes
rap_lndp_debug_intel,acorn,intel,352.0975609756098,10.650833014484807,335,379,1196.2682926829268,4.722416702515428,1188,1205,41
rap_lndp_debug_intel,derecho,intel,308.15909090909093,13.234808196250652,300,390,1133.0227272727273,1.758549036731119,1129,1138,44
rap_lndp_debug_intel,gaeac6,intel,213.48837209302326,2.3941604853641087,209,218,6338.790697674419,0.67464768706405,6338,6342,43
rap_lndp_debug_intel,hercules,intel,269.8695652173913,16.150140963474495,244,319,28026.82608695652,181662.92628287687,1229,1233340,46
rap_lndp_debug_intel,orion,intel,308.46666666666664,8.41427358718506,295,349,28172.82222222222,180839.63634734612,1198,1214324,45
rap_lndp_debug_intel,ursa,intel,262.22,106.97611596872967,212,614,1870.36,6.473682987957569,1856,1886,50
rap_lndp_debug_intel,wcoss2,intel,349.5416666666667,5.757357303534977,341,370,1102.25,2.9643269122269915,1097,1110,48
