test_name,machine,compiler,core_mean,core_std,core_min,core_max,mem_mean,mem_std,mem_min,mem_max,n_hashes
rap_sfcdiff_restart_intel,acorn,intel,130.97727272727272,6.96666026010339,121,158,762.7727272727273,1.8154842567978375,759,769,44
rap_sfcdiff_restart_intel,derecho,intel,118.0909090909091,3.652448569067453,114,130,825.75,1.586644843834014,823,829,44
rap_sfcdiff_restart_intel,gaeac6,intel,83.48837209302326,3.172591647693125,80,97,6338.697674418605,0.5133866880559812,6337,6339,43
rap_sfcdiff_restart_intel,hera,intel,112.25,2.629955639676582,110,116,1169.75,4.991659710623985,1165,1175,4
rap_sfcdiff_restart_intel,hercules,intel,97.3695652173913,6.563734355963242,92,118,24771.195652173912,160576.75772437296,1076,1090180,46
rap_sfcdiff_restart_intel,orion,intel,140.82222222222222,3.256384560220182,137,151,23338.266666666666,149765.79656256025,997,1005672,45
rap_sfcdiff_restart_intel,ursa,intel,137.32,145.69459810976983,79,590,1782.16,48.68866523585318,1740,1939,50
rap_sfcdiff_restart_intel,wcoss2,intel,134.97916666666666,5.171483113058813,126,149,681.8958333333334,34.11634635555922,666,772,48
