test_name,machine,compiler,core_mean,core_std,core_min,core_max,mem_mean,mem_std,mem_min,mem_max,n_hashes
rap_sfcdiff_intel,acorn,intel,230.88636363636363,6.306939364205359,221,249,1007.2727272727273,2.255367101183159,1003,1011,44
rap_sfcdiff_intel,derecho,intel,199.22727272727272,4.574263882137196,193,221,963.1136363636364,2.334930994358188,952,967,44
rap_sfcdiff_intel,gaeac6,intel,150.3953488372093,5.40343600949883,145,171,6338.767441860465,0.4799409339812395,6338,6340,43
rap_sfcdiff_intel,hera,intel,205.0,1.0,204,206,1164.3333333333333,3.0550504633038624,1161,1167,3
rap_sfcdiff_intel,hercules,intel,178.91304347826087,13.963167560019423,167,222,24985.260869565216,161982.95194967417,1070,1099724,46
rap_sfcdiff_intel,orion,intel,255.9777777777778,5.297893616115445,251,269,24278.8,155870.7900060758,1028,1046656,45
rap_sfcdiff_intel,ursa,intel,249.12,201.19283470017982,144,796,1825.3,82.3584128262882,1745,2067,50
rap_sfcdiff_intel,wcoss2,intel,237.27083333333334,6.04500702473355,227,255,926.7708333333334,29.446120709232627,911,1014,48
