test_name,machine,compiler,core_mean,core_std,core_min,core_max,mem_mean,mem_std,mem_min,mem_max,n_hashes
rap_2threads_dyn32_phy32_gnu,derecho,gnu,400.3863636363636,6.672456083802628,391,419,860.0909090909091,2.1761731059114227,850,864,44
rap_2threads_dyn32_phy32_gnu,hera,gnu,444.5,3.3166247903554056,440,448,842.75,1.8929694486000788,840,844,4
rap_2threads_dyn32_phy32_gnu,hercules,gnu,259.5777777777778,25.064905644137106,210,315,833.9777777777778,2.7509410694664043,828,840,45
rap_2threads_dyn32_phy32_gnu,ursa,gnu,152.06,4.6965467122565805,146,165,732.1,1.2657175104763836,730,735,50
