test_name,machine,compiler,core_mean,core_std,core_min,core_max,mem_mean,mem_std,mem_min,mem_max,n_hashes
rap_restart_gnu,derecho,gnu,146.95454545454547,3.183931644808986,143,159,704.8181818181819,1.482812024855852,702,708,44
rap_restart_gnu,hera,gnu,187.0,2.8284271247461903,185,189,679.5,0.7071067811865476,679,680,2
rap_restart_gnu,hercules,gnu,139.17391304347825,11.624312353045207,131,186,15352.521739130434,99568.14290206574,660,675976,46
rap_restart_gnu,ursa,gnu,172.34,195.46079621536094,108,1405,587.26,10.009811513240969,572,601,50
