test_name,machine,compiler,core_mean,core_std,core_min,core_max,mem_mean,mem_std,mem_min,mem_max,n_hashes
rap_decomp_intel,acorn,intel,238.13333333333333,7.040790244903427,224,253,1015.2888888888889,2.5550504551344115,1011,1020,45
rap_decomp_intel,derecho,intel,206.57777777777778,3.7263733825072562,197,213,962.9555555555555,4.547504588210749,939,966,45
rap_decomp_intel,gaeac6,intel,154.29545454545453,3.75765603246904,149,166,6338.818181818182,0.3901536532574163,6338,6339,44
rap_decomp_intel,hera,intel,214.2,2.167948338867879,212,217,1149.6,6.655824516917522,1138,1154,5
rap_decomp_intel,hercules,intel,192.53191489361703,34.16128692708075,175,399,23596.44680851064,154410.14095158168,1058,1059656,47
rap_decomp_intel,orion,intel,268.0652173913044,5.4463124075451,262,285,23470.217391304348,152155.96392618743,1028,1033008,46
rap_decomp_intel,ursa,intel,267.92,218.90868844692073,151,874,1742.1,48.569432732103884,1686,1926,50
rap_decomp_intel,wcoss2,intel,247.40816326530611,8.876275418559443,237,279,934.4897959183673,35.728211570701575,908,1022,49
