test_name,machine,compiler,core_mean,core_std,core_min,core_max,mem_mean,mem_std,mem_min,mem_max,n_hashes
rap_control_dyn64_phy32_debug_intel,acorn,intel,342.8181818181818,14.441981322668765,321,378,1099.5,2.297622633819985,1094,1106,44
rap_control_dyn64_phy32_debug_intel,derecho,intel,303.8863636363636,36.83793286949271,289,541,1049.159090909091,3.4838042679793113,1037,1055,44
rap_control_dyn64_phy32_debug_intel,gaeac6,intel,207.93023255813952,4.458247300481217,202,225,6338.837209302325,0.6521113167516875,6338,6341,43
rap_control_dyn64_phy32_debug_intel,hera,intel,294.0,,294,294,1295.0,,1295,1295,1
rap_control_dyn64_phy32_debug_intel,hercules,intel,276.4130434782609,46.826192142127056,244,570,27553.130434782608,178639.16699743696,1204,1212804,46
rap_control_dyn64_phy32_debug_intel,orion,intel,305.02222222222224,6.583342922892906,294,330,27374.2,175740.5814201458,1162,1180080,45
rap_control_dyn64_phy32_debug_intel,ursa,intel,305.1,162.36507742537165,205,660,1862.58,13.669704324766144,1839,1904,50
rap_control_dyn64_phy32_debug_intel,wcoss2,intel,339.4583333333333,10.774197572595995,332,406,1013.9583333333334,23.839854288192896,1004,1107,48
