test_name,machine,compiler,core_mean,core_std,core_min,core_max,mem_mean,mem_std,mem_min,mem_max,n_hashes
rap_control_dyn64_phy32_debug_intel,acorn,intel,342.9767441860465,14.574093734943055,321,378,1099.4418604651162,2.2918315152628863,1094,1106,43
rap_control_dyn64_phy32_debug_intel,derecho,intel,303.75,36.859964415937604,289,541,1049.0227272727273,3.3652715869782286,1037,1055,44
rap_control_dyn64_phy32_debug_intel,gaeac6,intel,208.0,4.402380308532236,202,225,6338.837209302325,0.6521113167517449,6338,6341,43
rap_control_dyn64_phy32_debug_intel,hercules,intel,276.6521739130435,46.721499876658896,244,570,27553.282608695652,178639.14406045413,1204,1212804,46
rap_control_dyn64_phy32_debug_intel,orion,intel,305.1333333333333,6.573362222568527,294,330,27374.088888888888,175740.59835797534,1162,1180080,45
rap_control_dyn64_phy32_debug_intel,ursa,intel,305.0,162.42511618388005,205,660,1862.16,13.66562796782875,1839,1904,50
rap_control_dyn64_phy32_debug_intel,wcoss2,intel,339.5416666666667,10.793927239342814,332,406,1011.8333333333334,19.52557878656499,1004,1104,48
