test_name,machine,compiler,core_mean,core_std,core_min,core_max,mem_mean,mem_std,mem_min,mem_max,n_hashes
rap_sfcdiff_gnu,derecho,gnu,262.1818181818182,9.155688858726098,256,318,954.75,2.0130388921715956,951,959,44
rap_sfcdiff_gnu,hera,gnu,355.0,,355,355,938.0,,938,938,1
rap_sfcdiff_gnu,hercules,gnu,264.4130434782609,20.664060144185402,247,348,21237.043478260868,137704.65354550284,925,934892,46
rap_sfcdiff_gnu,ursa,gnu,272.08,153.46751833425034,207,796,854.6,10.413883982061428,844,869,50
