test_name,machine,compiler,core_mean,core_std,core_min,core_max,mem_mean,mem_std,mem_min,mem_max,n_hashes
rap_progcld_thompson_debug_gnu,derecho,gnu,160.54545454545453,2.97629819597671,156,169,964.2727272727273,4.751321169329905,939,972,44
rap_progcld_thompson_debug_gnu,hercules,gnu,130.6086956521739,22.016638416201474,116,266,21435.17391304348,138986.04212482861,934,943592,46
rap_progcld_thompson_debug_gnu,ursa,gnu,135.1,106.1083870196808,107,815,863.46,10.924994746180918,853,878,50
