test_name,machine,compiler,core_mean,core_std,core_min,core_max,mem_mean,mem_std,mem_min,mem_max,n_hashes
rap_unified_ugwp_debug_intel,acorn,intel,353.83720930232556,12.206419529938513,338,384,1192.0232558139535,7.092881649912719,1181,1216,43
rap_unified_ugwp_debug_intel,derecho,intel,311.04545454545456,17.609398317117737,302,421,1131.1818181818182,3.082378478132195,1127,1141,44
rap_unified_ugwp_debug_intel,gaeac6,intel,214.06976744186048,3.1426054464803697,210,227,6338.720930232558,0.45385026875076695,6338,6339,43
rap_unified_ugwp_debug_intel,hercules,intel,274.5869565217391,43.67688230985791,247,545,28181.021739130436,182695.92098511537,1231,1240348,46
rap_unified_ugwp_debug_intel,orion,intel,308.4,6.347512039445779,297,324,28136.155555555557,180596.41313537105,1204,1212692,45
rap_unified_ugwp_debug_intel,ursa,intel,311.38,156.6270612842194,213,656,1870.4,9.059891426118844,1835,1891,50
rap_unified_ugwp_debug_intel,wcoss2,intel,351.4791666666667,5.546666943705671,345,375,1101.8541666666667,19.792529843065928,1092,1195,48
