test_name,machine,compiler,core_mean,core_std,core_min,core_max,mem_mean,mem_std,mem_min,mem_max,n_hashes
rap_lndp_debug_intel,acorn,intel,351.85714285714283,10.634897521658011,335,379,1196.2142857142858,4.677583878539016,1188,1205,42
rap_lndp_debug_intel,derecho,intel,308.0,13.2787643022741,300,390,1133.0681818181818,1.7306770724096077,1129,1138,44
rap_lndp_debug_intel,gaeac6,intel,213.37209302325581,2.390688840898744,209,218,6338.767441860465,0.6844256995510336,6338,6342,43
rap_lndp_debug_intel,hercules,intel,268.95652173913044,16.23159678834823,244,319,28026.521739130436,181662.9721621564,1229,1233340,46
rap_lndp_debug_intel,orion,intel,308.2888888888889,8.550976079909924,295,349,28172.444444444445,180839.69392626008,1198,1214324,45
rap_lndp_debug_intel,ursa,intel,262.12,107.01490264330056,212,614,1870.16,6.637432500905891,1856,1886,50
rap_lndp_debug_intel,wcoss2,intel,349.6666666666667,5.832168070037344,341,370,1104.3541666666667,14.694751680459056,1097,1202,48
