test_name,machine,compiler,core_mean,core_std,core_min,core_max,mem_mean,mem_std,mem_min,mem_max,n_hashes
rap_control_gnu,derecho,gnu,263.0,9.034816377588646,257,317,955.3181818181819,2.0089651075572346,952,960,44
rap_control_gnu,hera,gnu,355.0,,355,355,940.0,,940,940,1
rap_control_gnu,hercules,gnu,266.6304347826087,27.348255029162218,248,387,21232.782608695652,137672.74052410794,927,934676,46
rap_control_gnu,ursa,gnu,301.32,245.11658533882044,206,1543,855.0,10.881551510023957,844,871,50
