test_name,machine,compiler,core_mean,core_std,core_min,core_max,mem_mean,mem_std,mem_min,mem_max,n_hashes
rap_sfcdiff_gnu,derecho,gnu,262.20454545454544,9.143760219481605,256,318,954.7272727272727,1.9808811330882456,951,959,44
rap_sfcdiff_gnu,hercules,gnu,264.5217391304348,20.631948397715377,247,348,21236.82608695652,137704.68631278464,925,934892,46
rap_sfcdiff_gnu,ursa,gnu,273.24,153.192230846857,207,796,855.08,10.514984448832221,844,869,50
