test_name,machine,compiler,core_mean,core_std,core_min,core_max,mem_mean,mem_std,mem_min,mem_max,n_hashes
rap_control_dyn64_phy32_intel,acorn,intel,245.2439024390244,7.706427472587025,233,265,920.390243902439,2.2569675316726516,914,924,41
rap_control_dyn64_phy32_intel,derecho,intel,235.61363636363637,86.69063303631359,218,797,880.5227272727273,2.5010568590621745,876,886,44
rap_control_dyn64_phy32_intel,gaeac6,intel,159.62790697674419,1.7046610585315685,156,164,6338.7441860465115,0.44148144844890735,6338,6339,43
rap_control_dyn64_phy32_intel,hercules,intel,206.41304347826087,14.94817132919464,193,262,25207.260869565216,163408.4459063559,1087,1109404,46
rap_control_dyn64_phy32_intel,orion,intel,268.26666666666665,5.087417633909967,263,291,23473.066666666666,150699.0289279807,1001,1011928,45
rap_control_dyn64_phy32_intel,ursa,intel,300.42,247.20718320585152,157,822,1845.06,63.70128310629038,1786,2038,50
rap_control_dyn64_phy32_intel,wcoss2,intel,248.02083333333334,8.716552078766235,239,288,828.375,2.284312830236503,824,832,48
