test_name,machine,compiler,core_mean,core_std,core_min,core_max,mem_mean,mem_std,mem_min,mem_max,n_hashes
rap_control_dyn64_phy32_gnu,derecho,gnu,280.25,11.091846995313357,272,346,843.3181818181819,2.6569148682891894,838,848,44
rap_control_dyn64_phy32_gnu,hercules,gnu,292.5869565217391,39.59774184748784,262,439,18516.304347826088,120017.65414542971,815,814820,46
rap_control_dyn64_phy32_gnu,ursa,gnu,321.86,234.9638278717881,215,1284,738.2,6.197431989566828,731,747,50
