test_name,machine,compiler,core_mean,core_std,core_min,core_max,mem_mean,mem_std,mem_min,mem_max,n_hashes
rap_control_debug_gnu,derecho,gnu,162.4318181818182,9.544017308491116,155,220,963.8636363636364,2.387865730817878,960,972,44
rap_control_debug_gnu,hera,gnu,154.33333333333334,3.7859388972001797,150,157,949.3333333333334,2.3094010767584865,948,952,3
rap_control_debug_gnu,hercules,gnu,127.76086956521739,6.989467576634933,116,145,21409.91304347826,138811.3987048336,933,942408,46
rap_control_debug_gnu,ursa,gnu,144.52,107.76055088264262,107,790,861.48,10.746124123304547,847,879,50
