test_name,machine,compiler,core_mean,core_std,core_min,core_max,mem_mean,mem_std,mem_min,mem_max,n_hashes
rap_control_dyn32_phy32_gnu,derecho,gnu,242.20454545454547,4.049573882002016,235,254,811.6136363636364,2.3149253751688463,808,819,44
rap_control_dyn32_phy32_gnu,hercules,gnu,294.3695652173913,25.395851538436734,240,390,17924.434782608696,116208.07507640045,785,788952,46
rap_control_dyn32_phy32_gnu,ursa,gnu,276.9,240.51825421835426,191,1640,711.42,6.433617067515759,704,720,50
