test_name,machine,compiler,core_mean,core_std,core_min,core_max,mem_mean,mem_std,mem_min,mem_max,n_hashes
rap_diag_debug_gnu,derecho,gnu,172.1818181818182,3.0974312483518305,167,179,1051.909090909091,1.9978847164890585,1048,1056,44
rap_diag_debug_gnu,hera,gnu,168.33333333333334,5.859465277082311,164,175,1033.6666666666667,3.785938897200195,1031,1038,3
rap_diag_debug_gnu,hercules,gnu,136.06521739130434,7.141124013340825,124,152,23392.456521739132,151664.8871322278,1020,1029672,46
rap_diag_debug_gnu,ursa,gnu,163.72,193.86656888337464,119,1468,948.28,10.406120647906011,938,965,50
