test_name,machine,compiler,core_mean,core_std,core_min,core_max,mem_mean,mem_std,mem_min,mem_max,n_hashes
rap_restart_gnu,derecho,gnu,146.95454545454547,3.18393164480899,143,159,704.75,1.4487364181597704,702,708,44
rap_restart_gnu,hera,gnu,188.0,2.6457513110645907,185,190,681.0,2.6457513110645907,679,684,3
rap_restart_gnu,hercules,gnu,139.69565217391303,11.831914591415492,131,186,15352.869565217392,99568.09047048238,660,675976,46
rap_restart_gnu,ursa,gnu,172.32,195.46725181117233,108,1405,586.86,9.84784240328812,572,601,50
