test_name,machine,compiler,core_mean,core_std,core_min,core_max,mem_mean,mem_std,mem_min,mem_max,n_hashes
rap_cires_ugwp_debug_intel,acorn,intel,352.22727272727275,10.142848635147697,339,381,1190.6363636363637,6.046682384968827,1181,1201,44
rap_cires_ugwp_debug_intel,derecho,intel,310.8181818181818,18.661330154331555,288,426,1130.8863636363637,4.4104311295399,1111,1137,44
rap_cires_ugwp_debug_intel,gaeac6,intel,214.72093023255815,2.7020766387508863,209,222,6338.860465116279,0.6392478969493992,6338,6342,43
rap_cires_ugwp_debug_intel,hera,intel,299.0,1.7320508075688772,298,301,1343.6666666666667,5.131601439446915,1338,1348,3
rap_cires_ugwp_debug_intel,hercules,intel,270.7826086956522,43.887185192885056,244,545,28155.521739130436,182559.89755873295,1231,1239420,46
rap_cires_ugwp_debug_intel,orion,intel,307.7111111111111,7.375087741303101,297,333,28144.222222222223,180653.7276500504,1199,1213076,45
rap_cires_ugwp_debug_intel,ursa,intel,272.8,120.74023389753994,213,630,1870.82,7.130532223888887,1854,1886,50
rap_cires_ugwp_debug_intel,wcoss2,intel,351.1666666666667,5.673129397706402,344,375,1109.2708333333333,28.757045081926954,1092,1195,48
