test_name,machine,compiler,core_mean,core_std,core_min,core_max,mem_mean,mem_std,mem_min,mem_max,n_hashes
rap_sfcdiff_gnu,derecho,gnu,262.1136363636364,9.183442909859405,256,318,954.8409090909091,1.9993392143077486,951,959,44
rap_sfcdiff_gnu,hera,gnu,357.6666666666667,3.0550504633038855,355,361,936.3333333333334,3.785938897200199,932,939,3
rap_sfcdiff_gnu,hercules,gnu,266.04347826086956,21.656876271869695,247,348,21236.869565217392,137704.67972627486,925,934892,46
rap_sfcdiff_gnu,ursa,gnu,271.3,153.71139800792596,206,796,854.22,10.390910470606688,844,871,50
