test_name,machine,compiler,core_mean,core_std,core_min,core_max,mem_mean,mem_std,mem_min,mem_max,n_hashes
rap_flake_debug_gnu,derecho,gnu,160.0,0.0,160,160,963.3333333333334,1.5275252316519312,962,965,3
rap_flake_debug_gnu,hera,gnu,156.66666666666666,4.509249752822891,152,161,948.3333333333334,1.1547005383792432,947,949,3
rap_flake_debug_gnu,hercules,gnu,119.0,4.58257569495584,115,124,948.6666666666666,1.1547005383792432,948,950,3
rap_flake_debug_gnu,ursa,gnu,127.33333333333333,25.92939130279254,109,157,855.0,1.0,854,856,3
