test_name,machine,compiler,core_mean,core_std,core_min,core_max,mem_mean,mem_std,mem_min,mem_max,n_hashes
rap_sfcdiff_restart_gnu,derecho,gnu,146.5909090909091,2.3949382845685565,143,155,703.0909090909091,1.2541685250466947,701,707,44
rap_sfcdiff_restart_gnu,hera,gnu,184.5,0.7071067811865476,184,185,675.0,8.48528137423857,669,681,2
rap_sfcdiff_restart_gnu,hercules,gnu,140.95652173913044,17.735033153794316,130,234,15343.347826086956,99517.07557605207,658,675628,46
rap_sfcdiff_restart_gnu,ursa,gnu,154.66,118.19347853137643,108,795,587.34,9.770029139555088,575,601,50
