test_name,machine,compiler,core_mean,core_std,core_min,core_max,mem_mean,mem_std,mem_min,mem_max,n_hashes
rap_2threads_dyn32_phy32_intel,acorn,intel,178.3409090909091,7.294289521224828,164,195,937.5,4.727455680310749,928,951,44
rap_2threads_dyn32_phy32_intel,derecho,intel,298.1136363636364,3.936802557447015,291,313,895.4545454545455,4.637835027474765,884,909,44
rap_2threads_dyn32_phy32_intel,gaeac6,intel,148.3953488372093,3.7930985881235446,145,171,6338.488372093023,0.7027867326460557,6337,6339,43
rap_2threads_dyn32_phy32_intel,hera,intel,261.0,0.0,261,261,1025.5,10.606601717798213,1018,1033,2
rap_2threads_dyn32_phy32_intel,hercules,intel,231.15217391304347,18.337535750239297,221,349,24733.152173913044,160363.0453130878,1076,1088724,46
rap_2threads_dyn32_phy32_intel,orion,intel,247.35555555555555,18.504490309548153,238,357,22621.555555555555,145204.93571932233,954,975040,45
rap_2threads_dyn32_phy32_intel,ursa,intel,102.52,2.215345368569157,100,109,1066.54,4.463959988117134,1052,1076,50
rap_2threads_dyn32_phy32_intel,wcoss2,intel,176.875,6.097174092552516,170,203,852.2708333333334,27.32058656681092,838,946,48
