test_name,machine,compiler,core_mean,core_std,core_min,core_max,mem_mean,mem_std,mem_min,mem_max,n_hashes
rap_control_dyn64_phy32_debug_gnu,derecho,gnu,164.11111111111111,15.047232035134966,155,253,849.0444444444445,2.088448266444688,845,853,45
rap_control_dyn64_phy32_debug_gnu,hera,gnu,155.2,5.263078946776306,150,164,830.0,1.224744871391589,828,831,5
rap_control_dyn64_phy32_debug_gnu,hercules,gnu,133.0212765957447,32.88351599847302,115,305,18323.31914893617,119951.99977692282,822,823176,47
rap_control_dyn64_phy32_debug_gnu,ursa,gnu,218.62,272.6608037059067,108,1621,744.24,7.141599889352036,729,771,50
