test_name,machine,compiler,core_mean,core_std,core_min,core_max,mem_mean,mem_std,mem_min,mem_max,n_hashes
rap_diag_debug_gnu,derecho,gnu,172.22727272727272,3.09435822976633,167,179,1051.8181818181818,2.082850543072662,1048,1056,44
rap_diag_debug_gnu,hera,gnu,167.5,5.066228051190219,164,175,1034.75,3.7749172176353722,1031,1038,4
rap_diag_debug_gnu,hercules,gnu,136.1086956521739,7.103139402544523,124,152,23392.652173913044,151664.85764213692,1020,1029672,46
rap_diag_debug_gnu,ursa,gnu,163.66,193.87989233817214,119,1468,947.82,10.249320534970634,938,965,50
