test_name,machine,compiler,core_mean,core_std,core_min,core_max,mem_mean,mem_std,mem_min,mem_max,n_hashes
rap_restart_dyn32_phy32_intel,acorn,intel,115.45454545454545,6.289358104765449,106,130,729.9318181818181,2.4815386006746527,725,734,44
rap_restart_dyn32_phy32_intel,derecho,intel,104.93181818181819,2.182357667622148,101,113,735.2272727272727,2.8190682640507982,728,739,44
rap_restart_dyn32_phy32_intel,gaeac6,intel,73.46511627906976,2.039477491549787,71,84,6338.767441860465,0.4274625743756367,6338,6339,43
rap_restart_dyn32_phy32_intel,hera,intel,102.0,4.242640687119285,99,105,1064.5,3.5355339059327378,1062,1067,2
rap_restart_dyn32_phy32_intel,hercules,intel,88.5,7.132866028307121,83,116,22294.239130434784,144549.5026599976,958,981364,46
rap_restart_dyn32_phy32_intel,orion,intel,126.4,3.271085446759227,123,138,20599.355555555554,132128.54334823063,881,887248,45
rap_restart_dyn32_phy32_intel,ursa,intel,209.56,189.0019069118789,69,552,1680.18,52.60856219596327,1624,1810,50
rap_restart_dyn32_phy32_intel,wcoss2,intel,114.39583333333333,7.012874432172476,108,152,642.8541666666666,26.979889739482072,629,734,48
