test_name,machine,compiler,core_mean,core_std,core_min,core_max,mem_mean,mem_std,mem_min,mem_max,n_hashes
rap_control_dyn64_phy32_intel,acorn,intel,245.1627906976744,7.536988891486289,233,265,920.3953488372093,2.2268869460871885,914,924,43
rap_control_dyn64_phy32_intel,derecho,intel,235.11363636363637,86.7474859656063,218,797,880.5909090909091,2.295781589747216,876,885,44
rap_control_dyn64_phy32_intel,gaeac6,intel,159.58139534883722,1.7214688929811244,156,164,6338.767441860465,0.42746257437553353,6338,6339,43
rap_control_dyn64_phy32_intel,hercules,intel,206.45652173913044,15.128643211161666,193,262,25206.630434782608,163408.54088332085,1087,1109404,46
rap_control_dyn64_phy32_intel,orion,intel,268.0444444444444,5.05854612402506,263,291,23472.82222222222,150699.06620997554,994,1011928,45
rap_control_dyn64_phy32_intel,ursa,intel,300.34,247.2528747691979,157,822,1845.32,63.460879802490275,1786,2038,50
rap_control_dyn64_phy32_intel,wcoss2,intel,247.91666666666666,8.705179024234457,239,288,832.3333333333334,19.12259812016264,824,923,48
