test_name,machine,compiler,core_mean,core_std,core_min,core_max,mem_mean,mem_std,mem_min,mem_max,n_hashes
rap_2threads_intel,acorn,intel,211.4,6.760177512462234,199,229,1081.111111111111,5.077679419068135,1070,1093,45
rap_2threads_intel,derecho,intel,346.2888888888889,5.798205922455008,335,357,1041.0444444444445,3.4572424347339465,1037,1053,45
rap_2threads_intel,gaeac6,intel,169.5,2.9134810953605434,165,179,6338.613636363636,0.6893174612380083,6337,6341,44
rap_2threads_intel,hera,intel,302.8,5.761944116355175,298,310,1169.0,8.916277250063523,1155,1178,5
rap_2threads_intel,hercules,intel,270.4255319148936,6.299567551931661,261,289,25848.76595744681,169177.76893863076,1155,1160996,47
rap_2threads_intel,orion,intel,273.0652173913044,7.4189013080345685,266,305,25441.521739130436,164956.2849681008,1096,1119908,46
rap_2threads_intel,ursa,intel,123.08,3.8852940949279025,117,136,1171.06,1.8561535826673883,1168,1176,50
rap_2threads_intel,wcoss2,intel,219.3265306122449,11.126896383504777,207,275,999.1632653061224,35.14929286793193,976,1086,49
