test_name,machine,compiler,core_mean,core_std,core_min,core_max,mem_mean,mem_std,mem_min,mem_max,n_hashes
rap_2threads_dyn32_phy32_gnu,derecho,gnu,400.84090909090907,6.331696498544654,392,419,859.7954545454545,2.3285842135826433,850,864,44
rap_2threads_dyn32_phy32_gnu,hercules,gnu,265.93333333333334,18.788778082094137,213,315,833.6222222222223,2.8864014154848667,828,840,45
rap_2threads_dyn32_phy32_gnu,ursa,gnu,154.74,13.754123685911322,146,244,732.08,1.209486313629556,730,734,50
