test_name,machine,compiler,core_mean,core_std,core_min,core_max,mem_mean,mem_std,mem_min,mem_max,n_hashes
rap_control_dyn64_phy32_intel,acorn,intel,245.25,7.471262774247777,233,265,920.4090909090909,2.202727503950447,914,924,44
rap_control_dyn64_phy32_intel,derecho,intel,235.0909090909091,86.75193669356649,218,797,880.7045454545455,2.3385499925494933,876,885,44
rap_control_dyn64_phy32_intel,gaeac6,intel,161.34883720930233,11.470217586117021,156,234,6338.767441860465,0.4274625743755687,6338,6339,43
rap_control_dyn64_phy32_intel,hera,intel,225.0,,225,225,1114.0,,1114,1114,1
rap_control_dyn64_phy32_intel,hercules,intel,206.32608695652175,15.176084032781583,193,262,25206.391304347828,163408.57690783392,1087,1109404,46
rap_control_dyn64_phy32_intel,orion,intel,267.93333333333334,5.114151489205747,263,291,23472.977777777778,150699.0424935632,994,1011928,45
rap_control_dyn64_phy32_intel,ursa,intel,311.74,253.7063874253232,157,822,1846.88,63.28253458635694,1786,2038,50
rap_control_dyn64_phy32_intel,wcoss2,intel,247.95833333333334,8.720136474955192,239,288,834.25,23.08402782067142,824,923,48
