test_name,machine,compiler,core_mean,core_std,core_min,core_max,mem_mean,mem_std,mem_min,mem_max,n_hashes
rap_unified_drag_suite_debug_intel,acorn,intel,346.90909090909093,10.286179894827416,332,375,1191.1818181818182,5.843990064429355,1180,1201,44
rap_unified_drag_suite_debug_intel,derecho,intel,306.3181818181818,19.432378551073455,295,428,1129.909090909091,1.6680051003516956,1127,1133,44
rap_unified_drag_suite_debug_intel,gaeac6,intel,210.41860465116278,2.8303841076999974,206,219,6338.813953488372,0.3937496154793439,6338,6339,43
rap_unified_drag_suite_debug_intel,hera,intel,297.0,4.242640687119285,294,300,1346.0,2.8284271247461903,1344,1348,2
rap_unified_drag_suite_debug_intel,hercules,intel,262.60869565217394,12.201053253022534,245,296,28100.5,182167.27933044275,1231,1236760,46
rap_unified_drag_suite_debug_intel,orion,intel,302.1111111111111,7.4961269460914455,289,322,28143.28888888889,180644.7223788906,1199,1213016,45
rap_unified_drag_suite_debug_intel,ursa,intel,283.68,139.4902439716316,209,636,1868.34,6.900488004038365,1848,1885,50
rap_unified_drag_suite_debug_intel,wcoss2,intel,344.3125,4.2182796231074375,338,355,1106.0416666666667,26.6745223358165,1092,1194,48
