test_name,machine,compiler,core_mean,core_std,core_min,core_max,mem_mean,mem_std,mem_min,mem_max,n_hashes
rap_progcld_thompson_debug_intel,acorn,intel,346.0975609756098,12.045341170030802,331,370,1191.121951219512,6.013298271128956,1181,1200,41
rap_progcld_thompson_debug_intel,derecho,intel,304.0681818181818,11.90543695861163,297,377,1129.75,3.444746590065433,1111,1136,44
rap_progcld_thompson_debug_intel,gaeac6,intel,209.97674418604652,2.558723380469842,205,217,6338.7441860465115,0.44148144844888054,6338,6339,43
rap_progcld_thompson_debug_intel,hercules,intel,271.5869565217391,47.0076003722124,242,562,28011.717391304348,181569.3464954507,1227,1232704,46
rap_progcld_thompson_debug_intel,orion,intel,303.2888888888889,6.696750304921384,290,326,28158.222222222223,180738.7998624596,1201,1213648,45
rap_progcld_thompson_debug_intel,ursa,intel,305.88,161.08631733531274,208,674,1869.7,7.245688373094672,1857,1891,50
rap_progcld_thompson_debug_intel,wcoss2,intel,344.1458333333333,4.793566536707699,338,363,1098.5,2.133820866277605,1093,1103,48
