test_name,machine,compiler,core_mean,core_std,core_min,core_max,mem_mean,mem_std,mem_min,mem_max,n_hashes
rap_sfcdiff_restart_intel,acorn,intel,130.8095238095238,7.044243784780525,121,158,762.7142857142857,1.8777998839549632,759,769,42
rap_sfcdiff_restart_intel,derecho,intel,118.81818181818181,5.301481702811311,114,144,826.1363636363636,1.6079874622170154,823,829,44
rap_sfcdiff_restart_intel,gaeac6,intel,83.65116279069767,2.8190146955666258,80,91,6338.720930232558,0.5035862528547407,6337,6339,43
rap_sfcdiff_restart_intel,hercules,intel,97.69565217391305,6.425191965026386,93,118,24775.304347826088,160576.13885808803,1076,1090180,46
rap_sfcdiff_restart_intel,orion,intel,141.0,3.140642667295394,138,151,23342.533333333333,149765.14633291078,997,1005672,45
rap_sfcdiff_restart_intel,ursa,intel,147.8,160.06210529360288,79,610,1785.0,50.12189223914691,1740,1939,50
rap_sfcdiff_restart_intel,wcoss2,intel,134.66666666666666,5.582393802606184,126,155,671.2083333333334,15.038897556546884,666,772,48
