test_name,machine,compiler,core_mean,core_std,core_min,core_max,mem_mean,mem_std,mem_min,mem_max,n_hashes
rap_sfcdiff_restart_gnu,derecho,gnu,146.24444444444444,2.0577520342216675,143,151,703.0222222222222,1.215223303252389,701,707,45
rap_sfcdiff_restart_gnu,hera,gnu,185.0,0.7071067811865476,184,186,675.4,5.504543577809156,669,681,5
rap_sfcdiff_restart_gnu,hercules,gnu,142.25531914893617,17.861140823764988,130,234,15031.808510638299,98452.59402717598,658,675628,47
rap_sfcdiff_restart_gnu,ursa,gnu,140.96,73.82963289816327,108,423,586.24,9.388573167550572,575,601,50
