test_name,machine,compiler,core_mean,core_std,core_min,core_max,mem_mean,mem_std,mem_min,mem_max,n_hashes
rap_noah_debug_intel,acorn,intel,340.8181818181818,10.413034602871189,323,370,1188.2272727272727,3.1612746646384564,1182,1193,44
rap_noah_debug_intel,derecho,intel,299.3863636363636,18.308996275298096,290,410,1127.5454545454545,4.896389488300783,1098,1132,44
rap_noah_debug_intel,gaeac6,intel,206.62790697674419,3.885401589919651,202,226,6338.860465116279,0.6392478969494079,6338,6342,43
rap_noah_debug_intel,hera,intel,291.25,1.7078251276599345,289,293,1338.75,3.3040379335998376,1335,1343,4
rap_noah_debug_intel,hercules,intel,257.30434782608694,14.926292335960433,240,292,28149.239130434784,182507.79166419592,1223,1239068,46
rap_noah_debug_intel,orion,intel,297.8888888888889,8.783306020312903,283,336,28226.555555555555,181218.69053408617,1196,1216864,45
rap_noah_debug_intel,ursa,intel,265.84,128.68429331872161,204,629,1867.1,6.813102622663073,1845,1885,50
rap_noah_debug_intel,wcoss2,intel,338.3333333333333,4.86556870933381,329,352,1109.5,32.0179470948748,1092,1194,48
