test_name,machine,compiler,core_mean,core_std,core_min,core_max,mem_mean,mem_std,mem_min,mem_max,n_hashes
rap_control_debug_intel,acorn,intel,348.54545454545456,12.333457135161348,332,375,1190.9318181818182,5.888094915472799,1182,1203,44
rap_control_debug_intel,derecho,intel,302.0,4.600303326702955,295,317,1129.6136363636363,3.773936992430188,1107,1133,44
rap_control_debug_intel,gaeac6,intel,210.09302325581396,1.973804080212959,207,215,6338.767441860465,0.6844256995510178,6338,6342,43
rap_control_debug_intel,hera,intel,292.3333333333333,1.1547005383792557,291,293,1342.3333333333333,2.081665999466101,1340,1344,3
rap_control_debug_intel,hercules,intel,260.89130434782606,13.020032873946468,241,296,27931.934782608696,181033.96181703982,1230,1229072,46
rap_control_debug_intel,orion,intel,303.4222222222222,6.471928505929148,287,317,28015.066666666666,179789.15530311916,1201,1207276,45
rap_control_debug_intel,ursa,intel,257.86,118.73362572393303,207,687,1867.48,7.728135715206668,1852,1894,50
rap_control_debug_intel,wcoss2,intel,343.5208333333333,3.6785148676069914,338,355,1107.9791666666667,29.366712653219004,1092,1195,48
