test_name,machine,compiler,core_mean,core_std,core_min,core_max,mem_mean,mem_std,mem_min,mem_max,n_hashes
rap_sfcdiff_debug_intel,acorn,intel,345.3095238095238,10.088602831154837,331,367,1187.7380952380952,3.4855767189776774,1181,1194,42
rap_sfcdiff_debug_intel,derecho,intel,302.22727272727275,6.440654438666049,296,335,1129.6818181818182,1.5215158792548555,1127,1134,44
rap_sfcdiff_debug_intel,gaeac6,intel,217.34883720930233,49.339872662280065,206,533,6338.860465116279,0.6392478969493292,6338,6342,43
rap_sfcdiff_debug_intel,hercules,intel,266.39130434782606,19.39470518909686,243,326,28008.5,181556.56818398074,1226,1232616,46
rap_sfcdiff_debug_intel,orion,intel,304.73333333333335,11.556973494978534,287,342,28250.133333333335,181367.55507213925,1197,1217864,45
rap_sfcdiff_debug_intel,ursa,intel,285.32,141.01388555162694,209,635,1870.04,7.309373350398164,1846,1883,50
rap_sfcdiff_debug_intel,wcoss2,intel,343.3958333333333,3.5294480511971362,337,353,1098.9375,14.2057918215281,1091,1194,48
