test_name,machine,compiler,core_mean,core_std,core_min,core_max,mem_mean,mem_std,mem_min,mem_max,n_hashes
rap_2threads_dyn32_phy32_intel,acorn,intel,178.3111111111111,7.204235566735046,164,195,937.7333333333333,4.98360949878335,928,951,45
rap_2threads_dyn32_phy32_intel,derecho,intel,297.7111111111111,3.835374950392851,291,313,895.9333333333333,4.872930796292356,884,909,45
rap_2threads_dyn32_phy32_intel,gaeac6,intel,148.36363636363637,3.760819486964333,145,171,6338.477272727273,0.6984579814112899,6337,6339,44
rap_2threads_dyn32_phy32_intel,hera,intel,262.8,3.2710854467592223,260,268,1028.4,6.8044103344816005,1018,1034,5
rap_2threads_dyn32_phy32_intel,hercules,intel,230.9787234042553,18.140142084796747,221,349,24228.425531914894,158648.130319317,1066,1088724,47
rap_2threads_dyn32_phy32_intel,orion,intel,247.2391304347826,18.36201971777457,238,357,22151.217391304348,143617.9151070124,954,975040,46
rap_2threads_dyn32_phy32_intel,ursa,intel,102.26,2.164745354303731,100,109,1066.3,4.482391854210574,1052,1076,50
rap_2threads_dyn32_phy32_intel,wcoss2,intel,177.12244897959184,6.163172387460132,170,203,858.265306122449,34.55838990643474,838,952,49
