test_name,machine,compiler,core_mean,core_std,core_min,core_max,mem_mean,mem_std,mem_min,mem_max,n_hashes
rap_control_gnu,derecho,gnu,263.02272727272725,9.02319655720391,257,317,955.3181818181819,2.008965107557301,952,960,44
rap_control_gnu,hercules,gnu,266.80434782608694,27.271979568143156,248,387,21232.630434782608,137672.76346231042,927,934676,46
rap_control_gnu,ursa,gnu,301.36,245.10137511167216,206,1543,855.44,10.995657770043474,844,871,50
