test_name,machine,compiler,core_mean,core_std,core_min,core_max,mem_mean,mem_std,mem_min,mem_max,n_hashes
rap_noah_debug_intel,acorn,intel,340.8181818181818,10.52410903763069,323,370,1188.3863636363637,3.200406290275163,1182,1193,44
rap_noah_debug_intel,derecho,intel,299.5681818181818,18.273627874264694,290,410,1127.7954545454545,4.977061547645319,1098,1132,44
rap_noah_debug_intel,gaeac6,intel,206.06976744186048,2.631271183262403,199,214,6338.883720930233,0.6252352824025702,6338,6342,43
rap_noah_debug_intel,hera,intel,291.5,0.7071067811865476,291,292,1339.0,5.656854249492381,1335,1343,2
rap_noah_debug_intel,hercules,intel,258.0217391304348,14.551806501729216,241,292,28150.347826086956,182507.62456428655,1226,1239068,46
rap_noah_debug_intel,orion,intel,297.5111111111111,8.59075142819357,283,336,28227.155555555557,181218.5990477141,1202,1216864,45
rap_noah_debug_intel,ursa,intel,266.34,128.50087111592288,204,629,1866.84,6.917472701169734,1845,1885,50
rap_noah_debug_intel,wcoss2,intel,338.0208333333333,4.719761909489659,329,352,1105.625,26.640734288008264,1092,1194,48
