test_name,machine,compiler,core_mean,core_std,core_min,core_max,mem_mean,mem_std,mem_min,mem_max,n_hashes
rap_sfcdiff_restart_gnu,derecho,gnu,146.75,2.598076211353317,143,155,703.2727272727273,1.4037099740800894,701,707,44
rap_sfcdiff_restart_gnu,hercules,gnu,140.0,17.43814465156454,130,234,15342.195652173914,99517.24926097978,658,675628,46
rap_sfcdiff_restart_gnu,ursa,gnu,154.8,118.14277077212253,108,795,588.96,10.179932239861072,575,601,50
