test_name,machine,compiler,core_mean,core_std,core_min,core_max,mem_mean,mem_std,mem_min,mem_max,n_hashes
rap_control_dyn64_phy32_intel,acorn,intel,245.16666666666666,7.62830629370434,233,265,920.4285714285714,2.2430690771836668,914,924,42
rap_control_dyn64_phy32_intel,derecho,intel,235.3409090909091,86.71470012494413,218,797,880.4545454545455,2.386537293590774,876,885,44
rap_control_dyn64_phy32_intel,gaeac6,intel,159.58139534883722,1.721468892981127,156,164,6338.767441860465,0.4274625743756137,6338,6339,43
rap_control_dyn64_phy32_intel,hercules,intel,206.0,14.996295838935996,193,262,25206.67391304348,163408.53433187422,1087,1109404,46
rap_control_dyn64_phy32_intel,orion,intel,268.22222222222223,5.089601202848832,263,291,23472.82222222222,150699.0662099755,994,1011928,45
rap_control_dyn64_phy32_intel,ursa,intel,300.32,247.264498553468,157,822,1844.96,63.73893181228746,1786,2038,50
rap_control_dyn64_phy32_intel,wcoss2,intel,247.95833333333334,8.72013647495519,239,288,830.2708333333334,13.707801138648634,824,922,48
