test_name,machine,compiler,core_mean,core_std,core_min,core_max,mem_mean,mem_std,mem_min,mem_max,n_hashes
rap_unified_ugwp_debug_intel,acorn,intel,354.0975609756098,12.362857432747479,338,384,1192.3170731707316,7.1324575862400375,1181,1216,41
rap_unified_ugwp_debug_intel,derecho,intel,311.3181818181818,17.51115621443009,302,421,1131.340909090909,2.995680470262909,1127,1141,44
rap_unified_ugwp_debug_intel,gaeac6,intel,213.93023255813952,3.404446314238751,205,227,6338.7441860465115,0.44148144844888243,6338,6339,43
rap_unified_ugwp_debug_intel,hercules,intel,275.2173913043478,43.63276701617631,247,545,28180.978260869564,182695.92753808037,1231,1240348,46
rap_unified_ugwp_debug_intel,orion,intel,308.55555555555554,6.308564004429214,297,324,28137.0,180596.2844040415,1204,1212692,45
rap_unified_ugwp_debug_intel,ursa,intel,310.94,156.830131684194,213,656,1870.12,9.018439160850354,1835,1891,50
rap_unified_ugwp_debug_intel,wcoss2,intel,351.75,5.788837387409699,345,375,1097.8958333333333,2.5867056460468585,1092,1104,48
