test_name,machine,compiler,core_mean,core_std,core_min,core_max,mem_mean,mem_std,mem_min,mem_max,n_hashes
rap_control_debug_dyn32_phy32_intel,acorn,intel,334.04545454545456,8.299494368052052,323,354,1071.2272727272727,3.652737975079495,1065,1087,44
rap_control_debug_dyn32_phy32_intel,derecho,intel,297.77272727272725,25.135783476821604,287,457,1012.5,2.256772752364317,1001,1015,44
rap_control_debug_dyn32_phy32_intel,gaeac6,intel,203.09302325581396,2.893456933022477,199,215,6338.813953488372,0.4501753073070421,6338,6340,43
rap_control_debug_dyn32_phy32_intel,hera,intel,287.0,,287,287,1224.0,,1224,1224,1
rap_control_debug_dyn32_phy32_intel,hercules,intel,268.32608695652175,15.840951637836394,238,310,25356.304347826088,164362.03471292264,1104,1115880,46
rap_control_debug_dyn32_phy32_intel,orion,intel,298.97777777777776,7.021036212337137,288,320,25242.28888888889,161997.89744702107,1074,1087808,45
rap_control_debug_dyn32_phy32_intel,ursa,intel,284.44,157.15846156289624,200,684,1751.32,6.569689210802168,1738,1768,50
rap_control_debug_dyn32_phy32_intel,wcoss2,intel,334.0416666666667,5.426327990546916,328,354,983.3958333333334,22.874067434387502,970,1071,48
