test_name,machine,compiler,core_mean,core_std,core_min,core_max,mem_mean,mem_std,mem_min,mem_max,n_hashes
rap_control_dyn32_phy32_gnu,derecho,gnu,241.77272727272728,3.958292069812011,235,254,811.0909090909091,1.9744670381058596,808,816,44
rap_control_dyn32_phy32_gnu,hera,gnu,308.6666666666667,2.0816659994661246,307,311,793.3333333333334,1.527525231651959,792,795,3
rap_control_dyn32_phy32_gnu,hercules,gnu,288.4130434782609,29.378432063869614,233,390,17923.565217391304,116208.20608443412,785,788952,46
rap_control_dyn32_phy32_gnu,ursa,gnu,276.44,240.66092329250296,191,1640,710.2,6.1011875725893585,704,720,50
