test_name,machine,compiler,core_mean,core_std,core_min,core_max,mem_mean,mem_std,mem_min,mem_max,n_hashes
rap_control_dyn32_phy32_intel,acorn,intel,196.0,8.186842507578989,186,215,887.1190476190476,2.872938335677284,880,891,42
rap_control_dyn32_phy32_intel,derecho,intel,182.9318181818182,64.24639985471369,169,599,844.7954545454545,1.8499471451223124,841,848,44
rap_control_dyn32_phy32_intel,gaeac6,intel,130.32558139534885,3.7652605691945564,127,148,6338.813953488372,0.39374961547909615,6338,6339,43
rap_control_dyn32_phy32_intel,hercules,intel,161.47826086956522,29.878821284526218,149,337,23602.739130434784,152891.39307007514,1016,1038020,46
rap_control_dyn32_phy32_intel,orion,intel,228.6,5.245777522749301,224,245,21888.666666666668,140434.320437446,927,943016,45
rap_control_dyn32_phy32_intel,ursa,intel,227.76,203.90069211480855,126,755,1777.76,92.59976638574145,1702,2033,50
rap_control_dyn32_phy32_intel,wcoss2,intel,197.77083333333334,7.984665045355666,188,232,799.625,13.911001309999511,793,892,48
