test_name,machine,compiler,core_mean,core_std,core_min,core_max,mem_mean,mem_std,mem_min,mem_max,n_hashes
rap_control_debug_gnu,derecho,gnu,162.3111111111111,9.445591136566936,155,220,963.8444444444444,2.421077479474009,960,972,45
rap_control_debug_gnu,hera,gnu,154.4,2.880972058177585,150,157,949.0,1.7320508075688692,948,952,5
rap_control_debug_gnu,hercules,gnu,127.7872340425532,6.946804614862627,116,145,20974.55319148936,137326.7271906846,933,942408,47
rap_control_debug_gnu,ursa,gnu,150.68,114.29382828339187,107,790,860.56,10.43573139726765,847,879,50
