test_name,machine,compiler,core_mean,core_std,core_min,core_max,mem_mean,mem_std,mem_min,mem_max,n_hashes
rap_control_dyn32_phy32_gnu,derecho,gnu,241.55555555555554,4.025800629324656,235,254,811.0,1.9069251784911476,808,816,45
rap_control_dyn32_phy32_gnu,hera,gnu,309.0,1.870828693386964,307,311,793.2,1.3038404810405417,792,795,5
rap_control_dyn32_phy32_gnu,hercules,gnu,286.3404255319149,30.931394348407967,233,390,17559.042553191488,114965.29739579029,785,788952,47
rap_control_dyn32_phy32_gnu,ursa,gnu,277.54,240.44399492163984,191,1640,709.72,5.935159850330858,704,720,50
