test_name,machine,compiler,core_mean,core_std,core_min,core_max,mem_mean,mem_std,mem_min,mem_max,n_hashes
rap_clm_lake_debug_intel,acorn,intel,344.09090909090907,9.656467122807825,328,367,1191.909090909091,3.6588102133875626,1184,1197,44
rap_clm_lake_debug_intel,derecho,intel,305.40909090909093,23.826229616936562,295,457,1132.9545454545455,4.203844007541975,1109,1138,44
rap_clm_lake_debug_intel,gaeac6,intel,210.2325581395349,2.3384692724528104,206,220,6338.837209302325,0.37354368381878245,6338,6339,43
rap_clm_lake_debug_intel,hera,intel,292.0,,292,292,1351.0,,1351,1351,1
rap_clm_lake_debug_intel,hercules,intel,266.8478260869565,36.05179446377074,245,488,28193.717391304348,182783.8357779986,1228,1240944,46
rap_clm_lake_debug_intel,orion,intel,305.22222222222223,8.212764147928223,295,335,28068.333333333332,180121.93313545838,1201,1209512,45
rap_clm_lake_debug_intel,ursa,intel,299.16,203.9886311357892,209,1335,1870.34,8.110487038396649,1854,1893,50
rap_clm_lake_debug_intel,wcoss2,intel,344.9166666666667,11.53871067197853,337,419,1106.2083333333333,23.50731740610157,1095,1197,48
