test_name,machine,compiler,core_mean,core_std,core_min,core_max,mem_mean,mem_std,mem_min,mem_max,n_hashes
rap_decomp_intel,acorn,intel,237.95454545454547,7.2206246764955475,224,253,1015.0454545454545,2.5875780671700714,1011,1020,44
rap_decomp_intel,derecho,intel,206.8409090909091,3.5825363356419024,197,213,962.9772727272727,4.627966736044726,939,966,44
rap_decomp_intel,gaeac6,intel,154.74418604651163,3.612761924963686,149,166,6338.790697674419,0.4116250914932444,6338,6339,43
rap_decomp_intel,hera,intel,214.5,2.1213203435596424,213,216,1144.0,8.48528137423857,1138,1150,2
rap_decomp_intel,hercules,intel,192.95652173913044,34.42218698051795,175,399,24088.934782608696,156079.0582347295,1058,1059656,46
rap_decomp_intel,orion,intel,268.31111111111113,5.384414470666164,262,285,23969.31111111111,153837.21149138937,1028,1033008,45
rap_decomp_intel,ursa,intel,253.78,201.0635283908536,151,784,1741.9,48.33820055249321,1686,1926,50
rap_decomp_intel,wcoss2,intel,246.97916666666666,8.897739572697445,237,279,928.4791666666666,28.55155067766531,908,1022,48
