test_name,machine,compiler,core_mean,core_std,core_min,core_max,mem_mean,mem_std,mem_min,mem_max,n_hashes
rap_progcld_thompson_debug_gnu,derecho,gnu,160.54545454545453,2.976298195976706,156,169,964.4318181818181,4.857972240735222,939,972,44
rap_progcld_thompson_debug_gnu,hercules,gnu,130.69565217391303,21.969544136490807,116,266,21435.08695652174,138986.05523190304,934,943592,46
rap_progcld_thompson_debug_gnu,ursa,gnu,135.06,106.11803401334356,107,815,863.9,11.060593776731844,853,878,50
