test_name,machine,compiler,core_mean,core_std,core_min,core_max,mem_mean,mem_std,mem_min,mem_max,n_hashes
rap_clm_lake_debug_gnu,derecho,gnu,162.02272727272728,3.2168787151641443,156,170,965.4545454545455,3.0686300667004773,955,972,44
rap_clm_lake_debug_gnu,hercules,gnu,127.54347826086956,9.069378324251655,116,162,21436.391304347828,138981.6385056319,933,943564,46
rap_clm_lake_debug_gnu,ursa,gnu,196.16,282.6297325376184,106,1794,864.66,10.901432221951135,851,880,50
