test_name,machine,compiler,core_mean,core_std,core_min,core_max,mem_mean,mem_std,mem_min,mem_max,n_hashes
rap_noah_debug_intel,acorn,intel,340.8,10.29474711597225,323,370,1188.2222222222222,3.125328265586889,1182,1193,45
rap_noah_debug_intel,derecho,intel,299.26666666666665,18.11754548898538,290,410,1127.5555555555557,4.840903163082708,1098,1132,45
rap_noah_debug_intel,gaeac6,intel,206.5681818181818,3.860339346890387,202,226,6338.863636363636,0.6321211648245308,6338,6342,44
rap_noah_debug_intel,hera,intel,291.8,1.9235384061671335,289,294,1338.6,2.880972058177586,1335,1343,5
rap_noah_debug_intel,hercules,intel,256.97872340425533,14.930985234538475,240,292,27576.36170212766,180555.8310893512,1223,1239068,47
rap_noah_debug_intel,orion,intel,297.8478260869565,8.689629556876923,283,336,27639.17391304348,179238.1155361405,1196,1216864,46
rap_noah_debug_intel,ursa,intel,265.76,128.71841756488524,204,629,1867.02,6.801830485919492,1845,1885,50
rap_noah_debug_intel,wcoss2,intel,338.57142857142856,5.094932122544265,329,352,1111.2244897959183,33.90444003993807,1092,1194,49
