test_name,machine,compiler,core_mean,core_std,core_min,core_max,mem_mean,mem_std,mem_min,mem_max,n_hashes
rap_progcld_thompson_debug_gnu,derecho,gnu,160.44444444444446,2.973791240728633,155,169,963.5555555555555,4.418738793508005,939,970,45
rap_progcld_thompson_debug_gnu,hera,gnu,153.2,2.049390153191921,150,155,946.6,3.209361307176251,942,950,5
rap_progcld_thompson_debug_gnu,hercules,gnu,130.36170212765958,21.825817910780803,116,266,21000.617021276597,137499.30140242344,934,943592,47
rap_progcld_thompson_debug_gnu,ursa,gnu,135.44,106.09798320805315,107,815,860.74,9.97713712976421,853,878,50
