test_name,machine,compiler,core_mean,core_std,core_min,core_max,mem_mean,mem_std,mem_min,mem_max,n_hashes
rap_2threads_dyn32_phy32_gnu,derecho,gnu,400.54545454545456,6.574986233797734,391,419,860.0454545454545,2.2199365741468284,850,864,44
rap_2threads_dyn32_phy32_gnu,hera,gnu,444.3333333333333,4.041451884327387,440,448,843.6666666666666,0.5773502691896093,843,844,3
rap_2threads_dyn32_phy32_gnu,hercules,gnu,260.6666666666667,23.94596189149835,210,315,833.9111111111112,2.8108735476734195,828,840,45
rap_2threads_dyn32_phy32_gnu,ursa,gnu,152.44,5.035222873692387,146,166,732.08,1.2590894020874697,730,735,50
