test_name,machine,compiler,core_mean,core_std,core_min,core_max,mem_mean,mem_std,mem_min,mem_max,n_hashes
rap_control_dyn64_phy32_debug_gnu,derecho,gnu,164.36363636363637,15.152083146506524,155,253,849.0681818181819,2.1064433517378203,845,853,44
rap_control_dyn64_phy32_debug_gnu,hera,gnu,157.66666666666666,5.5075705472861065,154,164,830.0,1.7320508075688772,828,831,3
rap_control_dyn64_phy32_debug_gnu,hercules,gnu,132.8695652173913,33.2596577089704,115,305,18704.108695652172,121248.75190326304,822,823176,46
rap_control_dyn64_phy32_debug_gnu,ursa,gnu,235.36,290.8783152552185,108,1621,744.46,7.282099943823685,729,771,50
