test_name,machine,compiler,core_mean,core_std,core_min,core_max,mem_mean,mem_std,mem_min,mem_max,n_hashes
rap_2threads_dyn32_phy32_intel,acorn,intel,178.36363636363637,7.2788029589937455,164,195,937.2727272727273,4.647398053543112,928,951,44
rap_2threads_dyn32_phy32_intel,derecho,intel,297.9318181818182,3.8903442023405703,291,313,895.6590909090909,4.635270152525317,884,909,44
rap_2threads_dyn32_phy32_intel,gaeac6,intel,148.41860465116278,3.7874011578461073,145,171,6338.488372093023,0.702786732646019,6337,6339,43
rap_2threads_dyn32_phy32_intel,hera,intel,262.0,1.7320508075688772,261,264,1028.3333333333333,8.96288643983252,1018,1034,3
rap_2threads_dyn32_phy32_intel,hercules,intel,231.02173913043478,18.338168005477034,221,349,24732.5,160363.1436309132,1068,1088724,46
rap_2threads_dyn32_phy32_intel,orion,intel,247.24444444444444,18.540073986754837,238,357,22622.044444444444,145204.8612011751,954,975040,45
rap_2threads_dyn32_phy32_intel,ursa,intel,102.4,2.1285234893930514,100,109,1066.44,4.486533137271668,1052,1076,50
rap_2threads_dyn32_phy32_intel,wcoss2,intel,177.0,6.2022645143836845,170,203,854.2708333333334,29.804140497255414,838,946,48
