test_name,machine,compiler,core_mean,core_std,core_min,core_max,mem_mean,mem_std,mem_min,mem_max,n_hashes
rap_control_debug_intel,acorn,intel,348.7857142857143,11.79196856542976,332,375,1191.7142857142858,5.94398943916991,1183,1203,42
rap_control_debug_intel,derecho,intel,304.0,13.568088415683837,297,387,1129.6136363636363,3.7985058818515838,1107,1133,44
rap_control_debug_intel,gaeac6,intel,210.02325581395348,2.0527376852461385,207,215,6338.7441860465115,0.6932677369090419,6338,6342,43
rap_control_debug_intel,hercules,intel,264.2391304347826,16.283849916894404,241,314,27932.41304347826,181033.88973480766,1230,1229072,46
rap_control_debug_intel,orion,intel,303.4222222222222,6.662271278314826,287,317,28015.977777777778,179789.01639668047,1201,1207276,45
rap_control_debug_intel,ursa,intel,258.62,118.49548170151245,207,687,1867.84,7.5629602238104585,1852,1894,50
rap_control_debug_intel,wcoss2,intel,343.625,3.7338303873772936,338,355,1100.1041666666667,13.988201081752582,1092,1194,48
