test_name,machine,compiler,core_mean,core_std,core_min,core_max,mem_mean,mem_std,mem_min,mem_max,n_hashes
rap_unified_ugwp_debug_intel,acorn,intel,353.24444444444447,12.182617190741926,338,384,1191.088888888889,6.927620023638605,1181,1216,45
rap_unified_ugwp_debug_intel,derecho,intel,309.1333333333333,9.687386362969871,300,364,1130.7333333333333,2.4064307783331795,1127,1139,45
rap_unified_ugwp_debug_intel,gaeac6,intel,213.79545454545453,3.3031313223620926,208,227,6338.727272727273,0.4505106334670526,6338,6339,44
rap_unified_ugwp_debug_intel,hera,intel,299.6,2.70185121722126,296,303,1343.0,3.3166247903554105,1339,1348,5
rap_unified_ugwp_debug_intel,hercules,intel,271.4255319148936,42.89762569737149,247,545,27606.893617021276,180742.0466984628,1231,1240348,47
rap_unified_ugwp_debug_intel,orion,intel,307.80434782608694,6.4139416385710275,297,324,27549.67391304348,178622.80746186347,1204,1212692,46
rap_unified_ugwp_debug_intel,ursa,intel,295.02,145.6756937690775,213,656,1870.46,8.85762671489424,1835,1891,50
rap_unified_ugwp_debug_intel,wcoss2,intel,351.8775510204082,5.637052469528524,345,375,1111.4897959183672,33.95102014236824,1092,1195,49
