test_name,machine,compiler,core_mean,core_std,core_min,core_max,mem_mean,mem_std,mem_min,mem_max,n_hashes
rap_control_dyn32_phy32_gnu,derecho,gnu,241.86363636363637,3.90343265208262,235,254,811.25,2.125427453587897,808,816,44
rap_control_dyn32_phy32_gnu,hercules,gnu,292.19565217391306,26.147971720972407,240,390,17923.717391304348,116208.18314973693,785,788952,46
rap_control_dyn32_phy32_gnu,ursa,gnu,276.72,240.57983018922752,191,1640,710.9,6.322134746674059,704,720,50
