test_name,machine,compiler,core_mean,core_std,core_min,core_max,mem_mean,mem_std,mem_min,mem_max,n_hashes
rap_decomp_gnu,derecho,gnu,264.25,9.60650215848257,256,320,954.9090909090909,1.9744670381058913,951,958,44
rap_decomp_gnu,hera,gnu,359.0,1.7320508075688772,357,360,942.0,2.0,940,944,3
rap_decomp_gnu,hercules,gnu,271.9347826086956,27.335286250488316,252,400,21231.543478260868,137665.69277035768,928,934628,46
rap_decomp_gnu,ursa,gnu,271.48,231.01649733474952,205,1700,855.3,10.412414097938042,847,871,50
