test_name,machine,compiler,core_mean,core_std,core_min,core_max,mem_mean,mem_std,mem_min,mem_max,n_hashes
rap_noah_sfcdiff_cires_ugwp_debug_gnu,derecho,gnu,243.6818181818182,4.124643619687545,234,253,961.7727272727273,1.5531458902653839,959,965,44
rap_noah_sfcdiff_cires_ugwp_debug_gnu,hera,gnu,243.66666666666666,0.5773502691896278,243,244,942.6666666666666,3.214550253664302,939,945,3
rap_noah_sfcdiff_cires_ugwp_debug_gnu,hercules,gnu,203.2608695652174,14.836044370396937,184,246,21363.5,138524.19163320656,932,940456,46
rap_noah_sfcdiff_cires_ugwp_debug_gnu,ursa,gnu,223.96,235.79876927549205,166,1780,859.74,10.565268475490045,848,876,50
