test_name,machine,compiler,core_mean,core_std,core_min,core_max,mem_mean,mem_std,mem_min,mem_max,n_hashes
rap_cires_ugwp_debug_intel,acorn,intel,352.1363636363636,10.080122989954067,339,381,1190.340909090909,5.995902406307517,1181,1201,44
rap_cires_ugwp_debug_intel,derecho,intel,310.79545454545456,18.660466288765797,288,426,1130.7954545454545,4.407074362856391,1111,1137,44
rap_cires_ugwp_debug_intel,gaeac6,intel,214.7674418604651,2.6171341041601948,209,222,6338.883720930233,0.6252352824025659,6338,6342,43
rap_cires_ugwp_debug_intel,hera,intel,299.0,1.4142135623730951,298,301,1342.5,4.795831523312751,1338,1348,4
rap_cires_ugwp_debug_intel,hercules,intel,270.7826086956522,43.88718519288505,244,545,28155.434782608696,182559.91066297502,1231,1239420,46
rap_cires_ugwp_debug_intel,orion,intel,307.8888888888889,7.330577994767797,297,333,28144.022222222222,180653.75814228522,1199,1213076,45
rap_cires_ugwp_debug_intel,ursa,intel,264.52,109.40828607205438,213,620,1870.78,7.117927925961561,1854,1886,50
rap_cires_ugwp_debug_intel,wcoss2,intel,351.3958333333333,5.682146670065973,344,375,1111.2083333333333,31.152308294197727,1092,1195,48
