test_name,machine,compiler,core_mean,core_std,core_min,core_max,mem_mean,mem_std,mem_min,mem_max,n_hashes
rap_restart_intel,acorn,intel,133.3181818181818,6.44754406920286,122,148,763.6590909090909,1.916187855749052,760,768,44
rap_restart_intel,derecho,intel,118.68181818181819,2.8183182126170077,115,127,826.6818181818181,1.4749493845904158,825,833,44
rap_restart_intel,gaeac6,intel,83.81395348837209,2.280933538555863,80,90,6338.860465116279,0.6392478969493423,6338,6342,43
rap_restart_intel,hera,intel,112.5,2.516611478423582,110,116,1177.75,2.629955639676594,1174,1180,4
rap_restart_intel,hercules,intel,98.0,5.902918298980973,93,117,24345.934782608696,157666.87597652097,1079,1070448,46
rap_restart_intel,orion,intel,142.26666666666668,3.077779601064253,139,151,23396.911111111112,150163.6166548194,997,1008340,45
rap_restart_intel,ursa,intel,149.34,152.89286765441952,79,626,1780.8,50.887230265378285,1724,1931,50
rap_restart_intel,wcoss2,intel,136.4375,8.351089239695716,128,180,683.4166666666666,33.17383827806621,666,774,48
