test_name,machine,compiler,core_mean,core_std,core_min,core_max,mem_mean,mem_std,mem_min,mem_max,n_hashes
rap_sfcdiff_intel,acorn,intel,230.8095238095238,6.470337930776386,221,249,1007.0714285714286,2.443436775376302,1003,1011,42
rap_sfcdiff_intel,derecho,intel,199.97727272727272,6.370311358765045,193,229,962.9772727272727,2.4062770275245544,952,967,44
rap_sfcdiff_intel,gaeac6,intel,150.74418604651163,5.323322553836241,145,171,6338.790697674419,0.46589082794783804,6338,6340,43
rap_sfcdiff_intel,hercules,intel,179.3695652173913,13.737796516912626,168,222,24992.41304347826,161981.87516695625,1074,1099724,46
rap_sfcdiff_intel,orion,intel,256.1777777777778,5.171112456754734,251,269,24280.0,155870.6070584596,1028,1046656,45
rap_sfcdiff_intel,ursa,intel,239.54,192.92688791776186,146,796,1821.88,81.26892621012622,1745,2067,50
rap_sfcdiff_intel,wcoss2,intel,237.91666666666666,6.63912751680499,227,256,918.7916666666666,13.906922099066508,911,1012,48
