test_name,machine,compiler,core_mean,core_std,core_min,core_max,mem_mean,mem_std,mem_min,mem_max,n_hashes
rap_sfcdiff_debug_intel,acorn,intel,344.93333333333334,10.021340864738232,331,367,1187.4888888888888,3.388632214157944,1181,1194,45
rap_sfcdiff_debug_intel,derecho,intel,303.75555555555553,18.31188828398786,296,421,1129.6666666666667,1.5666989036013395,1127,1134,45
rap_sfcdiff_debug_intel,gaeac6,intel,216.9318181818182,48.81974330280957,205,533,6338.863636363636,0.6321211648244995,6338,6342,44
rap_sfcdiff_debug_intel,hera,intel,292.2,2.4899799195977463,289,296,1343.8,2.6832815729997455,1341,1347,5
rap_sfcdiff_debug_intel,hercules,intel,262.1063829787234,15.741435273152026,243,326,27438.23404255319,179614.83692821255,1226,1232616,47
rap_sfcdiff_debug_intel,orion,intel,304.2826086956522,11.626909484234828,287,342,27661.717391304348,179385.43626921374,1197,1217864,46
rap_sfcdiff_debug_intel,ursa,intel,300.04,200.77085730468238,209,1331,1869.48,7.538310317901476,1846,1881,50
rap_sfcdiff_debug_intel,wcoss2,intel,343.734693877551,3.9726959265931803,337,355,1110.408163265306,33.33161560199953,1091,1194,49
