test_name,machine,compiler,core_mean,core_std,core_min,core_max,mem_mean,mem_std,mem_min,mem_max,n_hashes
rap_sfcdiff_decomp_intel,acorn,intel,237.9047619047619,8.257471188549973,222,258,1011.9047619047619,3.0106277103322765,1005,1019,42
rap_sfcdiff_decomp_intel,derecho,intel,207.8409090909091,6.476947248971687,202,242,964.0227272727273,2.8159730142373984,951,969,44
rap_sfcdiff_decomp_intel,gaeac6,intel,155.13953488372093,4.978914565917603,148,175,6338.790697674419,0.4116250914933545,6338,6339,43
rap_sfcdiff_decomp_intel,hercules,intel,188.3913043478261,15.335475590740664,177,235,24357.717391304348,157886.95926089553,1054,1071920,46
rap_sfcdiff_decomp_intel,orion,intel,267.44444444444446,3.702306133624106,262,279,23893.28888888889,153321.29309730037,1024,1029548,45
rap_sfcdiff_decomp_intel,ursa,intel,227.84,193.6145297296899,151,836,1741.42,48.338977385686185,1699,1918,50
rap_sfcdiff_decomp_intel,wcoss2,intel,245.29166666666666,8.958434355359804,234,285,919.5833333333334,14.040720920651882,914,1014,48
