test_name,machine,compiler,core_mean,core_std,core_min,core_max,mem_mean,mem_std,mem_min,mem_max,n_hashes
rap_control_dyn64_phy32_debug_intel,acorn,intel,342.09090909090907,13.954774429810456,321,378,1099.590909090909,2.0382183489643313,1096,1106,44
rap_control_dyn64_phy32_debug_intel,derecho,intel,298.22727272727275,4.317964832647794,289,309,1049.5227272727273,3.5272272288428175,1037,1055,44
rap_control_dyn64_phy32_debug_intel,gaeac6,intel,208.04651162790697,4.375001977534754,203,225,6338.837209302325,0.6521113167515356,6338,6341,43
rap_control_dyn64_phy32_debug_intel,hera,intel,296.5,2.6457513110645907,294,300,1293.0,2.4494897427831472,1290,1295,4
rap_control_dyn64_phy32_debug_intel,hercules,intel,275.2608695652174,47.154796990624966,244,570,27553.152173913044,178639.16370841808,1204,1212804,46
rap_control_dyn64_phy32_debug_intel,orion,intel,304.8888888888889,6.634010929302203,294,330,27373.8,175740.64239818652,1162,1180080,45
rap_control_dyn64_phy32_debug_intel,ursa,intel,304.58,162.66142249269473,204,660,1861.94,13.523086835150531,1839,1904,50
rap_control_dyn64_phy32_debug_intel,wcoss2,intel,339.3125,10.784457393703024,332,406,1019.875,32.07147934277499,1004,1107,48
