test_name,machine,compiler,core_mean,core_std,core_min,core_max,mem_mean,mem_std,mem_min,mem_max,n_hashes
rap_control_debug_gnu,derecho,gnu,162.3181818181818,9.566834005897977,155,220,964.0909090909091,2.4190924861731973,960,972,44
rap_control_debug_gnu,hercules,gnu,127.52173913043478,7.0324300539549,116,145,21409.195652173912,138811.50682700297,933,942408,46
rap_control_debug_gnu,ursa,gnu,144.56,107.74708860122769,107,790,862.68,11.182055595772058,847,879,50
