test_name,machine,compiler,core_mean,core_std,core_min,core_max,mem_mean,mem_std,mem_min,mem_max,n_hashes
rap_sfcdiff_restart_intel,acorn,intel,130.72727272727272,6.902522748675508,121,158,762.6818181818181,1.839776620322449,759,769,44
rap_sfcdiff_restart_intel,derecho,intel,118.93181818181819,5.2402632956783615,114,144,826.0,1.5848116313862055,823,829,44
rap_sfcdiff_restart_intel,gaeac6,intel,83.74418604651163,3.324462171008618,80,97,6338.720930232558,0.5035862528548264,6337,6339,43
rap_sfcdiff_restart_intel,hera,intel,110.0,,110,110,1166.0,,1166,1166,1
rap_sfcdiff_restart_intel,hercules,intel,97.56521739130434,6.479547905741723,93,118,24773.82608695652,160576.3614760978,1076,1090180,46
rap_sfcdiff_restart_intel,orion,intel,140.9111111111111,3.210934600720019,137,151,23340.666666666668,149765.43079520296,997,1005672,45
rap_sfcdiff_restart_intel,ursa,intel,147.72,160.09627715591537,79,610,1784.84,50.06214912995855,1740,1939,50
rap_sfcdiff_restart_intel,wcoss2,intel,134.52083333333334,4.9076127720682425,126,149,675.4375,24.873215749117115,666,772,48
