test_name,machine,compiler,core_mean,core_std,core_min,core_max,mem_mean,mem_std,mem_min,mem_max,n_hashes
rap_control_debug_gnu,derecho,gnu,161.11363636363637,3.674018831786433,155,171,964.3863636363636,2.7468028695609443,960,972,44
rap_control_debug_gnu,hercules,gnu,127.54347826086956,6.975214920588886,116,145,21408.891304347828,138811.55270385309,933,942408,46
rap_control_debug_gnu,ursa,gnu,140.88,105.73197535393393,107,790,863.78,11.179956554988383,851,879,50
