test_name,machine,compiler,core_mean,core_std,core_min,core_max,mem_mean,mem_std,mem_min,mem_max,n_hashes
rap_restart_dyn32_phy32_gnu,derecho,gnu,137.52272727272728,4.46947599219643,133,156,674.5,1.9707158420819102,671,680,44
rap_restart_dyn32_phy32_gnu,hercules,gnu,154.32608695652175,12.388263886663214,126,179,14662.41304347826,95069.8164799781,641,645440,46
rap_restart_dyn32_phy32_gnu,ursa,gnu,164.56,206.82923647595013,101,1298,557.76,6.368160596887968,547,567,50
