test_name,machine,compiler,core_mean,core_std,core_min,core_max,mem_mean,mem_std,mem_min,mem_max,n_hashes
rap_restart_intel,acorn,intel,133.22222222222223,6.406278486016989,122,148,763.6888888888889,1.9048051943132944,760,768,45
rap_restart_intel,derecho,intel,118.6,2.8396542683285193,115,127,826.6444444444444,1.4794894014114954,825,833,45
rap_restart_intel,gaeac6,intel,83.72727272727273,2.326426907609221,80,90,6338.863636363636,0.6321211648244613,6338,6342,44
rap_restart_intel,hera,intel,112.2,2.280350850198275,110,116,1174.4,7.829431652425381,1161,1180,5
rap_restart_intel,hercules,intel,97.95744680851064,5.845687547647225,93,117,23851.574468085106,155980.51340621736,1079,1070448,47
rap_restart_intel,orion,intel,142.19565217391303,3.081266443940004,139,151,22910.065217391304,148522.46720538085,997,1008340,46
rap_restart_intel,ursa,intel,149.32,152.90192134509104,79,626,1780.54,50.929807638773184,1724,1931,50
rap_restart_intel,wcoss2,intel,136.46938775510205,8.266655008769476,128,180,685.2448979591836,35.23287445237574,666,774,49
