test_name,machine,compiler,core_mean,core_std,core_min,core_max,mem_mean,mem_std,mem_min,mem_max,n_hashes
rap_2threads_dyn32_phy32_intel,acorn,intel,178.36363636363637,7.278802958993764,164,195,937.6363636363636,4.998096889402631,928,951,44
rap_2threads_dyn32_phy32_intel,derecho,intel,297.70454545454544,3.8794601965338473,291,313,895.6818181818181,4.6243678500617715,884,909,44
rap_2threads_dyn32_phy32_intel,gaeac6,intel,148.41860465116278,3.7874011578461104,145,171,6338.488372093023,0.7027867326463396,6337,6339,43
rap_2threads_dyn32_phy32_intel,hera,intel,261.5,1.7320508075688772,260,264,1027.5,7.505553499465145,1018,1034,4
rap_2threads_dyn32_phy32_intel,hercules,intel,231.02173913043478,18.338168005477026,221,349,24731.717391304348,160363.2616036566,1066,1088724,46
rap_2threads_dyn32_phy32_intel,orion,intel,247.42222222222222,18.52699368352823,238,357,22622.11111111111,145204.8510359545,954,975040,45
rap_2threads_dyn32_phy32_intel,ursa,intel,102.34,2.153402623092776,100,109,1066.3,4.482391854210565,1052,1076,50
rap_2threads_dyn32_phy32_intel,wcoss2,intel,177.10416666666666,6.227050062611468,170,203,856.3125,32.075811958015315,838,946,48
