test_name,machine,compiler,core_mean,core_std,core_min,core_max,mem_mean,mem_std,mem_min,mem_max,n_hashes
rap_control_debug_dyn32_phy32_intel,acorn,intel,334.2857142857143,8.317732202322162,323,354,1071.404761904762,3.6025703819026584,1065,1087,42
rap_control_debug_dyn32_phy32_intel,derecho,intel,297.8181818181818,25.11950296433978,287,457,1012.5,2.2464442187392564,1001,1015,44
rap_control_debug_dyn32_phy32_intel,gaeac6,intel,203.02325581395348,2.899001240928655,199,215,6338.837209302325,0.4326129116657978,6338,6340,43
rap_control_debug_dyn32_phy32_intel,hercules,intel,267.67391304347825,16.198839941765485,238,310,25357.108695652172,164361.91346811168,1112,1115880,46
rap_control_debug_dyn32_phy32_intel,orion,intel,299.1777777777778,6.853296780942511,288,320,25242.911111111112,161997.80258397758,1074,1087808,45
rap_control_debug_dyn32_phy32_intel,ursa,intel,293.28,164.29826535907185,201,684,1751.58,6.655027254271956,1738,1768,50
rap_control_debug_dyn32_phy32_intel,wcoss2,intel,334.0,5.4029148949157175,328,354,979.5416666666666,13.653708612140749,970,1070,48
