test_name,machine,compiler,core_mean,core_std,core_min,core_max,mem_mean,mem_std,mem_min,mem_max,n_hashes
rap_2threads_intel,acorn,intel,212.23809523809524,6.878065254796954,199,229,1080.1904761904761,5.157226023310987,1070,1093,42
rap_2threads_intel,derecho,intel,350.75,23.16686185852743,335,497,1041.5,4.239899077342079,1035,1053,44
rap_2threads_intel,gaeac6,intel,169.97674418604652,2.6769596479608566,165,179,6338.627906976744,0.6554989308026803,6337,6341,43
rap_2threads_intel,hercules,intel,271.5217391304348,6.295462670967553,261,289,26387.5,171006.42810045995,1155,1160996,46
rap_2threads_intel,orion,intel,273.8,7.146518542110359,266,305,25982.222222222223,166779.02762213792,1096,1119908,45
rap_2threads_intel,ursa,intel,123.52,3.6210270276116243,118,136,1171.04,1.8947833864673225,1168,1176,50
rap_2threads_intel,wcoss2,intel,219.14583333333334,11.257129340684852,207,275,987.0416666666666,15.292827317925411,976,1085,48
