test_name,machine,compiler,core_mean,core_std,core_min,core_max,mem_mean,mem_std,mem_min,mem_max,n_hashes
rap_sfcdiff_decomp_intel,acorn,intel,237.79545454545453,8.079775340690198,222,258,1011.8409090909091,2.972299883288092,1005,1019,44
rap_sfcdiff_decomp_intel,derecho,intel,207.79545454545453,6.507882681632012,202,242,964.0454545454545,2.828053364965939,951,969,44
rap_sfcdiff_decomp_intel,gaeac6,intel,155.04651162790697,4.999778511151853,148,175,6338.790697674419,0.41162509149341786,6338,6339,43
rap_sfcdiff_decomp_intel,hera,intel,214.0,,214,214,1152.0,,1152,1152,1
rap_sfcdiff_decomp_intel,hercules,intel,188.08695652173913,15.487379933289805,176,235,24354.456521739132,157887.45019337267,1054,1071920,46
rap_sfcdiff_decomp_intel,orion,intel,267.35555555555555,3.7788619953364413,262,279,23892.6,153321.39812074503,1024,1029548,45
rap_sfcdiff_decomp_intel,ursa,intel,240.62,209.11034973751762,151,836,1742.62,48.93055887517258,1699,1918,50
rap_sfcdiff_decomp_intel,wcoss2,intel,244.47916666666666,8.261650917735803,234,285,923.6041666666666,23.403709092594273,914,1015,48
