test_name,machine,compiler,core_mean,core_std,core_min,core_max,mem_mean,mem_std,mem_min,mem_max,n_hashes
rap_clm_lake_debug_gnu,derecho,gnu,161.37777777777777,3.42642729974007,153,170,964.7111111111111,2.6252465011726405,955,971,45
rap_clm_lake_debug_gnu,hera,gnu,155.2,5.890670590009255,150,165,951.4,2.0736441353327715,948,953,5
rap_clm_lake_debug_gnu,hercules,gnu,126.72340425531915,9.474685098953382,116,162,21001.212765957447,137495.03955683767,933,943564,47
rap_clm_lake_debug_gnu,ursa,gnu,193.02,282.7959883386045,106,1794,861.7,9.990301419325727,851,880,50
