test_name,machine,compiler,core_mean,core_std,core_min,core_max,mem_mean,mem_std,mem_min,mem_max,n_hashes
rap_sfcdiff_decomp_intel,acorn,intel,237.90243902439025,8.360038510822726,222,258,1011.9024390243902,3.0479901414602564,1005,1019,41
rap_sfcdiff_decomp_intel,derecho,intel,207.86363636363637,6.497194060160982,202,242,963.9318181818181,2.8480734187747916,951,969,44
rap_sfcdiff_decomp_intel,gaeac6,intel,155.1627906976744,4.980582450917515,148,175,6338.790697674419,0.41162509149338017,6338,6339,43
rap_sfcdiff_decomp_intel,hercules,intel,187.7826086956522,13.936224649736484,177,233,24359.195652173912,157886.73663858877,1054,1071920,46
rap_sfcdiff_decomp_intel,orion,intel,267.5111111111111,3.64705499012698,262,279,23893.533333333333,153321.25583092755,1024,1029548,45
rap_sfcdiff_decomp_intel,ursa,intel,227.98,193.56109513799618,151,836,1741.56,48.33014017132159,1699,1918,50
rap_sfcdiff_decomp_intel,wcoss2,intel,245.27083333333334,8.955539313584811,234,285,917.5416666666666,1.8675086753432668,914,922,48
