test_name,machine,compiler,core_mean,core_std,core_min,core_max,mem_mean,mem_std,mem_min,mem_max,n_hashes
rap_2threads_dyn32_phy32_gnu,derecho,gnu,400.54545454545456,6.574986233797722,391,419,860.0454545454545,2.2199365741468085,850,864,44
rap_2threads_dyn32_phy32_gnu,hera,gnu,442.5,3.5355339059327378,440,445,844.0,0.0,844,844,2
rap_2threads_dyn32_phy32_gnu,hercules,gnu,261.8,22.666154183154838,212,315,833.8666666666667,2.841254524453469,828,840,45
rap_2threads_dyn32_phy32_gnu,ursa,gnu,152.5,5.011211919082966,146,166,732.02,1.1864885595911965,730,734,50
