test_name,machine,compiler,core_mean,core_std,core_min,core_max,mem_mean,mem_std,mem_min,mem_max,n_hashes
rap_decomp_gnu,derecho,gnu,264.45454545454544,9.517314809542256,257,320,955.1136363636364,2.233111387581165,951,962,44
rap_decomp_gnu,hercules,gnu,270.2391304347826,26.679317651284947,252,400,21231.130434782608,137665.7550316238,926,934628,46
rap_decomp_gnu,ursa,gnu,271.62,230.97953703870016,205,1700,856.6,10.819483559292317,847,872,50
