test_name,machine,compiler,core_mean,core_std,core_min,core_max,mem_mean,mem_std,mem_min,mem_max,n_hashes
rap_sfcdiff_decomp_gnu,derecho,gnu,263.4888888888889,7.691855853085556,258,310,954.6222222222223,2.3383063887516355,949,962,45
rap_sfcdiff_decomp_gnu,hera,gnu,360.2,5.357238094391548,356,369,939.8,3.1144823004794855,935,943,5
rap_sfcdiff_decomp_gnu,hercules,gnu,270.5531914893617,19.842651153773783,254,345,20792.72340425532,136146.63501497233,925,934308,47
rap_sfcdiff_decomp_gnu,ursa,gnu,335.14,192.14227402991708,204,746,853.4,9.885053652574856,845,870,50
