test_name,machine,compiler,core_mean,core_std,core_min,core_max,mem_mean,mem_std,mem_min,mem_max,n_hashes
rap_control_debug_dyn32_phy32_intel,acorn,intel,334.46666666666664,8.250619811427931,323,354,1070.8222222222223,3.7856720844933545,1065,1087,45
rap_control_debug_dyn32_phy32_intel,derecho,intel,293.22222222222223,5.513985890808943,284,315,1012.4444444444445,2.2315460962745033,1001,1015,45
rap_control_debug_dyn32_phy32_intel,gaeac6,intel,203.20454545454547,2.8331882398698798,199,215,6338.75,0.48823364593528096,6338,6340,44
rap_control_debug_dyn32_phy32_intel,hera,intel,290.2,2.5884358211089573,287,293,1225.2,8.043631020876088,1219,1239,5
rap_control_debug_dyn32_phy32_intel,hercules,intel,267.02127659574467,15.932588099623553,238,310,24839.617021276597,162604.2614174395,1104,1115880,47
rap_control_debug_dyn32_phy32_intel,orion,intel,299.10869565217394,6.944952638410017,288,320,24716.695652173912,160227.46742579155,1074,1087808,46
rap_control_debug_dyn32_phy32_intel,ursa,intel,283.94,156.37023178263536,200,684,1750.86,7.409343246667625,1730,1768,50
rap_control_debug_dyn32_phy32_intel,wcoss2,intel,333.6734693877551,5.501468573261601,326,354,990.795918367347,32.684718391421676,970,1071,49
