test_name,machine,compiler,core_mean,core_std,core_min,core_max,mem_mean,mem_std,mem_min,mem_max,n_hashes
rap_control_dyn32_phy32_intel,acorn,intel,195.61363636363637,8.198740428192568,186,215,887.1818181818181,2.838872420052788,880,891,44
rap_control_dyn32_phy32_intel,derecho,intel,183.0,64.23792982270659,169,599,844.9545454545455,1.8038014825871491,841,848,44
rap_control_dyn32_phy32_intel,gaeac6,intel,130.3953488372093,3.7361779227779586,127,148,6338.813953488372,0.39374961547910187,6338,6339,43
rap_control_dyn32_phy32_intel,hera,intel,183.0,,183,183,1113.0,,1113,1113,1
rap_control_dyn32_phy32_intel,hercules,intel,161.47826086956522,29.90261165140729,149,337,23599.67391304348,152891.85487803744,1016,1038020,46
rap_control_dyn32_phy32_intel,orion,intel,228.62222222222223,5.188662854938856,224,245,21886.422222222223,140434.66242777827,927,943016,45
rap_control_dyn32_phy32_intel,ursa,intel,237.44,210.5926680507531,126,755,1781.14,92.9182238666378,1702,2033,50
rap_control_dyn32_phy32_intel,wcoss2,intel,196.89583333333334,6.203086340028157,188,214,803.3958333333334,22.86476391914022,793,892,48
