test_name,machine,compiler,core_mean,core_std,core_min,core_max,mem_mean,mem_std,mem_min,mem_max,n_hashes
rap_clm_lake_debug_gnu,derecho,gnu,161.6818181818182,3.182603346192645,156,170,965.1363636363636,2.849650399536274,955,972,44
rap_clm_lake_debug_gnu,hera,gnu,156.0,,156,156,952.0,,952,952,1
rap_clm_lake_debug_gnu,hercules,gnu,127.3913043478261,9.129873458705806,116,162,21436.478260869564,138981.62537140402,933,943564,46
rap_clm_lake_debug_gnu,ursa,gnu,196.32,282.58265469538975,106,1794,863.36,10.597958987176586,851,880,50
