test_name,machine,compiler,core_mean,core_std,core_min,core_max,mem_mean,mem_std,mem_min,mem_max,n_hashes
rap_sfcdiff_decomp_gnu,derecho,gnu,263.72727272727275,7.716981083310309,258,310,954.5909090909091,2.355776490939703,949,962,44
rap_sfcdiff_decomp_gnu,hera,gnu,362.0,6.557438524302,356,369,940.0,4.358898943540674,935,943,3
rap_sfcdiff_decomp_gnu,hercules,gnu,269.3695652173913,19.451773635957753,254,345,21224.17391304348,137618.57362358941,925,934308,46
rap_sfcdiff_decomp_gnu,ursa,gnu,329.72,192.19229740984278,204,746,854.3,10.32976677532726,845,870,50
