test_name,machine,compiler,core_mean,core_std,core_min,core_max,mem_mean,mem_std,mem_min,mem_max,n_hashes
rap_control_debug_intel,acorn,intel,348.3181818181818,12.341596759367274,332,375,1190.6136363636363,5.875514461753591,1182,1203,44
rap_control_debug_intel,derecho,intel,302.0,4.600303326702971,295,317,1129.5454545454545,3.756882338437369,1107,1133,44
rap_control_debug_intel,gaeac6,intel,210.11627906976744,1.9543517050245693,207,215,6338.767441860465,0.6844256995509027,6338,6342,43
rap_control_debug_intel,hera,intel,291.5,1.9148542155126738,289,293,1342.5,1.7320508075688554,1340,1344,4
rap_control_debug_intel,hercules,intel,260.7608695652174,13.120272325440478,241,296,27931.456521739132,181034.03388813153,1230,1229072,46
rap_control_debug_intel,orion,intel,303.44444444444446,6.451058953083726,287,317,28014.755555555555,179789.20272871025,1201,1207276,45
rap_control_debug_intel,ursa,intel,257.94,118.70550251159636,207,687,1867.36,7.671202444126706,1852,1894,50
rap_control_debug_intel,wcoss2,intel,343.5625,3.648994323710038,338,355,1109.9583333333333,31.845343247087495,1092,1195,48
