test_name,machine,compiler,core_mean,core_std,core_min,core_max,mem_mean,mem_std,mem_min,mem_max,n_hashes
rap_control_debug_dyn32_phy32_gnu,derecho,gnu,160.0,9.366283826965354,153,204,819.3111111111111,2.447839698983424,816,826,45
rap_control_debug_dyn32_phy32_gnu,hera,gnu,148.0,2.345207879911712,144,150,802.8,3.0331501776206125,799,807,5
rap_control_debug_dyn32_phy32_gnu,hercules,gnu,125.95744680851064,22.02464770167683,114,268,17743.106382978724,116167.71010150613,791,797204,47
rap_control_debug_dyn32_phy32_gnu,ursa,gnu,144.52,145.26952290729903,104,1089,717.74,5.96181728218187,713,728,50
