test_name,machine,compiler,core_mean,core_std,core_min,core_max,mem_mean,mem_std,mem_min,mem_max,n_hashes
rap_unified_ugwp_debug_intel,acorn,intel,354.1190476190476,12.211954121314584,338,384,1192.142857142857,7.1348387049006625,1181,1216,42
rap_unified_ugwp_debug_intel,derecho,intel,311.1818181818182,17.56088773418604,302,421,1131.2954545454545,3.016077426790861,1127,1141,44
rap_unified_ugwp_debug_intel,gaeac6,intel,213.69767441860466,3.2479655443349698,205,227,6338.7441860465115,0.44148144844887016,6338,6339,43
rap_unified_ugwp_debug_intel,hercules,intel,274.9130434782609,43.690235922638884,247,545,28181.065217391304,182695.91443262607,1231,1240348,46
rap_unified_ugwp_debug_intel,orion,intel,308.4888888888889,6.341143509659845,297,324,28136.533333333333,180596.35553727392,1204,1212692,45
rap_unified_ugwp_debug_intel,ursa,intel,311.52,156.54408520364126,213,656,1870.36,9.093078776336036,1835,1891,50
rap_unified_ugwp_debug_intel,wcoss2,intel,351.8125,5.807758017642382,345,375,1099.875,14.255458081253773,1092,1195,48
