test_name,machine,compiler,core_mean,core_std,core_min,core_max,mem_mean,mem_std,mem_min,mem_max,n_hashes
rap_clm_lake_debug_intel,acorn,intel,344.22727272727275,9.639703836914546,328,367,1191.5227272727273,3.5403891282885067,1184,1197,44
rap_clm_lake_debug_intel,derecho,intel,301.8181818181818,4.671898808600335,295,321,1132.909090909091,4.192008908532731,1109,1138,44
rap_clm_lake_debug_intel,gaeac6,intel,210.2325581395349,2.598875299801872,205,220,6338.813953488372,0.39374961547913057,6338,6339,43
rap_clm_lake_debug_intel,hera,intel,292.5,2.6457513110645907,289,295,1345.5,4.932882862316247,1340,1351,4
rap_clm_lake_debug_intel,hercules,intel,265.4347826086956,36.113802946865405,244,488,28192.58695652174,182784.00615195776,1228,1240944,46
rap_clm_lake_debug_intel,orion,intel,305.02222222222224,7.970082949519528,295,335,28067.17777777778,180122.10931240369,1201,1209512,45
rap_clm_lake_debug_intel,ursa,intel,298.62,204.20077055162537,209,1335,1870.42,8.253855005328116,1854,1893,50
rap_clm_lake_debug_intel,wcoss2,intel,345.0416666666667,11.527872482450151,337,419,1112.2291666666667,31.85955855989234,1095,1197,48
