test_name,machine,compiler,core_mean,core_std,core_min,core_max,mem_mean,mem_std,mem_min,mem_max,n_hashes
rap_decomp_gnu,derecho,gnu,264.40909090909093,9.553565465721285,256,320,955.0909090909091,2.239374723965164,951,962,44
rap_decomp_gnu,hera,gnu,360.0,,360,360,944.0,,944,944,1
rap_decomp_gnu,hercules,gnu,270.1521739130435,26.71659275623325,252,400,21231.239130434784,137665.73864758795,926,934628,46
rap_decomp_gnu,ursa,gnu,271.58,230.99077550271772,205,1700,856.12,10.6534271576841,847,871,50
