test_name,machine,compiler,core_mean,core_std,core_min,core_max,mem_mean,mem_std,mem_min,mem_max,n_hashes
rap_control_debug_dyn32_phy32_gnu,derecho,gnu,160.27272727272728,9.485272884389353,153,204,819.6818181818181,2.549717059293577,816,826,44
rap_control_debug_dyn32_phy32_gnu,hera,gnu,144.0,,144,144,804.0,,804,804,1
rap_control_debug_dyn32_phy32_gnu,hercules,gnu,126.52173913043478,22.10051696774413,114,268,18112.717391304348,117423.42605775295,791,797204,46
rap_control_debug_dyn32_phy32_gnu,ursa,gnu,202.58,315.1804853847188,104,1575,718.42,6.318389099788545,711,728,50
