test_name,machine,compiler,core_mean,core_std,core_min,core_max,mem_mean,mem_std,mem_min,mem_max,n_hashes
rap_progcld_thompson_debug_intel,acorn,intel,345.74418604651163,11.87853811603458,331,370,1191.0232558139535,5.885771269171321,1181,1200,43
rap_progcld_thompson_debug_intel,derecho,intel,303.9318181818182,11.975552086652508,295,377,1129.7272727272727,3.45309861768019,1111,1136,44
rap_progcld_thompson_debug_intel,gaeac6,intel,209.93023255813952,2.4822738120445837,205,217,6338.7441860465115,0.44148144844880904,6338,6339,43
rap_progcld_thompson_debug_intel,hercules,intel,270.5,47.05257107156255,242,562,28011.58695652174,181569.36615955117,1227,1232704,46
rap_progcld_thompson_debug_intel,orion,intel,303.15555555555557,6.691091620259497,290,326,28157.6,180738.89472553792,1201,1213648,45
rap_progcld_thompson_debug_intel,ursa,intel,305.74,161.16841362692753,208,674,1869.64,7.289242843018,1857,1891,50
rap_progcld_thompson_debug_intel,wcoss2,intel,344.25,5.416680305492918,338,367,1102.4583333333333,19.61323731601148,1093,1195,48
