test_name,machine,compiler,core_mean,core_std,core_min,core_max,mem_mean,mem_std,mem_min,mem_max,n_hashes
rap_control_dyn32_phy32_intel,acorn,intel,194.3409090909091,7.024684655069683,186,213,887.5227272727273,2.357458587898721,880,891,44
rap_control_dyn32_phy32_intel,derecho,intel,173.0,2.9254298034449064,169,181,845.1590909090909,1.7110201202816138,841,848,44
rap_control_dyn32_phy32_intel,gaeac6,intel,130.90697674418604,4.658908279478057,127,149,6338.790697674419,0.4116250914934512,6338,6339,43
rap_control_dyn32_phy32_intel,hera,intel,183.25,0.9574271077563381,182,184,1111.25,1.258305739211769,1110,1113,4
rap_control_dyn32_phy32_intel,hercules,intel,162.02173913043478,29.81758551253105,149,337,23596.717391304348,152892.29990852502,1016,1038020,46
rap_control_dyn32_phy32_intel,orion,intel,228.84444444444443,5.129928032259479,224,245,21882.8,140435.21428315103,927,943016,45
rap_control_dyn32_phy32_intel,ursa,intel,237.38,210.62132477263452,126,755,1781.12,92.93922525950349,1702,2033,50
rap_control_dyn32_phy32_intel,wcoss2,intel,197.3125,6.428514437437348,188,214,808.9791666666666,30.8762041428267,793,892,48
