test_name,machine,compiler,core_mean,core_std,core_min,core_max,mem_mean,mem_std,mem_min,mem_max,n_hashes
rap_progcld_thompson_debug_intel,acorn,intel,346.77777777777777,11.727762107086045,331,370,1190.2222222222222,5.6483661712074875,1181,1200,45
rap_progcld_thompson_debug_intel,derecho,intel,304.84444444444443,19.785159217264976,295,432,1129.6,3.2849519160726075,1111,1135,45
rap_progcld_thompson_debug_intel,gaeac6,intel,210.13636363636363,2.34858600796021,206,217,6338.795454545455,0.408032457358299,6338,6339,44
rap_progcld_thompson_debug_intel,hera,intel,292.8,3.8987177379235822,287,297,1342.4,2.073644135332799,1339,1344,5
rap_progcld_thompson_debug_intel,hercules,intel,266.6170212765957,45.84499080857873,242,562,27440.936170212764,179627.54937810288,1227,1232704,47
rap_progcld_thompson_debug_intel,orion,intel,302.7173913043478,6.862662403593835,290,326,27570.195652173912,178763.801356193,1194,1213648,46
rap_progcld_thompson_debug_intel,ursa,intel,283.34,145.1488483015463,208,674,1869.0,6.724915597679924,1859,1891,50
rap_progcld_thompson_debug_intel,wcoss2,intel,344.44897959183675,5.597846403193058,338,367,1111.8367346938776,33.20099580508033,1093,1195,49
