test_name,machine,compiler,core_mean,core_std,core_min,core_max,mem_mean,mem_std,mem_min,mem_max,n_hashes
rap_restart_dyn32_phy32_intel,acorn,intel,115.42857142857143,6.390323695541412,106,130,729.8809523809524,2.4415347127933855,725,734,42
rap_restart_dyn32_phy32_intel,derecho,intel,104.8409090909091,2.1987647887381048,101,113,734.5227272727273,3.7570933617014717,719,739,44
rap_restart_dyn32_phy32_intel,gaeac6,intel,73.3953488372093,2.0602766213224033,71,84,6338.7441860465115,0.4414814484490723,6338,6339,43
rap_restart_dyn32_phy32_intel,hercules,intel,88.21739130434783,7.186138024707354,83,116,22296.565217391304,144549.15239809177,958,981364,46
rap_restart_dyn32_phy32_intel,orion,intel,126.66666666666667,3.377734582392598,123,138,20602.0,132128.14037705972,881,887248,45
rap_restart_dyn32_phy32_intel,ursa,intel,217.96,192.56411177282527,69,552,1681.84,52.918250391427314,1624,1810,50
rap_restart_dyn32_phy32_intel,wcoss2,intel,114.5625,7.243210320340067,108,152,637.0,14.285835865744053,629,732,48
