test_name,machine,compiler,core_mean,core_std,core_min,core_max,mem_mean,mem_std,mem_min,mem_max,n_hashes
rap_diag_debug_gnu,derecho,gnu,172.29545454545453,3.0083569297027366,167,179,1052.340909090909,2.0903230174126186,1048,1057,44
rap_diag_debug_gnu,hercules,gnu,136.45652173913044,7.638227024466775,124,152,23391.521739130436,151665.02802598142,1020,1029672,46
rap_diag_debug_gnu,ursa,gnu,167.08,194.35259773128314,119,1468,950.04,10.890849932163176,938,965,50
