test_name,machine,compiler,core_mean,core_std,core_min,core_max,mem_mean,mem_std,mem_min,mem_max,n_hashes
rap_noah_debug_intel,acorn,intel,340.6511627906977,10.767861619366228,323,370,1188.3488372093022,3.2284724452922537,1182,1193,43
rap_noah_debug_intel,derecho,intel,302.15909090909093,33.62650061098213,290,516,1127.840909090909,5.006707973881688,1098,1132,44
rap_noah_debug_intel,gaeac6,intel,205.97674418604652,2.7035106990111473,199,214,6338.767441860465,0.4274625743755488,6338,6339,43
rap_noah_debug_intel,hercules,intel,260.32608695652175,16.855008286791964,241,308,28150.717391304348,182507.56887496944,1226,1239068,46
rap_noah_debug_intel,orion,intel,297.68888888888887,8.546190598001763,283,336,28227.4,181218.56178413145,1202,1216864,45
rap_noah_debug_intel,ursa,intel,275.02,138.03969999789987,204,631,1867.3,7.4429805309213455,1845,1887,50
rap_noah_debug_intel,wcoss2,intel,338.1875,4.578656543646935,329,352,1101.5416666666667,19.30489777269447,1092,1194,48
