test_name,machine,compiler,core_mean,core_std,core_min,core_max,mem_mean,mem_std,mem_min,mem_max,n_hashes
rap_sfcdiff_decomp_intel,acorn,intel,237.38636363636363,7.936421515352153,222,258,1011.7954545454545,3.0391212427473646,1005,1019,44
rap_sfcdiff_decomp_intel,derecho,intel,206.22727272727272,3.6399823431953306,198,217,963.7272727272727,2.653331704328069,951,968,44
rap_sfcdiff_decomp_intel,gaeac6,intel,154.8139534883721,5.090868641164742,148,175,6338.790697674419,0.4116250914935321,6338,6339,43
rap_sfcdiff_decomp_intel,hera,intel,216.0,1.8257418583505538,214,218,1150.0,4.242640687119254,1146,1155,4
rap_sfcdiff_decomp_intel,hercules,intel,187.67391304347825,15.68588090938413,176,235,24349.934782608696,157888.13100313247,1053,1071920,46
rap_sfcdiff_decomp_intel,orion,intel,267.26666666666665,3.839981060559361,262,279,23891.68888888889,153321.53700517185,1024,1029548,45
rap_sfcdiff_decomp_intel,ursa,intel,240.58,209.12764288923688,151,836,1742.02,49.03372017587194,1699,1918,50
rap_sfcdiff_decomp_intel,wcoss2,intel,244.6875,8.267228947361083,234,285,929.7916666666666,32.08761830094203,914,1015,48
