test_name,machine,compiler,core_mean,core_std,core_min,core_max,mem_mean,mem_std,mem_min,mem_max,n_hashes
rap_cires_ugwp_debug_intel,acorn,intel,351.5581395348837,9.204818421378137,339,374,1191.0,6.035608621222181,1181,1201,43
rap_cires_ugwp_debug_intel,derecho,intel,310.9318181818182,16.14382699689601,302,411,1131.3181818181818,4.191756734868218,1111,1137,44
rap_cires_ugwp_debug_intel,gaeac6,intel,214.74418604651163,2.708830561733535,209,222,6338.860465116279,0.6392478969494061,6338,6342,43
rap_cires_ugwp_debug_intel,hercules,intel,273.3695652173913,44.70116016175378,244,545,28156.347826086956,182559.77306530075,1232,1239420,46
rap_cires_ugwp_debug_intel,orion,intel,307.8,7.3996314404533186,297,333,28144.4,180653.7005508052,1199,1213076,45
rap_cires_ugwp_debug_intel,ursa,intel,273.02,120.64647123065045,213,630,1870.68,7.3385757390348685,1854,1886,50
rap_cires_ugwp_debug_intel,wcoss2,intel,351.5833333333333,5.808406722370793,344,375,1103.75,19.392365244787282,1092,1195,48
