test_name,machine,compiler,core_mean,core_std,core_min,core_max,mem_mean,mem_std,mem_min,mem_max,n_hashes
rap_restart_dyn32_phy32_intel,acorn,intel,115.53658536585365,6.430775851231377,106,130,729.780487804878,2.3823538268061584,725,734,41
rap_restart_dyn32_phy32_intel,derecho,intel,105.0,2.312755328456151,101,113,734.6136363636364,3.792378581649516,719,739,44
rap_restart_dyn32_phy32_intel,gaeac6,intel,73.3953488372093,2.060276621322402,71,84,6338.767441860465,0.4274625743761264,6338,6339,43
rap_restart_dyn32_phy32_intel,hercules,intel,87.6304347826087,6.336345584192736,83,116,22297.130434782608,144549.06730835707,958,981364,46
rap_restart_dyn32_phy32_intel,orion,intel,126.66666666666667,3.3777345823926,123,138,20603.0,132127.98799132745,881,887248,45
rap_restart_dyn32_phy32_intel,ursa,intel,228.04,197.78146670360334,69,574,1683.76,53.36801763343334,1624,1810,50
rap_restart_dyn32_phy32_intel,wcoss2,intel,114.41666666666667,7.18104281330538,108,152,635.0625,2.883601840488398,629,644,48
