test_name,machine,compiler,core_mean,core_std,core_min,core_max,mem_mean,mem_std,mem_min,mem_max,n_hashes
rap_sfcdiff_decomp_gnu,derecho,gnu,263.8181818181818,7.683484938709946,258,310,954.4545454545455,2.2665879022919078,949,962,44
rap_sfcdiff_decomp_gnu,hercules,gnu,267.60869565217394,18.135880042819437,254,345,21223.739130434784,137618.63916158304,925,934308,46
rap_sfcdiff_decomp_gnu,ursa,gnu,330.04,191.99446845773275,204,746,855.6,10.732365697710277,845,870,50
