test_name,machine,compiler,core_mean,core_std,core_min,core_max,mem_mean,mem_std,mem_min,mem_max,n_hashes
rap_2threads_intel,acorn,intel,211.36363636363637,6.833879041102093,199,229,1081.090909090909,5.134553180524688,1070,1093,44
rap_2threads_intel,derecho,intel,346.3636363636364,5.843266484897901,335,357,1041.0681818181818,3.493500458643925,1037,1053,44
rap_2threads_intel,gaeac6,intel,169.6046511627907,2.8630614224547526,165,179,6338.604651162791,0.6948632919233957,6337,6341,43
rap_2threads_intel,hera,intel,304.0,5.887840577551898,298,310,1166.75,8.500000000000027,1155,1175,4
rap_2threads_intel,hercules,intel,270.4347826086956,6.368855379154041,261,289,26385.478260869564,171006.7327596898,1155,1160996,46
rap_2threads_intel,orion,intel,273.1333333333333,7.488172492185715,266,305,25981.933333333334,166779.07169644296,1096,1119908,45
rap_2threads_intel,ursa,intel,123.2,3.8808793449160377,117,136,1171.06,1.8561535826673856,1168,1176,50
rap_2threads_intel,wcoss2,intel,219.25,11.23160434533788,207,275,997.3958333333334,33.24809358369827,976,1086,48
