test_name,machine,compiler,core_mean,core_std,core_min,core_max,mem_mean,mem_std,mem_min,mem_max,n_hashes
rap_control_debug_intel,acorn,intel,348.8863636363636,12.230757851913154,332,375,1191.5,5.892446879909893,1183,1203,44
rap_control_debug_intel,derecho,intel,303.97727272727275,13.57063971065655,297,387,1129.659090909091,3.790705780870446,1107,1133,44
rap_control_debug_intel,gaeac6,intel,210.06976744186048,2.004701008905119,207,215,6338.767441860465,0.6844256995510011,6338,6342,43
rap_control_debug_intel,hera,intel,293.0,,293,293,1344.0,,1344,1344,1
rap_control_debug_intel,hercules,intel,262.6521739130435,14.885066925993447,241,314,27932.32608695652,181033.90284045375,1230,1229072,46
rap_control_debug_intel,orion,intel,303.1777777777778,6.678625637362839,287,317,28015.555555555555,179789.08077188107,1201,1207276,45
rap_control_debug_intel,ursa,intel,258.42,118.56576406435062,207,687,1867.64,7.631192701066882,1852,1894,50
rap_control_debug_intel,wcoss2,intel,343.6458333333333,3.692946602637122,338,355,1104.0625,23.467865081625153,1092,1195,48
