test_name,machine,compiler,core_mean,core_std,core_min,core_max,mem_mean,mem_std,mem_min,mem_max,n_hashes
rap_cires_ugwp_debug_intel,acorn,intel,351.45238095238096,9.289916854762934,339,374,1191.047619047619,6.100589259633072,1181,1201,42
rap_cires_ugwp_debug_intel,derecho,intel,310.8636363636364,16.149866309607084,302,411,1131.4318181818182,4.139417593416386,1111,1137,44
rap_cires_ugwp_debug_intel,gaeac6,intel,214.67441860465115,2.740532883813784,209,222,6338.837209302325,0.6521113167513846,6338,6342,43
rap_cires_ugwp_debug_intel,hercules,intel,274.17391304347825,44.788046196787874,244,545,28156.608695652172,182559.7337452385,1232,1239420,46
rap_cires_ugwp_debug_intel,orion,intel,307.64444444444445,7.468587415287981,297,333,28144.28888888889,180653.71748856257,1199,1213076,45
rap_cires_ugwp_debug_intel,ursa,intel,266.82,114.50812109155564,213,630,1870.78,7.209092897734237,1854,1886,50
rap_cires_ugwp_debug_intel,wcoss2,intel,351.4166666666667,5.492096190652149,344,375,1101.8125,14.10998778593198,1092,1195,48
