test_name,machine,compiler,core_mean,core_std,core_min,core_max,mem_mean,mem_std,mem_min,mem_max,n_hashes
rap_control_debug_dyn32_phy32_intel,acorn,intel,334.0232558139535,8.3963948388665,323,354,1071.3720930232557,3.565864990994178,1065,1087,43
rap_control_debug_dyn32_phy32_intel,derecho,intel,297.79545454545456,25.128117805353938,287,457,1012.5227272727273,2.24632657614176,1001,1015,44
rap_control_debug_dyn32_phy32_intel,gaeac6,intel,203.11627906976744,2.8636415571584473,199,215,6338.813953488372,0.45017530730704064,6338,6340,43
rap_control_debug_dyn32_phy32_intel,hercules,intel,268.0652173913044,15.928175139827687,238,310,25356.847826086956,164361.95277969324,1112,1115880,46
rap_control_debug_dyn32_phy32_intel,orion,intel,299.06666666666666,6.929515265744196,288,320,25242.666666666668,161997.83985189992,1074,1087808,45
rap_control_debug_dyn32_phy32_intel,ursa,intel,284.54,157.10651657719487,200,684,1751.48,6.7317099140818195,1738,1768,50
rap_control_debug_dyn32_phy32_intel,wcoss2,intel,333.9375,5.3966350824162586,328,354,981.4791666666666,18.987106020546165,970,1071,48
