test_name,machine,compiler,core_mean,core_std,core_min,core_max,mem_mean,mem_std,mem_min,mem_max,n_hashes
rap_noah_sfcdiff_cires_ugwp_debug_intel,acorn,intel,547.0243902439024,14.42478388898425,524,574,1186.7317073170732,3.8014759649637826,1179,1194,41
rap_noah_sfcdiff_cires_ugwp_debug_intel,derecho,intel,482.8181818181818,36.00792724559849,468,713,1128.2272727272727,4.119514739788189,1113,1136,44
rap_noah_sfcdiff_cires_ugwp_debug_intel,gaeac6,intel,334.5348837209302,4.661641021139101,327,346,6338.813953488372,0.39374961547899834,6338,6339,43
rap_noah_sfcdiff_cires_ugwp_debug_intel,hercules,intel,434.0,33.08171700501652,396,505,28037.543478260868,181747.52195073088,1224,1233912,46
rap_noah_sfcdiff_cires_ugwp_debug_intel,orion,intel,493.55555555555554,13.162542507149798,474,546,28079.82222222222,180231.78156956786,1203,1210244,45
rap_noah_sfcdiff_cires_ugwp_debug_intel,ursa,intel,397.1,143.32768933675112,335,889,1868.34,7.681438003129257,1847,1880,50
rap_noah_sfcdiff_cires_ugwp_debug_intel,wcoss2,intel,547.0625,11.231426748570753,538,612,1094.9583333333333,2.7749512806405865,1084,1099,48
