test_name,machine,compiler,core_mean,core_std,core_min,core_max,mem_mean,mem_std,mem_min,mem_max,n_hashes
rap_control_dyn64_phy32_gnu,derecho,gnu,279.95454545454544,11.220733602544946,272,346,843.2272727272727,2.683833048247763,838,848,44
rap_control_dyn64_phy32_gnu,hera,gnu,347.25,7.41057802513857,339,357,823.75,0.957427107756353,823,825,4
rap_control_dyn64_phy32_gnu,hercules,gnu,295.4130434782609,39.91021929111308,262,439,18515.782608695652,120017.7327695857,815,814820,46
rap_control_dyn64_phy32_gnu,ursa,gnu,300.26,190.04744949939337,215,995,736.94,5.863794132867637,731,747,50
