test_name,machine,compiler,core_mean,core_std,core_min,core_max,mem_mean,mem_std,mem_min,mem_max,n_hashes
rap_progcld_thompson_debug_intel,acorn,intel,346.20454545454544,11.599076838676151,331,370,1190.5,5.663017520885955,1181,1200,44
rap_progcld_thompson_debug_intel,derecho,intel,305.04545454545456,19.998784318232655,295,432,1129.7727272727273,3.456464360785211,1111,1136,44
rap_progcld_thompson_debug_intel,gaeac6,intel,209.97674418604652,2.4542322249439827,205,217,6338.790697674419,0.4116250914931068,6338,6339,43
rap_progcld_thompson_debug_intel,hera,intel,293.3333333333333,2.0816659994661384,291,295,1343.3333333333333,1.154700538379268,1342,1344,3
rap_progcld_thompson_debug_intel,hercules,intel,267.32608695652175,46.15965258285691,242,562,28011.065217391304,181569.44479416774,1227,1232704,46
rap_progcld_thompson_debug_intel,orion,intel,302.8,6.917040880712968,290,326,28156.51111111111,180739.06074851548,1201,1213648,45
rap_progcld_thompson_debug_intel,ursa,intel,299.68,159.12188115160177,208,674,1869.24,6.720544195652133,1859,1891,50
rap_progcld_thompson_debug_intel,wcoss2,intel,344.1458333333333,5.473299146410625,338,367,1108.2083333333333,29.032599676426454,1093,1195,48
