test_name,machine,compiler,core_mean,core_std,core_min,core_max,mem_mean,mem_std,mem_min,mem_max,n_hashes
rap_control_gnu,derecho,gnu,262.7111111111111,9.016707275996609,256,317,955.2222222222222,1.9987369749292778,952,960,45
rap_control_gnu,hera,gnu,358.0,2.5495097567963967,355,362,941.4,4.449719092257403,936,948,5
rap_control_gnu,hercules,gnu,269.6170212765957,28.173803119896107,248,387,20801.40425531915,136200.18648979435,927,934676,47
rap_control_gnu,ursa,gnu,287.3,226.11512780087972,206,1543,853.16,10.174718569040875,844,871,50
