test_name,machine,compiler,core_mean,core_std,core_min,core_max,mem_mean,mem_std,mem_min,mem_max,n_hashes
rap_noah_sfcdiff_cires_ugwp_debug_intel,acorn,intel,546.75,14.310713176774394,524,574,1186.7045454545455,3.82512833318436,1179,1194,44
rap_noah_sfcdiff_cires_ugwp_debug_intel,derecho,intel,482.25,36.1393459484451,468,713,1127.9318181818182,4.128166028259057,1113,1136,44
rap_noah_sfcdiff_cires_ugwp_debug_intel,gaeac6,intel,333.8139534883721,4.505318623865267,324,344,6338.813953488372,0.39374961547900494,6338,6339,43
rap_noah_sfcdiff_cires_ugwp_debug_intel,hera,intel,478.0,,478,478,1342.0,,1342,1342,1
rap_noah_sfcdiff_cires_ugwp_debug_intel,hercules,intel,430.54347826086956,31.885006244133077,396,505,28036.652173913044,181747.6562701664,1224,1233912,46
rap_noah_sfcdiff_cires_ugwp_debug_intel,orion,intel,493.1333333333333,13.260673231229816,474,546,28079.31111111111,180231.85949780737,1202,1210244,45
rap_noah_sfcdiff_cires_ugwp_debug_intel,ursa,intel,408.4,161.10853231183464,335,920,1867.92,8.597199354132387,1847,1881,50
rap_noah_sfcdiff_cires_ugwp_debug_intel,wcoss2,intel,546.625,11.109943792109384,538,612,1100.9791666666667,23.835865684044307,1084,1195,48
