test_name,machine,compiler,core_mean,core_std,core_min,core_max,mem_mean,mem_std,mem_min,mem_max,n_hashes
rap_decomp_gnu,derecho,gnu,264.34090909090907,9.574537894776967,256,320,954.9090909090909,1.9744670381059057,951,958,44
rap_decomp_gnu,hera,gnu,358.5,2.1213203435596424,357,360,942.0,2.8284271247461903,940,944,2
rap_decomp_gnu,hercules,gnu,270.9130434782609,26.947542528200575,252,400,21231.369565217392,137665.71898711083,926,934628,46
rap_decomp_gnu,ursa,gnu,271.44,231.02788593940912,205,1700,855.7,10.548720785198705,847,871,50
