test_name,machine,compiler,core_mean,core_std,core_min,core_max,mem_mean,mem_std,mem_min,mem_max,n_hashes
rap_control_intel,acorn,intel,232.95555555555555,8.232296585443635,222,252,1011.2444444444444,2.9707326579907467,1006,1016,45
rap_control_intel,derecho,intel,199.06666666666666,3.933538772241522,193,209,963.9555555555555,3.384157982796492,952,968,45
rap_control_intel,gaeac6,intel,149.36363636363637,3.7731666368376318,145,162,6338.636363636364,0.48660709956241255,6338,6339,44
rap_control_intel,hera,intel,203.8,1.4832396974191324,202,206,1166.0,3.082207001484493,1163,1171,5
rap_control_intel,hercules,intel,184.17021276595744,36.3026643823576,168,413,24415.382978723403,159841.76666636308,1071,1096920,47
rap_control_intel,orion,intel,258.1521739130435,5.609386543224156,253,281,23609.652173913044,153063.97700935637,1034,1039172,46
rap_control_intel,ursa,intel,267.42,218.41134100030388,145,793,1835.12,86.89253038515272,1762,2092,50
rap_control_intel,wcoss2,intel,240.9591836734694,8.609488911644402,230,267,930.5102040816327,33.035411839027375,914,1012,49
