test_name,machine,compiler,core_mean,core_std,core_min,core_max,mem_mean,mem_std,mem_min,mem_max,n_hashes
rap_sfcdiff_gnu,derecho,gnu,261.8888888888889,9.123451854280464,256,318,955.0,2.0225995873896943,951,959,45
rap_sfcdiff_gnu,hera,gnu,359.2,3.8987177379235787,355,365,937.2,2.9495762407505293,932,939,5
rap_sfcdiff_gnu,hercules,gnu,267.40425531914894,22.160147910419177,247,348,20805.106382978724,136231.82651278732,925,934892,47
rap_sfcdiff_gnu,ursa,gnu,281.24,165.30029075125358,206,796,853.44,10.045122686952052,844,871,50
