test_name,machine,compiler,core_mean,core_std,core_min,core_max,mem_mean,mem_std,mem_min,mem_max,n_hashes
rap_noah_debug_intel,acorn,intel,340.6363636363636,10.642370144065548,323,370,1188.3863636363637,3.2004062902752293,1182,1193,44
rap_noah_debug_intel,derecho,intel,301.97727272727275,33.671110131762575,290,516,1127.840909090909,5.006707973881526,1098,1132,44
rap_noah_debug_intel,gaeac6,intel,205.97674418604652,2.70351069901115,199,214,6338.860465116279,0.6392478969494876,6338,6342,43
rap_noah_debug_intel,hera,intel,292.0,,292,292,1335.0,,1335,1335,1
rap_noah_debug_intel,hercules,intel,259.0,15.353609781850446,241,293,28150.652173913044,182507.5787033048,1226,1239068,46
rap_noah_debug_intel,orion,intel,297.35555555555555,8.626480256521873,283,336,28227.28888888889,181218.5787230214,1202,1216864,45
rap_noah_debug_intel,ursa,intel,266.54,128.41279261087053,204,629,1866.9,6.878686395716277,1845,1885,50
rap_noah_debug_intel,wcoss2,intel,338.0,4.685877378731819,329,352,1103.5625,23.3629150123083,1092,1194,48
