test_name,machine,compiler,core_mean,core_std,core_min,core_max,mem_mean,mem_std,mem_min,mem_max,n_hashes
rap_control_intel,acorn,intel,233.78571428571428,8.546959848278426,222,252,1010.7142857142857,3.0943356139867353,1006,1016,42
rap_control_intel,derecho,intel,201.45454545454547,14.314498334879964,193,291,964.0,3.027010191207556,952,968,44
rap_control_intel,gaeac6,intel,150.0,3.854496446637748,145,162,6338.674418604651,0.4741373235153995,6338,6339,43
rap_control_intel,hercules,intel,185.1304347826087,36.49572802741723,168,413,24930.565217391304,161568.58215928715,1071,1096920,46
rap_control_intel,orion,intel,258.31111111111113,5.526063131866464,253,281,24112.777777777777,154755.0970673119,1034,1039172,45
rap_control_intel,ursa,intel,258.5,211.39249209535734,146,793,1832.12,86.46566854384864,1762,2092,50
rap_control_intel,wcoss2,intel,241.29166666666666,9.015254998891349,230,267,919.1041666666666,13.731838424800344,914,1011,48
