test_name,machine,compiler,core_mean,core_std,core_min,core_max,mem_mean,mem_std,mem_min,mem_max,n_hashes
rap_control_dyn32_phy32_intel,acorn,intel,195.7674418604651,8.231291078799245,186,215,887.1860465116279,2.872329517121642,880,891,43
rap_control_dyn32_phy32_intel,derecho,intel,183.02272727272728,64.2334002215118,169,599,844.8409090909091,1.8292606438589414,841,848,44
rap_control_dyn32_phy32_intel,gaeac6,intel,130.37209302325581,3.748163079073681,127,148,6338.813953488372,0.3937496154791231,6338,6339,43
rap_control_dyn32_phy32_intel,hercules,intel,161.3913043478261,29.89201176150174,149,337,23600.82608695652,152891.68133904535,1016,1038020,46
rap_control_dyn32_phy32_intel,orion,intel,228.6888888888889,5.199747468615543,224,245,21887.48888888889,140434.49989628326,927,943016,45
rap_control_dyn32_phy32_intel,ursa,intel,227.68,203.9406116035364,126,755,1778.08,92.41650175113949,1702,2033,50
rap_control_dyn32_phy32_intel,wcoss2,intel,197.0,6.195399803354438,188,214,801.5416666666666,19.16774588389316,793,892,48
