test_name,machine,compiler,core_mean,core_std,core_min,core_max,mem_mean,mem_std,mem_min,mem_max,n_hashes
rap_control_intel,acorn,intel,233.72093023255815,8.455276125127991,222,252,1010.7906976744187,3.098064983908322,1006,1016,43
rap_control_intel,derecho,intel,201.70454545454547,14.348777673335663,193,291,964.0227272727273,3.0307619455182904,952,968,44
rap_control_intel,gaeac6,intel,149.90697674418604,3.9267941212743627,145,162,6338.6511627906975,0.482242822170297,6338,6339,43
rap_control_intel,hercules,intel,184.93478260869566,36.55340213618247,168,413,24928.739130434784,161568.85710287865,1071,1096920,46
rap_control_intel,orion,intel,258.24444444444447,5.572479273404744,253,281,24112.444444444445,154755.14788390952,1034,1039172,45
rap_control_intel,ursa,intel,258.56,211.3617809562069,146,793,1832.46,86.24152368878504,1762,2092,50
rap_control_intel,wcoss2,intel,240.70833333333334,8.540163766762353,230,267,921.0416666666666,18.66953182165307,914,1011,48
