test_name,machine,compiler,core_mean,core_std,core_min,core_max,mem_mean,mem_std,mem_min,mem_max,n_hashes
rap_control_dyn64_phy32_gnu,derecho,gnu,280.15909090909093,11.14376075683147,272,346,843.3636363636364,2.6156141978769454,838,848,44
rap_control_dyn64_phy32_gnu,hercules,gnu,292.32608695652175,39.73526524823796,262,439,18516.239130434784,120017.66397607847,815,814820,46
rap_control_dyn64_phy32_gnu,ursa,gnu,321.86,234.96382787178803,215,1284,737.92,6.107339178131075,731,747,50
