test_name,machine,compiler,core_mean,core_std,core_min,core_max,mem_mean,mem_std,mem_min,mem_max,n_hashes
rap_lndp_debug_intel,acorn,intel,351.97727272727275,10.55988159809337,335,379,1196.090909090909,4.604437605828042,1188,1205,44
rap_lndp_debug_intel,derecho,intel,307.90909090909093,13.271438438394732,300,390,1133.1363636363637,1.7062253878065723,1129,1138,44
rap_lndp_debug_intel,gaeac6,intel,213.37209302325581,2.3906888408987337,209,218,6338.7441860465115,0.693267736908809,6338,6342,43
rap_lndp_debug_intel,hera,intel,299.0,,299,299,1352.0,,1352,1352,1
rap_lndp_debug_intel,hercules,intel,267.2173913043478,14.469758568942272,244,319,28026.32608695652,181663.00165172195,1229,1233340,46
rap_lndp_debug_intel,orion,intel,308.0888888888889,8.59656967057268,295,349,28172.4,180839.70071112958,1198,1214324,45
rap_lndp_debug_intel,ursa,intel,261.22,107.30374396724355,212,614,1870.46,6.755828926919001,1856,1886,50
rap_lndp_debug_intel,wcoss2,intel,349.4791666666667,5.611498769465813,341,367,1108.5833333333333,24.727307097863612,1097,1204,48
