test_name,machine,compiler,core_mean,core_std,core_min,core_max,mem_mean,mem_std,mem_min,mem_max,n_hashes
rap_sfcdiff_intel,acorn,intel,230.72727272727272,6.333240606123601,221,249,1007.1136363636364,2.4036397699662113,1003,1011,44
rap_sfcdiff_intel,derecho,intel,200.11363636363637,6.303250948189852,193,229,963.1590909090909,2.342163398845682,952,967,44
rap_sfcdiff_intel,gaeac6,intel,150.6046511627907,5.341390646833638,145,171,6338.767441860465,0.4799409339811651,6338,6340,43
rap_sfcdiff_intel,hera,intel,206.0,,206,206,1167.0,,1167,1167,1
rap_sfcdiff_intel,hercules,intel,179.08695652173913,13.889766155869376,167,222,24988.391304347828,161982.48069336644,1070,1099724,46
rap_sfcdiff_intel,orion,intel,256.02222222222224,5.263462776921717,251,269,24279.333333333332,155870.7086861357,1028,1046656,45
rap_sfcdiff_intel,ursa,intel,249.28,201.1123191103896,144,796,1825.8,82.09725442226109,1745,2067,50
rap_sfcdiff_intel,wcoss2,intel,237.4375,6.077185273715449,227,255,922.6875,23.230717238265708,911,1012,48
