test_name,machine,compiler,core_mean,core_std,core_min,core_max,mem_mean,mem_std,mem_min,mem_max,n_hashes
rap_progcld_thompson_debug_intel,acorn,intel,345.90909090909093,11.665528989128383,331,370,1190.7727272727273,5.729822580814157,1181,1200,44
rap_progcld_thompson_debug_intel,derecho,intel,305.22727272727275,19.96958575383335,295,432,1129.8181818181818,3.459215714800426,1111,1136,44
rap_progcld_thompson_debug_intel,gaeac6,intel,209.93023255813952,2.491847171393423,205,217,6338.790697674419,0.41162509149316756,6338,6339,43
rap_progcld_thompson_debug_intel,hera,intel,292.5,2.1213203435596424,291,294,1343.0,1.4142135623730951,1342,1344,2
rap_progcld_thompson_debug_intel,hercules,intel,267.54347826086956,46.080464176741536,242,562,28011.32608695652,181569.4054774224,1227,1232704,46
rap_progcld_thompson_debug_intel,orion,intel,302.6666666666667,6.95112809680429,290,326,28156.933333333334,180738.99636912387,1201,1213648,45
rap_progcld_thompson_debug_intel,ursa,intel,299.76,159.07789902806633,208,674,1869.0,6.939975886566421,1857,1891,50
rap_progcld_thompson_debug_intel,wcoss2,intel,344.2708333333333,5.421547173903886,338,367,1106.25,26.302252957461516,1093,1195,48
