test_name,machine,compiler,core_mean,core_std,core_min,core_max,mem_mean,mem_std,mem_min,mem_max,n_hashes
rap_control_dyn64_phy32_debug_gnu,derecho,gnu,164.1590909090909,15.217711807059107,155,253,849.0681818181819,2.106443351737712,845,853,44
rap_control_dyn64_phy32_debug_gnu,hera,gnu,156.5,5.066228051190223,153,164,830.0,1.4142135623730951,828,831,4
rap_control_dyn64_phy32_debug_gnu,hercules,gnu,132.95652173913044,33.243850907925896,115,305,18703.630434782608,121248.8239606396,822,823176,46
rap_control_dyn64_phy32_debug_gnu,ursa,gnu,218.68,272.63629356970904,108,1621,744.5,7.256946004079335,729,771,50
