test_name,machine,compiler,core_mean,core_std,core_min,core_max,mem_mean,mem_std,mem_min,mem_max,n_hashes
rap_restart_dyn32_phy32_intel,acorn,intel,115.02222222222223,6.19929940649047,106,130,730.0,2.40265005207312,725,734,45
rap_restart_dyn32_phy32_intel,derecho,intel,104.53333333333333,3.361547262794324,88,113,735.2,2.7601053998320353,728,739,45
rap_restart_dyn32_phy32_intel,gaeac6,intel,73.54545454545455,1.9583398932311789,71,84,6338.75,0.43801879539152133,6338,6339,44
rap_restart_dyn32_phy32_intel,hera,intel,102.0,2.23606797749979,99,105,1062.2,5.310367218940706,1056,1068,5
rap_restart_dyn32_phy32_intel,hercules,intel,88.87234042553192,7.13417074574314,83,116,21839.72340425532,143003.63135624913,958,981364,47
rap_restart_dyn32_phy32_intel,orion,intel,126.45652173913044,3.209060241386914,123,138,20168.847826086956,130684.82193429557,881,887248,46
rap_restart_dyn32_phy32_intel,ursa,intel,200.76,184.3595156763224,69,552,1678.38,52.06192937066319,1624,1810,50
rap_restart_dyn32_phy32_intel,wcoss2,intel,115.06122448979592,7.306983427018369,108,152,648.6326530612245,34.42909009686378,629,735,49
