test_name,machine,compiler,core_mean,core_std,core_min,core_max,mem_mean,mem_std,mem_min,mem_max,n_hashes
rap_flake_debug_intel,acorn,intel,344.5,0.7071067811865476,344,345,1185.0,2.8284271247461903,1183,1187,2
rap_flake_debug_intel,derecho,intel,297.0,1.4142135623730951,296,298,1129.0,0.0,1129,1129,2
rap_flake_debug_intel,gaeac6,intel,207.0,0.0,207,207,6338.5,0.7071067811865476,6338,6339,2
rap_flake_debug_intel,hera,intel,293.0,5.656854249492381,289,297,1341.5,2.1213203435596424,1340,1343,2
rap_flake_debug_intel,hercules,intel,251.5,3.5355339059327378,249,254,1232.0,11.313708498984761,1224,1240,2
rap_flake_debug_intel,orion,intel,301.0,5.656854249492381,297,305,1211.0,2.8284271247461903,1209,1213,2
rap_flake_debug_intel,ursa,intel,212.5,3.5355339059327378,210,215,1864.5,6.363961030678928,1860,1869,2
rap_flake_debug_intel,wcoss2,intel,346.0,4.242640687119285,343,349,1192.5,0.7071067811865476,1192,1193,2
