test_name,machine,compiler,core_mean,core_std,core_min,core_max,mem_mean,mem_std,mem_min,mem_max,n_hashes
rap_progcld_thompson_debug_gnu,derecho,gnu,160.45454545454547,3.007390473982737,155,169,963.5227272727273,4.464269707008456,939,970,44
rap_progcld_thompson_debug_gnu,hera,gnu,152.75,2.0615528128088303,150,155,947.0,3.559026084010445,942,950,4
rap_progcld_thompson_debug_gnu,hercules,gnu,130.5,22.046163687438522,116,266,21436.5,138985.84226839637,934,943592,46
rap_progcld_thompson_debug_gnu,ursa,gnu,135.42,106.10277843598979,107,815,861.2,10.233996964898536,853,878,50
