test_name,machine,compiler,core_mean,core_std,core_min,core_max,mem_mean,mem_std,mem_min,mem_max,n_hashes
rap_2threads_dyn32_phy32_intel,acorn,intel,178.04651162790697,7.377422082892314,164,195,937.7441860465116,4.830917408958835,928,951,43
rap_2threads_dyn32_phy32_intel,derecho,intel,299.6818181818182,9.469099628799293,291,356,895.5681818181819,4.910348480376061,884,909,44
rap_2threads_dyn32_phy32_intel,gaeac6,intel,147.90697674418604,1.3595159062866118,145,152,6338.441860465116,0.7004191119945629,6337,6339,43
rap_2threads_dyn32_phy32_intel,hercules,intel,231.3695652173913,18.268806073805667,222,349,24734.17391304348,160362.89134020783,1076,1088724,46
rap_2threads_dyn32_phy32_intel,orion,intel,247.6,18.434651166657957,238,357,22621.733333333334,145204.90860964847,954,975040,45
rap_2threads_dyn32_phy32_intel,ursa,intel,102.58,2.176779122221356,100,109,1066.62,4.416527401218648,1052,1076,50
rap_2threads_dyn32_phy32_intel,wcoss2,intel,176.91666666666666,6.118800234691173,170,203,848.2708333333334,19.85344129378264,838,940,48
