test_name,machine,compiler,core_mean,core_std,core_min,core_max,mem_mean,mem_std,mem_min,mem_max,n_hashes
rap_restart_dyn32_phy32_gnu,derecho,gnu,137.5681818181818,4.617447836663987,133,156,674.1818181818181,1.8711111892275134,671,680,44
rap_restart_dyn32_phy32_gnu,hera,gnu,159.75,0.5000000000000023,159,160,653.75,6.8980673621916155,649,664,4
rap_restart_dyn32_phy32_gnu,hercules,gnu,150.65217391304347,15.444837168746147,123,179,14662.195652173914,95069.84924140298,641,645440,46
rap_restart_dyn32_phy32_gnu,ursa,gnu,140.54,126.74290383871354,101,892,556.4,5.986379097073458,547,567,50
