test_name,machine,compiler,core_mean,core_std,core_min,core_max,mem_mean,mem_std,mem_min,mem_max,n_hashes
rap_noah_debug_intel,acorn,intel,341.04545454545456,10.392203127109092,323,370,1188.2954545454545,3.210299887857566,1182,1193,44
rap_noah_debug_intel,derecho,intel,299.5681818181818,18.27362787426471,290,410,1127.6818181818182,4.935739275805662,1098,1132,44
rap_noah_debug_intel,gaeac6,intel,206.69767441860466,3.845435660010755,202,226,6338.883720930233,0.625235282402557,6338,6342,43
rap_noah_debug_intel,hera,intel,290.6666666666667,1.5275252316519545,289,292,1338.6666666666667,4.041451884327385,1335,1343,3
rap_noah_debug_intel,hercules,intel,257.7173913043478,14.697940964605683,241,292,28149.782608695652,182507.70976809756,1223,1239068,46
rap_noah_debug_intel,orion,intel,297.55555555555554,8.556113060676006,283,336,28226.577777777777,181218.6871462825,1196,1216864,45
rap_noah_debug_intel,ursa,intel,265.9,128.65842294975627,204,629,1866.9,6.931884333149478,1845,1885,50
rap_noah_debug_intel,wcoss2,intel,338.1041666666667,4.754570402918865,329,352,1107.6458333333333,29.498279490638012,1092,1194,48
