test_name,machine,compiler,core_mean,core_std,core_min,core_max,mem_mean,mem_std,mem_min,mem_max,n_hashes
rap_control_dyn64_phy32_debug_gnu,derecho,gnu,164.38636363636363,15.149205074073075,155,253,849.1590909090909,2.0903230174126124,845,853,44
rap_control_dyn64_phy32_debug_gnu,hera,gnu,155.0,,155,155,831.0,,831,831,1
rap_control_dyn64_phy32_debug_gnu,hercules,gnu,132.47826086956522,33.275776394939165,115,305,18704.5,121248.69293476481,822,823176,46
rap_control_dyn64_phy32_debug_gnu,ursa,gnu,238.08,290.3463688037979,108,1621,744.94,7.435189359816491,729,771,50
