test_name,machine,compiler,core_mean,core_std,core_min,core_max,mem_mean,mem_std,mem_min,mem_max,n_hashes
rap_noah_sfcdiff_cires_ugwp_debug_intel,acorn,intel,546.7954545454545,14.304950428621856,524,574,1186.5454545454545,3.656498168788156,1179,1194,44
rap_noah_sfcdiff_cires_ugwp_debug_intel,derecho,intel,476.6363636363636,6.455900164536406,466,497,1127.909090909091,4.113608622428756,1113,1136,44
rap_noah_sfcdiff_cires_ugwp_debug_intel,gaeac6,intel,333.86046511627904,4.443193807059,324,344,6338.813953488372,0.3937496154789258,6338,6339,43
rap_noah_sfcdiff_cires_ugwp_debug_intel,hera,intel,488.5,14.849242404917497,478,499,1343.0,1.4142135623730951,1342,1344,2
rap_noah_sfcdiff_cires_ugwp_debug_intel,hercules,intel,428.5652173913044,30.328316196007723,396,505,28036.32608695652,181747.7054023644,1224,1233912,46
rap_noah_sfcdiff_cires_ugwp_debug_intel,orion,intel,493.2888888888889,13.070824941313566,476,546,28079.17777777778,180231.87982408167,1202,1210244,45
rap_noah_sfcdiff_cires_ugwp_debug_intel,ursa,intel,407.98,161.25926519814263,335,920,1867.92,8.597199354132385,1847,1881,50
rap_noah_sfcdiff_cires_ugwp_debug_intel,wcoss2,intel,546.6458333333334,11.109684453326405,538,612,1103.0208333333333,27.263481602282805,1084,1195,48
