test_name,machine,compiler,core_mean,core_std,core_min,core_max,mem_mean,mem_std,mem_min,mem_max,n_hashes
rap_control_debug_dyn32_phy32_intel,acorn,intel,334.34090909090907,8.302264140101075,323,354,1070.8863636363637,3.8046233141228347,1065,1087,44
rap_control_debug_dyn32_phy32_intel,derecho,intel,293.34090909090907,5.519281979835639,284,315,1012.4772727272727,2.2463265761417563,1001,1015,44
rap_control_debug_dyn32_phy32_intel,gaeac6,intel,203.2093023255814,2.8665404695496424,199,215,6338.7441860465115,0.49246818876301246,6338,6340,43
rap_control_debug_dyn32_phy32_intel,hera,intel,289.75,2.75378527364305,287,293,1226.75,8.381527307120106,1220,1239,4
rap_control_debug_dyn32_phy32_intel,hercules,intel,267.1304347826087,16.090865173413924,238,310,25355.152173913044,164362.20837947002,1104,1115880,46
rap_control_debug_dyn32_phy32_intel,orion,intel,299.2,6.995453068698513,288,320,25241.733333333334,161997.9821453173,1074,1087808,45
rap_control_debug_dyn32_phy32_intel,ursa,intel,284.0,156.33911336369715,200,684,1750.92,7.422634990627086,1730,1768,50
rap_control_debug_dyn32_phy32_intel,wcoss2,intel,333.625,5.54910381877014,326,354,989.125,30.843203327303225,970,1071,48
