test_name,machine,compiler,core_mean,core_std,core_min,core_max,mem_mean,mem_std,mem_min,mem_max,n_hashes
rap_progcld_thompson_debug_intel,acorn,intel,345.85714285714283,11.999128888242472,331,370,1191.0714285714287,5.948530694348335,1181,1200,42
rap_progcld_thompson_debug_intel,derecho,intel,304.04545454545456,11.912382741470369,297,377,1129.7272727272727,3.453098617680236,1111,1136,44
rap_progcld_thompson_debug_intel,gaeac6,intel,209.90697674418604,2.4862857504276596,205,217,6338.7441860465115,0.4414814484488164,6338,6339,43
rap_progcld_thompson_debug_intel,hercules,intel,271.17391304347825,47.1500226689358,242,562,28011.760869565216,181569.33994301336,1227,1232704,46
rap_progcld_thompson_debug_intel,orion,intel,303.22222222222223,6.7044384514659345,290,326,28158.0,180738.83373996252,1201,1213648,45
rap_progcld_thompson_debug_intel,ursa,intel,305.72,161.18034518349126,208,674,1869.56,7.384926733363138,1857,1891,50
rap_progcld_thompson_debug_intel,wcoss2,intel,344.0625,4.7238924177491635,338,363,1100.4583333333333,14.093847055459852,1093,1195,48
