test_name,machine,compiler,core_mean,core_std,core_min,core_max,mem_mean,mem_std,mem_min,mem_max,n_hashes
rap_diag_debug_intel,acorn,intel,362.51162790697674,9.223087214323163,348,384,1273.9302325581396,2.594824049794412,1270,1279,43
rap_diag_debug_intel,derecho,intel,318.47727272727275,12.72333259759433,309,395,1217.9545454545455,2.2819264143868327,1212,1222,44
rap_diag_debug_intel,gaeac6,intel,219.72093023255815,3.361728448534069,213,228,6338.837209302325,0.3735436838186991,6338,6339,43
rap_diag_debug_intel,hercules,intel,278.67391304347825,26.1840106832192,253,404,29967.5,194256.25502536018,1314,1318836,46
rap_diag_debug_intel,orion,intel,319.97777777777776,8.072086834182706,305,342,30341.644444444446,194807.21124091276,1290,1308108,45
rap_diag_debug_intel,ursa,intel,288.18,133.8405524099021,220,691,1955.04,7.604939318680744,1939,1978,50
rap_diag_debug_intel,wcoss2,intel,361.9791666666667,7.006044755821031,352,394,1186.0,19.507772591696927,1178,1279,48
