test_name,machine,compiler,core_mean,core_std,core_min,core_max,mem_mean,mem_std,mem_min,mem_max,n_hashes
rap_sfcdiff_gnu,derecho,gnu,261.9318181818182,9.224330132035492,256,318,954.9090909090909,1.9507682662870474,951,959,44
rap_sfcdiff_gnu,hera,gnu,359.5,4.434711565216682,355,365,936.75,3.2015621187164345,932,939,4
rap_sfcdiff_gnu,hercules,gnu,266.80434782608694,22.015771685283944,247,348,21237.065217391304,137704.65023494666,925,934892,46
rap_sfcdiff_gnu,ursa,gnu,281.16,165.33347377654778,206,796,853.86,10.249957690305841,844,871,50
