test_name,machine,compiler,core_mean,core_std,core_min,core_max,mem_mean,mem_std,mem_min,mem_max,n_hashes
rap_sfcdiff_decomp_intel,acorn,intel,237.3111111111111,7.861940028396361,222,258,1011.7555555555556,3.0162857619893537,1005,1019,45
rap_sfcdiff_decomp_intel,derecho,intel,206.17777777777778,3.613666539483941,198,217,963.6888888888889,2.6356146619839445,951,968,45
rap_sfcdiff_decomp_intel,gaeac6,intel,154.75,5.049176769188369,148,175,6338.795454545455,0.4080324573586666,6338,6339,44
rap_sfcdiff_decomp_intel,hera,intel,216.6,2.0736441353327733,214,219,1150.0,3.67423461417474,1146,1155,5
rap_sfcdiff_decomp_intel,hercules,intel,187.46808510638297,15.57848441563721,176,235,23854.36170212766,156199.47930345568,1053,1071920,47
rap_sfcdiff_decomp_intel,orion,intel,267.3478260869565,3.8367659489288575,262,279,23394.717391304348,151645.85741561934,1024,1029548,46
rap_sfcdiff_decomp_intel,ursa,intel,228.74,196.47784420973812,151,836,1741.98,49.037049716494494,1699,1918,50
rap_sfcdiff_decomp_intel,wcoss2,intel,244.9591836734694,8.398807414531811,234,285,931.4897959183673,33.90373777880765,914,1015,49
