test_name,machine,compiler,core_mean,core_std,core_min,core_max,mem_mean,mem_std,mem_min,mem_max,n_hashes
rap_control_dyn32_phy32_gnu,derecho,gnu,241.88636363636363,3.889257172400092,235,254,811.5,2.36741444677323,808,819,44
rap_control_dyn32_phy32_gnu,hercules,gnu,292.5652173913044,26.250631462384167,240,390,17923.956521739132,116208.14712229978,785,788952,46
rap_control_dyn32_phy32_gnu,ursa,gnu,276.8,240.552764800285,191,1640,711.16,6.3835247125004075,704,720,50
