test_name,machine,compiler,core_mean,core_std,core_min,core_max,mem_mean,mem_std,mem_min,mem_max,n_hashes
rap_sfcdiff_restart_gnu,derecho,gnu,146.52272727272728,2.4255293007931993,143,155,703.1136363636364,1.2615219507148183,701,707,44
rap_sfcdiff_restart_gnu,hera,gnu,185.0,,185,185,681.0,,681,681,1
rap_sfcdiff_restart_gnu,hercules,gnu,140.56521739130434,17.66182597067351,130,234,15343.08695652174,99517.11490254129,658,675628,46
rap_sfcdiff_restart_gnu,ursa,gnu,154.76,118.15789505261719,108,795,587.74,9.872265831766315,575,601,50
