test_name,machine,compiler,core_mean,core_std,core_min,core_max,mem_mean,mem_std,mem_min,mem_max,n_hashes
rap_2threads_intel,acorn,intel,211.86363636363637,6.940246323257134,199,229,1080.5,5.346157063614605,1070,1093,44
rap_2threads_intel,derecho,intel,350.6363636363636,23.193915510363972,335,497,1041.6818181818182,4.056420275876914,1037,1053,44
rap_2threads_intel,gaeac6,intel,169.95348837209303,2.7856219992096234,165,179,6338.627906976744,0.6554989308027109,6337,6341,43
rap_2threads_intel,hera,intel,298.0,,298,298,1175.0,,1175,1175,1
rap_2threads_intel,hercules,intel,271.0,6.359594676112972,261,289,26386.956521739132,171006.51001941506,1155,1160996,46
rap_2threads_intel,orion,intel,273.5111111111111,7.3069774320110685,266,305,25982.51111111111,166778.9836035898,1096,1119908,45
rap_2threads_intel,ursa,intel,123.4,3.7361990944634367,117,136,1170.96,1.8947833864673505,1168,1176,50
rap_2threads_intel,wcoss2,intel,218.83333333333334,11.180022710237152,207,275,991.3958333333334,25.001905955715472,976,1086,48
