test_name,machine,compiler,core_mean,core_std,core_min,core_max,mem_mean,mem_std,mem_min,mem_max,n_hashes
rap_progcld_thompson_debug_intel,acorn,intel,346.5681818181818,11.777783041027774,331,370,1190.3181818181818,5.676441430598164,1181,1200,44
rap_progcld_thompson_debug_intel,derecho,intel,304.97727272727275,19.99359041056121,295,432,1129.6136363636363,3.321640874214368,1111,1135,44
rap_progcld_thompson_debug_intel,gaeac6,intel,210.1627906976744,2.369752172677854,206,217,6338.790697674419,0.41162509149316984,6338,6339,43
rap_progcld_thompson_debug_intel,hera,intel,291.75,3.593976442141302,287,295,1343.25,0.957427107756348,1342,1344,4
rap_progcld_thompson_debug_intel,hercules,intel,267.0652173913044,46.24735532326292,242,562,28010.565217391304,181569.52014031578,1227,1232704,46
rap_progcld_thompson_debug_intel,orion,intel,302.8,6.917040880712966,290,326,28155.977777777778,180739.14208195807,1194,1213648,45
rap_progcld_thompson_debug_intel,ursa,intel,292.42,154.37445728236418,208,674,1869.0,6.724915597679857,1859,1891,50
rap_progcld_thompson_debug_intel,wcoss2,intel,344.4583333333333,5.656697530393028,338,367,1110.1875,31.45862277354963,1093,1195,48
