test_name,machine,compiler,core_mean,core_std,core_min,core_max,mem_mean,mem_std,mem_min,mem_max,n_hashes
rap_noah_sfcdiff_cires_ugwp_debug_gnu,derecho,gnu,243.70454545454547,4.201768982140878,234,253,962.1590909090909,1.6557606531079736,959,966,44
rap_noah_sfcdiff_cires_ugwp_debug_gnu,hercules,gnu,203.41304347826087,14.949657873389638,184,246,21363.347826086956,138524.21459854225,932,940456,46
rap_noah_sfcdiff_cires_ugwp_debug_gnu,ursa,gnu,224.02,235.78410134905107,166,1780,861.44,11.051198106623335,848,876,50
