test_name,machine,compiler,core_mean,core_std,core_min,core_max,mem_mean,mem_std,mem_min,mem_max,n_hashes
rap_decomp_gnu,derecho,gnu,263.3863636363636,4.132772643777843,257,276,955.1590909090909,2.2613350843332296,951,962,44
rap_decomp_gnu,hercules,gnu,268.80434782608694,25.069343443264092,252,400,21230.891304347828,137665.79107667127,926,934628,46
rap_decomp_gnu,ursa,gnu,271.82,230.92393747283808,205,1700,857.54,11.053136963536291,847,872,50
