test_name,machine,compiler,core_mean,core_std,core_min,core_max,mem_mean,mem_std,mem_min,mem_max,n_hashes
rap_2threads_gnu,derecho,gnu,437.1818181818182,9.433420862840563,427,488,1027.659090909091,2.4009996156463465,1023,1033,44
rap_2threads_gnu,hera,gnu,511.5,3.5118845842842434,508,515,1005.75,4.573474244670741,999,1009,4
rap_2threads_gnu,hercules,gnu,231.30434782608697,29.219376801641896,209,343,22555.608695652172,146265.67734768405,985,993012,46
rap_2threads_gnu,ursa,gnu,163.76,3.6228301035493846,159,174,897.76,1.2707060547393036,894,900,50
