test_name,machine,compiler,core_mean,core_std,core_min,core_max,mem_mean,mem_std,mem_min,mem_max,n_hashes
rap_control_dyn64_phy32_gnu,derecho,gnu,279.8666666666667,11.108146069030115,272,346,843.2444444444444,2.655659099456353,838,848,45
rap_control_dyn64_phy32_gnu,hera,gnu,345.8,7.1902712048990205,339,357,823.6,0.8944271909999302,823,825,5
rap_control_dyn64_phy32_gnu,hercules,gnu,295.8936170212766,39.61128190331704,262,439,18139.212765957447,118734.09368433608,815,814820,47
rap_control_dyn64_phy32_gnu,ursa,gnu,300.12,190.1035850825136,215,995,736.72,5.760668895401721,731,747,50
