test_name,machine,compiler,core_mean,core_std,core_min,core_max,mem_mean,mem_std,mem_min,mem_max,n_hashes
rap_control_debug_dyn32_phy32_intel,acorn,intel,334.1818181818182,8.297583641745055,323,354,1071.090909090909,3.734304716071314,1065,1087,44
rap_control_debug_dyn32_phy32_intel,derecho,intel,293.8863636363636,5.473895382211007,286,315,1012.5454545454545,2.2459736113770523,1001,1015,44
rap_control_debug_dyn32_phy32_intel,gaeac6,intel,203.09302325581396,2.893456933022473,199,215,6338.790697674419,0.46589082794783787,6338,6340,43
rap_control_debug_dyn32_phy32_intel,hera,intel,290.0,4.242640687119285,287,293,1224.0,0.0,1224,1224,2
rap_control_debug_dyn32_phy32_intel,hercules,intel,267.8478260869565,16.058182256759455,238,310,25355.91304347826,164362.09370003454,1104,1115880,46
rap_control_debug_dyn32_phy32_intel,orion,intel,299.0888888888889,6.930899922619989,288,320,25242.088888888888,161997.92793565744,1074,1087808,45
rap_control_debug_dyn32_phy32_intel,ursa,intel,290.32,159.6440479341974,200,684,1750.92,7.22761145517229,1730,1768,50
rap_control_debug_dyn32_phy32_intel,wcoss2,intel,333.8541666666667,5.4068104544898,328,354,985.3333333333334,26.04033968250309,970,1071,48
