test_name,machine,compiler,core_mean,core_std,core_min,core_max,mem_mean,mem_std,mem_min,mem_max,n_hashes
rap_restart_intel,acorn,intel,134.92857142857142,7.1547114176871665,122,150,763.4285714285714,2.0017414021583666,759,768,42
rap_restart_intel,derecho,intel,119.25,4.4623750063922705,112,141,827.1590909090909,1.9641340102314933,823,833,44
rap_restart_intel,gaeac6,intel,84.25581395348837,2.9284566328147763,80,93,6338.883720930233,0.6252352824024742,6338,6342,43
rap_restart_intel,hercules,intel,98.26086956521739,5.900790088750625,93,117,24348.0,157666.56478206714,1079,1070448,46
rap_restart_intel,orion,intel,142.46666666666667,2.9279220059160265,139,151,23401.37777777778,150162.93594357747,998,1008340,45
rap_restart_intel,ursa,intel,150.0,152.6594181804178,79,626,1780.74,50.993721102080194,1724,1931,50
rap_restart_intel,wcoss2,intel,136.8125,8.286508517117168,128,180,672.9166666666666,14.242330273912557,666,768,48
