test_name,machine,compiler,core_mean,core_std,core_min,core_max,mem_mean,mem_std,mem_min,mem_max,n_hashes
rap_control_dyn64_phy32_gnu,derecho,gnu,280.1363636363636,11.155540721763613,272,346,843.4772727272727,2.5287981920237477,838,848,44
rap_control_dyn64_phy32_gnu,hera,gnu,342.5,4.949747468305833,339,346,823.0,0.0,823,823,2
rap_control_dyn64_phy32_gnu,hercules,gnu,293.3695652173913,39.91789278320198,262,439,18515.869565217392,120017.7196635024,815,814820,46
rap_control_dyn64_phy32_gnu,ursa,gnu,300.48,189.95329608584723,215,995,737.44,6.041218960657747,731,747,50
