test_name,machine,compiler,core_mean,core_std,core_min,core_max,mem_mean,mem_std,mem_min,mem_max,n_hashes
rap_sfcdiff_restart_gnu,derecho,gnu,146.3181818181818,2.02050796367884,143,151,703.0454545454545,1.219121785597469,701,707,44
rap_sfcdiff_restart_gnu,hera,gnu,185.0,0.816496580927726,184,186,674.75,6.130524719249841,669,681,4
rap_sfcdiff_restart_gnu,hercules,gnu,141.93478260869566,17.92131217159309,130,234,15344.0,99516.97725714944,658,675628,46
rap_sfcdiff_restart_gnu,ursa,gnu,140.96,73.82963289816324,108,423,586.64,9.58476682564796,575,601,50
