test_name,machine,compiler,core_mean,core_std,core_min,core_max,mem_mean,mem_std,mem_min,mem_max,n_hashes
rap_unified_drag_suite_debug_intel,acorn,intel,346.75,10.338739521030686,332,375,1190.9772727272727,5.864709736720336,1180,1201,44
rap_unified_drag_suite_debug_intel,derecho,intel,306.22727272727275,19.47194002155306,295,428,1129.8636363636363,1.664833382136168,1127,1133,44
rap_unified_drag_suite_debug_intel,gaeac6,intel,210.41860465116278,2.830384107699994,206,219,6338.837209302325,0.3735436838193959,6338,6339,43
rap_unified_drag_suite_debug_intel,hera,intel,295.0,4.58257569495584,291,300,1344.0,4.0,1340,1348,3
rap_unified_drag_suite_debug_intel,hercules,intel,262.3695652173913,12.419265849928786,245,296,28099.760869565216,182167.390710386,1229,1236760,46
rap_unified_drag_suite_debug_intel,orion,intel,301.9555555555556,7.549700642938086,289,322,28143.066666666666,180644.75625776488,1199,1213016,45
rap_unified_drag_suite_debug_intel,ursa,intel,283.42,139.61581250718277,209,636,1868.22,6.9054548092394965,1848,1885,50
rap_unified_drag_suite_debug_intel,wcoss2,intel,344.3125,4.218279623107426,338,355,1108.0,29.31632324338512,1092,1194,48
