test_name,machine,compiler,core_mean,core_std,core_min,core_max,mem_mean,mem_std,mem_min,mem_max,n_hashes
rap_restart_dyn32_phy32_gnu,derecho,gnu,137.3181818181818,4.465749382530182,133,156,674.4545454545455,2.0283404312054305,671,680,44
rap_restart_dyn32_phy32_gnu,hercules,gnu,153.3913043478261,13.090247872824284,123,179,14662.41304347826,95069.81647997811,641,645440,46
rap_restart_dyn32_phy32_gnu,ursa,gnu,164.42,206.8692863444283,101,1298,557.42,6.318389099788483,547,567,50
