test_name,machine,compiler,core_mean,core_std,core_min,core_max,mem_mean,mem_std,mem_min,mem_max,n_hashes
rap_control_dyn64_phy32_debug_gnu,derecho,gnu,163.45454545454547,14.067039729997486,155,253,849.1590909090909,2.090323017412583,845,853,44
rap_control_dyn64_phy32_debug_gnu,hercules,gnu,132.45652173913044,33.2784257919212,115,305,18704.608695652172,121248.67654965757,822,823176,46
rap_control_dyn64_phy32_debug_gnu,ursa,gnu,252.84,303.0641718265258,108,1621,745.12,7.4714149139455035,729,771,50
