test_name,machine,compiler,core_mean,core_std,core_min,core_max,mem_mean,mem_std,mem_min,mem_max,n_hashes
rap_2threads_gnu,derecho,gnu,437.72727272727275,9.269514014414403,427,488,1027.0454545454545,2.605491030403663,1021,1033,44
rap_2threads_gnu,hercules,gnu,229.19565217391303,29.035319155368455,209,343,22555.652173913044,146265.670795792,985,993012,46
rap_2threads_gnu,ursa,gnu,164.3,4.041872671655739,159,177,897.74,1.2906255404703137,894,900,50
