test_name,machine,compiler,core_mean,core_std,core_min,core_max,mem_mean,mem_std,mem_min,mem_max,n_hashes
rap_restart_dyn32_phy32_gnu,derecho,gnu,137.6818181818182,4.614298945329726,133,156,674.2272727272727,1.8907810169669321,671,680,44
rap_restart_dyn32_phy32_gnu,hera,gnu,159.66666666666666,0.5773502691896278,159,160,654.6666666666666,8.144527815247068,649,664,3
rap_restart_dyn32_phy32_gnu,hercules,gnu,151.15217391304347,14.926437978454123,123,179,14662.239130434782,95069.84268892583,641,645440,46
rap_restart_dyn32_phy32_gnu,ursa,gnu,164.4,206.8771695120226,101,1298,556.5,5.987231311341624,547,567,50
