test_name,machine,compiler,core_mean,core_std,core_min,core_max,mem_mean,mem_std,mem_min,mem_max,n_hashes
rap_2threads_dyn32_phy32_gnu,derecho,gnu,400.6818181818182,6.501422839880298,391,419,860.0454545454545,2.2511448813782633,850,864,44
rap_2threads_dyn32_phy32_gnu,hercules,gnu,264.06666666666666,20.09002466173425,212,315,833.8222222222222,2.87061039509094,828,840,45
rap_2threads_dyn32_phy32_gnu,ursa,gnu,152.68,4.987494565492423,146,166,732.06,1.1851117229689216,730,734,50
