test_name,machine,compiler,core_mean,core_std,core_min,core_max,mem_mean,mem_std,mem_min,mem_max,n_hashes
rap_2threads_dyn32_phy32_intel,acorn,intel,178.1951219512195,7.514051876967312,164,195,937.7560975609756,4.948638640095257,928,951,41
rap_2threads_dyn32_phy32_intel,derecho,intel,299.79545454545456,9.254991225240667,291,356,895.7954545454545,4.673425840955339,890,909,44
rap_2threads_dyn32_phy32_intel,gaeac6,intel,147.95348837209303,1.3619574214044783,145,152,6338.441860465116,0.7004191119946924,6337,6339,43
rap_2threads_dyn32_phy32_intel,hercules,intel,231.6086956521739,18.24704330492973,222,349,24735.282608695652,160362.7242900243,1076,1088724,46
rap_2threads_dyn32_phy32_intel,orion,intel,247.8,18.358302555717746,239,357,22621.755555555555,145204.9051888956,954,975040,45
rap_2threads_dyn32_phy32_intel,ursa,intel,103.12,4.182763464993168,100,128,1067.04,4.602395117362887,1052,1077,50
rap_2threads_dyn32_phy32_intel,wcoss2,intel,177.85416666666666,7.900954920291739,170,212,844.3541666666666,5.818128613856521,838,857,48
