test_name,machine,compiler,core_mean,core_std,core_min,core_max,mem_mean,mem_std,mem_min,mem_max,n_hashes
rap_decomp_intel,acorn,intel,237.75,7.143463429418672,224,253,1015.1590909090909,2.560370447562751,1011,1020,44
rap_decomp_intel,derecho,intel,206.9090909090909,3.6140435501306607,197,213,963.0454545454545,4.620251404891005,939,966,44
rap_decomp_intel,gaeac6,intel,154.58139534883722,3.6660122238874457,149,166,6338.813953488372,0.3937496154789496,6338,6339,43
rap_decomp_intel,hera,intel,215.33333333333334,2.08166599946613,213,217,1147.3333333333333,8.326663997864554,1138,1154,3
rap_decomp_intel,hercules,intel,192.80434782608697,34.48711164428268,175,399,24087.782608695652,156079.2316489592,1058,1059656,46
rap_decomp_intel,orion,intel,268.24444444444447,5.432041117947355,262,285,23969.044444444444,153837.25214447122,1028,1033008,45
rap_decomp_intel,ursa,intel,253.62,201.14284598214252,151,784,1741.38,48.53144993355393,1686,1926,50
rap_decomp_intel,wcoss2,intel,247.10416666666666,8.853991967404609,237,279,930.5833333333334,31.21022291148203,908,1022,48
