test_name,machine,compiler,core_mean,core_std,core_min,core_max,mem_mean,mem_std,mem_min,mem_max,n_hashes
rap_progcld_thompson_debug_gnu,derecho,gnu,160.52272727272728,2.99214970061105,156,169,964.0227272727273,4.6229389442247095,939,971,44
rap_progcld_thompson_debug_gnu,hercules,gnu,130.54347826086956,22.028977402744506,116,266,21435.434782608696,138986.00280902025,934,943592,46
rap_progcld_thompson_debug_gnu,ursa,gnu,135.0,106.13007036996957,107,815,863.0,10.870292788426635,853,878,50
