test_name,machine,compiler,core_mean,core_std,core_min,core_max,mem_mean,mem_std,mem_min,mem_max,n_hashes
rap_clm_lake_debug_intel,acorn,intel,344.1860465116279,9.749861571553277,328,367,1191.953488372093,3.690099291295936,1184,1197,43
rap_clm_lake_debug_intel,derecho,intel,305.54545454545456,23.788266157190364,295,457,1132.9545454545455,4.203844007541917,1109,1138,44
rap_clm_lake_debug_intel,gaeac6,intel,210.27906976744185,2.3127553284561504,206,220,6338.837209302325,0.37354368381877107,6338,6339,43
rap_clm_lake_debug_intel,hercules,intel,268.0869565217391,36.57614649951007,245,488,28194.0,182783.79318309377,1228,1240944,46
rap_clm_lake_debug_intel,orion,intel,305.46666666666664,8.217497960284057,295,335,28068.244444444445,180121.94668349694,1201,1209512,45
rap_clm_lake_debug_intel,ursa,intel,298.8,203.41512796671313,209,1335,1870.08,7.732359779207207,1854,1893,50
rap_clm_lake_debug_intel,wcoss2,intel,345.0208333333333,11.50668553740553,337,419,1104.25,19.63442482727401,1095,1197,48
