test_name,machine,compiler,core_mean,core_std,core_min,core_max,mem_mean,mem_std,mem_min,mem_max,n_hashes
rap_sfcdiff_debug_intel,acorn,intel,344.95454545454544,9.96961557294488,331,367,1187.7045454545455,3.413921876563787,1181,1194,44
rap_sfcdiff_debug_intel,derecho,intel,304.1363636363636,18.460001901144953,296,421,1129.7727272727273,1.5974345182727439,1127,1134,44
rap_sfcdiff_debug_intel,gaeac6,intel,217.30232558139534,49.35128448355916,205,533,6338.837209302325,0.6521113167515611,6338,6342,43
rap_sfcdiff_debug_intel,hera,intel,290.5,2.1213203435596424,289,292,1345.0,0.0,1345,1345,2
rap_sfcdiff_debug_intel,hercules,intel,262.8695652173913,15.4079470052916,243,326,28008.5,181556.56818324636,1226,1232616,46
rap_sfcdiff_debug_intel,orion,intel,304.31111111111113,11.733445247400144,287,342,28250.044444444444,181367.56862351953,1197,1217864,45
rap_sfcdiff_debug_intel,ursa,intel,300.36,200.6324449314808,209,1331,1869.42,7.505345034149533,1846,1881,50
rap_sfcdiff_debug_intel,wcoss2,intel,343.3541666666667,3.8398225985913,337,355,1104.8958333333333,26.872622771324817,1091,1194,48
