test_name,machine,compiler,core_mean,core_std,core_min,core_max,mem_mean,mem_std,mem_min,mem_max,n_hashes
rap_2threads_gnu,derecho,gnu,437.15555555555557,9.327270758264698,427,488,1027.7111111111112,2.399073895392848,1023,1033,45
rap_2threads_gnu,hera,gnu,509.6,5.224940191045256,502,515,1006.6,4.393176527297751,999,1010,5
rap_2threads_gnu,hercules,gnu,231.74468085106383,29.05726586161285,209,343,22096.787234042553,144701.29012163915,985,993012,47
rap_2threads_gnu,ursa,gnu,163.6,3.6083802686614552,159,174,897.78,1.2337101832790647,894,900,50
