test_name,machine,compiler,core_mean,core_std,core_min,core_max,mem_mean,mem_std,mem_min,mem_max,n_hashes
rap_restart_gnu,derecho,gnu,146.84444444444443,3.190579568009237,143,159,704.6444444444444,1.3510190691668744,702,707,45
rap_restart_gnu,hera,gnu,186.8,2.4899799195977477,185,190,681.6,2.0736441353327715,679,684,5
rap_restart_gnu,hercules,gnu,140.38297872340425,11.979245079446807,131,186,15040.829787234043,98503.11403846451,660,675976,47
rap_restart_gnu,ursa,gnu,172.1,195.53518917085393,108,1405,586.1,9.56662992716163,572,601,50
