test_name,machine,compiler,core_mean,core_std,core_min,core_max,mem_mean,mem_std,mem_min,mem_max,n_hashes
rap_sfcdiff_restart_intel,acorn,intel,130.9268292682927,7.09009958992973,121,158,762.7317073170732,1.897687938570302,759,769,41
rap_sfcdiff_restart_intel,derecho,intel,119.0909090909091,5.356231675253156,114,144,826.1136363636364,1.6313200403341428,823,829,44
rap_sfcdiff_restart_intel,gaeac6,intel,83.69767441860465,2.8075992432183874,80,91,6338.7441860465115,0.492468188762994,6337,6339,43
rap_sfcdiff_restart_intel,hercules,intel,97.5,5.976807025680369,93,118,24775.782608695652,160576.0668396291,1076,1090180,46
rap_sfcdiff_restart_intel,orion,intel,141.0222222222222,3.1296884022134748,138,151,23343.4,149765.01425011238,997,1005672,45
rap_sfcdiff_restart_intel,ursa,intel,147.84,160.04532011213544,79,610,1785.06,50.08825272680695,1740,1939,50
rap_sfcdiff_restart_intel,wcoss2,intel,134.79166666666666,5.611380280508724,126,155,669.0833333333334,2.3323199420441423,666,676,48
