test_name,machine,compiler,core_mean,core_std,core_min,core_max,mem_mean,mem_std,mem_min,mem_max,n_hashes
rap_noah_sfcdiff_cires_ugwp_debug_intel,acorn,intel,546.7954545454545,14.304950428621845,524,574,1186.3181818181818,3.4893374280948635,1179,1191,44
rap_noah_sfcdiff_cires_ugwp_debug_intel,derecho,intel,476.45454545454544,6.585588725266009,466,497,1127.7045454545455,3.9211978797095797,1113,1136,44
rap_noah_sfcdiff_cires_ugwp_debug_intel,gaeac6,intel,333.8837209302326,4.40891576308507,324,344,6338.790697674419,0.411625091493193,6338,6339,43
rap_noah_sfcdiff_cires_ugwp_debug_intel,hera,intel,487.6666666666667,10.598742063723098,478,499,1342.0,2.0,1340,1344,3
rap_noah_sfcdiff_cires_ugwp_debug_intel,hercules,intel,428.10869565217394,30.54048552395077,396,505,28036.108695652172,181747.7381708845,1224,1233912,46
rap_noah_sfcdiff_cires_ugwp_debug_intel,orion,intel,492.9555555555556,13.344994900294584,475,546,28079.0,180231.9069266291,1202,1210244,45
rap_noah_sfcdiff_cires_ugwp_debug_intel,ursa,intel,408.06,161.22685374138808,335,920,1868.0,8.644923011661266,1847,1881,50
rap_noah_sfcdiff_cires_ugwp_debug_intel,wcoss2,intel,546.5208333333334,11.139329563334009,538,612,1105.0416666666667,30.103338567471262,1084,1195,48
