test_name,machine,compiler,core_mean,core_std,core_min,core_max,mem_mean,mem_std,mem_min,mem_max,n_hashes
rap_control_dyn32_phy32_gnu,derecho,gnu,241.79545454545453,3.944849721278019,235,254,811.2272727272727,2.1225657615872224,808,816,44
rap_control_dyn32_phy32_gnu,hera,gnu,307.0,,307,307,795.0,,795,795,1
rap_control_dyn32_phy32_gnu,hercules,gnu,290.5652173913044,27.018226090230314,240,390,17923.652173913044,116208.19297818078,785,788952,46
rap_control_dyn32_phy32_gnu,ursa,gnu,276.28,240.71136411961635,191,1640,710.66,6.274698138930107,704,720,50
