test_name,machine,compiler,core_mean,core_std,core_min,core_max,mem_mean,mem_std,mem_min,mem_max,n_hashes
rap_clm_lake_debug_intel,acorn,intel,344.6829268292683,9.711948888843667,328,367,1191.9756097560976,3.7781464031852585,1184,1197,41
rap_clm_lake_debug_intel,derecho,intel,305.6136363636364,23.753791285241867,297,457,1132.9772727272727,4.21232210369598,1109,1138,44
rap_clm_lake_debug_intel,gaeac6,intel,211.11627906976744,6.2228813657094895,206,248,6338.906976744186,0.6099942813303033,6338,6342,43
rap_clm_lake_debug_intel,hercules,intel,269.3695652173913,36.58861917509455,245,488,28194.652173913044,182783.69486778838,1229,1240944,46
rap_clm_lake_debug_intel,orion,intel,305.3777777777778,8.263525796284446,295,335,28068.933333333334,180121.84165553554,1201,1209512,45
rap_clm_lake_debug_intel,ursa,intel,277.0,137.95370415395132,209,638,1870.4,7.701046841110575,1854,1893,50
rap_clm_lake_debug_intel,wcoss2,intel,345.0833333333333,11.520256596827064,337,419,1100.2708333333333,2.765590878601049,1095,1109,48
