test_name,machine,compiler,core_mean,core_std,core_min,core_max,mem_mean,mem_std,mem_min,mem_max,n_hashes
rap_sfcdiff_intel,acorn,intel,230.93333333333334,6.271870824272731,221,249,1007.4,2.2299612715756547,1003,1011,45
rap_sfcdiff_intel,derecho,intel,198.95555555555555,4.636591398644029,192,221,963.0666666666667,2.3100570634431663,952,967,45
rap_sfcdiff_intel,gaeac6,intel,150.1818181818182,5.440044148558586,145,171,6338.772727272727,0.47562132502687016,6338,6340,44
rap_sfcdiff_intel,hera,intel,204.4,1.1401754250991383,203,206,1164.4,2.7928480087537904,1161,1167,5
rap_sfcdiff_intel,hercules,intel,178.6595744680851,13.90382586657463,167,222,24474.957446808512,160250.7847935687,1069,1099724,47
rap_sfcdiff_intel,orion,intel,255.8913043478261,5.271425111420459,251,269,23773.17391304348,154167.30816692542,1028,1046656,46
rap_sfcdiff_intel,ursa,intel,237.86,190.51391400255105,144,796,1822.14,81.9385060610102,1745,2067,50
rap_sfcdiff_intel,wcoss2,intel,237.85714285714286,6.576473218982956,227,257,930.530612244898,33.84652988171779,911,1014,49
