test_name,machine,compiler,core_mean,core_std,core_min,core_max,mem_mean,mem_std,mem_min,mem_max,n_hashes
rap_lndp_debug_intel,acorn,intel,351.72727272727275,10.616712661546584,335,379,1195.9772727272727,4.567267955249908,1188,1205,44
rap_lndp_debug_intel,derecho,intel,308.54545454545456,17.34526883479684,300,418,1133.2045454545455,1.7597508472500694,1129,1138,44
rap_lndp_debug_intel,gaeac6,intel,213.4418604651163,2.3634350060210023,209,218,6338.720930232558,0.7012092071267391,6338,6342,43
rap_lndp_debug_intel,hera,intel,299.0,0.0,299,299,1349.5,3.5355339059327378,1347,1352,2
rap_lndp_debug_intel,hercules,intel,265.7826086956522,12.335879094879234,244,295,28026.021739130436,181663.04752327575,1229,1233340,46
rap_lndp_debug_intel,orion,intel,308.26666666666665,8.613942186943213,295,349,28172.17777777778,180839.73459257546,1198,1214324,45
rap_lndp_debug_intel,ursa,intel,261.56,107.20382265496288,212,614,1870.7,6.734771180756092,1856,1886,50
rap_lndp_debug_intel,wcoss2,intel,349.4375,5.630109972093992,341,367,1110.7083333333333,28.12355591249296,1097,1204,48
