test_name,machine,compiler,core_mean,core_std,core_min,core_max,mem_mean,mem_std,mem_min,mem_max,n_hashes
rap_control_dyn64_phy32_debug_gnu,derecho,gnu,164.38636363636363,15.14920507407307,155,253,849.1363636363636,2.1195755289285687,845,853,44
rap_control_dyn64_phy32_debug_gnu,hera,gnu,154.5,0.7071067811865476,154,155,829.5,2.1213203435596424,828,831,2
rap_control_dyn64_phy32_debug_gnu,hercules,gnu,132.82608695652175,33.26880711071631,115,305,18704.17391304348,121248.74207298069,822,823176,46
rap_control_dyn64_phy32_debug_gnu,ursa,gnu,238.14,290.31945880919744,108,1621,744.7,7.363035088486641,729,771,50
