test_name,machine,compiler,core_mean,core_std,core_min,core_max,mem_mean,mem_std,mem_min,mem_max,n_hashes
rap_decomp_gnu,derecho,gnu,263.9555555555556,9.551191157402965,256,320,954.8444444444444,1.9534998377685207,951,958,45
rap_decomp_gnu,hera,gnu,359.0,2.449489742783178,356,362,942.8,1.9235384061671426,940,945,5
rap_decomp_gnu,hercules,gnu,273.36170212765956,27.735885977426808,252,400,20799.85106382979,136193.2642227627,928,934628,47
rap_decomp_gnu,ursa,gnu,271.1,231.10517527917096,205,1700,854.42,10.093622961543314,847,871,50
