test_name,machine,compiler,core_mean,core_std,core_min,core_max,mem_mean,mem_std,mem_min,mem_max,n_hashes
rap_noah_sfcdiff_cires_ugwp_debug_intel,acorn,intel,546.7619047619048,14.348977228461294,524,574,1186.7380952380952,3.7550585316445435,1179,1194,42
rap_noah_sfcdiff_cires_ugwp_debug_intel,derecho,intel,482.6136363636364,36.06145652818897,468,713,1128.090909090909,4.124899896280467,1113,1136,44
rap_noah_sfcdiff_cires_ugwp_debug_intel,gaeac6,intel,334.1860465116279,4.332907381740065,327,344,6338.790697674419,0.41162509149315696,6338,6339,43
rap_noah_sfcdiff_cires_ugwp_debug_intel,hercules,intel,432.80434782608694,33.37239016194036,396,505,28037.0,181747.60384628642,1224,1233912,46
rap_noah_sfcdiff_cires_ugwp_debug_intel,orion,intel,493.3777777777778,13.27898012391438,474,546,28079.466666666667,180231.8357818618,1202,1210244,45
rap_noah_sfcdiff_cires_ugwp_debug_intel,ursa,intel,397.0,143.3622498912372,335,889,1867.94,8.252173492295196,1847,1880,50
rap_noah_sfcdiff_cires_ugwp_debug_intel,wcoss2,intel,547.0,11.234445511793048,538,612,1097.0416666666667,14.70411482911502,1084,1195,48
