test_name,machine,compiler,core_mean,core_std,core_min,core_max,mem_mean,mem_std,mem_min,mem_max,n_hashes
rap_progcld_thompson_debug_gnu,derecho,gnu,160.63636363636363,2.910213842465787,156,169,963.8636363636364,4.638518754601158,939,971,44
rap_progcld_thompson_debug_gnu,hera,gnu,153.0,,153,153,950.0,,950,950,1
rap_progcld_thompson_debug_gnu,hercules,gnu,130.6086956521739,22.00149314212769,116,266,21435.782608695652,138985.95038970473,934,943592,46
rap_progcld_thompson_debug_gnu,ursa,gnu,134.98,106.13497182784738,107,815,862.58,10.762918199227604,853,878,50
