test_name,machine,compiler,core_mean,core_std,core_min,core_max,mem_mean,mem_std,mem_min,mem_max,n_hashes
rap_unified_drag_suite_debug_intel,acorn,intel,346.6136363636364,10.3209335910215,332,375,1190.6818181818182,5.672343050900949,1180,1200,44
rap_unified_drag_suite_debug_intel,derecho,intel,306.0,19.509091500190127,295,428,1129.8181818181818,1.6321298294335638,1127,1133,44
rap_unified_drag_suite_debug_intel,gaeac6,intel,210.53488372093022,2.788999113944969,206,219,6338.837209302325,0.37354368381893893,6338,6339,43
rap_unified_drag_suite_debug_intel,hera,intel,294.25,4.031128874149275,291,300,1344.0,3.265986323710904,1340,1348,4
rap_unified_drag_suite_debug_intel,hercules,intel,262.1304347826087,12.473275780469692,245,296,28099.434782608696,182167.43985949387,1229,1236760,46
rap_unified_drag_suite_debug_intel,orion,intel,301.75555555555553,7.640072451927874,289,322,28142.68888888889,180644.81385654182,1199,1213016,45
rap_unified_drag_suite_debug_intel,ursa,intel,275.46,131.80152208715117,209,636,1868.54,6.292885519637601,1857,1885,50
rap_unified_drag_suite_debug_intel,wcoss2,intel,344.5625,4.191715486934228,338,355,1109.9375,31.6862318244698,1092,1194,48
