test_name,machine,compiler,core_mean,core_std,core_min,core_max,mem_mean,mem_std,mem_min,mem_max,n_hashes
rap_control_intel,acorn,intel,233.0681818181818,8.292326874251222,222,252,1011.1818181818181,2.9748771893567305,1006,1016,44
rap_control_intel,derecho,intel,199.0909090909091,3.975612761418384,193,209,963.9545454545455,3.4232756341920885,952,968,44
rap_control_intel,gaeac6,intel,149.46511627906978,3.7565741561852812,145,162,6338.6511627906975,0.4822428221703977,6338,6339,43
rap_control_intel,hera,intel,203.75,1.707825127659933,202,206,1166.5,3.3166247903554056,1163,1171,4
rap_control_intel,hercules,intel,184.41304347826087,36.66519759902905,168,413,24922.67391304348,161569.770215712,1071,1096920,46
rap_control_intel,orion,intel,258.0888888888889,5.656139955121256,253,281,24111.28888888889,154755.3240427409,1034,1039172,45
rap_control_intel,ursa,intel,267.56,218.3334988834601,146,793,1834.9,87.0022870916832,1762,2092,50
rap_control_intel,wcoss2,intel,240.6875,8.485673157514977,230,267,928.8541666666666,31.26209694940119,914,1012,48
