test_name,machine,compiler,core_mean,core_std,core_min,core_max,mem_mean,mem_std,mem_min,mem_max,n_hashes
rap_2threads_gnu,derecho,gnu,437.47727272727275,9.39195260765063,427,488,1027.409090909091,2.423894442960204,1023,1033,44
rap_2threads_gnu,hera,gnu,511.0,4.242640687119285,508,514,1007.5,0.7071067811865476,1007,1008,2
rap_2threads_gnu,hercules,gnu,229.7173913043478,28.99016158283762,209,343,22555.58695652174,146265.68062453656,985,993012,46
rap_2threads_gnu,ursa,gnu,163.86,3.591429707921184,159,174,897.74,1.2906255404703104,894,900,50
