test_name,machine,compiler,core_mean,core_std,core_min,core_max,mem_mean,mem_std,mem_min,mem_max,n_hashes
rap_sfcdiff_restart_gnu,derecho,gnu,146.5681818181818,2.376216724051433,143,155,703.0454545454545,1.2191217855974832,701,707,44
rap_sfcdiff_restart_gnu,hera,gnu,185.0,1.0,184,186,673.3333333333334,6.6583281184794,669,681,3
rap_sfcdiff_restart_gnu,hercules,gnu,141.43478260869566,17.81217083770787,130,234,15343.695652173914,99517.02314319441,658,675628,46
rap_sfcdiff_restart_gnu,ursa,gnu,154.64,118.2011015522413,108,795,586.92,9.62106532350666,575,601,50
