test_name,machine,compiler,core_mean,core_std,core_min,core_max,mem_mean,mem_std,mem_min,mem_max,n_hashes
rap_sfcdiff_restart_gnu,derecho,gnu,146.54545454545453,2.444305631696179,143,155,703.1818181818181,1.2808559505944865,701,707,44
rap_sfcdiff_restart_gnu,hercules,gnu,140.06521739130434,17.420807704087714,130,234,15342.45652173913,99517.20993693202,658,675628,46
rap_sfcdiff_restart_gnu,ursa,gnu,154.76,118.15789505261722,108,795,588.56,10.089719965370307,575,601,50
