test_name,machine,compiler,core_mean,core_std,core_min,core_max,mem_mean,mem_std,mem_min,mem_max,n_hashes
rap_cires_ugwp_debug_intel,acorn,intel,352.1333333333333,9.964938534682494,339,381,1190.2,6.002272296995116,1181,1201,45
rap_cires_ugwp_debug_intel,derecho,intel,310.6666666666667,18.467416022428647,288,426,1130.7777777777778,4.358319572375258,1111,1137,45
rap_cires_ugwp_debug_intel,gaeac6,intel,214.72727272727272,2.600211407895626,209,222,6338.886363636364,0.6181709363549148,6338,6342,44
rap_cires_ugwp_debug_intel,hera,intel,300.6,3.7815340802378015,298,307,1342.6,4.159326868617113,1338,1348,5
rap_cires_ugwp_debug_intel,hercules,intel,270.51063829787233,43.44755576275415,244,545,27582.787234042553,180607.33400727282,1231,1239420,47
rap_cires_ugwp_debug_intel,orion,intel,307.80434782608694,7.2713121701883106,297,333,27558.456521739132,178679.35968864028,1199,1213076,46
rap_cires_ugwp_debug_intel,ursa,intel,264.44,109.44370652513182,213,620,1870.98,7.178454156824554,1854,1886,50
rap_cires_ugwp_debug_intel,wcoss2,intel,351.2857142857143,5.67523861466047,344,375,1112.8775510204082,32.96629127676058,1092,1195,49
