test_name,machine,compiler,core_mean,core_std,core_min,core_max,mem_mean,mem_std,mem_min,mem_max,n_hashes
rap_diag_debug_intel,acorn,intel,363.0243902439024,9.128219445428648,348,384,1273.9756097560976,2.6503566257964226,1270,1279,41
rap_diag_debug_intel,derecho,intel,318.6363636363636,12.660304028626314,310,395,1217.9318181818182,2.306691250322239,1213,1222,44
rap_diag_debug_intel,gaeac6,intel,219.8372093023256,3.394184329801985,213,228,6338.860465116279,0.35060460356329665,6338,6339,43
rap_diag_debug_intel,hercules,intel,280.0652173913044,26.66033439309588,253,404,29967.869565217392,194256.19932823064,1314,1318836,46
rap_diag_debug_intel,orion,intel,319.93333333333334,8.175350979399205,305,342,30341.844444444443,194807.18075001932,1290,1308108,45
rap_diag_debug_intel,ursa,intel,288.38,133.74341715633358,220,691,1954.7,7.538337390449293,1939,1978,50
rap_diag_debug_intel,wcoss2,intel,361.7708333333333,5.736184451073524,355,394,1182.0416666666667,2.1729314774456134,1178,1185,48
