test_name,machine,compiler,core_mean,core_std,core_min,core_max,mem_mean,mem_std,mem_min,mem_max,n_hashes
rap_control_dyn64_phy32_gnu,derecho,gnu,280.54545454545456,11.067350989650532,272,346,843.2727272727273,2.6445524205969884,838,848,44
rap_control_dyn64_phy32_gnu,hercules,gnu,290.45652173913044,38.05651150109336,262,439,18516.739130434784,120017.58864941142,815,814820,46
rap_control_dyn64_phy32_gnu,ursa,gnu,322.12,234.85485226550688,215,1284,738.5,6.302736690987326,731,748,50
