test_name,machine,compiler,core_mean,core_std,core_min,core_max,mem_mean,mem_std,mem_min,mem_max,n_hashes
rap_diag_debug_gnu,derecho,gnu,172.11363636363637,2.95875452341179,167,179,1052.159090909091,2.022468924281119,1048,1057,44
rap_diag_debug_gnu,hercules,gnu,136.02173913043478,7.295323099797208,124,152,23391.739130434784,151664.99526133022,1020,1029672,46
rap_diag_debug_gnu,ursa,gnu,167.1,194.3479154632176,119,1468,949.6,10.80060466939184,938,965,50
