test_name,machine,compiler,core_mean,core_std,core_min,core_max,mem_mean,mem_std,mem_min,mem_max,n_hashes
rap_noah_sfcdiff_cires_ugwp_debug_intel,acorn,intel,547.1136363636364,14.26039548864622,524,574,1186.2045454545455,3.413921876563867,1179,1191,44
rap_noah_sfcdiff_cires_ugwp_debug_intel,derecho,intel,475.9318181818182,6.395484334524646,466,497,1127.590909090909,3.8958426369667722,1113,1136,44
rap_noah_sfcdiff_cires_ugwp_debug_intel,gaeac6,intel,334.06976744186045,4.278380583914849,324,344,6338.790697674419,0.41162509149320053,6338,6339,43
rap_noah_sfcdiff_cires_ugwp_debug_intel,hera,intel,486.5,8.962886439832504,478,499,1341.25,2.217355782608345,1339,1344,4
rap_noah_sfcdiff_cires_ugwp_debug_intel,hercules,intel,427.4782608695652,30.81971889008348,396,505,28035.804347826088,181747.78403437362,1224,1233912,46
rap_noah_sfcdiff_cires_ugwp_debug_intel,orion,intel,493.9111111111111,14.741441619125995,475,546,28078.844444444443,180231.93064076628,1202,1210244,45
rap_noah_sfcdiff_cires_ugwp_debug_intel,ursa,intel,408.04,161.23578374288903,335,920,1867.94,8.662398216264528,1847,1881,50
rap_noah_sfcdiff_cires_ugwp_debug_intel,wcoss2,intel,546.4166666666666,11.20568498069284,537,612,1107.0833333333333,32.62542627639252,1084,1195,48
