test_name,machine,compiler,core_mean,core_std,core_min,core_max,mem_mean,mem_std,mem_min,mem_max,n_hashes
rap_control_debug_dyn32_phy32_gnu,derecho,gnu,159.36363636363637,7.49291420033158,153,204,819.6363636363636,2.5066507728943686,816,826,44
rap_control_debug_dyn32_phy32_gnu,hercules,gnu,127.08695652173913,22.105631345837374,114,268,18112.978260869564,117423.3867405541,791,797204,46
rap_control_debug_dyn32_phy32_gnu,ursa,gnu,205.18,314.91201816328555,104,1575,718.66,6.374726884905963,711,728,50
