test_name,machine,compiler,core_mean,core_std,core_min,core_max,mem_mean,mem_std,mem_min,mem_max,n_hashes
rap_restart_dyn32_phy32_intel,acorn,intel,115.27272727272727,6.329567516595892,106,130,729.9772727272727,2.4635825337573354,725,734,44
rap_restart_dyn32_phy32_intel,derecho,intel,105.02272727272727,2.2255246192452693,101,113,735.1590909090909,2.761388105756442,728,739,44
rap_restart_dyn32_phy32_intel,gaeac6,intel,73.48837209302326,2.0162682765475877,71,84,6338.767441860465,0.42746257437530216,6338,6339,43
rap_restart_dyn32_phy32_intel,hera,intel,101.66666666666667,3.0550504633038935,99,105,1062.3333333333333,4.509249752822867,1058,1067,3
rap_restart_dyn32_phy32_intel,hercules,intel,88.58695652173913,7.11360538985064,83,116,22293.41304347826,144549.62710902764,958,981364,46
rap_restart_dyn32_phy32_intel,orion,intel,126.44444444444444,3.2512623810924675,123,138,20598.4,132128.6889190713,881,887248,45
rap_restart_dyn32_phy32_intel,ursa,intel,209.44,189.0903207140839,69,552,1679.96,52.70052472340717,1624,1810,50
rap_restart_dyn32_phy32_intel,wcoss2,intel,114.5625,7.073794160829621,108,152,644.8958333333334,30.059685013661852,629,735,48
