test_name,machine,compiler,core_mean,core_std,core_min,core_max,mem_mean,mem_std,mem_min,mem_max,n_hashes
rap_progcld_thompson_debug_intel,acorn,intel,345.75,11.739666411012728,331,370,1190.9772727272727,5.824920945121466,1181,1200,44
rap_progcld_thompson_debug_intel,derecho,intel,303.97727272727275,11.96795845573958,295,377,1129.8181818181818,3.4592157148004232,1111,1136,44
rap_progcld_thompson_debug_intel,gaeac6,intel,209.95348837209303,2.478031941568352,205,217,6338.767441860465,0.42746257437544116,6338,6339,43
rap_progcld_thompson_debug_intel,hera,intel,291.0,,291,291,1342.0,,1342,1342,1
rap_progcld_thompson_debug_intel,hercules,intel,269.0217391304348,46.62545281540486,242,562,28011.369565217392,181569.39892508305,1227,1232704,46
rap_progcld_thompson_debug_intel,orion,intel,302.84444444444443,6.878674408355278,290,326,28157.333333333332,180738.93538056483,1201,1213648,45
rap_progcld_thompson_debug_intel,ursa,intel,299.92,158.99182882353753,208,674,1869.2,6.937034595530803,1857,1891,50
rap_progcld_thompson_debug_intel,wcoss2,intel,344.2916666666667,5.422405579583982,338,367,1104.3333333333333,23.15933094735417,1093,1195,48
