test_name,machine,compiler,core_mean,core_std,core_min,core_max,mem_mean,mem_std,mem_min,mem_max,n_hashes
rap_diag_debug_intel,acorn,intel,362.31111111111113,9.054938939160198,348,384,1273.8444444444444,2.566883107756978,1270,1279,45
rap_diag_debug_intel,derecho,intel,318.8666666666667,16.293612803237284,309,421,1217.6444444444444,2.375591367099031,1212,1222,45
rap_diag_debug_intel,gaeac6,intel,219.47727272727272,2.706483484915919,213,226,6338.909090909091,0.6030226891555216,6338,6342,44
rap_diag_debug_intel,hera,intel,313.0,3.674234614174762,310,319,1428.8,2.5884358211089546,1426,1433,5
rap_diag_debug_intel,hercules,intel,274.8723404255319,23.25437501733403,253,404,29357.191489361703,192178.7245775274,1309,1318836,47
rap_diag_debug_intel,orion,intel,319.32608695652175,8.516792165614408,303,342,29709.347826086956,192678.25582967378,1290,1308108,46
rap_diag_debug_intel,ursa,intel,287.64,134.0972476851583,220,691,1955.02,7.885636645580493,1939,1978,50
rap_diag_debug_intel,wcoss2,intel,362.0,7.132671308843554,352,394,1195.5102040816328,33.445305132023464,1178,1279,49
