test_name,machine,compiler,core_mean,core_std,core_min,core_max,mem_mean,mem_std,mem_min,mem_max,n_hashes
rap_sfcdiff_decomp_gnu,derecho,gnu,263.72727272727275,7.716981083310315,258,310,954.5909090909091,2.3557764909397267,949,962,44
rap_sfcdiff_decomp_gnu,hera,gnu,358.5,3.5355339059327378,356,361,942.5,0.7071067811865476,942,943,2
rap_sfcdiff_decomp_gnu,hercules,gnu,268.4130434782609,18.88512181816566,254,345,21224.043478260868,137618.59328479914,925,934308,46
rap_sfcdiff_decomp_gnu,ursa,gnu,330.0,192.02146988802886,204,746,854.7,10.50607210238003,845,870,50
