test_name,machine,compiler,core_mean,core_std,core_min,core_max,mem_mean,mem_std,mem_min,mem_max,n_hashes
rap_decomp_intel,acorn,intel,238.23809523809524,7.453300214553917,224,253,1014.952380952381,2.6499183692202184,1011,1020,42
rap_decomp_intel,derecho,intel,208.25,7.824008964659344,197,254,962.8181818181819,4.785018904838497,939,967,44
rap_decomp_intel,gaeac6,intel,155.2093023255814,3.789447374805865,149,166,6338.790697674419,0.4116250914932614,6338,6339,43
rap_decomp_intel,hercules,intel,193.5,34.27454513840329,177,399,24093.239130434784,156078.41003933953,1058,1059656,46
rap_decomp_intel,orion,intel,268.5111111111111,5.229384729245379,263,285,23969.88888888889,153837.12340923527,1028,1033008,45
rap_decomp_intel,ursa,intel,250.24,204.3762596541097,151,784,1741.64,48.77384712389739,1686,1926,50
rap_decomp_intel,wcoss2,intel,247.77083333333334,9.26039285810947,237,279,922.1041666666666,15.411020626084069,908,1022,48
