test_name,machine,compiler,core_mean,core_std,core_min,core_max,mem_mean,mem_std,mem_min,mem_max,n_hashes
rap_sfcdiff_gnu,derecho,gnu,262.1136363636364,9.183442909859412,256,318,954.7954545454545,2.0182832384093192,951,959,44
rap_sfcdiff_gnu,hera,gnu,356.0,1.4142135623730951,355,357,938.5,0.7071067811865476,938,939,2
rap_sfcdiff_gnu,hercules,gnu,264.95652173913044,20.79311480246301,247,348,21236.630434782608,137704.71577083718,925,934892,46
rap_sfcdiff_gnu,ursa,gnu,272.06,153.47570571558865,207,796,854.66,10.500942620468248,844,871,50
