test_name,machine,compiler,core_mean,core_std,core_min,core_max,mem_mean,mem_std,mem_min,mem_max,n_hashes
rap_diag_debug_intel,acorn,intel,362.3181818181818,9.159498125970776,348,384,1273.8863636363637,2.5809310478962786,1270,1279,44
rap_diag_debug_intel,derecho,intel,318.84090909090907,16.481057741255956,309,421,1217.7272727272727,2.33640188845075,1212,1222,44
rap_diag_debug_intel,gaeac6,intel,219.4418604651163,2.7281803248371146,213,226,6338.906976744186,0.6099942813304131,6338,6342,43
rap_diag_debug_intel,hera,intel,313.75,3.774917217635368,311,319,1429.0,2.943920288775949,1426,1433,4
rap_diag_debug_intel,hercules,intel,275.04347826086956,23.481393600266333,253,404,29966.934782608696,194256.34021106144,1314,1318836,46
rap_diag_debug_intel,orion,intel,319.4,8.598097041047696,303,342,30340.733333333334,194807.35014348733,1290,1308108,45
rap_diag_debug_intel,ursa,intel,287.8,134.02086343825238,220,691,1955.1,7.864282470480728,1939,1978,50
rap_diag_debug_intel,wcoss2,intel,362.0208333333333,7.206644638828434,352,394,1193.8541666666667,31.704076913037646,1178,1279,48
