test_name,machine,compiler,core_mean,core_std,core_min,core_max,mem_mean,mem_std,mem_min,mem_max,n_hashes
rap_control_dyn64_phy32_gnu,derecho,gnu,280.15909090909093,11.154190331217748,272,346,843.3636363636364,2.615614197876909,838,848,44
rap_control_dyn64_phy32_gnu,hera,gnu,344.0,4.358898943540674,339,347,823.6666666666666,1.154700538379268,823,825,3
rap_control_dyn64_phy32_gnu,hercules,gnu,294.2608695652174,39.97912498770588,262,439,18515.804347826088,120017.7294927933,815,814820,46
rap_control_dyn64_phy32_gnu,ursa,gnu,300.34,190.01338406135756,215,995,737.2,5.972727131533251,731,747,50
