test_name,machine,compiler,core_mean,core_std,core_min,core_max,mem_mean,mem_std,mem_min,mem_max,n_hashes
rap_2threads_gnu,derecho,gnu,436.5681818181818,5.077985900274085,427,446,1026.9772727272727,2.6191480628351242,1021,1033,44
rap_2threads_gnu,hercules,gnu,227.8695652173913,27.79656948909917,209,343,22555.760869565216,146265.65441296416,985,993012,46
rap_2threads_gnu,ursa,gnu,164.34,3.9980097089243287,159,177,897.74,1.2906255404703275,894,900,50
