test_name,machine,compiler,core_mean,core_std,core_min,core_max,mem_mean,mem_std,mem_min,mem_max,n_hashes
rap_sfcdiff_intel,acorn,intel,230.8409090909091,6.313305189054926,221,249,1007.3636363636364,2.2422051966230168,1003,1011,44
rap_sfcdiff_intel,derecho,intel,199.0,4.6804889428548,192,221,963.0681818181819,2.3367411940636167,952,967,44
rap_sfcdiff_intel,gaeac6,intel,150.27906976744185,5.465587501185209,145,171,6338.790697674419,0.46589082794780806,6338,6340,43
rap_sfcdiff_intel,hera,intel,204.5,1.2909944487358056,203,206,1165.0,2.828427124746177,1161,1167,4
rap_sfcdiff_intel,hercules,intel,178.80434782608697,14.021601692020138,167,222,24983.217391304348,161983.2597478192,1069,1099724,46
rap_sfcdiff_intel,orion,intel,255.9777777777778,5.297893616115459,251,269,24278.466666666667,155870.84082423674,1028,1046656,45
rap_sfcdiff_intel,ursa,intel,249.04,201.233437396797,144,796,1825.34,82.34635910070863,1745,2067,50
rap_sfcdiff_intel,wcoss2,intel,237.79166666666666,6.629907522648057,227,257,928.8125,31.9724989872447,911,1014,48
