test_name,machine,compiler,core_mean,core_std,core_min,core_max,mem_mean,mem_std,mem_min,mem_max,n_hashes
rap_control_dyn64_phy32_debug_gnu,derecho,gnu,163.6818181818182,14.001283541282298,156,253,849.4318181818181,2.276244635488931,845,856,44
rap_control_dyn64_phy32_debug_gnu,hercules,gnu,133.02173913043478,33.17327514091546,115,305,18705.021739130436,121248.61430823112,822,823176,46
rap_control_dyn64_phy32_debug_gnu,ursa,gnu,249.58,303.685598026939,108,1621,745.68,7.710157625641984,729,771,50
