test_name,machine,compiler,core_mean,core_std,core_min,core_max,mem_mean,mem_std,mem_min,mem_max,n_hashes
rap_control_dyn64_phy32_debug_gnu,derecho,gnu,163.5909090909091,14.012151174951075,156,253,849.2272727272727,2.067057636527562,845,853,44
rap_control_dyn64_phy32_debug_gnu,hercules,gnu,132.8913043478261,33.22932323574035,115,305,18704.891304347828,121248.63396696307,822,823176,46
rap_control_dyn64_phy32_debug_gnu,ursa,gnu,249.52,303.71383147392453,108,1621,745.38,7.550888581309286,729,771,50
