test_name,machine,compiler,core_mean,core_std,core_min,core_max,mem_mean,mem_std,mem_min,mem_max,n_hashes
rap_sfcdiff_decomp_intel,acorn,intel,237.63636363636363,8.127160633192679,222,258,1011.7954545454545,3.039121242747354,1005,1019,44
rap_sfcdiff_decomp_intel,derecho,intel,206.6590909090909,4.102994832581979,198,220,963.8636363636364,2.7668377474126706,951,969,44
rap_sfcdiff_decomp_intel,gaeac6,intel,154.90697674418604,5.055943948832102,148,175,6338.790697674419,0.41162509149345516,6338,6339,43
rap_sfcdiff_decomp_intel,hera,intel,215.66666666666666,2.0816659994661317,214,218,1151.3333333333333,4.0414518843273495,1147,1155,3
rap_sfcdiff_decomp_intel,hercules,intel,187.82608695652175,15.623777246841978,176,235,24351.152173913044,157887.947762395,1053,1071920,46
rap_sfcdiff_decomp_intel,orion,intel,267.26666666666665,3.839981060559362,262,279,23891.977777777778,153321.4929662044,1024,1029548,45
rap_sfcdiff_decomp_intel,ursa,intel,240.58,209.1276428892368,151,836,1742.12,48.995060142501586,1699,1918,50
rap_sfcdiff_decomp_intel,wcoss2,intel,244.45833333333334,8.212492646023673,234,285,927.7708333333334,29.63195484990739,914,1015,48
