test_name,machine,compiler,core_mean,core_std,core_min,core_max,mem_mean,mem_std,mem_min,mem_max,n_hashes
rap_restart_gnu,derecho,gnu,146.95454545454547,3.183931644808994,143,159,704.8636363636364,1.487793888746394,702,708,44
rap_restart_gnu,hera,gnu,189.0,,189,189,679.0,,679,679,1
rap_restart_gnu,hercules,gnu,138.84782608695653,11.523825351186018,131,186,15352.260869565218,99568.18223027649,660,675976,46
rap_restart_gnu,ursa,gnu,172.14,195.52159544591052,108,1405,587.66,10.15313362706221,572,601,50
