test_name,machine,compiler,core_mean,core_std,core_min,core_max,mem_mean,mem_std,mem_min,mem_max,n_hashes
rap_restart_intel,acorn,intel,133.61363636363637,6.402092350891591,122,148,763.4772727272727,1.9705817387275015,759,768,44
rap_restart_intel,derecho,intel,118.72727272727273,2.8066667838412815,115,127,826.7727272727273,1.4920508184442534,825,833,44
rap_restart_intel,gaeac6,intel,83.67441860465117,2.2008756940358998,80,90,6338.860465116279,0.6392478969493335,6338,6342,43
rap_restart_intel,hera,intel,112.66666666666667,3.0550504633038913,110,116,1177.3333333333333,3.0550504633038997,1174,1180,3
rap_restart_intel,hercules,intel,97.93478260869566,5.930719176599986,93,117,24346.652173913044,157666.76786596008,1079,1070448,46
rap_restart_intel,orion,intel,142.26666666666668,3.077779601064252,139,151,23397.8,150163.48116403,998,1008340,45
rap_restart_intel,ursa,intel,149.38,152.87488415067278,79,626,1780.98,50.82080965389614,1724,1931,50
rap_restart_intel,wcoss2,intel,136.22916666666666,8.384990600822785,128,180,681.2291666666666,30.421324815762095,666,772,48
