test_name,machine,compiler,core_mean,core_std,core_min,core_max,mem_mean,mem_std,mem_min,mem_max,n_hashes
rap_sfcdiff_intel,acorn,intel,230.90243902439025,6.522288241287639,221,249,1007.0487804878048,2.4693239916239786,1003,1011,41
rap_sfcdiff_intel,derecho,intel,200.20454545454547,6.40341313586617,193,229,962.8636363636364,2.426509686781048,952,967,44
rap_sfcdiff_intel,gaeac6,intel,150.7906976744186,5.325402464267174,145,171,6338.790697674419,0.46589082794789216,6338,6340,43
rap_sfcdiff_intel,hercules,intel,178.95652173913044,12.804437636554203,168,222,24993.521739130436,161981.70825809508,1074,1099724,46
rap_sfcdiff_intel,orion,intel,256.24444444444447,5.121947230726165,251,269,24280.2,155870.5765695315,1028,1046656,45
rap_sfcdiff_intel,ursa,intel,239.64,192.87923259736115,146,796,1821.42,81.52928358346256,1745,2067,50
rap_sfcdiff_intel,wcoss2,intel,237.9375,6.640963304899464,227,256,916.8333333333334,2.1569613509527117,911,922,48
