test_name,machine,compiler,core_mean,core_std,core_min,core_max,mem_mean,mem_std,mem_min,mem_max,n_hashes
rap_sfcdiff_decomp_gnu,derecho,gnu,263.5681818181818,7.762155440497988,258,310,954.5909090909091,2.355776490939713,949,962,44
rap_sfcdiff_decomp_gnu,hera,gnu,361.25,5.560275772537426,356,369,940.0,3.559026084010437,935,943,4
rap_sfcdiff_decomp_gnu,hercules,gnu,269.95652173913044,19.630991961962273,254,345,21224.478260869564,137618.5277491918,925,934308,46
rap_sfcdiff_decomp_gnu,ursa,gnu,330.06,191.9965358956207,204,746,853.84,10.126465628364556,845,870,50
