test_name,machine,compiler,core_mean,core_std,core_min,core_max,mem_mean,mem_std,mem_min,mem_max,n_hashes
rap_sfcdiff_intel,acorn,intel,230.79545454545453,6.319330055213371,221,249,1007.1590909090909,2.3421633988456416,1003,1011,44
rap_sfcdiff_intel,derecho,intel,199.29545454545453,4.56263665844165,193,221,963.1363636363636,2.338662996004226,952,967,44
rap_sfcdiff_intel,gaeac6,intel,150.41860465116278,5.395026625732157,145,171,6338.7441860465115,0.4924681887630314,6338,6340,43
rap_sfcdiff_intel,hera,intel,205.5,0.7071067811865476,205,206,1166.0,1.4142135623730951,1165,1167,2
rap_sfcdiff_intel,hercules,intel,179.02173913043478,13.91160847068181,167,222,24986.978260869564,161982.69352378897,1070,1099724,46
rap_sfcdiff_intel,orion,intel,256.02222222222224,5.263462776921714,251,269,24279.022222222222,155870.7561247005,1028,1046656,45
rap_sfcdiff_intel,ursa,intel,249.26,201.12274757430282,144,796,1825.44,82.2788092340889,1745,2067,50
rap_sfcdiff_intel,wcoss2,intel,237.1875,6.005870355194515,227,255,924.6666666666666,26.546092659014707,911,1012,48
