test_name,machine,compiler,core_mean,core_std,core_min,core_max,mem_mean,mem_std,mem_min,mem_max,n_hashes
rap_sfcdiff_restart_intel,acorn,intel,131.04444444444445,6.901763791549466,121,158,762.7777777777778,1.7950549357115113,759,769,45
rap_sfcdiff_restart_intel,derecho,intel,118.02222222222223,3.6399855699569685,114,130,825.6666666666666,1.6651508258194563,822,829,45
rap_sfcdiff_restart_intel,gaeac6,intel,83.45454545454545,3.1435023087835794,80,97,6338.681818181818,0.5181688363050425,6337,6339,44
rap_sfcdiff_restart_intel,hera,intel,111.6,2.7018512172212574,109,116,1171.0,5.147815070493504,1165,1176,5
rap_sfcdiff_restart_intel,hercules,intel,97.40425531914893,6.4963520682198705,92,118,24267.021276595744,158859.37472377878,1075,1090180,47
rap_sfcdiff_restart_intel,orion,intel,140.7608695652174,3.246774690938654,137,151,22852.782608695652,148128.98405375006,997,1005672,46
rap_sfcdiff_restart_intel,ursa,intel,137.32,145.69459810976986,79,590,1782.48,48.45795147573296,1744,1939,50
rap_sfcdiff_restart_intel,wcoss2,intel,134.9591836734694,5.119241413828929,126,149,683.7551020408164,36.18098638111184,666,773,49
