test_name,machine,compiler,core_mean,core_std,core_min,core_max,mem_mean,mem_std,mem_min,mem_max,n_hashes
regional_atmaq_canopy_intel,acorn,intel,1208.1136363636363,83.50134824397968,1055,1292,2453.090909090909,5.877897827902755,2442,2472,44
regional_atmaq_canopy_intel,derecho,intel,1170.4545454545455,118.94408585656417,950,1504,2916.090909090909,25.014245412823037,2834,2927,44
regional_atmaq_canopy_intel,gaeac6,intel,937.0232558139535,40.96251967004376,852,1002,6338.581395348837,0.6630577845799347,6338,6340,43
regional_atmaq_canopy_intel,hera,intel,959.5,2.1213203435596424,958,961,2926.5,2.1213203435596424,2925,2928,2
regional_atmaq_canopy_intel,hercules,intel,974.1304347826087,80.84954715619811,851,1291,66868.39130434782,433543.95689728466,2939,2943384,46
regional_atmaq_canopy_intel,orion,intel,1391.6444444444444,70.15021400717548,1260,1638,67709.62222222223,434640.7510807731,2902,2918576,45
regional_atmaq_canopy_intel,ursa,intel,870.96,85.99382037598488,742,1111,2877.08,1.6393129471750088,2873,2881,50
regional_atmaq_canopy_intel,wcoss2,intel,1274.5625,91.87639852749429,1080,1494,2380.5416666666665,18.13068203917528,2346,2438,48
