test_name,machine,compiler,core_mean,core_std,core_min,core_max,mem_mean,mem_std,mem_min,mem_max,n_hashes
regional_noquilt_intel,acorn,intel,303.3809523809524,9.442902563668936,286,324,1169.4761904761904,3.4375125382518465,1162,1176,42
regional_noquilt_intel,derecho,intel,283.79545454545456,24.849855687620387,263,400,1140.3181818181818,3.5158956467351987,1132,1149,44
regional_noquilt_intel,gaeac6,intel,196.30232558139534,5.198602759720866,187,218,6338.511627906977,0.5924964546107834,6337,6339,43
regional_noquilt_intel,hercules,intel,294.54347826086956,70.6725489758503,250,685,34158.54347826087,221389.33737224177,1496,1503052,46
regional_noquilt_intel,orion,intel,396.46666666666664,37.250747399457396,365,503,31654.82222222222,203206.92261710262,1356,1364516,45
regional_noquilt_intel,ursa,intel,209.26,6.314253393582416,201,233,1991.06,4.097834171603144,1982,1998,50
regional_noquilt_intel,wcoss2,intel,322.5,10.819603957041773,309,368,1185.2916666666667,2.9747757529168566,1179,1191,48
