test_name,machine,compiler,core_mean,core_std,core_min,core_max,mem_mean,mem_std,mem_min,mem_max,n_hashes
regional_noquilt_intel,acorn,intel,302.54545454545456,9.189110201766578,286,324,1169.7272727272727,3.0527428487566306,1163,1176,44
regional_noquilt_intel,derecho,intel,277.0681818181818,15.86190071497598,262,310,1140.1818181818182,3.4322189396793457,1132,1149,44
regional_noquilt_intel,gaeac6,intel,195.72093023255815,5.456868024597414,187,218,6338.511627906977,0.5508475298186759,6337,6339,43
regional_noquilt_intel,hera,intel,296.5,1.0000000000000047,296,298,1499.25,5.678908345800251,1491,1504,4
regional_noquilt_intel,hercules,intel,293.45652173913044,70.46219049855796,250,685,34153.108695652176,221390.15622051375,1496,1503052,46
regional_noquilt_intel,orion,intel,392.53333333333336,37.5981140726258,364,503,31654.911111111112,203206.90906536867,1356,1364516,45
regional_noquilt_intel,ursa,intel,208.88,6.413124298289111,201,233,1990.5,3.939594923753472,1982,1998,50
regional_noquilt_intel,wcoss2,intel,321.2083333333333,10.890085933141469,309,368,1184.4791666666667,4.356406792511983,1172,1191,48
