test_name,machine,compiler,core_mean,core_std,core_min,core_max,mem_mean,mem_std,mem_min,mem_max,n_hashes
regional_decomp_intel,acorn,intel,325.77272727272725,8.45470458373969,309,341,884.2272727272727,4.307179708367091,875,892,44
regional_decomp_intel,derecho,intel,293.0681818181818,17.47476283536403,276,336,859.2045454545455,5.617992463813707,839,866,44
regional_decomp_intel,gaeac6,intel,207.93023255813952,9.225728384812951,199,262,6338.720930232558,0.5488334553243908,6337,6339,43
regional_decomp_intel,hera,intel,310.5,2.1213203435596424,309,312,1217.0,1.4142135623730951,1216,1218,2
regional_decomp_intel,hercules,intel,304.2173913043478,41.39560526512082,267,379,27043.869565217392,175322.94854184042,1176,1190292,46
regional_decomp_intel,orion,intel,410.77777777777777,35.46181614131464,384,499,25038.444444444445,160693.43295267594,1064,1079048,45
regional_decomp_intel,ursa,intel,218.66,6.086485531277388,210,241,1718.16,5.81819805192542,1693,1731,50
regional_decomp_intel,wcoss2,intel,342.25,13.3073328049981,329,399,911.7291666666666,10.877929213394916,874,924,48
