test_name,machine,compiler,core_mean,core_std,core_min,core_max,mem_mean,mem_std,mem_min,mem_max,n_hashes
regional_wofs_intel,acorn,intel,430.75555555555553,29.84517286655155,388,490,1606.9333333333334,2.07145096270932,1601,1614,45
regional_wofs_intel,derecho,intel,368.4,10.967721235102063,353,397,1576.0666666666666,1.5285168093166361,1571,1580,45
regional_wofs_intel,gaeac6,intel,261.40909090909093,8.153521658363578,251,278,6338.727272727273,0.4505106334669889,6338,6339,44
regional_wofs_intel,hera,intel,371.4,2.7928480087537846,369,376,2038.8,2.9495762407505355,2036,2043,5
regional_wofs_intel,hercules,intel,361.1276595744681,38.16532515783576,324,476,46557.617021276594,304862.3732687711,2065,2092120,47
regional_wofs_intel,orion,intel,466.9782608695652,9.862361967342247,454,486,43162.608695652176,279846.9821723196,1892,1899916,46
regional_wofs_intel,ursa,intel,275.86,25.566248477719423,255,370,2633.44,14.384174977937283,2609,2671,50
regional_wofs_intel,wcoss2,intel,435.14285714285717,24.926558794453218,398,488,1634.5714285714287,13.121229617176379,1600,1648,49
