test_name,machine,compiler,core_mean,core_std,core_min,core_max,mem_mean,mem_std,mem_min,mem_max,n_hashes
regional_restart_intel,acorn,intel,172.38636363636363,6.131185662833517,162,191,883.3181818181819,3.9341836851498195,878,893,44
regional_restart_intel,derecho,intel,164.1590909090909,16.32937598576771,149,196,861.1136363636364,4.319861696165315,851,872,44
regional_restart_intel,gaeac6,intel,112.13953488372093,4.852988256385057,105,127,6338.837209302325,0.37354368381897307,6338,6339,43
regional_restart_intel,hera,intel,162.0,,162,162,1236.0,,1236,1236,1
regional_restart_intel,hercules,intel,166.91304347826087,33.48288191960948,139,270,27040.630434782608,175287.86753672227,1178,1190056,46
regional_restart_intel,orion,intel,223.22222222222223,33.683614096261394,197,310,25434.11111111111,163245.65039816283,1092,1096184,45
regional_restart_intel,ursa,intel,120.94,5.289226632254184,115,139,1683.12,9.52470471983254,1654,1700,50
regional_restart_intel,wcoss2,intel,187.83333333333334,9.196052190289313,176,228,908.1875,7.448136279805366,877,919,48
