test_name,machine,compiler,core_mean,core_std,core_min,core_max,mem_mean,mem_std,mem_min,mem_max,n_hashes
regional_control_intel,acorn,intel,305.83720930232556,6.487828283493788,294,320,880.2558139534884,4.326513075576561,870,888,43
regional_control_intel,derecho,intel,290.70454545454544,64.04634206843293,261,689,852.9318181818181,4.592196248504412,842,858,44
regional_control_intel,gaeac6,intel,201.62790697674419,27.745461452807653,189,377,6338.860465116279,0.6008484219293595,6337,6341,43
regional_control_intel,hercules,intel,303.2826086956522,49.071676847230655,254,448,27258.32608695652,176717.62811320767,1188,1199760,46
regional_control_intel,orion,intel,411.4222222222222,39.735768686805514,367,487,25157.555555555555,161494.28409411496,1063,1084420,45
regional_control_intel,ursa,intel,210.58,6.007104637214923,201,236,1716.1,8.804567460316644,1692,1732,50
regional_control_intel,wcoss2,intel,324.1666666666667,11.153347619462384,311,357,910.875,7.98835588761761,875,925,48
