test_name,machine,compiler,core_mean,core_std,core_min,core_max,mem_mean,mem_std,mem_min,mem_max,n_hashes
regional_debug_gnu,derecho,gnu,473.84090909090907,20.332061039921086,449,523,781.5454545454545,9.242104223944793,766,796,44
regional_debug_gnu,hera,gnu,503.25,8.99536917900909,496,516,878.0,3.3665016461206845,876,883,4
regional_debug_gnu,hercules,gnu,446.95652173913044,45.32595847941103,384,583,19864.67391304348,128756.25428676454,852,874148,46
regional_debug_gnu,ursa,gnu,343.16,6.2738849728905,335,375,772.46,7.335154381191867,748,784,50
