test_name,machine,compiler,core_mean,core_std,core_min,core_max,mem_mean,mem_std,mem_min,mem_max,n_hashes
regional_atmaq_debug_intel,acorn,intel,2454.8372093023254,31.45210283874466,2411,2525,1928.0697674418604,50.222550118655114,1864,1988,43
regional_atmaq_debug_intel,derecho,intel,2082.181818181818,26.78186884709374,2047,2122,2934.2272727272725,13.673712067004068,2847,2939,44
regional_atmaq_debug_intel,gaeac6,intel,1580.5116279069769,52.37428126249569,1536,1788,6338.720930232558,0.629647724463058,6338,6340,43
regional_atmaq_debug_intel,hercules,intel,1948.5217391304348,85.53562977702715,1872,2379,67142.82608695653,435329.30205460195,2951,2955504,46
regional_atmaq_debug_intel,orion,intel,2433.4222222222224,36.92343976446904,2342,2550,67953.26666666666,436185.521699165,2920,2928952,45
regional_atmaq_debug_intel,ursa,intel,1658.78,21.64395565340425,1619,1744,2891.44,1.7746514460879599,2888,2894,50
regional_atmaq_debug_intel,wcoss2,intel,2475.875,29.292817360851235,2435,2586,1860.8958333333333,45.476315829434064,1770,1901,48
