test_name,machine,compiler,core_mean,core_std,core_min,core_max,mem_mean,mem_std,mem_min,mem_max,n_hashes
regional_spp_sppt_shum_skeb_dyn32_phy32_intel,acorn,intel,239.69767441860466,7.446747080568056,225,256,1031.4651162790697,5.3467784568943495,1018,1044,43
regional_spp_sppt_shum_skeb_dyn32_phy32_intel,derecho,intel,222.70454545454547,61.638322248062714,206,620,1038.5454545454545,3.8486152475231106,1030,1050,44
regional_spp_sppt_shum_skeb_dyn32_phy32_intel,gaeac6,intel,155.3953488372093,2.351691740446,152,164,6338.720930232558,0.7965874057609372,6338,6342,43
regional_spp_sppt_shum_skeb_dyn32_phy32_intel,hercules,intel,190.58695652173913,34.4548503838842,177,408,29922.956521739132,194058.59456130557,1293,1317480,46
regional_spp_sppt_shum_skeb_dyn32_phy32_intel,orion,intel,304.44444444444446,5.016135580465944,297,317,28863.244444444445,185505.74027875988,1168,1245620,45
regional_spp_sppt_shum_skeb_dyn32_phy32_intel,ursa,intel,153.4,5.291502622129182,148,169,1487.78,10.194616426410189,1463,1510,50
regional_spp_sppt_shum_skeb_dyn32_phy32_intel,wcoss2,intel,237.95833333333334,10.371725750108368,228,277,941.7916666666666,19.138863584099788,933,1033,48
