test_name,machine,compiler,core_mean,core_std,core_min,core_max,mem_mean,mem_std,mem_min,mem_max,n_hashes
regional_wofs_intel,acorn,intel,435.51162790697674,29.604835587180084,388,490,1607.2093023255813,2.273639200917077,1601,1614,43
regional_wofs_intel,derecho,intel,375.70454545454544,40.97110697510291,353,633,1576.25,1.2962378478271592,1574,1579,44
regional_wofs_intel,gaeac6,intel,263.0232558139535,8.520251427357225,251,280,6338.674418604651,0.47413732351553345,6338,6339,43
regional_wofs_intel,hercules,intel,355.9130434782609,27.534887839052068,324,429,47524.934782608696,308158.18718742504,2065,2092120,46
regional_wofs_intel,orion,intel,468.75555555555553,9.439172622533148,454,486,44079.42222222222,282939.3234017185,1892,1899916,45
regional_wofs_intel,ursa,intel,278.16,24.99172107816867,255,370,2634.18,14.377831575600192,2609,2671,50
regional_wofs_intel,wcoss2,intel,438.3958333333333,24.298445430821502,398,488,1638.375,8.211629014016085,1600,1648,48
