test_name,machine,compiler,core_mean,core_std,core_min,core_max,mem_mean,mem_std,mem_min,mem_max,n_hashes
regional_debug_intel,acorn,intel,1125.0,20.175421161592187,1100,1179,942.6976744186046,10.817831143689439,926,965,43
regional_debug_intel,derecho,intel,1003.1363636363636,87.22427412006179,965,1558,889.6590909090909,6.455367990945221,871,900,44
regional_debug_intel,gaeac6,intel,697.1395348837209,8.016594085451592,683,715,6338.906976744186,0.36605707910191215,6337,6339,43
regional_debug_intel,hercules,intel,984.7826086956521,74.98945497526913,868,1161,26467.08695652174,171625.6417770085,1133,1165184,46
regional_debug_intel,orion,intel,1092.5555555555557,41.07175293177646,1025,1223,25269.355555555554,162166.35489509415,1078,1088940,45
regional_debug_intel,ursa,intel,736.68,12.596468568934819,715,780,1626.78,8.560206940088703,1608,1645,50
regional_debug_intel,wcoss2,intel,1132.5833333333333,8.840990926778252,1118,1155,973.3333333333334,11.09021676079501,931,995,48
