test_name,machine,compiler,core_mean,core_std,core_min,core_max,mem_mean,mem_std,mem_min,mem_max,n_hashes
regional_wofs_intel,acorn,intel,431.5,29.764580167678176,388,490,1606.9545454545455,2.0904494393195048,1601,1614,44
regional_wofs_intel,derecho,intel,368.6818181818182,10.928462363964641,353,397,1575.9772727272727,1.422226167923758,1571,1579,44
regional_wofs_intel,gaeac6,intel,261.5813953488372,8.168559231064348,251,278,6338.720930232558,0.4538502687508351,6338,6339,43
regional_wofs_intel,hera,intel,371.75,3.0956959368344497,369,376,2037.75,2.0615528128088303,2036,2040,4
regional_wofs_intel,hercules,intel,358.95652173913044,35.53149246122009,324,476,47524.34782608696,308158.2756465844,2065,2092120,46
regional_wofs_intel,orion,intel,467.1333333333333,9.916927676728017,454,486,44079.42222222222,282939.32340276265,1892,1899916,45
regional_wofs_intel,ursa,intel,276.3,25.423956242497084,255,370,2633.56,14.311633629423826,2609,2671,50
regional_wofs_intel,wcoss2,intel,435.6875,24.89395060242035,398,488,1635.1041666666667,12.713269300697464,1600,1648,48
