test_name,machine,compiler,core_mean,core_std,core_min,core_max,mem_mean,mem_std,mem_min,mem_max,n_hashes
regional_debug_intel,acorn,intel,1125.560975609756,20.453665662281498,1100,1179,943.0487804878048,10.961184287092765,926,965,41
regional_debug_intel,derecho,intel,1004.0227272727273,87.05691499360033,965,1558,889.6818181818181,6.515715268068832,871,900,44
regional_debug_intel,gaeac6,intel,697.8372093023256,8.684771106335228,683,721,6338.906976744186,0.36605707910189644,6337,6339,43
regional_debug_intel,hercules,intel,986.0869565217391,74.42127117877477,868,1161,26468.021739130436,171625.50089249414,1133,1165184,46
regional_debug_intel,orion,intel,1092.4666666666667,40.42254096641897,1025,1223,25269.466666666667,162166.33795057467,1078,1088940,45
regional_debug_intel,ursa,intel,737.18,12.522127353983644,715,780,1626.86,8.792413241667221,1608,1645,50
regional_debug_intel,wcoss2,intel,1133.0625,9.592564163665747,1118,1155,974.9375,7.594528405511921,967,995,48
