test_name,machine,compiler,core_mean,core_std,core_min,core_max,mem_mean,mem_std,mem_min,mem_max,n_hashes
regional_restart_intel,acorn,intel,172.6590909090909,6.235469366784001,162,191,883.2272727272727,4.005017994115924,878,893,44
regional_restart_intel,derecho,intel,161.4090909090909,14.60537999285638,149,195,861.6590909090909,4.4614273543402465,851,872,44
regional_restart_intel,gaeac6,intel,111.86046511627907,5.007524791792936,105,127,6338.813953488372,0.4501753073070321,6337,6339,43
regional_restart_intel,hera,intel,163.5,5.802298395176403,159,172,1235.25,2.217355782608345,1232,1237,4
regional_restart_intel,hercules,intel,167.2173913043478,33.4743105769041,139,270,27038.478260869564,175288.19179482548,1178,1190056,46
regional_restart_intel,orion,intel,222.26666666666668,33.80250125226077,197,310,25434.088888888888,163245.6537948285,1087,1096184,45
regional_restart_intel,ursa,intel,120.52,5.107976954864673,115,139,1682.58,9.357066520953628,1654,1700,50
regional_restart_intel,wcoss2,intel,187.08333333333334,9.421192347480597,170,228,906.5625,9.369271299351457,877,919,48
