test_name,machine,compiler,core_mean,core_std,core_min,core_max,mem_mean,mem_std,mem_min,mem_max,n_hashes
regional_spp_sppt_shum_skeb_intel,acorn,intel,257.3863636363636,9.457901603866153,244,281,1183.909090909091,5.676627650279283,1172,1196,44
regional_spp_sppt_shum_skeb_intel,derecho,intel,227.02272727272728,4.4329035912673955,219,239,1147.7045454545455,3.084692479901401,1144,1159,44
regional_spp_sppt_shum_skeb_intel,gaeac6,intel,166.51162790697674,3.4042836672083863,161,180,6338.604651162791,0.5407021398021821,6338,6340,43
regional_spp_sppt_shum_skeb_intel,hera,intel,227.66666666666666,1.5275252316519428,226,229,1307.0,1.0,1306,1308,3
regional_spp_sppt_shum_skeb_intel,hercules,intel,203.06521739130434,41.07251158292452,185,464,32814.717391304344,212815.23958032113,1418,1444820,46
regional_spp_sppt_shum_skeb_intel,orion,intel,321.46666666666664,4.408669145713225,315,329,31609.555555555555,203088.19859244712,1304,1363692,45
regional_spp_sppt_shum_skeb_intel,ursa,intel,165.34,5.712892687346992,157,187,1607.04,13.378264430922009,1570,1625,50
regional_spp_sppt_shum_skeb_intel,wcoss2,intel,257.5833333333333,9.150824479383374,247,294,1085.9583333333333,35.21360854769583,1066,1195,48
