test_name,machine,compiler,core_mean,core_std,core_min,core_max,mem_mean,mem_std,mem_min,mem_max,n_hashes
regional_decomp_intel,acorn,intel,326.8048780487805,8.562182876448976,309,341,884.1463414634146,4.257704637535072,875,891,41
regional_decomp_intel,derecho,intel,297.59090909090907,20.444272731658387,277,358,859.2045454545455,5.801281115346976,839,871,44
regional_decomp_intel,gaeac6,intel,208.34883720930233,9.183016728438044,199,262,6338.767441860465,0.47994093398120585,6337,6339,43
regional_decomp_intel,hercules,intel,306.9347826086956,43.78553905060083,267,384,27045.717391304348,175322.67001917263,1176,1190292,46
regional_decomp_intel,orion,intel,412.55555555555554,35.260430794276786,385,499,25038.68888888889,160693.39568567192,1064,1079048,45
regional_decomp_intel,ursa,intel,219.28,5.983105466261483,210,241,1718.28,5.848565147599378,1693,1731,50
regional_decomp_intel,wcoss2,intel,342.9791666666667,14.044745490272328,329,399,914.2708333333334,4.2060725266322985,908,924,48
