test_name,machine,compiler,core_mean,core_std,core_min,core_max,mem_mean,mem_std,mem_min,mem_max,n_hashes
regional_atmaq_debug_intel,acorn,intel,2456.268292682927,31.515888366222608,2411,2525,1928.121951219512,50.18276353587521,1864,1988,41
regional_atmaq_debug_intel,derecho,intel,2084.7727272727275,26.903672816061167,2047,2122,2936.2045454545455,2.4264007745663343,2932,2939,44
regional_atmaq_debug_intel,gaeac6,intel,1582.3023255813953,52.13331577322248,1536,1788,6338.674418604651,0.6063524918786871,6338,6340,43
regional_atmaq_debug_intel,hercules,intel,1951.6304347826087,84.72002483885167,1872,2379,67143.13043478261,435329.25618537964,2951,2955504,46
regional_atmaq_debug_intel,orion,intel,2437.822222222222,35.024205194336325,2366,2550,67953.44444444444,436185.49459404603,2920,2928952,45
regional_atmaq_debug_intel,ursa,intel,1659.18,21.65187459481024,1619,1744,2891.52,1.7524327114507867,2888,2894,50
regional_atmaq_debug_intel,wcoss2,intel,2477.8125,29.287755229497943,2436,2586,1858.2291666666667,46.893378193938176,1770,1901,48
