test_name,machine,compiler,core_mean,core_std,core_min,core_max,mem_mean,mem_std,mem_min,mem_max,n_hashes
regional_spp_sppt_shum_skeb_intel,acorn,intel,258.0,9.555225040855678,244,281,1184.0,5.656854249492373,1172,1196,44
regional_spp_sppt_shum_skeb_intel,derecho,intel,228.29545454545453,7.975484370956673,220,272,1147.659090909091,3.183848642380774,1142,1159,44
regional_spp_sppt_shum_skeb_intel,gaeac6,intel,166.58139534883722,3.396304421121617,161,180,6338.6511627906975,0.5725349201340458,6338,6340,43
regional_spp_sppt_shum_skeb_intel,hera,intel,229.0,,229,229,1307.0,,1307,1307,1
regional_spp_sppt_shum_skeb_intel,hercules,intel,203.34782608695653,40.97382220735812,187,464,32815.239130434784,212815.16095984273,1418,1444820,46
regional_spp_sppt_shum_skeb_intel,orion,intel,321.8,4.267211139502123,315,329,31608.088888888888,203088.42215397686,1304,1363692,45
regional_spp_sppt_shum_skeb_intel,ursa,intel,165.6,5.667666978536382,157,187,1607.16,13.334564569002538,1570,1625,50
regional_spp_sppt_shum_skeb_intel,wcoss2,intel,257.4166666666667,9.0479416569157,247,294,1081.375,28.229775287202603,1066,1195,48
