test_name,machine,compiler,core_mean,core_std,core_min,core_max,mem_mean,mem_std,mem_min,mem_max,n_hashes
regional_noquilt_intel,acorn,intel,303.609756097561,9.441604865647808,286,324,1169.5853658536585,3.405698237924891,1162,1176,41
regional_noquilt_intel,derecho,intel,285.27272727272725,25.626443134735723,263,400,1140.159090909091,3.640490522904557,1132,1149,44
regional_noquilt_intel,gaeac6,intel,196.48837209302326,5.257068226154258,187,218,6338.53488372093,0.5915611794348472,6337,6339,43
regional_noquilt_intel,hercules,intel,294.6521739130435,70.6173467487681,250,685,34159.54347826087,221389.18671392612,1496,1503052,46
regional_noquilt_intel,orion,intel,396.4888888888889,37.234894571320766,365,503,31654.8,203206.9260049738,1356,1364516,45
regional_noquilt_intel,ursa,intel,209.36,6.301149878864841,201,233,1991.08,4.099975111920566,1982,1998,50
regional_noquilt_intel,wcoss2,intel,322.5625,10.831212285541637,309,368,1185.2291666666667,3.1368746021325227,1176,1191,48
