test_name,machine,compiler,core_mean,core_std,core_min,core_max,mem_mean,mem_std,mem_min,mem_max,n_hashes
regional_atmaq_canopy_intel,acorn,intel,1220.2619047619048,75.59166928025924,1055,1292,2453.5,5.773150638315389,2442,2472,42
regional_atmaq_canopy_intel,derecho,intel,1178.0,115.46045331224789,950,1504,2916.0227272727275,24.99161593029969,2834,2927,44
regional_atmaq_canopy_intel,gaeac6,intel,942.4186046511628,37.146577460841016,852,1002,6338.53488372093,0.630526507478769,6338,6340,43
regional_atmaq_canopy_intel,hercules,intel,982.8913043478261,74.69411051031754,851,1291,66868.43478260869,433543.9503438122,2939,2943384,46
regional_atmaq_canopy_intel,orion,intel,1401.6888888888889,62.432808326676735,1262,1638,67710.13333333333,434640.6731533637,2902,2918576,45
regional_atmaq_canopy_intel,ursa,intel,883.28,86.45443296668968,742,1114,2877.14,1.7497521690403153,2873,2881,50
regional_atmaq_canopy_intel,wcoss2,intel,1288.1666666666667,79.09362438553256,1101,1494,2377.2916666666665,12.072402735222935,2346,2418,48
