test_name,machine,compiler,core_mean,core_std,core_min,core_max,mem_mean,mem_std,mem_min,mem_max,n_hashes
regional_2threads_intel,acorn,intel,190.1818181818182,6.460155975051013,176,208,997.9545454545455,6.484165132305167,987,1013,44
regional_2threads_intel,gaeac6,intel,156.95348837209303,6.676017804949631,152,195,6338.7441860465115,0.5386501318691244,6338,6340,43
regional_2threads_intel,hera,intel,285.3333333333333,2.081665999466135,283,287,1081.0,4.358898943540674,1076,1084,3
regional_2threads_intel,hercules,intel,280.54347826086956,56.39688979672514,254,610,24761.217391304348,160457.68707335112,1083,1089380,46
regional_2threads_intel,orion,intel,279.64444444444445,40.65439457155646,248,419,24449.444444444445,157041.27334898524,1028,1054504,45
regional_2threads_intel,ursa,intel,127.24,3.537322866409631,122,136,1568.82,4.3831309283083595,1560,1575,50
regional_2threads_intel,wcoss2,intel,203.14583333333334,11.841128438414799,189,251,927.0,25.40229508813489,913,1008,48
