test_name,machine,compiler,core_mean,core_std,core_min,core_max,mem_mean,mem_std,mem_min,mem_max,n_hashes
regional_decomp_intel,acorn,intel,325.59090909090907,8.258380329456989,309,341,884.2045454545455,4.369979753316635,875,892,44
regional_decomp_intel,derecho,intel,291.27272727272725,16.422281568767787,276,336,859.0227272727273,5.720174970342427,839,866,44
regional_decomp_intel,gaeac6,intel,207.69767441860466,9.267287278946325,199,262,6338.7441860465115,0.5386501318691245,6337,6339,43
regional_decomp_intel,hera,intel,310.75,2.061552812808831,309,313,1218.25,1.707825127659933,1216,1220,4
regional_decomp_intel,hercules,intel,304.0652173913044,41.52022381330868,267,379,27042.717391304348,175323.12217574636,1176,1190292,46
regional_decomp_intel,orion,intel,410.1333333333333,34.95230516523391,384,499,25037.866666666665,160693.52104756323,1064,1079048,45
regional_decomp_intel,ursa,intel,218.62,6.157424587522002,210,241,1718.22,5.86337647379644,1693,1731,50
regional_decomp_intel,wcoss2,intel,341.9166666666667,13.63792168189196,321,399,910.2916666666666,12.887332281482188,874,924,48
