test_name,machine,compiler,core_mean,core_std,core_min,core_max,mem_mean,mem_std,mem_min,mem_max,n_hashes
regional_decomp_intel,acorn,intel,326.3863636363636,8.41155326499272,309,341,884.2272727272727,4.307179708367068,875,892,44
regional_decomp_intel,derecho,intel,294.84090909090907,19.905524746496983,276,358,859.4090909090909,5.87987573756601,839,871,44
regional_decomp_intel,gaeac6,intel,208.06976744186048,9.13234791913107,199,262,6338.720930232558,0.5488334553243543,6337,6339,43
regional_decomp_intel,hera,intel,312.0,,312,312,1218.0,,1218,1218,1
regional_decomp_intel,hercules,intel,303.7826086956522,41.641812877324924,267,379,27044.5,175322.85352834704,1176,1190292,46
regional_decomp_intel,orion,intel,410.9111111111111,35.373861833423014,384,499,25038.51111111111,160693.4227890633,1064,1079048,45
regional_decomp_intel,ursa,intel,218.92,6.073831457278711,210,241,1718.12,5.812161774227885,1693,1731,50
regional_decomp_intel,wcoss2,intel,342.2916666666667,13.293668839175792,329,399,912.5208333333334,9.349000591332596,875,924,48
