test_name,machine,compiler,core_mean,core_std,core_min,core_max,mem_mean,mem_std,mem_min,mem_max,n_hashes
regional_netcdf_parallel_intel,derecho,intel,283.54545454545456,23.504036808604003,263,382,851.9772727272727,5.406665293719272,836,860,44
regional_netcdf_parallel_intel,gaeac6,intel,202.13953488372093,30.86034703022854,189,398,6338.7441860465115,0.44148144844888226,6338,6339,43
regional_netcdf_parallel_intel,hercules,intel,297.95652173913044,69.8140248634388,250,687,27265.32608695652,176766.00881982743,1175,1200088,46
regional_netcdf_parallel_intel,orion,intel,396.73333333333335,35.39928093774068,365,475,24972.666666666668,160255.23142432395,1064,1076108,45
regional_netcdf_parallel_intel,ursa,intel,209.06,5.331500535420001,201,226,1719.98,9.155103405606544,1693,1733,50
regional_netcdf_parallel_intel,wcoss2,intel,328.2291666666667,13.045321299278863,310,376,910.8958333333334,5.9937541368062766,876,921,48
