test_name,machine,compiler,core_mean,core_std,core_min,core_max,mem_mean,mem_std,mem_min,mem_max,n_hashes
regional_control_intel,acorn,intel,305.22727272727275,6.705997441941979,294,320,879.75,4.086990136040571,870,888,44
regional_control_intel,derecho,intel,278.27272727272725,16.683599573071426,261,317,852.8863636363636,4.5249484596366285,842,857,44
regional_control_intel,gaeac6,intel,200.97674418604652,27.893068239509862,189,377,6338.860465116279,0.6008484219294585,6337,6341,43
regional_control_intel,hera,intel,295.75,3.774917217635375,291,300,1220.25,5.123475382979799,1215,1227,4
regional_control_intel,hercules,intel,301.9782608695652,48.954168648025515,253,448,27257.217391304348,176717.7951944742,1188,1199760,46
regional_control_intel,orion,intel,406.8888888888889,38.643605975999215,367,469,25157.466666666667,161494.2976480763,1063,1084420,45
regional_control_intel,ursa,intel,210.02,6.005065888608602,201,236,1716.04,8.656624218316383,1692,1732,50
regional_control_intel,wcoss2,intel,323.7083333333333,11.056832552738188,311,357,907.5208333333334,12.811214474516278,873,925,48
