test_name,machine,compiler,core_mean,core_std,core_min,core_max,mem_mean,mem_std,mem_min,mem_max,n_hashes
regional_atmaq_canopy_intel,acorn,intel,1224.121951219512,72.21848624900396,1055,1292,2453.6341463414633,5.778218140399974,2442,2472,41
regional_atmaq_canopy_intel,derecho,intel,1182.0454545454545,113.90754197327432,950,1504,2915.9772727272725,24.980446898979423,2834,2927,44
regional_atmaq_canopy_intel,gaeac6,intel,945.2093023255813,35.989124110813925,852,1002,6338.511627906977,0.6314040674127696,6338,6340,43
regional_atmaq_canopy_intel,hercules,intel,986.0217391304348,72.14629862853056,851,1291,66868.65217391304,433543.91757791926,2941,2943384,46
regional_atmaq_canopy_intel,orion,intel,1405.2222222222222,58.737431494625696,1297,1638,67710.2,434640.66298953415,2902,2918576,45
regional_atmaq_canopy_intel,ursa,intel,885.68,84.55029658765972,742,1114,2877.18,1.7224804136796912,2873,2881,50
regional_atmaq_canopy_intel,wcoss2,intel,1288.625,79.26272634242439,1101,1494,2376.5625,10.51828448515452,2346,2401,48
