test_name,machine,compiler,core_mean,core_std,core_min,core_max,mem_mean,mem_std,mem_min,mem_max,n_hashes
regional_debug_intel,acorn,intel,1125.1190476190477,20.404689060512943,1100,1179,942.8809523809524,10.88118174391082,926,965,42
regional_debug_intel,derecho,intel,1004.0,87.05625019304712,965,1558,889.7727272727273,6.505323888987725,871,900,44
regional_debug_intel,gaeac6,intel,697.3023255813954,7.896759081212394,683,715,6338.906976744186,0.36605707910210034,6337,6339,43
regional_debug_intel,hercules,intel,985.304347826087,74.6755558890792,868,1161,26467.630434782608,171625.55986466695,1133,1165184,46
regional_debug_intel,orion,intel,1093.2222222222222,40.38726672023398,1025,1223,25269.28888888889,162166.36505672225,1078,1088940,45
regional_debug_intel,ursa,intel,736.78,12.586500705120574,715,780,1627.08,8.651624832648356,1608,1645,50
regional_debug_intel,wcoss2,intel,1132.9166666666667,9.30072825639428,1118,1155,973.9791666666666,9.885492450703097,931,995,48
