test_name,machine,compiler,core_mean,core_std,core_min,core_max,mem_mean,mem_std,mem_min,mem_max,n_hashes
regional_spp_sppt_shum_skeb_intel,acorn,intel,258.04651162790697,9.663267436096774,244,281,1183.9302325581396,5.704615294558837,1172,1196,43
regional_spp_sppt_shum_skeb_intel,derecho,intel,228.3409090909091,7.961953662957236,220,272,1147.7272727272727,3.157594288589318,1142,1159,44
regional_spp_sppt_shum_skeb_intel,gaeac6,intel,166.48837209302326,3.2977055011835223,161,180,6338.674418604651,0.606352491878477,6338,6340,43
regional_spp_sppt_shum_skeb_intel,hercules,intel,203.43478260869566,40.94258971015283,187,464,32815.67391304348,212815.0954309663,1418,1444820,46
regional_spp_sppt_shum_skeb_intel,orion,intel,322.0,4.150574987549624,315,329,31607.244444444445,203088.55091864322,1304,1363692,45
regional_spp_sppt_shum_skeb_intel,ursa,intel,165.72,5.588033862547688,157,187,1606.5,13.351220994381594,1570,1625,50
regional_spp_sppt_shum_skeb_intel,wcoss2,intel,257.1875,8.912473329613034,247,294,1078.9375,23.15847921549403,1066,1195,48
