test_name,machine,compiler,core_mean,core_std,core_min,core_max,mem_mean,mem_std,mem_min,mem_max,n_hashes
regional_atmaq_debug_intel,acorn,intel,2455.4761904761904,31.549603294818233,2411,2525,1926.8809523809523,50.215245173665544,1864,1988,42
regional_atmaq_debug_intel,derecho,intel,2083.75,26.933272411474466,2047,2122,2934.2045454545455,13.668125448537442,2847,2939,44
regional_atmaq_debug_intel,gaeac6,intel,1581.093023255814,52.26845263294399,1536,1788,6338.697674418605,0.5990024930757322,6338,6340,43
regional_atmaq_debug_intel,hercules,intel,1950.5,85.0612197838187,1872,2379,67142.93478260869,435329.2856722701,2951,2955504,46
regional_atmaq_debug_intel,orion,intel,2434.9555555555557,37.442656492996264,2342,2550,67953.28888888888,436185.5183110749,2920,2928952,45
regional_atmaq_debug_intel,ursa,intel,1658.62,21.807029385320853,1619,1744,2891.52,1.7524327114510712,2888,2894,50
regional_atmaq_debug_intel,wcoss2,intel,2477.3958333333335,29.01924495940895,2436,2586,1859.3125,46.18563664078797,1770,1901,48
