test_name,machine,compiler,core_mean,core_std,core_min,core_max,mem_mean,mem_std,mem_min,mem_max,n_hashes
regional_wofs_intel,acorn,intel,436.26190476190476,29.547035280115107,388,490,1607.1666666666667,2.283735351233053,1601,1614,42
regional_wofs_intel,derecho,intel,376.0,40.87246187269473,353,633,1576.2272727272727,1.2915402084088812,1574,1579,44
regional_wofs_intel,gaeac6,intel,263.3488372093023,8.434294282528747,251,280,6338.674418604651,0.47413732351553356,6338,6339,43
regional_wofs_intel,hercules,intel,356.2391304347826,27.370044276023698,324,429,47525.45652173913,308158.1085642532,2065,2092120,46
regional_wofs_intel,orion,intel,469.1111111111111,9.247167188393489,454,486,44079.48888888889,282939.3132375677,1892,1899916,45
regional_wofs_intel,ursa,intel,278.6,24.768314188799796,255,370,2634.3,14.290356388637989,2609,2671,50
regional_wofs_intel,wcoss2,intel,439.9375,24.026940774445702,398,488,1639.25,5.9662169488588335,1603,1648,48
