test_name,machine,compiler,core_mean,core_std,core_min,core_max,mem_mean,mem_std,mem_min,mem_max,n_hashes
regional_netcdf_parallel_intel,derecho,intel,276.8,15.828053346109028,263,316,851.0,5.443929062392697,836,858,45
regional_netcdf_parallel_intel,gaeac6,intel,201.45454545454547,30.63548219884951,189,398,6338.795454545455,0.4080324573583201,6338,6339,44
regional_netcdf_parallel_intel,hera,intel,296.4,2.880972058177592,292,300,1217.6,4.505552130427555,1212,1223,5
regional_netcdf_parallel_intel,hercules,intel,296.0425531914894,69.12432323650421,250,687,26708.978723404256,174875.68032493323,1175,1200088,47
regional_netcdf_parallel_intel,orion,intel,393.69565217391306,35.705505062769255,365,475,24453.804347826088,158503.68416112527,1072,1076108,46
regional_netcdf_parallel_intel,ursa,intel,208.34,5.568167543808129,201,226,1718.86,8.903129465851658,1693,1733,50
regional_netcdf_parallel_intel,wcoss2,intel,327.0408163265306,13.21608739326412,310,376,906.4285714285714,13.42416974465578,872,921,49
