test_name,machine,compiler,core_mean,core_std,core_min,core_max,mem_mean,mem_std,mem_min,mem_max,n_hashes
regional_control_intel,acorn,intel,305.40909090909093,6.5674255400500146,294,320,879.9772727272727,4.217839391583321,870,888,44
regional_control_intel,derecho,intel,280.20454545454544,17.942517447301647,261,317,852.8636363636364,4.537138269729831,842,857,44
regional_control_intel,gaeac6,intel,201.37209302325581,27.81402802613745,189,377,6338.860465116279,0.6008484219293962,6337,6341,43
regional_control_intel,hera,intel,295.5,6.363961030678928,291,300,1221.0,8.48528137423857,1215,1227,2
regional_control_intel,hercules,intel,302.9130434782609,48.32520671310919,254,448,27257.456521739132,176717.7591609736,1188,1199760,46
regional_control_intel,orion,intel,408.6,38.710698544694104,367,469,25157.577777777777,161494.280704737,1063,1084420,45
regional_control_intel,ursa,intel,210.4,5.999999999999998,201,236,1715.92,8.740802746490939,1692,1732,50
regional_control_intel,wcoss2,intel,324.1875,11.1463308532163,311,357,909.2708333333334,11.050636995856161,873,925,48
