test_name,machine,compiler,core_mean,core_std,core_min,core_max,mem_mean,mem_std,mem_min,mem_max,n_hashes
regional_netcdf_parallel_intel,derecho,intel,284.75,23.88648055885112,263,382,851.7954545454545,5.437080036514752,836,860,44
regional_netcdf_parallel_intel,gaeac6,intel,202.37209302325581,30.82749488286464,189,398,6338.7441860465115,0.44148144844894005,6338,6339,43
regional_netcdf_parallel_intel,hercules,intel,298.2173913043478,69.6683932939076,250,687,27265.804347826088,176765.93676241528,1175,1200088,46
regional_netcdf_parallel_intel,orion,intel,396.8888888888889,35.27181608736655,365,475,24972.6,160255.24158686236,1064,1076108,45
regional_netcdf_parallel_intel,ursa,intel,209.26,5.248167804684071,201,226,1720.12,9.208780193546826,1693,1733,50
regional_netcdf_parallel_intel,wcoss2,intel,328.375,12.990381056766559,310,376,911.7291666666666,3.140264139407422,907,921,48
