test_name,machine,compiler,core_mean,core_std,core_min,core_max,mem_mean,mem_std,mem_min,mem_max,n_hashes
regional_debug_gnu,derecho,gnu,476.8863636363636,20.185437888448543,449,523,781.2045454545455,9.534709042900547,766,796,44
regional_debug_gnu,hercules,gnu,451.54347826086956,42.315590256357765,384,583,19861.152173913044,128756.78533748424,846,874148,46
regional_debug_gnu,ursa,gnu,343.22,6.227948854861898,335,375,772.08,7.1022847717894155,748,784,50
