test_name,machine,compiler,core_mean,core_std,core_min,core_max,mem_mean,mem_std,mem_min,mem_max,n_hashes
regional_2dwrtdecomp_intel,acorn,intel,306.47727272727275,8.846201750596782,291,331,880.7727272727273,4.1364159093414345,872,890,44
regional_2dwrtdecomp_intel,derecho,intel,279.0,16.87574287770523,265,318,852.0227272727273,5.840868987448799,832,859,44
regional_2dwrtdecomp_intel,gaeac6,intel,196.7674418604651,4.173825522298099,187,207,6338.953488372093,0.5754289651289192,6338,6342,43
regional_2dwrtdecomp_intel,hera,intel,290.3333333333333,3.5118845842842394,287,294,1222.3333333333333,2.3094010767584865,1221,1225,3
regional_2dwrtdecomp_intel,hercules,intel,287.8478260869565,36.160117619833485,251,390,27295.17391304348,176973.72169754526,1179,1201496,46
regional_2dwrtdecomp_intel,orion,intel,400.93333333333334,41.2020520230375,366,499,25191.844444444443,161709.20744390023,1072,1085864,45
regional_2dwrtdecomp_intel,ursa,intel,209.54,6.937652370086252,202,238,1714.58,8.08397255344789,1693,1729,50
regional_2dwrtdecomp_intel,wcoss2,intel,324.0625,10.869450161278193,307,363,908.2916666666666,11.767170945335097,873,919,48
