test_name,machine,compiler,core_mean,core_std,core_min,core_max,mem_mean,mem_std,mem_min,mem_max,n_hashes
regional_spp_sppt_shum_skeb_dyn32_phy32_intel,acorn,intel,239.11363636363637,7.240762869647142,225,256,1030.8863636363637,5.702777410198904,1018,1044,44
regional_spp_sppt_shum_skeb_dyn32_phy32_intel,derecho,intel,213.04545454545453,6.73745016102564,205,251,1039.0,4.286267959805581,1030,1051,44
regional_spp_sppt_shum_skeb_dyn32_phy32_intel,gaeac6,intel,155.4418604651163,2.363435006020994,152,164,6338.697674418605,0.8028189537034606,6338,6342,43
regional_spp_sppt_shum_skeb_dyn32_phy32_intel,hera,intel,216.5,1.2909944487358074,215,218,1183.75,2.217355782608345,1181,1186,4
regional_spp_sppt_shum_skeb_dyn32_phy32_intel,hercules,intel,191.7826086956522,34.3743528705007,177,408,29921.239130434784,194058.85335996907,1293,1317480,46
regional_spp_sppt_shum_skeb_dyn32_phy32_intel,orion,intel,304.15555555555557,5.058546124025066,297,317,28869.17777777778,185504.83554997217,1168,1245620,45
regional_spp_sppt_shum_skeb_dyn32_phy32_intel,ursa,intel,153.98,7.983375583942279,148,195,1487.56,10.120014519631447,1463,1510,50
regional_spp_sppt_shum_skeb_dyn32_phy32_intel,wcoss2,intel,237.97916666666666,10.442323014017424,228,277,949.5625,31.371423675126042,933,1033,48
