test_name,machine,compiler,core_mean,core_std,core_min,core_max,mem_mean,mem_std,mem_min,mem_max,n_hashes
regional_spp_sppt_shum_skeb_dyn32_phy32_intel,acorn,intel,239.6818181818182,7.36039915270248,225,256,1031.3636363636363,5.32694296506593,1018,1044,44
regional_spp_sppt_shum_skeb_dyn32_phy32_intel,derecho,intel,222.54545454545453,61.67561598205022,205,620,1038.8636363636363,4.273177071371922,1030,1051,44
regional_spp_sppt_shum_skeb_dyn32_phy32_intel,gaeac6,intel,155.34883720930233,2.39924314385691,152,164,6338.697674418605,0.8028189537031489,6338,6342,43
regional_spp_sppt_shum_skeb_dyn32_phy32_intel,hera,intel,217.0,,217,217,1181.0,,1181,1181,1
regional_spp_sppt_shum_skeb_dyn32_phy32_intel,hercules,intel,191.02173913043478,34.52180575323035,177,408,29922.5,194058.66335755854,1293,1317480,46
regional_spp_sppt_shum_skeb_dyn32_phy32_intel,orion,intel,304.31111111111113,5.0263949769836636,297,317,28864.68888888889,185505.52006058057,1168,1245620,45
regional_spp_sppt_shum_skeb_dyn32_phy32_intel,ursa,intel,153.36,5.325180843915829,148,169,1487.8,10.216033816446357,1463,1510,50
regional_spp_sppt_shum_skeb_dyn32_phy32_intel,wcoss2,intel,237.91666666666666,10.350934449199801,228,277,943.6875,22.978395264599538,933,1033,48
