test_name,machine,compiler,core_mean,core_std,core_min,core_max,mem_mean,mem_std,mem_min,mem_max,n_hashes
regional_spp_sppt_shum_skeb_dyn32_phy32_intel,acorn,intel,239.83333333333334,7.48304316166554,225,256,1031.4285714285713,5.4061521284770375,1018,1044,42
regional_spp_sppt_shum_skeb_dyn32_phy32_intel,derecho,intel,221.75,61.51502936038722,206,620,1038.5227272727273,3.854858826864183,1030,1050,44
regional_spp_sppt_shum_skeb_dyn32_phy32_intel,gaeac6,intel,155.37209302325581,2.3606219500675345,152,164,6338.813953488372,0.9323757150290696,6338,6342,43
regional_spp_sppt_shum_skeb_dyn32_phy32_intel,hercules,intel,190.6304347826087,34.442453581236805,177,408,29923.043478260868,194058.58145690113,1293,1317480,46
regional_spp_sppt_shum_skeb_dyn32_phy32_intel,orion,intel,304.4,5.038037135811756,297,317,28861.82222222222,185505.95707002963,1168,1245620,45
regional_spp_sppt_shum_skeb_dyn32_phy32_intel,ursa,intel,153.28,5.322420808739765,148,169,1488.34,10.247169843225887,1463,1510,50
regional_spp_sppt_shum_skeb_dyn32_phy32_intel,wcoss2,intel,238.47916666666666,11.364351847237101,228,277,939.6875,13.668034224952336,932,1030,48
