test_name,machine,compiler,core_mean,core_std,core_min,core_max,mem_mean,mem_std,mem_min,mem_max,n_hashes
regional_netcdf_parallel_intel,derecho,intel,281.8181818181818,23.34899303368576,263,382,851.5227272727273,5.3504559091275565,836,858,44
regional_netcdf_parallel_intel,gaeac6,intel,201.97674418604652,30.900368600123166,189,398,6338.767441860465,0.42746257437551166,6338,6339,43
regional_netcdf_parallel_intel,hera,intel,292.0,,292,292,1212.0,,1212,1212,1
regional_netcdf_parallel_intel,hercules,intel,296.45652173913044,69.66513762970818,250,687,27264.717391304348,176766.10055483712,1175,1200088,46
regional_netcdf_parallel_intel,orion,intel,395.1777777777778,35.53058150695287,365,475,24973.244444444445,160255.14330934276,1068,1076108,45
regional_netcdf_parallel_intel,ursa,intel,208.7,5.346179257475496,201,226,1719.88,9.081580371324037,1693,1733,50
regional_netcdf_parallel_intel,wcoss2,intel,327.625,13.107777454138967,310,376,909.4166666666666,9.725669770368949,872,921,48
