test_name,machine,compiler,core_mean,core_std,core_min,core_max,mem_mean,mem_std,mem_min,mem_max,n_hashes
regional_netcdf_parallel_intel,derecho,intel,278.22727272727275,17.051036436293188,263,319,850.9318181818181,5.487396668615426,836,858,44
regional_netcdf_parallel_intel,gaeac6,intel,201.72093023255815,30.95567151773749,189,398,6338.790697674419,0.41162509149326165,6338,6339,43
regional_netcdf_parallel_intel,hera,intel,296.3333333333333,4.041451884327387,292,300,1215.3333333333333,4.163331998932297,1212,1220,3
regional_netcdf_parallel_intel,hercules,intel,297.04347826086956,69.55252420429044,250,687,27264.152173913044,176766.18573320302,1175,1200088,46
regional_netcdf_parallel_intel,orion,intel,393.8666666666667,35.69288189796135,365,475,24973.48888888889,160255.10602298257,1072,1076108,45
regional_netcdf_parallel_intel,ursa,intel,208.52,5.474393079770275,201,226,1719.48,8.820754745809129,1693,1733,50
regional_netcdf_parallel_intel,wcoss2,intel,327.3958333333333,13.224316067796956,310,376,907.9166666666666,11.88747478388859,872,921,48
