test_name,machine,compiler,core_mean,core_std,core_min,core_max,mem_mean,mem_std,mem_min,mem_max,n_hashes
regional_debug_gnu,derecho,gnu,474.6136363636364,20.20616519903616,449,523,781.2272727272727,9.498748109346765,766,796,44
regional_debug_gnu,hera,gnu,505.0,10.14889156509222,496,516,878.6666666666666,3.785938897200176,876,883,3
regional_debug_gnu,hercules,gnu,447.9130434782609,44.53304694865828,384,583,19863.760869565216,128756.39199445765,846,874148,46
regional_debug_gnu,ursa,gnu,343.18,6.258675611354465,335,375,772.4,7.35124590301063,748,784,50
