test_name,machine,compiler,core_mean,core_std,core_min,core_max,mem_mean,mem_std,mem_min,mem_max,n_hashes
regional_atmaq_canopy_intel,acorn,intel,1213.0454545454545,81.04289835764268,1055,1292,2453.2727272727275,5.903738021081458,2442,2472,44
regional_atmaq_canopy_intel,derecho,intel,1172.7954545454545,118.03184031309321,950,1504,2916.0454545454545,24.999492595273665,2834,2927,44
regional_atmaq_canopy_intel,gaeac6,intel,939.0232558139535,39.48507154433911,852,1002,6338.558139534884,0.6655583256396599,6338,6340,43
regional_atmaq_canopy_intel,hera,intel,958.0,,958,958,2925.0,,2925,2925,1
regional_atmaq_canopy_intel,hercules,intel,977.5,79.1568765876415,851,1291,66868.39130434782,433543.95689728466,2939,2943384,46
regional_atmaq_canopy_intel,orion,intel,1395.2888888888888,67.69135241608929,1260,1638,67709.6888888889,434640.7409171825,2902,2918576,45
regional_atmaq_canopy_intel,ursa,intel,873.44,84.11342196761483,742,1111,2877.14,1.6538143912834458,2873,2881,50
regional_atmaq_canopy_intel,wcoss2,intel,1279.0625,87.32097948057387,1086,1494,2379.5,16.664397008580224,2346,2438,48
