test_name,machine,compiler,core_mean,core_std,core_min,core_max,mem_mean,mem_std,mem_min,mem_max,n_hashes
regional_2dwrtdecomp_intel,acorn,intel,307.0487804878049,9.035903993270935,291,331,881.3414634146342,4.408002700189532,872,890,41
regional_2dwrtdecomp_intel,derecho,intel,286.04545454545456,27.480186981401175,265,419,851.4545454545455,6.07493724899947,832,859,44
regional_2dwrtdecomp_intel,gaeac6,intel,197.2325581395349,4.252938532033312,187,207,6338.837209302325,0.37354368381887953,6338,6339,43
regional_2dwrtdecomp_intel,hercules,intel,288.80434782608694,36.35052777560756,251,390,27296.847826086956,176973.46939545826,1189,1201496,46
regional_2dwrtdecomp_intel,orion,intel,400.55555555555554,40.942063031221636,366,499,25191.577777777777,161709.24809873608,1072,1085864,45
regional_2dwrtdecomp_intel,ursa,intel,210.0,6.794355400339485,202,238,1714.9,8.189714804034972,1693,1729,50
regional_2dwrtdecomp_intel,wcoss2,intel,325.1666666666667,11.120870418508082,307,363,912.2291666666666,2.5284726138254485,907,922,48
