test_name,machine,compiler,core_mean,core_std,core_min,core_max,mem_mean,mem_std,mem_min,mem_max,n_hashes
regional_atmaq_debug_intel,acorn,intel,2454.4772727272725,31.175787143501672,2411,2525,1929.1818181818182,50.180267004245216,1864,1988,44
regional_atmaq_debug_intel,derecho,intel,2081.090909090909,26.76670804599368,2047,2122,2934.340909090909,13.692542838599781,2847,2939,44
regional_atmaq_debug_intel,gaeac6,intel,1580.139534883721,52.39119400531272,1536,1788,6338.697674418605,0.6375131640444954,6338,6340,43
regional_atmaq_debug_intel,hera,intel,2375.0,,2375,2375,2935.0,,2935,2935,1
regional_atmaq_debug_intel,hercules,intel,1948.2608695652175,85.65834843729368,1872,2379,67142.78260869565,435329.3086074757,2951,2955504,46
regional_atmaq_debug_intel,orion,intel,2432.1555555555556,37.800285926982426,2342,2550,67953.13333333333,436185.54202721204,2920,2928952,45
regional_atmaq_debug_intel,ursa,intel,1658.48,21.70228991961685,1619,1744,2891.44,1.774651446087873,2888,2894,50
regional_atmaq_debug_intel,wcoss2,intel,2474.4583333333335,29.74212453123036,2432,2586,1861.0208333333333,45.58858086926768,1770,1904,48
