test_name,machine,compiler,core_mean,core_std,core_min,core_max,mem_mean,mem_std,mem_min,mem_max,n_hashes
regional_debug_intel,acorn,intel,1124.0227272727273,20.221435364556996,1100,1179,942.0681818181819,11.048303515509748,926,965,44
regional_debug_intel,derecho,intel,988.3181818181819,16.407276785044377,965,1034,890.3863636363636,5.795812077020388,879,900,44
regional_debug_intel,gaeac6,intel,696.4651162790698,8.299021276802721,682,715,6338.906976744186,0.36605707910179097,6337,6339,43
regional_debug_intel,hera,intel,1070.0,18.520259177452136,1052,1089,1209.6666666666667,0.5773502691896093,1209,1210,3
regional_debug_intel,hercules,intel,979.6521739130435,78.97037908574875,865,1161,26466.130434782608,171625.7859063801,1133,1165184,46
regional_debug_intel,orion,intel,1088.911111111111,43.38193079142409,1017,1223,25268.977777777778,162166.41247853573,1078,1088940,45
regional_debug_intel,ursa,intel,735.46,12.149090836900662,715,780,1626.44,8.62166232373374,1608,1645,50
regional_debug_intel,wcoss2,intel,1131.9166666666667,8.763641847982896,1118,1155,970.7291666666666,15.054142828871292,930,995,48
