test_name,machine,compiler,core_mean,core_std,core_min,core_max,mem_mean,mem_std,mem_min,mem_max,n_hashes
regional_netcdf_parallel_intel,derecho,intel,282.6136363636364,23.324022858059887,263,382,851.9090909090909,5.334478383070856,836,860,44
regional_netcdf_parallel_intel,gaeac6,intel,202.09302325581396,30.87132584923949,189,398,6338.7441860465115,0.4414814484488791,6338,6339,43
regional_netcdf_parallel_intel,hercules,intel,296.9782608695652,69.82788017863314,250,687,27265.130434782608,176766.03830708718,1175,1200088,46
regional_netcdf_parallel_intel,orion,intel,395.3777777777778,35.38187060737134,365,475,24973.11111111111,160255.1636378716,1068,1076108,45
regional_netcdf_parallel_intel,ursa,intel,208.96,5.379325502062771,201,226,1719.98,9.155103405606612,1693,1733,50
regional_netcdf_parallel_intel,wcoss2,intel,327.9791666666667,12.988521255214652,310,376,910.1875,8.01237407376064,874,921,48
