test_name,machine,compiler,core_mean,core_std,core_min,core_max,mem_mean,mem_std,mem_min,mem_max,n_hashes
regional_spp_sppt_shum_skeb_intel,acorn,intel,257.65909090909093,9.53071700325815,244,281,1183.9318181818182,5.674904885065963,1172,1196,44
regional_spp_sppt_shum_skeb_intel,derecho,intel,227.0909090909091,4.439873148293617,219,239,1147.7954545454545,3.061991641373177,1144,1159,44
regional_spp_sppt_shum_skeb_intel,gaeac6,intel,166.48837209302326,3.41127048684808,161,180,6338.627906976744,0.5355573782764698,6338,6340,43
regional_spp_sppt_shum_skeb_intel,hera,intel,228.5,0.7071067811865476,228,229,1307.5,0.7071067811865476,1307,1308,2
regional_spp_sppt_shum_skeb_intel,hercules,intel,203.2391304347826,41.01120973187084,187,464,32814.934782608696,212815.20682804205,1418,1444820,46
regional_spp_sppt_shum_skeb_intel,orion,intel,321.64444444444445,4.3856975995094825,315,329,31608.911111111112,203088.29680537997,1304,1363692,45
regional_spp_sppt_shum_skeb_intel,ursa,intel,165.54,5.732862660635985,157,187,1607.24,13.376128600104341,1570,1625,50
regional_spp_sppt_shum_skeb_intel,wcoss2,intel,257.4166666666667,9.047941656915691,247,294,1083.6875,31.992124197031632,1066,1195,48
