test_name,machine,compiler,core_mean,core_std,core_min,core_max,mem_mean,mem_std,mem_min,mem_max,n_hashes
regional_spp_sppt_shum_skeb_dyn32_phy32_intel,acorn,intel,239.22727272727272,7.451747528346338,225,256,1031.1363636363637,5.3812374693840646,1018,1044,44
regional_spp_sppt_shum_skeb_dyn32_phy32_intel,derecho,intel,213.22727272727272,6.705997441941946,205,251,1038.9772727272727,4.288918313046172,1030,1051,44
regional_spp_sppt_shum_skeb_dyn32_phy32_intel,gaeac6,intel,155.32558139534885,2.417406424372614,152,164,6338.674418604651,0.8083177779325149,6338,6342,43
regional_spp_sppt_shum_skeb_dyn32_phy32_intel,hera,intel,216.0,1.4142135623730951,215,217,1183.0,2.8284271247461903,1181,1185,2
regional_spp_sppt_shum_skeb_dyn32_phy32_intel,hercules,intel,191.2173913043478,34.48343437618723,177,408,29922.195652173912,194058.70922511164,1293,1317480,46
regional_spp_sppt_shum_skeb_dyn32_phy32_intel,orion,intel,304.26666666666665,5.047051344371994,297,317,28866.31111111111,185505.2727067129,1168,1245620,45
regional_spp_sppt_shum_skeb_dyn32_phy32_intel,ursa,intel,153.18,5.317241881322472,148,169,1487.6,10.109603435973774,1463,1510,50
regional_spp_sppt_shum_skeb_dyn32_phy32_intel,wcoss2,intel,237.75,10.381038360723291,228,277,945.6875,26.16328127804381,933,1033,48
