test_name,machine,compiler,core_mean,core_std,core_min,core_max,mem_mean,mem_std,mem_min,mem_max,n_hashes
regional_restart_intel,acorn,intel,172.28571428571428,6.259765889356167,162,191,883.2619047619048,3.895335070026931,878,893,42
regional_restart_intel,derecho,intel,165.61363636363637,16.565888051488837,149,196,860.6136363636364,4.194214781354823,851,872,44
regional_restart_intel,gaeac6,intel,112.16279069767442,4.839963757037369,105,127,6338.860465116279,0.3506046035636555,6338,6339,43
regional_restart_intel,hercules,intel,167.82608695652175,33.66323701859416,139,270,27041.739130434784,175287.70045086642,1178,1190056,46
regional_restart_intel,orion,intel,223.42222222222222,33.540673333682015,197,310,25433.955555555556,163245.67411516962,1092,1096184,45
regional_restart_intel,ursa,intel,121.08,5.3293182165321324,115,139,1682.56,9.723021282355752,1654,1700,50
regional_restart_intel,wcoss2,intel,188.04166666666666,9.155763986931792,176,228,909.4166666666666,4.041451884327376,889,919,48
