test_name,machine,compiler,core_mean,core_std,core_min,core_max,mem_mean,mem_std,mem_min,mem_max,n_hashes
regional_debug_intel,acorn,intel,1123.9555555555555,20.501613634447445,1100,1179,942.1111111111111,11.205157542647731,926,965,45
regional_debug_intel,derecho,intel,987.0666666666667,16.33234381665575,965,1034,889.9111111111112,6.089567167116926,879,900,45
regional_debug_intel,gaeac6,intel,696.5,8.239157780394374,682,715,6338.886363636364,0.38675207435654685,6337,6339,44
regional_debug_intel,hera,intel,1069.8,15.417522498767427,1052,1089,1211.2,3.8340579025361503,1209,1218,5
regional_debug_intel,hercules,intel,978.1063829787234,78.5134256153057,865,1161,25927.297872340427,169790.227540379,1133,1165184,47
regional_debug_intel,orion,intel,1087.304347826087,42.9965732821775,1017,1223,24742.847826086956,160394.13929650054,1078,1088940,46
regional_debug_intel,ursa,intel,734.76,11.71874479591719,715,780,1626.42,8.540635162538651,1608,1645,50
regional_debug_intel,wcoss2,intel,1132.1836734693877,8.847488978489295,1118,1155,969.0408163265306,16.64952349627637,930,995,49
