test_name,machine,compiler,core_mean,core_std,core_min,core_max,mem_mean,mem_std,mem_min,mem_max,n_hashes
regional_atmaq_intel,acorn,intel,941.1136363636364,52.771211279993615,876,1016,2401.4772727272725,5.055453589309155,2391,2411,44
regional_atmaq_intel,derecho,intel,932.9090909090909,99.4839751456597,788,1195,2920.340909090909,18.668395356881774,2836,2926,44
regional_atmaq_intel,gaeac6,intel,783.4418604651163,24.19199230518956,749,840,6338.697674418605,0.5578395280831202,6338,6340,43
regional_atmaq_intel,hera,intel,787.25,7.365459931328117,780,795,2929.0,2.94392028877591,2926,2933,4
regional_atmaq_intel,hercules,intel,774.3478260869565,121.57836382648291,689,1513,66980.23913043478,434307.8209046454,2940,2948564,46
regional_atmaq_intel,orion,intel,1117.6444444444444,37.6823780587374,1046,1193,65722.57777777778,421334.578352929,2832,2829312,45
regional_atmaq_intel,ursa,intel,681.86,47.713862273570186,615,804,2876.9,1.5419309389231675,2872,2880,50
regional_atmaq_intel,wcoss2,intel,1010.4166666666666,75.4703924850267,912,1269,2331.875,21.40354414875373,2297,2391,48
