test_name,machine,compiler,core_mean,core_std,core_min,core_max,mem_mean,mem_std,mem_min,mem_max,n_hashes
regional_2threads_intel,acorn,intel,189.8181818181818,6.686580546739401,176,208,997.8863636363636,6.520864221119378,987,1013,44
regional_2threads_intel,gaeac6,intel,157.0,6.654751256486922,152,195,6338.767441860465,0.5272213460491415,6338,6340,43
regional_2threads_intel,hera,intel,285.0,2.8284271247461903,283,287,1079.5,4.949747468305833,1076,1083,2
regional_2threads_intel,hercules,intel,280.80434782608694,56.313258579018864,254,610,24761.82608695652,160457.5953614197,1083,1089380,46
regional_2threads_intel,orion,intel,278.5111111111111,40.58527622752672,248,419,24449.62222222222,157041.24623910533,1028,1054504,45
regional_2threads_intel,ursa,intel,127.16,3.4485134330547598,122,136,1568.82,4.383130928308442,1560,1575,50
regional_2threads_intel,wcoss2,intel,203.47916666666666,11.803334515032558,189,251,925.2291666666666,22.423619370515514,913,1004,48
