test_name,machine,compiler,core_mean,core_std,core_min,core_max,mem_mean,mem_std,mem_min,mem_max,n_hashes
regional_restart_intel,acorn,intel,172.45454545454547,6.270842625233402,162,191,883.2727272727273,3.9553533718219174,878,893,44
regional_restart_intel,derecho,intel,162.38636363636363,15.444146793859304,149,196,861.4318181818181,4.437670283782708,851,872,44
regional_restart_intel,gaeac6,intel,112.02325581395348,4.925581290776627,105,127,6338.790697674419,0.46589082794789316,6337,6339,43
regional_restart_intel,hera,intel,165.0,6.082762530298219,161,172,1235.0,2.6457513110645907,1232,1237,3
regional_restart_intel,hercules,intel,167.2391304347826,33.45722627980634,139,270,27039.195652173912,175288.08371460577,1178,1190056,46
regional_restart_intel,orion,intel,223.17777777777778,33.71355870275401,197,310,25434.31111111111,163245.61990529683,1092,1096184,45
regional_restart_intel,ursa,intel,120.58,5.107377616982026,115,139,1682.86,9.426428327866677,1654,1700,50
regional_restart_intel,wcoss2,intel,187.0625,9.427001170246543,170,228,907.0625,8.93333763363928,877,919,48
