test_name,machine,compiler,core_mean,core_std,core_min,core_max,mem_mean,mem_std,mem_min,mem_max,n_hashes
regional_debug_intel,acorn,intel,1125.0227272727273,19.940013104849434,1100,1179,942.3863636363636,10.8889017728227,926,965,44
regional_debug_intel,derecho,intel,1002.5,87.24531039572571,965,1558,889.8863636363636,6.4635504286547665,871,900,44
regional_debug_intel,gaeac6,intel,696.6976744186046,8.316749833693143,682,715,6338.906976744186,0.3660570791019547,6337,6339,43
regional_debug_intel,hera,intel,1089.0,,1089,1089,1210.0,,1210,1210,1
regional_debug_intel,hercules,intel,984.304347826087,75.19481943302488,868,1161,26467.021739130436,171625.65160714556,1133,1165184,46
regional_debug_intel,orion,intel,1090.2666666666667,42.080226407963345,1022,1223,25269.333333333332,162166.35828188623,1078,1088940,45
regional_debug_intel,ursa,intel,736.32,12.493982224924677,715,780,1626.44,8.442264905503368,1608,1645,50
regional_debug_intel,wcoss2,intel,1132.375,8.92432725875042,1118,1155,972.5,12.389082359163135,931,995,48
