test_name,machine,compiler,core_mean,core_std,core_min,core_max,mem_mean,mem_std,mem_min,mem_max,n_hashes
regional_debug_gnu,derecho,gnu,475.59090909090907,20.422648373709894,449,523,780.9772727272727,9.727660481098061,766,796,44
regional_debug_gnu,hera,gnu,499.5,4.949747468305833,496,503,879.5,4.949747468305833,876,883,2
regional_debug_gnu,hercules,gnu,448.5652173913044,43.86578123418097,384,583,19863.434782608696,128756.44112883176,846,874148,46
regional_debug_gnu,ursa,gnu,343.12,6.2552508555057935,335,375,772.34,7.2916222544808775,748,784,50
