test_name,machine,compiler,core_mean,core_std,core_min,core_max,mem_mean,mem_std,mem_min,mem_max,n_hashes
regional_wofs_intel,acorn,intel,437.1707317073171,29.313736062658737,388,490,1607.121951219512,2.293415814360971,1601,1614,41
regional_wofs_intel,derecho,intel,376.75,40.78082369687192,353,633,1576.2045454545455,1.3043673589860758,1574,1579,44
regional_wofs_intel,gaeac6,intel,263.7674418604651,8.507243998085846,251,280,6338.674418604651,0.47413732351561894,6338,6339,43
regional_wofs_intel,hercules,intel,355.7826086956522,27.310488862932637,324,429,47525.913043478264,308158.03977200657,2065,2092120,46
regional_wofs_intel,orion,intel,469.46666666666664,9.036793477978563,454,486,44079.444444444445,282939.3200134291,1892,1899916,45
regional_wofs_intel,ursa,intel,278.88,24.66728809660311,255,370,2634.46,14.467712116210642,2609,2671,50
regional_wofs_intel,wcoss2,intel,440.0208333333333,24.069482384744003,398,488,1640.0208333333333,2.6536974072184676,1636,1648,48
