test_name,machine,compiler,core_mean,core_std,core_min,core_max,mem_mean,mem_std,mem_min,mem_max,n_hashes
regional_spp_sppt_shum_skeb_intel,acorn,intel,257.34090909090907,9.459689708806058,244,281,1184.409090909091,5.571180751715713,1172,1196,44
regional_spp_sppt_shum_skeb_intel,derecho,intel,226.8181818181818,4.499471427730578,219,239,1147.6363636363637,3.111052383753917,1144,1159,44
regional_spp_sppt_shum_skeb_intel,gaeac6,intel,166.48837209302326,3.4182430255995224,161,180,6338.581395348837,0.5447829685618445,6338,6340,43
regional_spp_sppt_shum_skeb_intel,hera,intel,227.25,1.499999999999996,226,229,1310.75,7.544313531837517,1306,1322,4
regional_spp_sppt_shum_skeb_intel,hercules,intel,202.95652173913044,41.111748265071725,185,464,32814.717391304344,212815.2395803211,1418,1444820,46
regional_spp_sppt_shum_skeb_intel,orion,intel,321.31111111111113,4.511713150850314,315,329,31610.71111111111,203088.02239094418,1304,1363692,45
regional_spp_sppt_shum_skeb_intel,ursa,intel,165.24,5.7978180272884705,157,187,1607.32,13.459599411815018,1570,1625,50
regional_spp_sppt_shum_skeb_intel,wcoss2,intel,257.7916666666667,9.227522046604257,247,294,1088.3958333333333,38.02280367477895,1066,1195,48
