test_name,machine,compiler,core_mean,core_std,core_min,core_max,mem_mean,mem_std,mem_min,mem_max,n_hashes
regional_control_intel,acorn,intel,305.22222222222223,6.62944152621436,294,320,879.6444444444444,4.101859642314989,870,888,45
regional_control_intel,derecho,intel,278.0888888888889,16.538965316408856,261,317,852.6444444444444,4.758511778217467,842,857,45
regional_control_intel,gaeac6,intel,200.79545454545453,27.593038846996166,189,377,6338.863636363636,0.594193183326827,6337,6341,44
regional_control_intel,hera,intel,295.4,3.361547262794321,291,300,1220.6,4.505552130427528,1215,1227,5
regional_control_intel,hercules,intel,302.6170212765957,48.61675913916096,253,448,26702.63829787234,174827.74140383533,1188,1199760,47
regional_control_intel,orion,intel,406.2608695652174,38.44848489002088,367,469,24633.934782608696,159729.30690993744,1063,1084420,46
regional_control_intel,ursa,intel,209.7,5.942754119986142,201,236,1715.8,8.569047288267848,1692,1732,50
regional_control_intel,wcoss2,intel,323.8979591836735,11.02127657828103,311,357,906.8571428571429,13.50154312168299,873,925,49
