test_name,machine,compiler,core_mean,core_std,core_min,core_max,mem_mean,mem_std,mem_min,mem_max,n_hashes
regional_debug_intel,acorn,intel,1124.2727272727273,20.626652025579794,1100,1179,941.8863636363636,11.231632880708789,926,965,44
regional_debug_intel,derecho,intel,987.3636363636364,16.397803183964648,965,1034,890.1590909090909,5.925676025875568,879,900,44
regional_debug_intel,gaeac6,intel,696.5581395348837,8.327528432229508,682,715,6338.906976744186,0.36605707910192675,6337,6339,43
regional_debug_intel,hera,intel,1072.75,16.09088769044973,1052,1089,1209.5,0.5773502691896257,1209,1210,4
regional_debug_intel,hercules,intel,978.7826086956521,79.24250067383967,865,1161,26465.652173913044,171625.85796645202,1133,1165184,46
regional_debug_intel,orion,intel,1087.1333333333334,43.466601598761464,1017,1223,25268.48888888889,162166.48701532607,1078,1088940,45
regional_debug_intel,ursa,intel,735.18,12.062236567917559,715,780,1626.72,8.502196594926229,1608,1645,50
regional_debug_intel,wcoss2,intel,1132.0208333333333,8.8665990105668,1118,1155,969.7916666666666,15.96533256689722,930,995,48
