test_name,machine,compiler,core_mean,core_std,core_min,core_max,mem_mean,mem_std,mem_min,mem_max,n_hashes
regional_atmaq_intel,acorn,intel,949.3953488372093,53.47724907217827,876,1016,2402.046511627907,5.313744479994371,2391,2411,43
regional_atmaq_intel,derecho,intel,937.6590909090909,96.43335888649258,788,1195,2919.931818181818,18.64527838139352,2836,2926,44
regional_atmaq_intel,gaeac6,intel,784.1860465116279,22.153421550151904,749,815,6338.6511627906975,0.5725349201341996,6338,6340,43
regional_atmaq_intel,hercules,intel,783.5652173913044,119.241613201267,698,1513,66980.80434782608,434307.73571822804,2940,2948564,46
regional_atmaq_intel,orion,intel,1125.6222222222223,36.15892250562336,1046,1193,65723.44444444444,421334.4462255692,2832,2829312,45
regional_atmaq_intel,ursa,intel,688.0,44.72044685987536,620,804,2876.98,1.5049577931568958,2872,2880,50
regional_atmaq_intel,wcoss2,intel,1018.9375,70.58913370960394,925,1269,2326.7083333333335,13.406823180806835,2297,2389,48
