test_name,machine,compiler,core_mean,core_std,core_min,core_max,mem_mean,mem_std,mem_min,mem_max,n_hashes
regional_2threads_intel,acorn,intel,190.1590909090909,6.4373300178711625,176,208,997.5909090909091,6.641372027687358,987,1013,44
regional_2threads_intel,gaeac6,intel,156.88372093023256,6.7018451699640496,152,195,6338.767441860465,0.5272213460490554,6338,6340,43
regional_2threads_intel,hera,intel,286.5,2.886751345948134,283,290,1085.75,10.1447851956888,1076,1100,4
regional_2threads_intel,hercules,intel,280.30434782608694,56.46153836028258,254,610,24760.521739130436,160457.79191062317,1083,1089380,46
regional_2threads_intel,orion,intel,279.4888888888889,40.756272368480126,248,419,24449.244444444445,157041.30385320977,1025,1054504,45
regional_2threads_intel,ursa,intel,127.22,3.518406411071546,122,136,1568.72,4.412597920518521,1560,1575,50
regional_2threads_intel,wcoss2,intel,203.125,11.849454606355721,189,251,928.6041666666666,27.00885558741508,913,1008,48
