test_name,machine,compiler,core_mean,core_std,core_min,core_max,mem_mean,mem_std,mem_min,mem_max,n_hashes
regional_2dwrtdecomp_intel,acorn,intel,306.86046511627904,8.903133197414093,291,331,881.2093023255813,4.506916058548693,872,890,43
regional_2dwrtdecomp_intel,derecho,intel,284.27272727272725,27.127917171493756,265,419,851.4772727272727,6.086541143102625,832,859,44
regional_2dwrtdecomp_intel,gaeac6,intel,197.09302325581396,4.00484203058279,187,207,6338.906976744186,0.6099942813304354,6338,6342,43
regional_2dwrtdecomp_intel,hercules,intel,287.9130434782609,36.6095470772047,251,390,27295.717391304348,176973.6397981554,1179,1201496,46
regional_2dwrtdecomp_intel,orion,intel,400.24444444444447,41.1776393179354,366,499,25191.8,161709.21421877775,1072,1085864,45
regional_2dwrtdecomp_intel,ursa,intel,209.84,6.822412045783295,202,238,1714.76,8.064940502329952,1693,1729,50
regional_2dwrtdecomp_intel,wcoss2,intel,324.5416666666667,10.686954332633857,307,363,910.8541666666666,7.822470587946659,875,922,48
