test_name,machine,compiler,core_mean,core_std,core_min,core_max,mem_mean,mem_std,mem_min,mem_max,n_hashes
regional_control_intel,acorn,intel,305.8292682926829,6.553252776386668,294,320,880.4878048780488,4.284401657288498,870,888,41
regional_control_intel,derecho,intel,292.77272727272725,63.927234665077535,261,689,852.3181818181819,5.921080696742449,828,858,44
regional_control_intel,gaeac6,intel,201.8139534883721,27.725916888916746,189,377,6338.860465116279,0.6008484219293834,6337,6341,43
regional_control_intel,hercules,intel,305.3695652173913,48.86141795170508,255,448,27258.82608695652,176717.55277495523,1188,1199760,46
regional_control_intel,orion,intel,413.26666666666665,39.24596099658479,367,487,25157.31111111111,161494.32135595108,1063,1084420,45
regional_control_intel,ursa,intel,210.92,5.95506986884765,201,236,1716.64,8.421934432886387,1692,1732,50
regional_control_intel,wcoss2,intel,325.5416666666667,13.916098642164021,311,384,912.2916666666666,2.931547651191376,908,925,48
