test_name,machine,compiler,core_mean,core_std,core_min,core_max,mem_mean,mem_std,mem_min,mem_max,n_hashes
regional_control_intel,acorn,intel,305.1136363636364,6.6480138985208255,294,320,879.7727272727273,4.085502652537428,870,888,44
regional_control_intel,derecho,intel,279.1818181818182,17.300722833766937,261,317,852.9318181818181,4.546389967173414,842,857,44
regional_control_intel,gaeac6,intel,201.11627906976744,27.877460858554993,189,377,6338.860465116279,0.600848421929371,6337,6341,43
regional_control_intel,hera,intel,296.0,4.58257569495584,291,300,1221.0,6.0,1215,1227,3
regional_control_intel,hercules,intel,302.80434782608694,48.42709047410798,254,448,27257.434782608696,176717.76243750338,1188,1199760,46
regional_control_intel,orion,intel,408.8222222222222,38.82963306600262,367,469,25157.68888888889,161494.2637676507,1063,1084420,45
regional_control_intel,ursa,intel,210.3,5.997448437052378,201,236,1715.98,8.688462910958627,1692,1732,50
regional_control_intel,wcoss2,intel,324.0416666666667,11.274068029290822,311,357,908.3125,11.968320328657695,873,925,48
