test_name,machine,compiler,core_mean,core_std,core_min,core_max,mem_mean,mem_std,mem_min,mem_max,n_hashes
regional_2threads_intel,acorn,intel,189.69767441860466,6.960893770339338,176,208,997.6976744186046,6.423672305735462,987,1013,43
regional_2threads_intel,gaeac6,intel,157.11627906976744,6.612431662534924,152,195,6338.720930232558,0.548833455324323,6338,6340,43
regional_2threads_intel,hercules,intel,283.2608695652174,57.10358415783982,254,610,24763.369565217392,160457.36287699037,1083,1089380,46
regional_2threads_intel,orion,intel,279.4222222222222,40.21843137446091,248,419,24449.155555555557,157041.31737813976,1028,1054504,45
regional_2threads_intel,ursa,intel,127.14,3.4464415247721156,122,136,1568.84,4.353558244442645,1560,1575,50
regional_2threads_intel,wcoss2,intel,203.45833333333334,11.835680518387328,189,251,922.0416666666666,16.305537935802263,913,1001,48
