test_name,machine,compiler,core_mean,core_std,core_min,core_max,mem_mean,mem_std,mem_min,mem_max,n_hashes
regional_atmaq_debug_intel,acorn,intel,2452.159090909091,30.788810397057624,2411,2525,1923.75,50.638309332885605,1862,1988,44
regional_atmaq_debug_intel,derecho,intel,2077.1363636363635,25.173436450918054,2047,2121,2934.4545454545455,13.720557561141048,2847,2939,44
regional_atmaq_debug_intel,gaeac6,intel,1579.6744186046512,52.313487712804424,1536,1788,6338.720930232558,0.666389754228241,6338,6340,43
regional_atmaq_debug_intel,hera,intel,2389.25,35.76194439158289,2357,2440,2936.25,1.8929694486000412,2935,2939,4
regional_atmaq_debug_intel,hercules,intel,1935.6739130434783,56.615292142210315,1872,2239,67142.76086956522,435329.31188403844,2951,2955504,46
regional_atmaq_debug_intel,orion,intel,2427.9333333333334,37.751219125407616,2342,2550,67952.8,436185.59284576226,2920,2928952,45
regional_atmaq_debug_intel,ursa,intel,1657.1,22.144469987344703,1619,1744,2891.38,1.71297568992837,2888,2894,50
regional_atmaq_debug_intel,wcoss2,intel,2471.7083333333335,30.895815549030438,2428,2586,1866.875,50.78851646046889,1770,1962,48
