test_name,machine,compiler,core_mean,core_std,core_min,core_max,mem_mean,mem_std,mem_min,mem_max,n_hashes
regional_atmaq_intel,acorn,intel,950.8809523809524,53.219839680857824,876,1016,2402.1190476190477,5.356565977456769,2391,2411,42
regional_atmaq_intel,derecho,intel,938.1818181818181,96.26447888131821,788,1195,2919.8636363636365,18.631794417434214,2836,2926,44
regional_atmaq_intel,gaeac6,intel,785.2790697674419,22.29277651680803,749,815,6338.697674418605,0.599002493075747,6338,6340,43
regional_atmaq_intel,hercules,intel,785.5652173913044,118.83689142385464,698,1513,66980.82608695653,434307.7324417333,2940,2948564,46
regional_atmaq_intel,orion,intel,1127.1555555555556,35.902618007576926,1046,1193,65723.6888888889,421334.4089564414,2832,2829312,45
regional_atmaq_intel,ursa,intel,689.26,43.639904038503516,620,804,2877.02,1.5049577931569644,2872,2880,50
regional_atmaq_intel,wcoss2,intel,1021.0625,69.84737350184605,925,1269,2325.7291666666665,11.277429130853285,2297,2389,48
