test_name,machine,compiler,core_mean,core_std,core_min,core_max,mem_mean,mem_std,mem_min,mem_max,n_hashes
regional_netcdf_parallel_intel,derecho,intel,279.1363636363636,17.65771576405699,263,319,851.2272727272727,5.39967111988867,836,858,44
regional_netcdf_parallel_intel,gaeac6,intel,201.86046511627907,30.928936516864432,189,398,6338.790697674419,0.41162509149328086,6338,6339,43
regional_netcdf_parallel_intel,hera,intel,294.5,3.5355339059327378,292,297,1213.0,1.4142135623730951,1212,1214,2
regional_netcdf_parallel_intel,hercules,intel,297.1304347826087,69.50383161161443,250,687,27264.282608695652,176766.16608146642,1175,1200088,46
regional_netcdf_parallel_intel,orion,intel,394.02222222222224,35.583760908650994,365,475,24973.577777777777,160255.09247155822,1072,1076108,45
regional_netcdf_parallel_intel,ursa,intel,208.56,5.455422316655352,201,226,1719.64,8.939159436354743,1693,1733,50
regional_netcdf_parallel_intel,wcoss2,intel,327.7083333333333,13.077442546082905,310,376,908.6041666666666,11.044859367131643,872,921,48
