test_name,machine,compiler,core_mean,core_std,core_min,core_max,mem_mean,mem_std,mem_min,mem_max,n_hashes
regional_2threads_intel,acorn,intel,190.15555555555557,6.363802306638676,176,208,997.6888888888889,6.598285666548079,987,1013,45
regional_2threads_intel,gaeac6,intel,156.79545454545453,6.64928583489722,152,195,6338.772727272727,0.522232967867095,6338,6340,44
regional_2threads_intel,hera,intel,286.8,2.5884358211089604,283,290,1083.6,10.014988766843414,1075,1100,5
regional_2threads_intel,hercules,intel,279.8723404255319,55.92293494711255,254,610,24256.893617021276,158741.65549972313,1083,1089380,47
regional_2threads_intel,orion,intel,279.30434782608694,40.32031170801986,248,419,23940.065217391304,155324.99294595935,1025,1054504,46
regional_2threads_intel,ursa,intel,127.14,3.5456786000276383,122,136,1568.62,4.485304803876103,1560,1575,50
regional_2threads_intel,wcoss2,intel,203.6122448979592,12.211361387608482,189,251,929.8979591836735,28.218821214719405,913,1008,49
