test_name,machine,compiler,core_mean,core_std,core_min,core_max,mem_mean,mem_std,mem_min,mem_max,n_hashes
regional_atmaq_intel,acorn,intel,952.3414634146342,53.02198117578099,876,1016,2402.170731707317,5.41249683152046,2391,2411,41
regional_atmaq_intel,derecho,intel,939.8636363636364,96.12094873891616,788,1195,2919.909090909091,18.642060697822977,2836,2926,44
regional_atmaq_intel,gaeac6,intel,786.5348837209302,22.698173659705716,749,820,6338.720930232558,0.5906244232184357,6338,6340,43
regional_atmaq_intel,hercules,intel,786.9347826086956,118.27301790047058,698,1513,66980.78260869565,434307.7389947728,2940,2948564,46
regional_atmaq_intel,orion,intel,1129.0666666666666,34.224127586994975,1046,1193,65723.6888888889,421334.4089564413,2832,2829312,45
regional_atmaq_intel,ursa,intel,691.16,42.75528849016873,620,804,2876.94,1.5038725521338019,2872,2880,50
regional_atmaq_intel,wcoss2,intel,1018.6041666666666,66.56519427337741,925,1269,2324.5,6.391483695495623,2297,2332,48
