test_name,machine,compiler,core_mean,core_std,core_min,core_max,mem_mean,mem_std,mem_min,mem_max,n_hashes
regional_atmaq_canopy_intel,acorn,intel,1198.6136363636363,86.6315952646447,1055,1292,2452.3863636363635,6.412980691773945,2435,2472,44
regional_atmaq_canopy_intel,derecho,intel,1167.0681818181818,119.29763399031488,950,1504,2916.2045454545455,25.0437566331453,2834,2927,44
regional_atmaq_canopy_intel,gaeac6,intel,931.8837209302326,44.19394986729119,852,1002,6338.581395348837,0.6630577845796545,6338,6340,43
regional_atmaq_canopy_intel,hera,intel,966.5,12.449899597988733,958,985,2924.5,4.509249752822861,2918,2928,4
regional_atmaq_canopy_intel,hercules,intel,968.7173913043479,84.37974033919603,851,1291,66868.21739130435,433543.9831080534,2939,2943384,46
regional_atmaq_canopy_intel,orion,intel,1385.3777777777777,72.12466760247607,1260,1638,67709.57777777778,434640.7578565465,2902,2918576,45
regional_atmaq_canopy_intel,ursa,intel,865.88,88.96884114046638,742,1111,2877.02,1.6597270491110965,2873,2881,50
regional_atmaq_canopy_intel,wcoss2,intel,1265.875,98.00795126232524,1080,1494,2382.7916666666665,20.602580228135032,2346,2438,48
