test_name,machine,compiler,core_mean,core_std,core_min,core_max,mem_mean,mem_std,mem_min,mem_max,n_hashes
regional_restart_intel,acorn,intel,172.34883720930233,6.198631649808774,162,191,883.3953488372093,3.9469067748936104,878,893,43
regional_restart_intel,derecho,intel,164.95454545454547,16.475428561958882,149,196,860.8863636363636,4.210816134178249,851,872,44
regional_restart_intel,gaeac6,intel,112.16279069767442,4.839963757037363,105,127,6338.860465116279,0.350604603563642,6338,6339,43
regional_restart_intel,hercules,intel,166.65217391304347,33.60040832510114,139,270,27041.17391304348,175287.78563523022,1178,1190056,46
regional_restart_intel,orion,intel,223.33333333333334,33.606682235964485,197,310,25433.977777777778,163245.67072673698,1092,1096184,45
regional_restart_intel,ursa,intel,120.8,5.272183453498841,115,139,1682.84,9.702429739871496,1654,1700,50
regional_restart_intel,wcoss2,intel,187.95833333333334,9.127835224549399,176,228,908.8333333333334,5.861280570752243,880,919,48
