test_name,machine,compiler,core_mean,core_std,core_min,core_max,mem_mean,mem_std,mem_min,mem_max,n_hashes
regional_atmaq_debug_intel,acorn,intel,2453.3636363636365,31.08135679081147,2411,2525,1926.340909090909,50.36884565987018,1862,1988,44
regional_atmaq_debug_intel,derecho,intel,2079.75,26.140163341778916,2047,2121,2934.340909090909,13.692542838599897,2847,2939,44
regional_atmaq_debug_intel,gaeac6,intel,1579.8372093023256,52.394079196830226,1536,1788,6338.720930232558,0.6663897542283059,6338,6340,43
regional_atmaq_debug_intel,hera,intel,2380.0,7.0710678118654755,2375,2385,2935.0,0.0,2935,2935,2
regional_atmaq_debug_intel,hercules,intel,1947.4782608695652,85.8903019051198,1872,2379,67142.89130434782,435329.2922259209,2951,2955504,46
regional_atmaq_debug_intel,orion,intel,2430.311111111111,38.430469813691175,2342,2550,67953.02222222222,436185.5589670884,2920,2928952,45
regional_atmaq_debug_intel,ursa,intel,1658.06,21.73721533711826,1619,1744,2891.4,1.7379321515137005,2888,2894,50
regional_atmaq_debug_intel,wcoss2,intel,2473.3125,30.22550441301642,2432,2586,1864.1041666666667,47.31300913420463,1770,1962,48
