test_name,machine,compiler,core_mean,core_std,core_min,core_max,mem_mean,mem_std,mem_min,mem_max,n_hashes
regional_spp_sppt_shum_skeb_dyn32_phy32_intel,acorn,intel,239.22222222222223,7.194975800353785,225,256,1030.6222222222223,5.909502705153991,1018,1044,45
regional_spp_sppt_shum_skeb_dyn32_phy32_intel,derecho,intel,212.9777777777778,6.675902693095276,205,251,1039.0444444444445,4.24775638937009,1030,1051,45
regional_spp_sppt_shum_skeb_dyn32_phy32_intel,gaeac6,intel,155.4090909090909,2.345883894688153,152,164,6338.704545454545,0.7947369157953805,6338,6342,44
regional_spp_sppt_shum_skeb_dyn32_phy32_intel,hera,intel,216.4,1.1401754250991398,215,218,1184.2,2.167948338867874,1181,1186,5
regional_spp_sppt_shum_skeb_dyn32_phy32_intel,hercules,intel,191.93617021276594,34.0149610659519,177,408,29312.31914893617,191983.31956268742,1293,1317480,47
regional_spp_sppt_shum_skeb_dyn32_phy32_intel,orion,intel,304.0652173913044,5.039409903343166,297,317,28268.543478260868,183477.32000195028,1168,1245620,46
regional_spp_sppt_shum_skeb_dyn32_phy32_intel,ursa,intel,153.9,8.02356224007817,148,195,1487.52,10.089881777588596,1463,1510,50
regional_spp_sppt_shum_skeb_dyn32_phy32_intel,wcoss2,intel,238.14285714285714,10.396313449167126,228,277,951.265306122449,33.25267878319742,933,1033,49
