test_name,machine,compiler,core_mean,core_std,core_min,core_max,mem_mean,mem_std,mem_min,mem_max,n_hashes
regional_noquilt_intel,acorn,intel,303.15909090909093,9.308518683687891,286,324,1169.3636363636363,3.4037661022236576,1162,1176,44
regional_noquilt_intel,derecho,intel,282.27272727272725,24.930940556669114,263,400,1140.2272727272727,3.4966005841130285,1132,1149,44
regional_noquilt_intel,gaeac6,intel,196.1860465116279,5.315098950624366,187,218,6338.488372093023,0.5924964546109498,6337,6339,43
regional_noquilt_intel,hera,intel,296.0,,296,296,1501.0,,1501,1501,1
regional_noquilt_intel,hercules,intel,293.1521739130435,70.5234294846769,250,685,34156.434782608696,221389.65511008483,1496,1503052,46
regional_noquilt_intel,orion,intel,395.31111111111113,37.58736624199813,365,503,31654.777777777777,203206.92939407277,1356,1364516,45
regional_noquilt_intel,ursa,intel,209.04,6.433204679549658,201,233,1990.82,4.0642292238103686,1982,1998,50
regional_noquilt_intel,wcoss2,intel,321.8333333333333,10.713549451230978,309,368,1185.0416666666667,3.631764903191932,1172,1191,48
