test_name,machine,compiler,core_mean,core_std,core_min,core_max,mem_mean,mem_std,mem_min,mem_max,n_hashes
regional_debug_gnu,derecho,gnu,477.45454545454544,20.70664935945845,449,523,781.1818181818181,9.54127563816202,766,796,44
regional_debug_gnu,hercules,gnu,449.5869565217391,42.998488907276474,384,583,19861.891304347828,128756.67385839387,846,874148,46
regional_debug_gnu,ursa,gnu,343.12,6.255250855505802,335,375,772.12,7.158953292548988,748,784,50
