test_name,machine,compiler,core_mean,core_std,core_min,core_max,mem_mean,mem_std,mem_min,mem_max,n_hashes
regional_decomp_intel,acorn,intel,325.75555555555553,8.238367985876039,309,341,884.0888888888888,4.389150995881357,875,892,45
regional_decomp_intel,derecho,intel,291.0888888888889,16.281364447822806,276,336,858.6666666666666,6.138551798414527,839,866,45
regional_decomp_intel,gaeac6,intel,207.5681818181818,9.199084199294415,199,262,6338.75,0.5337449961641886,6337,6339,44
regional_decomp_intel,hera,intel,310.2,2.167948338867879,308,313,1217.0,3.1622776601683795,1212,1220,5
regional_decomp_intel,hercules,intel,303.3829787234043,41.331929541578035,267,379,26492.63829787234,173447.9664950828,1176,1190292,47
regional_decomp_intel,orion,intel,409.67391304347825,34.70193996999534,384,499,24516.695652173912,158937.31754596002,1064,1079048,46
regional_decomp_intel,ursa,intel,218.24,5.8955534956786115,210,241,1717.76,5.822405702393577,1693,1731,50
regional_decomp_intel,wcoss2,intel,341.9591836734694,13.498393706403055,321,399,909.6326530612245,13.561117637002683,874,924,49
