test_name,machine,compiler,core_mean,core_std,core_min,core_max,mem_mean,mem_std,mem_min,mem_max,n_hashes
regional_spp_sppt_shum_skeb_intel,acorn,intel,257.22222222222223,9.385406681964168,244,281,1184.5333333333333,5.570212987604053,1172,1196,45
regional_spp_sppt_shum_skeb_intel,derecho,intel,226.73333333333332,4.484316102717414,219,239,1147.6222222222223,3.0769590129991675,1144,1159,45
regional_spp_sppt_shum_skeb_intel,gaeac6,intel,166.4090909090909,3.4189498035193755,161,180,6338.590909090909,0.5420967826651851,6338,6340,44
regional_spp_sppt_shum_skeb_intel,hera,intel,227.4,1.34164078649987,226,229,1312.4,7.503332592921615,1306,1322,5
regional_spp_sppt_shum_skeb_intel,hercules,intel,202.72340425531914,40.693820772061656,185,464,32147.042553191488,210539.08426795594,1418,1444820,47
regional_spp_sppt_shum_skeb_intel,orion,intel,321.19565217391306,4.529506057041215,315,329,30952.891304347828,200868.36582866107,1304,1363692,46
regional_spp_sppt_shum_skeb_intel,ursa,intel,165.16,5.8566550319500035,157,187,1607.58,13.578329072760097,1570,1625,50
regional_spp_sppt_shum_skeb_intel,wcoss2,intel,257.8775510204082,9.150666307846182,247,294,1090.4897959183672,40.37899745380208,1066,1195,49
