test_name,machine,compiler,core_mean,core_std,core_min,core_max,mem_mean,mem_std,mem_min,mem_max,n_hashes
regional_restart_intel,acorn,intel,172.27272727272728,6.222104767507826,162,191,883.2954545454545,3.9448497212780165,878,893,44
regional_restart_intel,derecho,intel,163.29545454545453,15.986301614928559,149,196,861.2272727272727,4.382118189970157,851,872,44
regional_restart_intel,gaeac6,intel,112.06976744186046,4.905756331364644,105,127,6338.790697674419,0.4658908279477941,6337,6339,43
regional_restart_intel,hera,intel,161.5,0.7071067811865476,161,162,1234.0,2.8284271247461903,1232,1236,2
regional_restart_intel,hercules,intel,167.43478260869566,33.320432286053396,139,270,27039.934782608696,175287.97235386394,1178,1190056,46
regional_restart_intel,orion,intel,223.17777777777778,33.71355870275401,197,310,25434.244444444445,163245.63006863944,1092,1096184,45
regional_restart_intel,ursa,intel,120.64,5.069959545787162,115,139,1682.98,9.336105030624806,1654,1700,50
regional_restart_intel,wcoss2,intel,187.20833333333334,9.369389574188274,170,228,907.5208333333334,8.542732592200469,877,919,48
