test_name,machine,compiler,core_mean,core_std,core_min,core_max,mem_mean,mem_std,mem_min,mem_max,n_hashes
regional_atmaq_intel,acorn,intel,948.2045454545455,53.43876284315706,876,1016,2401.9772727272725,5.271638183069086,2391,2411,44
regional_atmaq_intel,derecho,intel,937.2045454545455,96.57039354321235,788,1195,2920.090909090909,18.640813164489465,2836,2926,44
regional_atmaq_intel,gaeac6,intel,785.3720930232558,23.72664089946348,749,840,6338.6511627906975,0.5725349201341007,6338,6340,43
regional_atmaq_intel,hera,intel,780.0,,780,780,2929.0,,2929,2929,1
regional_atmaq_intel,hercules,intel,780.7608695652174,119.76127825017544,696,1513,66980.71739130435,434307.748824298,2940,2948564,46
regional_atmaq_intel,orion,intel,1123.3333333333333,37.42993454442594,1046,1193,65723.2,421334.48349217535,2832,2829312,45
regional_atmaq_intel,ursa,intel,686.76,45.57190326667227,620,804,2876.9,1.5016997172591449,2872,2880,50
regional_atmaq_intel,wcoss2,intel,1016.5416666666666,71.9704307879385,920,1269,2327.9375,15.747213532639739,2297,2389,48
