test_name,machine,compiler,core_mean,core_std,core_min,core_max,mem_mean,mem_std,mem_min,mem_max,n_hashes
regional_spp_sppt_shum_skeb_intel,acorn,intel,258.3658536585366,9.77178616620569,244,281,1184.0731707317073,5.802543597003116,1172,1196,41
regional_spp_sppt_shum_skeb_intel,derecho,intel,228.75,8.0148844092116,220,272,1147.5,2.782837768629661,1142,1157,44
regional_spp_sppt_shum_skeb_intel,gaeac6,intel,166.48837209302326,3.2977055011835215,161,180,6338.720930232558,0.5906244232186152,6338,6340,43
regional_spp_sppt_shum_skeb_intel,hercules,intel,203.2173913043478,40.77521744255845,187,464,32817.717391304344,212814.78762202416,1418,1444820,46
regional_spp_sppt_shum_skeb_intel,orion,intel,322.26666666666665,4.0136131987388675,315,329,31606.48888888889,203088.6661072205,1304,1363692,45
regional_spp_sppt_shum_skeb_intel,ursa,intel,166.08,5.3560570328157935,158,187,1606.92,14.538955412607732,1570,1646,50
regional_spp_sppt_shum_skeb_intel,wcoss2,intel,257.5,9.540507145626217,247,294,1074.375,3.3429824879729253,1066,1081,48
