test_name,machine,compiler,core_mean,core_std,core_min,core_max,mem_mean,mem_std,mem_min,mem_max,n_hashes
regional_wofs_intel,acorn,intel,431.72727272727275,29.76759877072812,388,490,1607.0681818181818,2.17167524310662,1601,1614,44
regional_wofs_intel,derecho,intel,369.25,10.903647778781242,353,397,1576.0681818181818,1.484771179187402,1571,1579,44
regional_wofs_intel,gaeac6,intel,261.90697674418607,8.138134668362206,251,278,6338.720930232558,0.45385026875078543,6338,6339,43
regional_wofs_intel,hera,intel,372.6666666666667,3.0550504633038855,370,376,2037.0,1.7320508075688772,2036,2039,3
regional_wofs_intel,hercules,intel,356.1304347826087,30.880852532598556,324,472,47524.45652173913,308158.25926254236,2065,2092120,46
regional_wofs_intel,orion,intel,467.55555555555554,9.83628615141528,454,486,44079.444444444445,282939.3200147946,1892,1899916,45
regional_wofs_intel,ursa,intel,276.64,25.30125430463389,255,370,2633.66,14.26084979006125,2609,2671,50
regional_wofs_intel,wcoss2,intel,436.0416666666667,24.85957012802822,398,488,1635.8125,12.04363741266152,1600,1648,48
