test_name,machine,compiler,core_mean,core_std,core_min,core_max,mem_mean,mem_std,mem_min,mem_max,n_hashes
regional_atmaq_canopy_intel,acorn,intel,1195.9777777777779,87.44777373560227,1055,1292,2452.2,6.461775719919818,2435,2472,45
regional_atmaq_canopy_intel,derecho,intel,1163.2666666666667,120.65981480630136,950,1504,2916.3555555555554,24.778248851797702,2834,2927,45
regional_atmaq_canopy_intel,gaeac6,intel,930.25,45.00135656869975,852,1002,6338.568181818182,0.6611381051489356,6338,6340,44
regional_atmaq_canopy_intel,hera,intel,969.2,12.357184145265451,958,985,2924.0,4.062019202317952,2918,2928,5
regional_atmaq_canopy_intel,hercules,intel,966.3829787234042,84.97814378632368,851,1291,65508.17021276596,428907.01461765723,2939,2943384,47
regional_atmaq_canopy_intel,orion,intel,1383.4565217391305,72.49941195830142,1260,1638,66301.15217391304,429890.42714822973,2902,2918576,46
regional_atmaq_canopy_intel,ursa,intel,862.4,89.33290181640125,742,1111,2877.06,1.6339510146780083,2873,2881,50
regional_atmaq_canopy_intel,wcoss2,intel,1262.857142857143,99.25577229226195,1080,1494,2383.734693877551,21.428928568452484,2346,2438,49
