test_name,machine,compiler,core_mean,core_std,core_min,core_max,mem_mean,mem_std,mem_min,mem_max,n_hashes
regional_2dwrtdecomp_intel,acorn,intel,307.04761904761904,8.925032980611,291,331,881.4047619047619,4.373197322323445,872,890,42
regional_2dwrtdecomp_intel,derecho,intel,284.95454545454544,27.214868153746274,265,419,851.1818181818181,6.22550166941916,832,859,44
regional_2dwrtdecomp_intel,gaeac6,intel,197.04651162790697,4.029377172550511,187,207,6338.906976744186,0.6099942813303642,6338,6342,43
regional_2dwrtdecomp_intel,hercules,intel,288.6521739130435,36.47965484199798,251,390,27296.021739130436,176973.59392638702,1179,1201496,46
regional_2dwrtdecomp_intel,orion,intel,400.4,41.05838415099782,366,499,25191.644444444446,161709.2379356675,1072,1085864,45
regional_2dwrtdecomp_intel,ursa,intel,209.9,6.801110353524349,202,238,1714.8,8.106434833777877,1693,1729,50
regional_2dwrtdecomp_intel,wcoss2,intel,325.25,11.157480078500152,307,363,911.5625,5.903141067947181,875,922,48
