test_name,machine,compiler,core_mean,core_std,core_min,core_max,mem_mean,mem_std,mem_min,mem_max,n_hashes
regional_noquilt_intel,acorn,intel,303.3488372093023,9.332186292433176,286,324,1169.4418604651162,3.4037956794856776,1162,1176,43
regional_noquilt_intel,derecho,intel,283.04545454545456,24.87826598445386,263,400,1140.2727272727273,3.519802031719141,1132,1149,44
regional_noquilt_intel,gaeac6,intel,196.27906976744185,5.2204979756785965,187,218,6338.488372093023,0.5924964546108485,6337,6339,43
regional_noquilt_intel,hercules,intel,293.6521739130435,70.65446982520066,250,685,34157.47826086957,221389.4978779596,1496,1503052,46
regional_noquilt_intel,orion,intel,395.4888888888889,37.46429950464492,365,503,31654.666666666668,203206.94633449643,1356,1364516,45
regional_noquilt_intel,ursa,intel,209.14,6.37600732337684,201,233,1990.94,4.1571674029710985,1982,1998,50
regional_noquilt_intel,wcoss2,intel,322.1875,10.696303298584967,309,368,1185.2083333333333,3.175426480542918,1176,1191,48
