test_name,machine,compiler,core_mean,core_std,core_min,core_max,mem_mean,mem_std,mem_min,mem_max,n_hashes
regional_debug_gnu,derecho,gnu,476.54545454545456,20.751525071951733,449,523,780.9772727272727,9.7276604810982,766,796,44
regional_debug_gnu,hera,gnu,503.0,,503,503,883.0,,883,883,1
regional_debug_gnu,hercules,gnu,449.4782608695652,43.070866219617784,384,583,19862.521739130436,128756.57882734279,846,874148,46
regional_debug_gnu,ursa,gnu,343.06,6.270793980259365,335,375,772.34,7.291622254480877,748,784,50
