test_name,machine,compiler,core_mean,core_std,core_min,core_max,mem_mean,mem_std,mem_min,mem_max,n_hashes
regional_control_intel,acorn,intel,305.7142857142857,6.515593731385801,294,320,880.4047619047619,4.265914386351999,870,888,42
regional_control_intel,derecho,intel,291.52272727272725,63.940193217318914,261,689,852.3181818181819,5.921080696742459,828,858,44
regional_control_intel,gaeac6,intel,201.69767441860466,27.72701526337233,189,377,6338.860465116279,0.6008484219294733,6337,6341,43
regional_control_intel,hercules,intel,305.0217391304348,49.17474018704895,254,448,27258.521739130436,176717.59863009801,1188,1199760,46
regional_control_intel,orion,intel,413.1111111111111,39.41862862693577,367,487,25157.333333333332,161494.31796731194,1063,1084420,45
regional_control_intel,ursa,intel,210.6,5.996597674804386,201,236,1716.52,8.517065701476426,1692,1732,50
regional_control_intel,wcoss2,intel,325.25,14.073515189434172,311,384,911.6041666666666,5.99197897666018,876,925,48
