test_name,machine,compiler,core_mean,core_std,core_min,core_max,mem_mean,mem_std,mem_min,mem_max,n_hashes
regional_restart_intel,acorn,intel,172.3658536585366,6.31567928872649,162,191,883.2926829268292,3.9385524145238047,878,893,41
regional_restart_intel,derecho,intel,166.95454545454547,17.858558687453872,149,212,860.4545454545455,4.117204659376131,851,872,44
regional_restart_intel,gaeac6,intel,112.16279069767442,4.839963757037363,105,127,6338.860465116279,0.3506046035635944,6338,6339,43
regional_restart_intel,hercules,intel,167.97826086956522,33.55028672203019,139,270,27042.804347826088,175287.53995872923,1178,1190056,46
regional_restart_intel,orion,intel,223.53333333333333,33.45933760144202,199,310,25433.62222222222,163245.72494336832,1087,1096184,45
regional_restart_intel,ursa,intel,121.3,5.342360557518617,115,139,1682.24,9.769924696302814,1654,1700,50
regional_restart_intel,wcoss2,intel,187.91666666666666,9.071426576996801,176,228,909.7916666666666,2.7285592280529407,905,919,48
