test_name,machine,compiler,core_mean,core_std,core_min,core_max,mem_mean,mem_std,mem_min,mem_max,n_hashes
regional_2threads_intel,acorn,intel,189.5909090909091,6.915833474188492,176,208,997.9090909090909,6.501585430325607,987,1013,44
regional_2threads_intel,gaeac6,intel,157.06976744186048,6.62748730967228,152,195,6338.7441860465115,0.5386501318691371,6338,6340,43
regional_2threads_intel,hera,intel,287.0,,287,287,1083.0,,1083,1083,1
regional_2threads_intel,hercules,intel,281.0652173913044,56.21877984917023,254,610,24762.82608695652,160457.44476302803,1083,1089380,46
regional_2threads_intel,orion,intel,279.24444444444447,40.337302584555395,248,419,24449.6,157041.24962705586,1028,1054504,45
regional_2threads_intel,ursa,intel,127.08,3.4749247532596006,122,136,1568.98,4.27374519118575,1560,1575,50
regional_2threads_intel,wcoss2,intel,203.33333333333334,11.839949204414703,189,251,923.6875,19.205668766433412,913,1001,48
