test_name,machine,compiler,core_mean,core_std,core_min,core_max,mem_mean,mem_std,mem_min,mem_max,n_hashes
regional_decomp_intel,acorn,intel,325.5,8.208050500773956,309,341,884.25,4.313984830325552,875,892,44
regional_decomp_intel,derecho,intel,292.27272727272725,16.866595080166867,276,336,859.0227272727273,5.720174970342413,839,866,44
regional_decomp_intel,gaeac6,intel,207.86046511627907,9.244255347045172,199,262,6338.720930232558,0.548833455324411,6337,6339,43
regional_decomp_intel,hera,intel,311.3333333333333,2.0816659994661384,309,313,1218.0,2.0,1216,1220,3
regional_decomp_intel,hercules,intel,304.17391304347825,41.43015774788327,267,379,27043.282608695652,175323.03699028297,1176,1190292,46
regional_decomp_intel,orion,intel,411.8666666666667,35.655294137056295,384,499,25038.0,160693.50072208335,1064,1079048,45
regional_decomp_intel,ursa,intel,218.54,6.138569932510871,210,241,1718.28,5.87641428916981,1693,1731,50
regional_decomp_intel,wcoss2,intel,341.8333333333333,13.65585110872061,321,399,911.0208333333334,11.917249403001186,874,924,48
