test_name,machine,compiler,core_mean,core_std,core_min,core_max,mem_mean,mem_std,mem_min,mem_max,n_hashes
regional_2threads_intel,acorn,intel,189.3170731707317,6.9044877593860745,176,208,997.560975609756,6.025150539562489,987,1013,41
regional_2threads_intel,gaeac6,intel,157.25581395348837,6.554144538475573,152,195,6338.674418604651,0.6063524918788483,6337,6340,43
regional_2threads_intel,hercules,intel,285.19565217391306,57.406008034474105,254,610,24764.239130434784,160457.23186640866,1083,1089380,46
regional_2threads_intel,orion,intel,280.68888888888887,39.86330177347115,248,419,24449.2,157041.31059382836,1028,1054504,45
regional_2threads_intel,ursa,intel,127.18,3.3484080896291464,122,136,1569.08,4.18861430498418,1560,1575,50
regional_2threads_intel,wcoss2,intel,203.20833333333334,11.806882834580152,189,251,918.7083333333334,4.509839518460636,911,931,48
