test_name,machine,compiler,core_mean,core_std,core_min,core_max,mem_mean,mem_std,mem_min,mem_max,n_hashes
regional_wofs_intel,acorn,intel,433.3181818181818,29.684208257475046,388,490,1607.159090909091,2.209316234517257,1601,1614,44
regional_wofs_intel,derecho,intel,368.95454545454544,10.639886661082288,353,397,1576.159090909091,1.2748585296468813,1574,1579,44
regional_wofs_intel,gaeac6,intel,262.4418604651163,8.55320136551885,251,280,6338.720930232558,0.4538502687509203,6338,6339,43
regional_wofs_intel,hera,intel,371.0,1.4142135623730951,370,372,2037.5,2.1213203435596424,2036,2039,2
regional_wofs_intel,hercules,intel,353.5869565217391,25.46943797046574,324,424,47524.63043478261,308158.23304654943,2065,2092120,46
regional_wofs_intel,orion,intel,467.97777777777776,9.736269793660666,454,486,44079.444444444445,282939.3200147946,1892,1899916,45
regional_wofs_intel,ursa,intel,277.08,25.250451602346647,255,370,2633.86,14.20693995402043,2609,2671,50
regional_wofs_intel,wcoss2,intel,437.0,24.521809658672588,398,488,1636.7083333333333,11.196424834652198,1600,1648,48
