test_name,machine,compiler,core_mean,core_std,core_min,core_max,mem_mean,mem_std,mem_min,mem_max,n_hashes
regional_spp_sppt_shum_skeb_intel,acorn,intel,258.14285714285717,9.759476766691028,244,281,1184.0238095238096,5.740264697041602,1172,1196,42
regional_spp_sppt_shum_skeb_intel,derecho,intel,228.38636363636363,7.948133930739506,220,272,1147.409090909091,2.6616849167763235,1142,1157,44
regional_spp_sppt_shum_skeb_intel,gaeac6,intel,166.48837209302326,3.2977055011835184,161,180,6338.697674418605,0.5990024930754924,6338,6340,43
regional_spp_sppt_shum_skeb_intel,hercules,intel,203.5,40.924727651303115,187,464,32815.913043478264,212815.05939256022,1418,1444820,46
regional_spp_sppt_shum_skeb_intel,orion,intel,322.1111111111111,4.0800079223531664,315,329,31606.466666666667,203088.66949288652,1304,1363692,45
regional_spp_sppt_shum_skeb_intel,ursa,intel,165.92,5.446736525251634,158,187,1606.32,13.4732387815739,1570,1625,50
regional_spp_sppt_shum_skeb_intel,wcoss2,intel,257.8125,9.766761370053759,247,294,1076.8125,17.731635690350707,1066,1195,48
