test_name,machine,compiler,core_mean,core_std,core_min,core_max,mem_mean,mem_std,mem_min,mem_max,n_hashes
regional_2dwrtdecomp_intel,acorn,intel,306.5111111111111,8.779164958795192,291,331,880.6444444444444,4.1349703503144895,872,890,45
regional_2dwrtdecomp_intel,derecho,intel,277.68888888888887,15.707297409777134,265,318,851.8,5.96428765844903,832,859,45
regional_2dwrtdecomp_intel,gaeac6,intel,196.5,4.267235911638967,187,207,6339.022727272727,0.7309960189387712,6338,6342,44
regional_2dwrtdecomp_intel,hera,intel,292.6,4.037325847637268,287,297,1220.6,5.727128425310517,1211,1225,5
regional_2dwrtdecomp_intel,hercules,intel,286.8085106382979,36.33398115901992,251,390,26739.55319148936,175080.96621970783,1179,1201496,47
regional_2dwrtdecomp_intel,orion,intel,400.32608695652175,40.97590313441741,366,499,24667.608695652172,159941.86901447503,1072,1085864,46
regional_2dwrtdecomp_intel,ursa,intel,209.54,6.9376523700862345,202,238,1714.12,8.009280331501122,1693,1729,50
regional_2dwrtdecomp_intel,wcoss2,intel,324.16326530612247,10.710872472196009,307,363,906.8367346938776,13.384298852846586,873,919,49
