test_name,machine,compiler,core_mean,core_std,core_min,core_max,mem_mean,mem_std,mem_min,mem_max,n_hashes
regional_noquilt_intel,acorn,intel,302.6818181818182,9.164574686011079,286,324,1169.5681818181818,3.2664448156390065,1162,1176,44
regional_noquilt_intel,derecho,intel,278.15909090909093,16.643936226380568,262,313,1140.1818181818182,3.4322189396794025,1132,1149,44
regional_noquilt_intel,gaeac6,intel,195.8372093023256,5.428891987970884,187,218,6338.488372093023,0.5508475298188358,6337,6339,43
regional_noquilt_intel,hera,intel,296.6666666666667,1.1547005383792557,296,298,1497.6666666666667,5.773502691896241,1491,1501,3
regional_noquilt_intel,hercules,intel,293.5217391304348,70.42718513327864,250,685,34154.239130434784,221389.98590322558,1496,1503052,46
regional_noquilt_intel,orion,intel,394.06666666666666,37.8143791794507,365,503,31654.955555555556,203206.90228971012,1356,1364516,45
regional_noquilt_intel,ursa,intel,209.02,6.447559259763599,201,233,1990.6,3.989782869648199,1982,1998,50
regional_noquilt_intel,wcoss2,intel,321.25,10.897003296827254,309,368,1184.5625,4.306878466785376,1172,1191,48
