test_name,machine,compiler,core_mean,core_std,core_min,core_max,mem_mean,mem_std,mem_min,mem_max,n_hashes
regional_2dwrtdecomp_intel,acorn,intel,306.3863636363636,8.840224950023561,291,331,880.6818181818181,4.175079596916938,872,890,44
regional_2dwrtdecomp_intel,derecho,intel,277.84090909090907,15.855368369453855,265,318,852.0227272727273,5.840868987448827,832,859,44
regional_2dwrtdecomp_intel,gaeac6,intel,196.6046511627907,4.260223193816191,187,207,6338.953488372093,0.5754289651289155,6338,6342,43
regional_2dwrtdecomp_intel,hera,intel,292.0,4.396968652757639,287,297,1223.0,2.309401076758503,1221,1225,4
regional_2dwrtdecomp_intel,hercules,intel,287.5,36.42145277473459,251,390,27294.91304347826,176973.76100438373,1179,1201496,46
regional_2dwrtdecomp_intel,orion,intel,400.77777777777777,41.32294590885139,366,499,25191.88888888889,161709.2006680261,1072,1085864,45
regional_2dwrtdecomp_intel,ursa,intel,209.54,6.937652370086242,202,238,1714.42,8.094064340677088,1693,1729,50
regional_2dwrtdecomp_intel,wcoss2,intel,324.2083333333333,10.81952201983011,307,363,907.5,12.686062045125102,873,919,48
