test_name,machine,compiler,core_mean,core_std,core_min,core_max,mem_mean,mem_std,mem_min,mem_max,n_hashes
regional_restart_intel,acorn,intel,172.64444444444445,6.164987486367744,162,191,883.1333333333333,4.009080601924487,878,893,45
regional_restart_intel,derecho,intel,161.17777777777778,14.521596595304791,149,195,861.7555555555556,4.457657127988599,851,872,45
regional_restart_intel,gaeac6,intel,111.77272727272727,4.983057977548633,105,127,6338.818181818182,0.44579311463626237,6337,6339,44
regional_restart_intel,hera,intel,162.8,5.263078946776308,159,172,1235.4,1.9493588689617884,1232,1237,5
regional_restart_intel,hercules,intel,166.70212765957447,33.296373280516946,139,270,26488.27659574468,173413.44432293472,1178,1190056,47
regional_restart_intel,orion,intel,221.80434782608697,33.57156175178787,197,310,24905.130434782608,161461.48444293436,1087,1096184,46
regional_restart_intel,ursa,intel,120.44,5.163292732039762,115,139,1683.18,8.826421374810653,1654,1700,50
regional_restart_intel,wcoss2,intel,187.26530612244898,9.409161116973717,170,228,906.0408163265306,9.964435056057834,877,919,49
