test_name,machine,compiler,core_mean,core_std,core_min,core_max,mem_mean,mem_std,mem_min,mem_max,n_hashes
regional_noquilt_intel,acorn,intel,302.95454545454544,9.23077397408671,286,324,1169.4545454545455,3.3372774410912043,1162,1176,44
regional_noquilt_intel,derecho,intel,279.1363636363636,17.28366739330423,262,313,1140.1136363636363,3.3840660082827525,1132,1149,44
regional_noquilt_intel,gaeac6,intel,196.11627906976744,5.3772417355155735,187,218,6338.46511627907,0.5915611794349201,6337,6339,43
regional_noquilt_intel,hera,intel,297.0,1.4142135623730951,296,298,1496.0,7.0710678118654755,1491,1501,2
regional_noquilt_intel,hercules,intel,293.69565217391306,70.33471390910984,250,685,34155.45652173913,221389.80249472565,1496,1503052,46
regional_noquilt_intel,orion,intel,394.2,37.73086510826622,365,503,31654.82222222222,203206.92261799736,1356,1364516,45
regional_noquilt_intel,ursa,intel,208.98,6.447559259763588,201,233,1990.68,4.037780760441165,1982,1998,50
regional_noquilt_intel,wcoss2,intel,321.6458333333333,10.824498579774783,309,368,1184.7291666666667,4.07764838013986,1172,1191,48
