test_name,machine,compiler,core_mean,core_std,core_min,core_max,mem_mean,mem_std,mem_min,mem_max,n_hashes
regional_atmaq_intel,acorn,intel,940.4222222222222,52.373869651021884,876,1016,2401.4444444444443,5.002524615157214,2391,2411,45
regional_atmaq_intel,derecho,intel,929.9555555555555,100.32287773972492,788,1195,2920.4444444444443,18.46809971466221,2836,2926,45
regional_atmaq_intel,gaeac6,intel,782.5909090909091,24.56630153782527,746,840,6338.681818181818,0.5612580251761278,6338,6340,44
regional_atmaq_intel,hera,intel,785.2,7.8549347546622,777,795,2927.4,4.3931765272977605,2921,2933,5
regional_atmaq_intel,hercules,intel,772.6595744680851,120.80531887868271,689,1513,65617.76595744681,429662.6872305567,2940,2948564,47
regional_atmaq_intel,orion,intel,1117.0869565217392,37.452681901867976,1046,1193,64357.32608695652,416729.6667707339,2832,2829312,46
regional_atmaq_intel,ursa,intel,680.46,48.402314837543216,615,804,2876.8,1.6288220358559264,2872,2880,50
regional_atmaq_intel,wcoss2,intel,1008.8163265306123,75.51563675529609,912,1269,2332.877551020408,22.311836034062146,2297,2391,49
