test_name,machine,compiler,core_mean,core_std,core_min,core_max,mem_mean,mem_std,mem_min,mem_max,n_hashes
regional_atmaq_canopy_intel,acorn,intel,1216.4883720930231,78.67878400209767,1055,1292,2453.232558139535,5.967520061219849,2442,2472,43
regional_atmaq_canopy_intel,derecho,intel,1175.8181818181818,116.26798890119738,950,1504,2916.0227272727275,24.99161593029964,2834,2927,44
regional_atmaq_canopy_intel,gaeac6,intel,940.9302325581396,38.02530194541351,852,1002,6338.558139534884,0.6655583256395776,6338,6340,43
regional_atmaq_canopy_intel,hercules,intel,980.3260869565217,76.8265157778878,851,1291,66868.32608695653,433543.9667263315,2939,2943384,46
regional_atmaq_canopy_intel,orion,intel,1398.8222222222223,64.54571631757975,1262,1638,67709.91111111111,434640.7070355939,2902,2918576,45
regional_atmaq_canopy_intel,ursa,intel,875.84,82.09063184514223,742,1111,2877.22,1.6938062438887642,2873,2881,50
regional_atmaq_canopy_intel,wcoss2,intel,1283.7083333333333,82.63736683343161,1101,1494,2378.4791666666665,14.91392264471298,2346,2438,48
