test_name,machine,compiler,core_mean,core_std,core_min,core_max,mem_mean,mem_std,mem_min,mem_max,n_hashes
regional_atmaq_debug_intel,acorn,intel,2452.409090909091,30.856998137181915,2411,2525,1923.5227272727273,50.364941958027856,1862,1988,44
regional_atmaq_debug_intel,derecho,intel,2078.4545454545455,25.5037202443135,2047,2121,2934.409090909091,13.708456364540867,2847,2939,44
regional_atmaq_debug_intel,gaeac6,intel,1579.5348837209303,52.347897050229214,1536,1788,6338.720930232558,0.6663897542282593,6338,6340,43
regional_atmaq_debug_intel,hera,intel,2400.0,35.0,2375,2440,2936.3333333333335,2.309401076758437,2935,2939,3
regional_atmaq_debug_intel,hercules,intel,1946.2173913043478,86.14275310810243,1872,2379,67142.84782608696,435329.2987784952,2951,2955504,46
regional_atmaq_debug_intel,orion,intel,2429.3333333333335,38.08602702495315,2342,2550,67952.93333333333,436185.5725178219,2920,2928952,45
regional_atmaq_debug_intel,ursa,intel,1657.86,21.774362382004536,1619,1744,2891.4,1.7379321515137343,2888,2894,50
regional_atmaq_debug_intel,wcoss2,intel,2472.2291666666665,30.904960411140806,2428,2586,1865.3958333333333,48.99098466059017,1770,1962,48
