test_name,machine,compiler,core_mean,core_std,core_min,core_max,mem_mean,mem_std,mem_min,mem_max,n_hashes
regional_2dwrtdecomp_intel,acorn,intel,306.77272727272725,8.818225409103036,291,331,881.1818181818181,4.45793114636244,872,890,44
regional_2dwrtdecomp_intel,derecho,intel,283.45454545454544,27.15455723922516,265,419,851.75,5.918536116933125,832,859,44
regional_2dwrtdecomp_intel,gaeac6,intel,197.0,4.0766466144427564,187,207,6338.930232558139,0.5934302557492847,6338,6342,43
regional_2dwrtdecomp_intel,hera,intel,294.0,,294,294,1221.0,,1221,1221,1
regional_2dwrtdecomp_intel,hercules,intel,287.32608695652175,36.29879358131534,251,390,27295.521739130436,176973.66928177502,1179,1201496,46
regional_2dwrtdecomp_intel,orion,intel,400.0888888888889,41.29209819974486,366,499,25191.911111111112,161709.19727945174,1072,1085864,45
regional_2dwrtdecomp_intel,ursa,intel,209.74,6.871443421427381,202,238,1714.6,8.078694580342082,1693,1729,50
regional_2dwrtdecomp_intel,wcoss2,intel,324.4583333333333,10.698893029502514,307,363,910.1041666666666,9.460420537036835,874,922,48
