test_name,machine,compiler,core_mean,core_std,core_min,core_max,mem_mean,mem_std,mem_min,mem_max,n_hashes
regional_2threads_intel,acorn,intel,189.52380952380952,6.950129303019298,176,208,997.3571428571429,6.096066018829137,987,1013,42
regional_2threads_intel,gaeac6,intel,157.13953488372093,6.60296252179508,152,195,6338.720930232558,0.5488334553244398,6338,6340,43
regional_2threads_intel,hercules,intel,284.95652173913044,57.49355771513849,254,610,24763.804347826088,160457.29734877124,1083,1089380,46
regional_2threads_intel,orion,intel,280.4888888888889,40.00205802786461,248,419,24448.844444444443,157041.36480311566,1028,1054504,45
regional_2threads_intel,ursa,intel,127.22,3.3702782541214775,122,136,1568.82,4.341024049221315,1560,1575,50
regional_2threads_intel,wcoss2,intel,203.375,11.80267730175496,189,251,920.3541666666666,12.705317337732385,911,1001,48
