test_name,machine,compiler,core_mean,core_std,core_min,core_max,mem_mean,mem_std,mem_min,mem_max,n_hashes
regional_debug_intel,acorn,intel,1124.5227272727273,20.08758570276063,1100,1179,942.2954545454545,10.917405657948784,926,965,44
regional_debug_intel,derecho,intel,989.3181818181819,16.480817217365736,965,1034,890.4545454545455,5.832764494564183,879,900,44
regional_debug_intel,gaeac6,intel,696.5116279069767,8.307690335790864,682,715,6338.906976744186,0.36605707910216273,6337,6339,43
regional_debug_intel,hera,intel,1079.0,14.142135623730951,1069,1089,1209.5,0.7071067811865476,1209,1210,2
regional_debug_intel,hercules,intel,982.195652173913,77.0565793759415,868,1161,26466.630434782608,171625.71055596002,1133,1165184,46
regional_debug_intel,orion,intel,1090.4888888888888,41.97543774324896,1022,1223,25269.11111111111,162166.3921559388,1078,1088940,45
regional_debug_intel,ursa,intel,735.7,12.05641500849831,715,780,1626.34,8.489152742512896,1608,1645,50
regional_debug_intel,wcoss2,intel,1131.9583333333333,8.788189205037995,1118,1155,971.6875,13.819745740802382,930,995,48
