test_name,machine,compiler,core_mean,core_std,core_min,core_max,mem_mean,mem_std,mem_min,mem_max,n_hashes
regional_netcdf_parallel_intel,derecho,intel,277.04545454545456,15.924172857135558,263,316,851.2045454545455,5.329075775947735,836,858,44
regional_netcdf_parallel_intel,gaeac6,intel,201.65116279069767,30.969942202792318,189,398,6338.790697674419,0.4116250914932022,6338,6339,43
regional_netcdf_parallel_intel,hera,intel,296.25,3.3040379335998398,292,300,1217.25,5.123475382979831,1212,1223,4
regional_netcdf_parallel_intel,hercules,intel,296.9347826086956,69.61398396360477,250,687,27263.739130434784,176766.24797139864,1175,1200088,46
regional_netcdf_parallel_intel,orion,intel,393.1333333333333,35.90239293113788,365,475,24973.266666666666,160255.1399041541,1072,1076108,45
regional_netcdf_parallel_intel,ursa,intel,208.48,5.493001112733349,201,226,1719.26,8.715011679362664,1693,1733,50
regional_netcdf_parallel_intel,wcoss2,intel,327.1666666666667,13.326239247524775,310,376,907.0833333333334,12.751025546295013,872,921,48
