test_name,machine,compiler,core_mean,core_std,core_min,core_max,mem_mean,mem_std,mem_min,mem_max,n_hashes
regional_2dwrtdecomp_intel,acorn,intel,306.70454545454544,8.80427894239841,291,331,881.0227272727273,4.294337192616598,872,890,44
regional_2dwrtdecomp_intel,derecho,intel,279.97727272727275,17.458906751201447,265,318,851.9545454545455,5.834757703881298,832,859,44
regional_2dwrtdecomp_intel,gaeac6,intel,196.90697674418604,4.145071390552833,187,207,6338.953488372093,0.5754289651289404,6338,6342,43
regional_2dwrtdecomp_intel,hera,intel,292.0,2.8284271247461903,290,294,1223.0,2.8284271247461903,1221,1225,2
regional_2dwrtdecomp_intel,hercules,intel,288.0,36.02900066458809,251,390,27295.260869565216,176973.70859065602,1179,1201496,46
regional_2dwrtdecomp_intel,orion,intel,400.0,41.351596649398495,366,499,25191.911111111112,161709.1972794518,1072,1085864,45
regional_2dwrtdecomp_intel,ursa,intel,209.62,6.919036148517349,202,238,1714.68,8.132675338611847,1693,1729,50
regional_2dwrtdecomp_intel,wcoss2,intel,324.3958333333333,10.704422596318192,307,363,909.0833333333334,10.710570108856801,873,919,48
