test_name,machine,compiler,core_mean,core_std,core_min,core_max,mem_mean,mem_std,mem_min,mem_max,n_hashes
regional_atmaq_intel,acorn,intel,943.3181818181819,53.50495422715449,876,1016,2401.431818181818,5.041214911122857,2391,2411,44
regional_atmaq_intel,derecho,intel,932.4545454545455,99.37021558948234,788,1195,2920.2045454545455,18.65548057817157,2836,2926,44
regional_atmaq_intel,gaeac6,intel,784.3023255813954,24.032254995675874,749,840,6338.674418604651,0.5657245767939825,6338,6340,43
regional_atmaq_intel,hera,intel,789.0,7.937253933193772,780,795,2929.3333333333335,3.511884584284187,2926,2933,3
regional_atmaq_intel,hercules,intel,776.4130434782609,121.04096204489461,689,1513,66980.45652173914,434307.7881412217,2940,2948564,46
regional_atmaq_intel,orion,intel,1119.1777777777777,37.893564390569296,1046,1193,65722.88888888889,421334.5309227801,2832,2829312,45
regional_atmaq_intel,ursa,intel,684.12,47.15525378135168,620,804,2876.96,1.524761607328813,2872,2880,50
regional_atmaq_intel,wcoss2,intel,1012.0625,74.89493527460479,912,1269,2330.4791666666665,20.004243787345402,2297,2391,48
