test_name,machine,compiler,core_mean,core_std,core_min,core_max,mem_mean,mem_std,mem_min,mem_max,n_hashes
regional_atmaq_intel,acorn,intel,945.6136363636364,53.6817564216732,876,1016,2401.75,5.131412607541447,2391,2411,44
regional_atmaq_intel,derecho,intel,935.2045454545455,97.73328193334655,788,1195,2920.159090909091,18.645958701512743,2836,2926,44
regional_atmaq_intel,gaeac6,intel,784.7674418604652,23.962110179458115,749,840,6338.6511627906975,0.5725349201343316,6338,6340,43
regional_atmaq_intel,hera,intel,787.5,10.606601717798213,780,795,2927.5,2.1213203435596424,2926,2929,2
regional_atmaq_intel,hercules,intel,778.5434782608696,120.50941992166038,689,1513,66980.56521739131,434307.77175933926,2940,2948564,46
regional_atmaq_intel,orion,intel,1121.088888888889,38.50078052468661,1046,1193,65722.91111111111,421334.527535038,2832,2829312,45
regional_atmaq_intel,ursa,intel,685.54,46.40162294839365,620,804,2876.96,1.5247616073287298,2872,2880,50
regional_atmaq_intel,wcoss2,intel,1014.375,73.53552477718051,912,1269,2329.1875,17.904779167062557,2297,2389,48
