test_name,machine,compiler,core_mean,core_std,core_min,core_max,mem_mean,mem_std,mem_min,mem_max,n_hashes
regional_atmaq_debug_intel,acorn,intel,2452.133333333333,30.437417164345028,2411,2525,1924.9333333333334,50.68503454938856,1862,1988,45
regional_atmaq_debug_intel,derecho,intel,2076.688888888889,25.066114597402134,2047,2121,2934.5555555555557,13.580660640570647,2847,2939,45
regional_atmaq_debug_intel,gaeac6,intel,1579.4772727272727,51.718148780860645,1536,1788,6338.75,0.6862435664966483,6338,6340,44
regional_atmaq_debug_intel,hera,intel,2384.8,32.5299861666125,2357,2440,2936.6,1.8165902124584667,2935,2939,5
regional_atmaq_debug_intel,hercules,intel,1934.7446808510638,56.35773473596892,1872,2239,65777.1914893617,430673.23672223976,2951,2955504,47
regional_atmaq_debug_intel,orion,intel,2427.8260869565215,37.33649054972956,2342,2550,66539.39130434782,431418.3746883955,2920,2928952,46
regional_atmaq_debug_intel,ursa,intel,1657.04,22.13775056323476,1619,1744,2891.28,1.7617245725105222,2888,2894,50
regional_atmaq_debug_intel,wcoss2,intel,2471.326530612245,30.688887616354652,2428,2586,1868.8163265306123,52.06153149134676,1770,1962,49
