test_name,machine,compiler,core_mean,core_std,core_min,core_max,mem_mean,mem_std,mem_min,mem_max,n_hashes
regional_noquilt_intel,acorn,intel,302.64444444444445,9.108326748729173,286,324,1169.7111111111112,3.019799979997421,1163,1176,45
regional_noquilt_intel,derecho,intel,276.8888888888889,15.726674245633868,262,310,1140.1777777777777,3.3931005456854137,1132,1149,45
regional_noquilt_intel,gaeac6,intel,195.61363636363637,5.439801249322922,187,218,6338.522727272727,0.5493605739121085,6337,6339,44
regional_noquilt_intel,hera,intel,296.0,1.4142135623730976,294,298,1499.6,4.9799598391954785,1491,1504,5
regional_noquilt_intel,hercules,intel,292.74468085106383,69.8627437209706,250,685,33458.34042553192,219022.31675981815,1496,1503052,47
regional_noquilt_intel,orion,intel,392.82608695652175,37.230993270437764,364,503,30996.347826086956,200986.0071324168,1356,1364516,46
regional_noquilt_intel,ursa,intel,208.74,6.464376479236491,201,233,1990.44,3.92355523910207,1982,1998,50
regional_noquilt_intel,wcoss2,intel,321.2040816326531,10.776091576256393,309,368,1184.2448979591836,4.612169646005895,1172,1191,49
