test_name,machine,compiler,core_mean,core_std,core_min,core_max,mem_mean,mem_std,mem_min,mem_max,n_hashes
regional_atmaq_canopy_intel,acorn,intel,1203.0681818181818,85.79407409667455,1055,1292,2452.8863636363635,5.859660713611912,2442,2472,44
regional_atmaq_canopy_intel,derecho,intel,1168.4772727272727,119.38495262519143,950,1504,2916.090909090909,25.014245412823065,2834,2927,44
regional_atmaq_canopy_intel,gaeac6,intel,934.3720930232558,42.631322743357124,852,1002,6338.581395348837,0.6630577845798875,6338,6340,43
regional_atmaq_canopy_intel,hera,intel,968.0,14.798648586948742,958,985,2926.6666666666665,1.527525231651959,2925,2928,3
regional_atmaq_canopy_intel,hercules,intel,971.5869565217391,82.83063740400416,851,1291,66868.34782608696,433543.963450445,2939,2943384,46
regional_atmaq_canopy_intel,orion,intel,1388.4444444444443,71.03314065073481,1260,1638,67709.57777777778,434640.7578565466,2902,2918576,45
regional_atmaq_canopy_intel,ursa,intel,868.48,87.7624902442811,742,1111,2877.06,1.6339510146780352,2873,2881,50
regional_atmaq_canopy_intel,wcoss2,intel,1269.7708333333333,95.69415811408304,1080,1494,2381.6666666666665,19.409729226665863,2346,2438,48
