test_name,machine,compiler,core_mean,core_std,core_min,core_max,mem_mean,mem_std,mem_min,mem_max,n_hashes
regional_debug_gnu,derecho,gnu,473.77777777777777,20.104148021658773,449,523,781.5777777777778,9.139049306258418,766,796,45
regional_debug_gnu,hera,gnu,501.6,8.619744775803982,495,516,880.4,6.10737259384099,876,890,5
regional_debug_gnu,hercules,gnu,445.82978723404256,45.49119319878735,384,583,19460.531914893618,127379.17607607458,852,874148,47
regional_debug_gnu,ursa,gnu,343.24,6.271282133012073,335,375,771.84,8.652851364417053,740,784,50
