test_name,machine,compiler,core_mean,core_std,core_min,core_max,mem_mean,mem_std,mem_min,mem_max,n_hashes
regional_control_intel,acorn,intel,305.6363636363636,6.548889162296333,294,320,880.1363636363636,4.34870153885005,870,888,44
regional_control_intel,derecho,intel,289.8636363636364,64.0837355228483,261,689,852.8409090909091,4.5286847098076235,842,857,44
regional_control_intel,gaeac6,intel,201.48837209302326,27.784349905437303,189,377,6338.860465116279,0.6008484219294536,6337,6341,43
regional_control_intel,hera,intel,291.0,,291,291,1215.0,,1215,1215,1
regional_control_intel,hercules,intel,302.2826086956522,48.71169745142367,254,448,27257.956521739132,176717.68380290843,1188,1199760,46
regional_control_intel,orion,intel,411.24444444444447,39.91989453640852,367,487,25157.62222222222,161494.27392977136,1063,1084420,45
regional_control_intel,ursa,intel,210.66,5.998673322715043,201,236,1716.02,8.758645874278733,1692,1732,50
regional_control_intel,wcoss2,intel,324.25,11.136484032033836,311,357,910.1041666666666,9.680512522332414,873,925,48
