test_name,machine,compiler,core_mean,core_std,core_min,core_max,mem_mean,mem_std,mem_min,mem_max,n_hashes
regional_spp_sppt_shum_skeb_dyn32_phy32_intel,acorn,intel,239.9268292682927,7.551126551390975,225,256,1031.4878048780488,5.459496090389248,1018,1044,41
regional_spp_sppt_shum_skeb_dyn32_phy32_intel,derecho,intel,222.11363636363637,61.485190468392155,206,620,1038.5681818181818,3.848271900130827,1030,1050,44
regional_spp_sppt_shum_skeb_dyn32_phy32_intel,gaeac6,intel,155.34883720930233,2.369284812023927,152,164,6338.790697674419,0.9400643223911865,6338,6342,43
regional_spp_sppt_shum_skeb_dyn32_phy32_intel,hercules,intel,189.67391304347825,34.07576809133571,177,408,29925.195652173912,194058.25743301585,1294,1317480,46
regional_spp_sppt_shum_skeb_dyn32_phy32_intel,orion,intel,304.46666666666664,5.011804247791595,297,317,28861.37777777778,185506.02473655294,1168,1245620,45
regional_spp_sppt_shum_skeb_dyn32_phy32_intel,ursa,intel,153.76,5.971223509807823,148,173,1488.96,11.626781188976015,1463,1528,50
regional_spp_sppt_shum_skeb_dyn32_phy32_intel,wcoss2,intel,238.39583333333334,11.33764128595882,228,277,937.8541666666666,3.155472000525349,932,944,48
