test_name,machine,compiler,core_mean,core_std,core_min,core_max,mem_mean,mem_std,mem_min,mem_max,n_hashes
regional_wofs_intel,acorn,intel,434.65909090909093,29.800064914724192,388,490,1607.2045454545455,2.2472675444838535,1601,1614,44
regional_wofs_intel,derecho,intel,375.29545454545456,41.08843527979705,353,633,1576.2272727272727,1.2915402084087635,1574,1579,44
regional_wofs_intel,gaeac6,intel,262.8139534883721,8.480385812072134,251,280,6338.697674418605,0.4647008111181453,6338,6339,43
regional_wofs_intel,hera,intel,370.0,,370,370,2039.0,,2039,2039,1
regional_wofs_intel,hercules,intel,355.32608695652175,27.776132318414096,324,429,47524.82608695652,308158.2035680377,2065,2092120,46
regional_wofs_intel,orion,intel,468.3777777777778,9.64433156383223,454,486,44079.333333333336,282939.3369534119,1892,1899916,45
regional_wofs_intel,ursa,intel,277.38,25.09564560977518,255,370,2633.78,14.14832506132142,2609,2671,50
regional_wofs_intel,wcoss2,intel,437.6666666666667,24.34532882219896,398,488,1637.5625,9.903591117431924,1600,1648,48
