test_name,machine,compiler,core_mean,core_std,core_min,core_max,mem_mean,mem_std,mem_min,mem_max,n_hashes
regional_decomp_intel,acorn,intel,326.51162790697674,8.469474861505807,309,341,884.3023255813954,4.328944024547238,875,892,43
regional_decomp_intel,derecho,intel,295.72727272727275,19.915360013869453,277,358,859.3409090909091,5.854607336219113,839,871,44
regional_decomp_intel,gaeac6,intel,208.11627906976744,9.110980560697552,199,262,6338.720930232558,0.5488334553243019,6337,6339,43
regional_decomp_intel,hercules,intel,305.6304347826087,43.278610932551985,267,384,27044.934782608696,175322.7879915471,1176,1190292,46
regional_decomp_intel,orion,intel,411.0888888888889,35.260602675083426,384,499,25038.533333333333,160693.41940090316,1064,1079048,45
regional_decomp_intel,ursa,intel,219.02,6.015252721716881,210,241,1718.2,5.781744669956572,1693,1731,50
regional_decomp_intel,wcoss2,intel,342.4375,13.205263699059623,329,399,913.2083333333334,7.576442586696191,879,924,48
