test_name,machine,compiler,core_mean,core_std,core_min,core_max,mem_mean,mem_std,mem_min,mem_max,n_hashes
regional_spp_sppt_shum_skeb_dyn32_phy32_intel,acorn,intel,239.0,7.329456339494641,225,256,1031.2272727272727,5.480891271790736,1018,1044,44
regional_spp_sppt_shum_skeb_dyn32_phy32_intel,derecho,intel,213.22727272727272,6.705997441941944,205,251,1039.0,4.2862679598056435,1030,1051,44
regional_spp_sppt_shum_skeb_dyn32_phy32_intel,gaeac6,intel,155.3953488372093,2.391846615600202,152,164,6338.674418604651,0.8083177779325607,6338,6342,43
regional_spp_sppt_shum_skeb_dyn32_phy32_intel,hera,intel,216.66666666666666,1.5275252316519499,215,218,1183.0,2.0,1181,1185,3
regional_spp_sppt_shum_skeb_dyn32_phy32_intel,hercules,intel,191.5,34.434317507716365,177,408,29921.782608695652,194058.77145464212,1293,1317480,46
regional_spp_sppt_shum_skeb_dyn32_phy32_intel,orion,intel,304.1777777777778,5.051052495582597,297,317,28867.955555555556,185505.02195382444,1168,1245620,45
regional_spp_sppt_shum_skeb_dyn32_phy32_intel,ursa,intel,154.06,7.942163381829504,148,195,1487.72,9.930452031555294,1463,1510,50
regional_spp_sppt_shum_skeb_dyn32_phy32_intel,wcoss2,intel,237.85416666666666,10.429070628986898,228,277,947.6458333333334,28.876471747209294,933,1033,48
