test_name,machine,compiler,core_mean,core_std,core_min,core_max,mem_mean,mem_std,mem_min,mem_max,n_hashes
regional_debug_gnu,derecho,gnu,478.0,20.301220034365464,449,523,780.9318181818181,9.389250972608977,766,796,44
regional_debug_gnu,hercules,gnu,451.0,42.83456548162943,384,583,19860.717391304348,128756.85087683046,846,874148,46
regional_debug_gnu,ursa,gnu,343.58,6.770554494520017,335,375,772.32,6.885180773640906,748,784,50
