test_name,machine,compiler,core_mean,core_std,core_min,core_max,mem_mean,mem_std,mem_min,mem_max,n_hashes
rrfs_v1beta_intel,acorn,intel,405.1707317073171,10.367985433594116,391,433,1004.0,2.109502310972849,1000,1008,41
rrfs_v1beta_intel,derecho,intel,341.45454545454544,10.32822852379565,330,394,958.9545454545455,1.5841444827009767,956,962,44
rrfs_v1beta_intel,gaeac6,intel,258.7906976744186,7.775290959292852,247,275,6338.767441860465,0.4274625743756741,6338,6339,43
rrfs_v1beta_intel,hercules,intel,312.95652173913044,19.198329234874265,296,379,27200.08695652174,176244.71226915348,1179,1196564,46
rrfs_v1beta_intel,orion,intel,452.6666666666667,3.0748244591432305,449,462,24221.48888888889,155396.5381453967,1036,1043488,45
rrfs_v1beta_intel,ursa,intel,404.52,324.59697082595795,259,1336,1974.38,109.44291028771525,1896,2284,50
rrfs_v1beta_intel,wcoss2,intel,417.5416666666667,14.670796484974693,393,471,912.7916666666666,2.268736018263745,907,917,48
