test_name,machine,compiler,core_mean,core_std,core_min,core_max,mem_mean,mem_std,mem_min,mem_max,n_hashes
rrfs_v1beta_intel,acorn,intel,403.8222222222222,9.854138237514242,391,433,1004.4666666666667,1.9259000257258505,1000,1008,45
rrfs_v1beta_intel,derecho,intel,339.0888888888889,7.0188778636365,319,357,958.9111111111112,2.2645712239368545,947,962,45
rrfs_v1beta_intel,gaeac6,intel,257.25,7.6039310518876055,247,275,6338.727272727273,0.4505106334670002,6338,6339,44
rrfs_v1beta_intel,hera,intel,367.8,1.4832396974191324,366,370,1204.6,3.78153408023779,1201,1209,5
rrfs_v1beta_intel,hercules,intel,314.29787234042556,20.583778853660288,296,379,26638.76595744681,174360.9430147969,1177,1196564,47
rrfs_v1beta_intel,orion,intel,452.2391304347826,3.35449802576047,448,462,23712.152173913044,153699.03005057463,1036,1043488,46
rrfs_v1beta_intel,ursa,intel,422.06,342.5912308109643,257,1336,1979.6,112.13057257555786,1896,2284,50
rrfs_v1beta_intel,wcoss2,intel,417.1020408163265,14.00482788475575,393,471,926.0408163265306,33.050440733113746,907,1009,49
