test_name,machine,compiler,core_mean,core_std,core_min,core_max,mem_mean,mem_std,mem_min,mem_max,n_hashes
rrfs_v1beta_gnu,derecho,gnu,465.70454545454544,9.549332243681308,457,518,950.75,2.2006869963295457,946,956,44
rrfs_v1beta_gnu,hera,gnu,656.5,0.7071067811865476,656,657,933.0,0.0,933,933,2
rrfs_v1beta_gnu,hercules,gnu,486.8478260869565,50.45216321374992,457,710,21166.347826086956,137265.56480668613,920,931908,46
rrfs_v1beta_gnu,ursa,gnu,464.38,251.87443340696888,371,1375,850.66,10.699246588008902,840,866,50
