test_name,machine,compiler,core_mean,core_std,core_min,core_max,mem_mean,mem_std,mem_min,mem_max,n_hashes
rrfs_v1beta_intel,acorn,intel,404.52272727272725,10.258266403165203,391,433,1004.2272727272727,2.0330254275356086,1000,1008,44
rrfs_v1beta_intel,derecho,intel,340.15909090909093,6.419241358560241,330,357,959.1136363636364,1.4501950003748265,956,962,44
rrfs_v1beta_intel,gaeac6,intel,257.51162790697674,7.525740251592594,247,275,6338.7441860465115,0.4414814484488431,6338,6339,43
rrfs_v1beta_intel,hera,intel,367.0,1.4142135623730951,366,368,1206.0,2.8284271247461903,1204,1208,2
rrfs_v1beta_intel,hercules,intel,313.2173913043478,20.750275011273423,296,379,27194.239130434784,176245.5927876634,1177,1196564,46
rrfs_v1beta_intel,orion,intel,452.3777777777778,3.3117482947344783,448,462,24217.71111111111,155397.1138603262,1036,1043488,45
rrfs_v1beta_intel,ursa,intel,404.06,324.8003097666161,257,1336,1974.64,109.32665152968816,1896,2284,50
rrfs_v1beta_intel,wcoss2,intel,416.1458333333333,14.321520160803875,393,471,920.5625,26.350264442130616,907,1009,48
