test_name,machine,compiler,core_mean,core_std,core_min,core_max,mem_mean,mem_std,mem_min,mem_max,n_hashes
rrfs_v1nssl_nohailnoccn_intel,acorn,intel,501.42857142857144,11.431968136343958,482,526,1960.7142857142858,1.8384207735897684,1956,1963,42
rrfs_v1nssl_nohailnoccn_intel,derecho,intel,441.47727272727275,23.934492611606633,429,591,1897.5,2.9294018756116804,1894,1906,44
rrfs_v1nssl_nohailnoccn_intel,gaeac6,intel,318.72093023255815,6.887965977307122,307,334,6338.6511627906975,0.48224282217049885,6338,6339,43
rrfs_v1nssl_nohailnoccn_intel,hercules,intel,422.39130434782606,61.948895877837025,393,789,49835.260869565216,323155.5285027412,2148,2193936,46
rrfs_v1nssl_nohailnoccn_intel,orion,intel,536.4444444444445,5.011602699352953,526,549,46874.51111111111,300843.6591407738,2008,2020148,45
rrfs_v1nssl_nohailnoccn_intel,ursa,intel,525.58,385.28092533704734,323,1477,2968.54,122.19960419455602,2884,3311,50
rrfs_v1nssl_nohailnoccn_intel,wcoss2,intel,498.7916666666667,11.390474432674798,486,540,1869.5833333333333,13.397099294382555,1854,1955,48
