test_name,machine,compiler,core_mean,core_std,core_min,core_max,mem_mean,mem_std,mem_min,mem_max,n_hashes
rrfs_v1nssl_intel,acorn,intel,525.1333333333333,10.539104671305163,508,549,1968.6888888888889,1.7557984744349973,1966,1972,45
rrfs_v1nssl_intel,derecho,intel,457.26666666666665,5.670497813644367,443,468,1906.1555555555556,2.245759190882757,1902,1913,45
rrfs_v1nssl_intel,gaeac6,intel,331.5,7.1511911513901385,319,346,6338.818181818182,0.3901536532573215,6338,6339,44
rrfs_v1nssl_intel,hera,intel,496.6,11.696153213770762,488,517,2107.6,4.505552130427563,2103,2115,5
rrfs_v1nssl_intel,hercules,intel,440.82978723404256,36.248729602288606,412,607,44770.617021276594,293125.93951461953,2009,2011584,47
rrfs_v1nssl_intel,orion,intel,557.1739130434783,8.220041491720362,544,580,45244.67391304348,293367.3211005884,1978,1991704,46
rrfs_v1nssl_intel,ursa,intel,577.6,425.9112200294079,337,1541,2691.56,58.733281598655374,2637,2886,50
rrfs_v1nssl_intel,wcoss2,intel,522.8163265306123,8.95049688887848,510,557,1888.7551020408164,33.248139429300444,1865,1973,49
