test_name,machine,compiler,core_mean,core_std,core_min,core_max,mem_mean,mem_std,mem_min,mem_max,n_hashes
rrfs_v1beta_intel,acorn,intel,403.95454545454544,9.92753873676546,391,433,1004.4318181818181,1.9337603717823,1000,1008,44
rrfs_v1beta_intel,derecho,intel,339.54545454545456,6.388414460839813,330,357,959.1818181818181,1.368630741181949,956,962,44
rrfs_v1beta_intel,gaeac6,intel,257.48837209302326,7.525740251592583,247,275,6338.720930232558,0.4538502687508466,6338,6339,43
rrfs_v1beta_intel,hera,intel,367.75,1.707825127659933,366,370,1205.5,3.6968455021364672,1201,1209,4
rrfs_v1beta_intel,hercules,intel,314.0217391304348,20.723029733913357,296,379,27191.478260869564,176246.0084559508,1177,1196564,46
rrfs_v1beta_intel,orion,intel,452.31111111111113,3.3562846221151217,448,462,24215.844444444443,155397.39829867802,1036,1043488,45
rrfs_v1beta_intel,ursa,intel,422.24,342.50562694618014,257,1336,1979.5,112.1733807413273,1896,2284,50
rrfs_v1beta_intel,wcoss2,intel,416.9583333333333,14.11647345107959,393,471,924.4166666666666,31.361877748096134,907,1009,48
