test_name,machine,compiler,core_mean,core_std,core_min,core_max,mem_mean,mem_std,mem_min,mem_max,n_hashes
rrfs_v1beta_gnu,derecho,gnu,465.6363636363636,9.594307685170255,457,518,950.8409090909091,2.302104010522621,946,956,44
rrfs_v1beta_gnu,hercules,gnu,484.3478260869565,47.368633499537715,457,710,21166.021739130436,137265.6139571887,920,931908,46
rrfs_v1beta_gnu,ursa,gnu,464.62,251.79161208897995,371,1375,851.48,10.945579668784818,840,866,50
