test_name,machine,compiler,core_mean,core_std,core_min,core_max,mem_mean,mem_std,mem_min,mem_max,n_hashes
rrfs_v1nssl_intel,acorn,intel,525.9318181818181,11.146795821331432,508,549,1968.4318181818182,2.0276888811479816,1964,1972,44
rrfs_v1nssl_intel,derecho,intel,459.8636363636364,14.989284403681857,443,550,1906.0,2.3227890212434796,1901,1913,44
rrfs_v1nssl_intel,gaeac6,intel,332.69767441860466,6.559380355900817,321,346,6338.837209302325,0.3735436838188532,6338,6339,43
rrfs_v1nssl_intel,hera,intel,490.0,,490,490,2106.0,,2106,2106,1
rrfs_v1nssl_intel,hercules,intel,440.2173913043478,36.85160213220239,412,607,45700.108695652176,296294.9613308579,2008,2011584,46
rrfs_v1nssl_intel,orion,intel,558.0,7.516648189186486,545,580,46205.8,296609.0608459835,1978,1991704,45
rrfs_v1nssl_intel,ursa,intel,578.14,425.60899992402244,338,1541,2690.94,59.07014508883757,2637,2886,50
rrfs_v1nssl_intel,wcoss2,intel,523.0208333333334,8.90968773083506,511,557,1881.2916666666667,22.58596658380637,1865,1973,48
