test_name,machine,compiler,core_mean,core_std,core_min,core_max,mem_mean,mem_std,mem_min,mem_max,n_hashes
rrfs_v1beta_gnu,derecho,gnu,464.5681818181818,5.222481488373686,457,481,950.7727272727273,2.3113837229218333,946,956,44
rrfs_v1beta_gnu,hercules,gnu,484.5869565217391,47.2913316402613,457,710,21165.739130434784,137265.65655682006,920,931908,46
rrfs_v1beta_gnu,ursa,gnu,464.98,251.67418928253335,371,1375,852.38,11.137159715592272,840,866,50
