test_name,machine,compiler,core_mean,core_std,core_min,core_max,mem_mean,mem_std,mem_min,mem_max,n_hashes
rrfs_v1nssl_nohailnoccn_intel,acorn,intel,501.30232558139534,11.325350585808511,482,526,1960.8139534883721,1.9304060016272067,1956,1965,43
rrfs_v1nssl_nohailnoccn_intel,derecho,intel,441.5681818181818,23.897453135946886,429,591,1897.7727272727273,3.1465273317534552,1894,1906,44
rrfs_v1nssl_nohailnoccn_intel,gaeac6,intel,318.83720930232556,6.796113148803528,307,334,6338.6511627906975,0.4822428221704714,6338,6339,43
rrfs_v1nssl_nohailnoccn_intel,hercules,intel,422.3695652173913,61.95638562575098,393,789,49834.02173913043,323155.71518590016,2148,2193936,46
rrfs_v1nssl_nohailnoccn_intel,orion,intel,536.2666666666667,5.306085699887,524,549,46873.6,300843.7980121608,2008,2020148,45
rrfs_v1nssl_nohailnoccn_intel,ursa,intel,503.64,363.70641670311574,323,1477,2963.42,118.68515888170467,2884,3311,50
rrfs_v1nssl_nohailnoccn_intel,wcoss2,intel,497.875,9.639513097971149,486,532,1871.3541666666667,18.107820789892486,1854,1955,48
