test_name,machine,compiler,core_mean,core_std,core_min,core_max,mem_mean,mem_std,mem_min,mem_max,n_hashes
rrfs_v1nssl_nohailnoccn_intel,acorn,intel,501.6829268292683,11.453032402796758,482,526,1960.6829268292684,1.8498516750031737,1956,1963,41
rrfs_v1nssl_nohailnoccn_intel,derecho,intel,441.79545454545456,23.871340747660348,429,591,1897.5,2.929401875611671,1894,1906,44
rrfs_v1nssl_nohailnoccn_intel,gaeac6,intel,318.74418604651163,6.894072758729622,307,334,6338.6511627906975,0.48224282217045145,6338,6339,43
rrfs_v1nssl_nohailnoccn_intel,hercules,intel,421.67391304347825,61.57526716604686,393,789,49836.19565217391,323155.3877096981,2148,2193936,46
rrfs_v1nssl_nohailnoccn_intel,orion,intel,536.3111111111111,5.129337287613376,526,549,46875.311111111114,300843.5372093413,2008,2020148,45
rrfs_v1nssl_nohailnoccn_intel,ursa,intel,525.72,385.2096720340385,323,1477,2969.02,121.9396789651443,2884,3311,50
rrfs_v1nssl_nohailnoccn_intel,wcoss2,intel,498.8541666666667,11.388664732845687,486,540,1867.8333333333333,4.600339179601348,1854,1873,48
