test_name,machine,compiler,core_mean,core_std,core_min,core_max,mem_mean,mem_std,mem_min,mem_max,n_hashes
rrfs_v1nssl_intel,acorn,intel,526.0714285714286,11.376897552030918,508,549,1968.4761904761904,2.0391066341102766,1964,1972,42
rrfs_v1nssl_intel,derecho,intel,460.1136363636364,14.768312887365024,448,550,1905.8636363636363,2.075223821953929,1901,1913,44
rrfs_v1nssl_intel,gaeac6,intel,332.83720930232556,6.693743463144353,321,346,6338.837209302325,0.37354368381878694,6338,6339,43
rrfs_v1nssl_intel,hercules,intel,436.54347826086956,26.866506634543324,412,517,45700.17391304348,296294.95150244416,2008,2011584,46
rrfs_v1nssl_intel,orion,intel,558.1555555555556,7.320443216697228,546,580,46206.0,296609.03035515844,1978,1991704,45
rrfs_v1nssl_intel,ursa,intel,578.24,425.5529684770062,338,1541,2691.3,58.86728414711472,2637,2886,50
rrfs_v1nssl_intel,wcoss2,intel,523.2291666666666,9.467165167675933,511,557,1877.5208333333333,13.24722304634886,1865,1962,48
