test_name,machine,compiler,core_mean,core_std,core_min,core_max,mem_mean,mem_std,mem_min,mem_max,n_hashes
rrfs_v1nssl_intel,acorn,intel,525.9302325581396,11.278710135719457,508,549,1968.4186046511627,2.0497683741331736,1964,1972,43
rrfs_v1nssl_intel,derecho,intel,460.0,14.859027480774731,446,550,1906.0227272727273,2.337645768255679,1901,1913,44
rrfs_v1nssl_intel,gaeac6,intel,332.83720930232556,6.693743463144317,321,346,6338.837209302325,0.37354368381889874,6338,6339,43
rrfs_v1nssl_intel,hercules,intel,436.3478260869565,26.970121238391325,412,517,45700.19565217391,296294.9482258529,2008,2011584,46
rrfs_v1nssl_intel,orion,intel,558.2222222222222,7.267264362408396,546,580,46205.91111111111,296609.04390741984,1978,1991704,45
rrfs_v1nssl_intel,ursa,intel,578.28,425.5308828333121,338,1541,2691.58,58.76799420481474,2637,2886,50
rrfs_v1nssl_intel,wcoss2,intel,523.0416666666666,8.917967360557645,511,557,1879.3541666666667,18.093715358129057,1865,1963,48
