test_name,machine,compiler,core_mean,core_std,core_min,core_max,mem_mean,mem_std,mem_min,mem_max,n_hashes
rrfs_v1beta_intel,acorn,intel,404.6818181818182,10.208917049080712,391,433,1004.0681818181819,2.0842457480504013,1000,1008,44
rrfs_v1beta_intel,derecho,intel,341.6136363636364,10.20081143395979,330,394,959.1590909090909,1.4776345304224554,956,962,44
rrfs_v1beta_intel,gaeac6,intel,258.0232558139535,7.679559672685316,247,275,6338.7441860465115,0.44148144844880816,6338,6339,43
rrfs_v1beta_intel,hera,intel,366.0,,366,366,1208.0,,1208,1208,1
rrfs_v1beta_intel,hercules,intel,313.1304347826087,20.77242691181662,296,379,27195.565217391304,176245.3931032465,1177,1196564,46
rrfs_v1beta_intel,orion,intel,452.46666666666664,3.244575893282928,448,462,24218.37777777778,155397.0122523843,1036,1043488,45
rrfs_v1beta_intel,ursa,intel,404.04,324.80932931208,257,1336,1974.64,109.32665152968828,1896,2284,50
rrfs_v1beta_intel,wcoss2,intel,416.6041666666667,14.60069888058166,393,471,918.6666666666666,23.151980139874908,907,1009,48
