test_name,machine,compiler,core_mean,core_std,core_min,core_max,mem_mean,mem_std,mem_min,mem_max,n_hashes
rrfs_v1nssl_intel,acorn,intel,525.1136363636364,10.660110189863953,508,549,1968.75,1.7270084364399803,1966,1972,44
rrfs_v1nssl_intel,derecho,intel,457.29545454545456,5.732727527526725,443,468,1906.1363636363637,2.267986599063293,1902,1913,44
rrfs_v1nssl_intel,gaeac6,intel,331.74418604651163,7.0477724385450085,319,346,6338.813953488372,0.393749615478977,6338,6339,43
rrfs_v1nssl_intel,hera,intel,497.25,13.400870618483468,488,517,2105.75,2.061552812808876,2103,2108,4
rrfs_v1nssl_intel,hercules,intel,440.89130434782606,36.64679962432347,412,607,45700.17391304348,296294.9515003442,2009,2011584,46
rrfs_v1nssl_intel,orion,intel,557.3555555555556,8.219034326034034,544,580,46205.8,296609.06084414455,1978,1991704,45
rrfs_v1nssl_intel,ursa,intel,577.28,426.0786571054884,337,1541,2691.46,58.75935357586117,2637,2886,50
rrfs_v1nssl_intel,wcoss2,intel,522.6875,8.999187315553874,510,557,1887.0208333333333,31.280127321483608,1865,1973,48
