test_name,machine,compiler,core_mean,core_std,core_min,core_max,mem_mean,mem_std,mem_min,mem_max,n_hashes
rrfs_v1beta_intel,acorn,intel,404.3863636363636,10.291599439712147,391,433,1004.3863636363636,1.9673605159139296,1000,1008,44
rrfs_v1beta_intel,derecho,intel,340.02272727272725,6.44291078362495,330,357,959.1590909090909,1.3799761005375968,956,962,44
rrfs_v1beta_intel,gaeac6,intel,257.48837209302326,7.5257402515926,247,275,6338.720930232558,0.4538502687508553,6338,6339,43
rrfs_v1beta_intel,hera,intel,368.0,2.0,366,370,1204.3333333333333,3.5118845842842195,1201,1208,3
rrfs_v1beta_intel,hercules,intel,313.7173913043478,20.751078197934948,296,379,27193.17391304348,176245.75313292322,1177,1196564,46
rrfs_v1beta_intel,orion,intel,452.35555555555555,3.3245338398827067,448,462,24216.82222222222,155397.24929782804,1036,1043488,45
rrfs_v1beta_intel,ursa,intel,422.38,342.4385474439322,257,1336,1979.4,112.21971888274565,1896,2284,50
rrfs_v1beta_intel,wcoss2,intel,416.4375,14.27377635698983,393,471,922.4375,29.013501075893114,907,1009,48
