test_name,machine,compiler,core_mean,core_std,core_min,core_max,mem_mean,mem_std,mem_min,mem_max,n_hashes
rrfs_v1beta_gnu,derecho,gnu,465.3777777777778,9.247331037284832,457,518,950.8,2.190890230020699,946,956,45
rrfs_v1beta_gnu,hera,gnu,662.4,9.126883367283718,656,678,933.4,1.140175425099143,932,935,5
rrfs_v1beta_gnu,hercules,gnu,494.3404255319149,56.229064353551664,457,710,20736.106382978724,135797.3866483885,921,931908,47
rrfs_v1beta_gnu,ursa,gnu,464.34,251.90171471736954,371,1375,849.4,10.194035871377881,840,866,50
