test_name,machine,compiler,core_mean,core_std,core_min,core_max,mem_mean,mem_std,mem_min,mem_max,n_hashes
rrfs_v1nssl_intel,acorn,intel,525.2272727272727,10.707232149158978,508,549,1968.6136363636363,1.7812447841250052,1965,1972,44
rrfs_v1nssl_intel,derecho,intel,457.54545454545456,5.646379969974377,443,468,1906.159090909091,2.271595912908711,1902,1913,44
rrfs_v1nssl_intel,gaeac6,intel,331.9767441860465,6.916124610175665,319,346,6338.813953488372,0.3937496154788985,6338,6339,43
rrfs_v1nssl_intel,hera,intel,498.3333333333333,16.196707484341797,488,517,2105.6666666666665,2.516611478423636,2103,2108,3
rrfs_v1nssl_intel,hercules,intel,440.7173913043478,36.7040191825717,412,607,45700.19565217391,296294.9482235279,2009,2011584,46
rrfs_v1nssl_intel,orion,intel,557.5777777777778,7.981481090877808,544,580,46205.8,296609.0608441445,1978,1991704,45
rrfs_v1nssl_intel,ursa,intel,577.5,425.9569897804908,337,1541,2691.3,58.85202821050273,2637,2886,50
rrfs_v1nssl_intel,wcoss2,intel,522.6041666666666,8.986371675293912,510,557,1885.2083333333333,28.983457008125175,1865,1973,48
