test_name,machine,compiler,core_mean,core_std,core_min,core_max,mem_mean,mem_std,mem_min,mem_max,n_hashes
rrfs_v1nssl_intel,acorn,intel,525.5909090909091,10.933877760212319,508,549,1968.5227272727273,1.9106633009171696,1964,1972,44
rrfs_v1nssl_intel,derecho,intel,457.65909090909093,5.6442734173804965,443,468,1906.090909090909,2.197442295648804,1902,1913,44
rrfs_v1nssl_intel,gaeac6,intel,332.16279069767444,6.718596198888652,319,346,6338.837209302325,0.37354368381870706,6338,6339,43
rrfs_v1nssl_intel,hera,intel,489.0,1.4142135623730951,488,490,2104.5,2.1213203435596424,2103,2106,2
rrfs_v1nssl_intel,hercules,intel,440.4130434782609,36.77654813537593,412,607,45700.086956521736,296294.9646072175,2008,2011584,46
rrfs_v1nssl_intel,orion,intel,557.8222222222222,7.752679562837664,544,580,46205.666666666664,296609.081172892,1978,1991704,45
rrfs_v1nssl_intel,ursa,intel,577.94,425.7221672328907,337,1541,2691.2,58.896658025142635,2637,2886,50
rrfs_v1nssl_intel,wcoss2,intel,523.0625,8.890363537549375,511,557,1883.2708333333333,26.014512793564283,1865,1973,48
