test_name,machine,compiler,core_mean,core_std,core_min,core_max,mem_mean,mem_std,mem_min,mem_max,n_hashes
rrfs_v1beta_gnu,derecho,gnu,465.97727272727275,9.553980386530812,457,518,950.7727272727273,2.2084787604861136,946,956,44
rrfs_v1beta_gnu,hera,gnu,663.6666666666666,12.423096769056166,656,678,933.6666666666666,1.154700538379268,933,935,3
rrfs_v1beta_gnu,hercules,gnu,490.1304347826087,53.98708022219646,457,710,21166.543478260868,137265.53531356764,921,931908,46
rrfs_v1beta_gnu,ursa,gnu,464.34,251.8881035989867,371,1375,850.28,10.552183254122019,840,866,50
