test_name,machine,compiler,core_mean,core_std,core_min,core_max,mem_mean,mem_std,mem_min,mem_max,n_hashes
rrfs_v1nssl_intel,acorn,intel,526.2682926829268,11.44557641677319,508,549,1968.4146341463415,2.0245445136633853,1964,1972,41
rrfs_v1nssl_intel,derecho,intel,460.8863636363636,15.164548481751485,448,550,1905.840909090909,2.079167787653936,1901,1913,44
rrfs_v1nssl_intel,gaeac6,intel,332.69767441860466,6.6459256538299325,321,346,6338.837209302325,0.37354368381883873,6338,6339,43
rrfs_v1nssl_intel,hercules,intel,436.5,26.819354536934288,412,517,45700.19565217391,296294.948225853,2008,2011584,46
rrfs_v1nssl_intel,orion,intel,558.3555555555556,7.100433903372502,548,580,46206.24444444444,296608.9930909313,1978,1991704,45
rrfs_v1nssl_intel,ursa,intel,578.46,425.43275494441167,338,1541,2691.34,58.85388687249124,2637,2886,50
rrfs_v1nssl_intel,wcoss2,intel,523.25,9.467750412444373,511,557,1875.8541666666667,4.607992978594935,1865,1882,48
