test_name,machine,compiler,core_mean,core_std,core_min,core_max,mem_mean,mem_std,mem_min,mem_max,n_hashes
rrfs_v1nssl_nohailnoccn_intel,acorn,intel,501.1818181818182,11.192341084103802,482,526,1960.840909090909,1.9522578677626947,1956,1965,44
rrfs_v1nssl_nohailnoccn_intel,derecho,intel,437.75,6.682587578489792,424,450,1897.7272727272727,3.098113727427721,1894,1906,44
rrfs_v1nssl_nohailnoccn_intel,gaeac6,intel,318.4418604651163,6.87750759664949,307,334,6338.627906976744,0.48908348756360437,6338,6339,43
rrfs_v1nssl_nohailnoccn_intel,hera,intel,473.5,2.1213203435596424,472,475,2178.5,3.5355339059327378,2176,2181,2
rrfs_v1nssl_nohailnoccn_intel,hercules,intel,425.2826086956522,63.627619105569856,393,789,49832.52173913043,323155.9410358163,2148,2193936,46
rrfs_v1nssl_nohailnoccn_intel,orion,intel,535.8666666666667,5.79419772468349,524,549,46871.86666666667,300844.0622478695,2006,2020148,45
rrfs_v1nssl_nohailnoccn_intel,ursa,intel,503.44,363.80366761679096,323,1477,2963.42,118.68653449059745,2884,3311,50
rrfs_v1nssl_nohailnoccn_intel,wcoss2,intel,498.0833333333333,9.692799111192253,486,532,1874.9791666666667,25.12986659406417,1854,1963,48
