test_name,machine,compiler,core_mean,core_std,core_min,core_max,mem_mean,mem_std,mem_min,mem_max,n_hashes
rrfs_v1nssl_nohailnoccn_intel,acorn,intel,500.8863636363636,10.946414745096702,482,526,1960.909090909091,1.938810253956167,1956,1965,44
rrfs_v1nssl_nohailnoccn_intel,derecho,intel,437.47727272727275,6.69428300470976,424,450,1897.659090909091,3.1024610022711188,1894,1906,44
rrfs_v1nssl_nohailnoccn_intel,gaeac6,intel,318.27906976744185,7.018090845384104,307,334,6338.6511627906975,0.4822428221704393,6338,6339,43
rrfs_v1nssl_nohailnoccn_intel,hera,intel,476.25,5.315072906367325,472,484,2181.0,4.082482904638583,2176,2186,4
rrfs_v1nssl_nohailnoccn_intel,hercules,intel,425.9782608695652,63.427470084756315,393,789,49830.13043478261,323156.30131092976,2148,2193936,46
rrfs_v1nssl_nohailnoccn_intel,orion,intel,535.8888888888889,5.905399002077435,523,549,46870.02222222222,300844.34338764026,2006,2020148,45
rrfs_v1nssl_nohailnoccn_intel,ursa,intel,503.08,363.9785730405748,323,1477,2963.18,118.81982415508324,2884,3311,50
rrfs_v1nssl_nohailnoccn_intel,wcoss2,intel,497.7916666666667,9.890804526649848,486,532,1878.8958333333333,30.854662452139287,1854,1964,48
