test_name,machine,compiler,core_mean,core_std,core_min,core_max,mem_mean,mem_std,mem_min,mem_max,n_hashes
rrfs_v1beta_intel,acorn,intel,404.7906976744186,10.303855356901469,391,433,1004.0232558139535,2.0872443908863705,1000,1008,43
rrfs_v1beta_intel,derecho,intel,341.5681818181818,10.230819211266276,330,394,959.0909090909091,1.5524651337608941,956,962,44
rrfs_v1beta_intel,gaeac6,intel,258.3255813953488,7.930414419701956,247,275,6338.7441860465115,0.4414814484488744,6338,6339,43
rrfs_v1beta_intel,hercules,intel,313.4347826086956,20.61784790354983,296,379,27196.847826086956,176245.20008240634,1177,1196564,46
rrfs_v1beta_intel,orion,intel,452.55555555555554,3.1734377370144005,448,462,24219.355555555554,155396.8632541672,1036,1043488,45
rrfs_v1beta_intel,ursa,intel,404.16,324.7576402457056,257,1336,1974.58,109.36534727084928,1896,2284,50
rrfs_v1beta_intel,wcoss2,intel,416.7083333333333,14.55577436538113,393,471,916.8333333333334,19.34054646561601,907,1009,48
