test_name,machine,compiler,core_mean,core_std,core_min,core_max,mem_mean,mem_std,mem_min,mem_max,n_hashes
rrfs_v1beta_gnu,derecho,gnu,465.70454545454544,9.549332243681317,457,518,950.8181818181819,2.2851668024480705,946,956,44
rrfs_v1beta_gnu,hera,gnu,657.0,,657,657,933.0,,933,933,1
rrfs_v1beta_gnu,hercules,gnu,484.0,47.47490565200385,457,710,21166.195652173912,137265.58774217707,920,931908,46
rrfs_v1beta_gnu,ursa,gnu,464.48,251.840428908174,371,1375,851.06,10.81837061932804,840,866,50
