test_name,machine,compiler,core_mean,core_std,core_min,core_max,mem_mean,mem_std,mem_min,mem_max,n_hashes
rrfs_v1beta_gnu,derecho,gnu,465.45454545454544,9.339723977432635,457,518,950.7954545454545,2.2160046328403085,946,956,44
rrfs_v1beta_gnu,hera,gnu,663.5,10.148891565092233,656,678,933.75,0.957427107756353,933,935,4
rrfs_v1beta_gnu,hercules,gnu,492.32608695652175,55.10920646934737,457,710,21166.739130434784,137265.50582307184,921,931908,46
rrfs_v1beta_gnu,ursa,gnu,464.58,251.81764458125048,371,1375,849.82,10.397586062080531,840,866,50
