test_name,machine,compiler,core_mean,core_std,core_min,core_max,mem_mean,mem_std,mem_min,mem_max,n_hashes
rrfs_v1nssl_nohailnoccn_intel,acorn,intel,501.06666666666666,10.8886930512177,482,526,1960.9333333333334,1.9235384061671108,1956,1965,45
rrfs_v1nssl_nohailnoccn_intel,derecho,intel,437.3333333333333,6.687845148272558,424,450,1897.6666666666667,3.0674241488732714,1894,1906,45
rrfs_v1nssl_nohailnoccn_intel,gaeac6,intel,318.0681818181818,7.075663260135013,307,334,6338.659090909091,0.47949497745422903,6338,6339,44
rrfs_v1nssl_nohailnoccn_intel,hera,intel,474.6,5.899152481501054,468,484,2180.8,3.5637059362410586,2176,2186,5
rrfs_v1nssl_nohailnoccn_intel,hercules,intel,425.63829787234044,62.777531819812765,393,789,48816.063829787236,319700.0302680763,2148,2193936,47
rrfs_v1nssl_nohailnoccn_intel,orion,intel,535.6086956521739,6.140858647415359,523,549,45894.913043478264,297556.3538858051,2006,2020148,46
rrfs_v1nssl_nohailnoccn_intel,ursa,intel,480.02,336.5036610165646,323,1382,2957.96,115.45808674977398,2884,3311,50
rrfs_v1nssl_nohailnoccn_intel,wcoss2,intel,498.0204081632653,9.917345486398998,486,532,1880.5714285714287,32.70703288285246,1854,1964,49
