test_name,machine,compiler,core_mean,core_std,core_min,core_max,mem_mean,mem_std,mem_min,mem_max,n_hashes
rrfs_v1beta_gnu,derecho,gnu,464.3181818181818,5.219697608958197,457,481,950.7727272727273,2.3113837229217857,946,956,44
rrfs_v1beta_gnu,hercules,gnu,484.5217391304348,47.318184961168186,457,710,21165.891304347828,137265.633617325,920,931908,46
rrfs_v1beta_gnu,ursa,gnu,464.56,251.81254446715,371,1375,851.96,11.047134636342081,840,866,50
