test_name,machine,compiler,core_mean,core_std,core_min,core_max,mem_mean,mem_std,mem_min,mem_max,n_hashes
rrfs_v1beta_intel,acorn,intel,404.8809523809524,10.411537645517056,391,433,1003.9761904761905,2.0893235600173257,1000,1008,42
rrfs_v1beta_intel,derecho,intel,341.3636363636364,10.250560754010998,330,394,959.0681818181819,1.5461539270633717,956,962,44
rrfs_v1beta_intel,gaeac6,intel,258.6046511627907,7.767881168736165,247,275,6338.767441860465,0.42746257437565094,6338,6339,43
rrfs_v1beta_intel,hercules,intel,313.5217391304348,20.58558193432674,296,379,27198.782608695652,176244.90858271468,1179,1196564,46
rrfs_v1beta_intel,orion,intel,452.6,3.1217710591032297,449,462,24220.37777777778,155396.70746969583,1036,1043488,45
rrfs_v1beta_intel,ursa,intel,404.3,324.69440891963853,258,1336,1974.52,109.39336248192592,1896,2284,50
rrfs_v1beta_intel,wcoss2,intel,417.4166666666667,14.701039669897037,393,471,914.8541666666666,14.0561027608187,907,1009,48
