test_name,machine,compiler,core_mean,core_std,core_min,core_max,mem_mean,mem_std,mem_min,mem_max,n_hashes
rrfs_v1nssl_nohailnoccn_intel,acorn,intel,501.22727272727275,11.203952036054776,482,526,1960.7727272727273,1.9273265778905768,1956,1965,44
rrfs_v1nssl_nohailnoccn_intel,derecho,intel,441.45454545454544,23.970383417541157,424,591,1897.7272727272727,3.0981137274277457,1894,1906,44
rrfs_v1nssl_nohailnoccn_intel,gaeac6,intel,318.7906976744186,6.766718764290013,307,334,6338.627906976744,0.4890834875636228,6338,6339,43
rrfs_v1nssl_nohailnoccn_intel,hera,intel,472.0,,472,472,2176.0,,2176,2176,1
rrfs_v1nssl_nohailnoccn_intel,hercules,intel,425.0,63.70313091904424,393,789,49832.82608695652,323155.8951968197,2148,2193936,46
rrfs_v1nssl_nohailnoccn_intel,orion,intel,536.0888888888888,5.513711100611827,524,549,46872.71111111111,300843.9335042357,2008,2020148,45
rrfs_v1nssl_nohailnoccn_intel,ursa,intel,503.58,363.7357243148618,323,1477,2963.34,118.71843039008614,2884,3311,50
rrfs_v1nssl_nohailnoccn_intel,wcoss2,intel,498.0208333333333,9.709590747414099,486,532,1873.0416666666667,21.525796827946014,1854,1955,48
