test_name,machine,compiler,core_mean,core_std,core_min,core_max,mem_mean,mem_std,mem_min,mem_max,n_hashes
rrfs_v1nssl_nohailnoccn_intel,acorn,intel,501.1136363636364,11.177668578081791,482,526,1960.840909090909,1.9522578677626747,1956,1965,44
rrfs_v1nssl_nohailnoccn_intel,derecho,intel,437.79545454545456,6.663261110431808,424,450,1897.6818181818182,3.0936749222102864,1894,1906,44
rrfs_v1nssl_nohailnoccn_intel,gaeac6,intel,318.4418604651163,6.877507596649462,307,334,6338.627906976744,0.4890834875636359,6338,6339,43
rrfs_v1nssl_nohailnoccn_intel,hera,intel,477.0,6.244997998398398,472,484,2179.3333333333335,2.886751345948096,2176,2181,3
rrfs_v1nssl_nohailnoccn_intel,hercules,intel,425.82608695652175,63.4872880881856,393,789,49831.34782608696,323156.11787398893,2148,2193936,46
rrfs_v1nssl_nohailnoccn_intel,orion,intel,535.7555555555556,5.993009395634367,523,549,46870.933333333334,300844.20451519726,2006,2020148,45
rrfs_v1nssl_nohailnoccn_intel,ursa,intel,503.2,363.92032094951765,323,1477,2963.02,118.90374944741278,2884,3311,50
rrfs_v1nssl_nohailnoccn_intel,wcoss2,intel,497.9166666666667,9.814954576223634,486,532,1876.9375,28.207744711375355,1854,1964,48
